t_s,ch1,ch2,ch3,ch4,ch5,ch6,ch7,ch8
0.0100835,0,0,0,0,0,0,0,0
0.0201575,0,0,0,0,0,0,0,0
0.03023,0,0,0,0,0,0,0,0
0.0403504,0,0,0,0,0,0,0,0
0.0504673,0,0,0,0,0,0,0,0
0.0605806,0,0,0,0,0,0,0,0
0.0706937,0,0,0,0,0,0,0,0
0.0808217,0,0,0,0,0,0,0,0
0.0909397,0,0,0,0,0,0,0,0
0.101053,0,0,0,0,0,0,0,0
0.111167,0,0,0,0,0,0,0,0
0.12128,0,0,0,0,0,0,0,0
0.131396,0,0,0,0,0,0,0,0
0.141507,0,0,0,0,0,0,0,0
0.151621,0,0,0,0,0,0,0,0
0.161733,0,0,0,0,0,0,0,0
0.171845,0,0,0,0,0,0,0,0
0.181958,0,0,0,0,0,0,0,0
0.19207,0,0,0,0,0,0,0,0
0.202181,0,0,0,0,0,0,0,0
0.212303,0,0,0,0,0,0,0,0
0.222416,0,0,0,0,0,0,0,0
0.232529,0,0,0,0,0,0,0,0
0.242641,0,0,0,0,0,0,0,0
0.252753,0,0,0,0,0,0,0,0
0.262865,0,0,0,0,0,0,0,0
0.272989,0,0,0,0,0,0,0,0
0.283101,0,0,0,0,0,0,0,0
0.293212,0,0,0,0,0,0,0,0
0.303324,0,0,0,0,0,0,0,0
0.313436,0,0,0,0,0,0,0,0
0.323548,0,0,0,0,0,0,0,0
0.333661,0,0,0,0,0,0,0,0
0.343773,0,0,0,0,0,0,0,0
0.353884,0,0,0,0,0,0,0,0
0.363996,0,0,0,0,0,0,0,0
0.374119,0,0,0,0,0,0,0,0
0.384232,0,0,0,0,0,0,0,0
0.394358,0,0,0,0,0,0,0,0
0.404473,0,0,0,0,0,0,0,0
0.414587,0,0,0,0,0,0,0,0
0.4247,0,0,0,0,0,0,0,0
0.434901,0,0,0,0,0,0,0,0
0.445013,0,0,0,0,0,0,0,0
0.455124,0,0,0,0,0,0,0,0
0.465239,0,0,0,0,0,0,0,0
0.475351,0,0,0,0,0,0,0,0
0.485463,0,0,0,0,0,0,0,0
0.495575,0,0,0,0,0,0,0,0
0.505689,0,0,0,0,0,0,0,0
0.515803,0,0,0,0,0,0,0,0
0.525904,0,0,0,0,0,0,0,0
0.536142,0,0,0,0,0,0,0,0
0.546384,0,0,0,0,0,0,0,0
0.556665,0,0,0,0,0,0,0,0
0.566917,0,0,0,0,0,0,0,0
0.577196,0,0,0,0,0,0,0,0
0.587449,0,0,0,0,0,0,0,0
0.597734,0,0,0,0,0,0,0,0
0.607836,0,0,0,0,0,0,0,0
0.618091,0,0,0,0,0,0,0,0
0.628379,0,0,0,0,0,0,0,0
0.638583,0,0,0,0,0,0,0,0
0.648835,0,0,0,0,0,0,0,0
0.65912,0,0,0,0,0,0,0,0
0.669374,0,0,0,0,0,0,0,0
0.679659,0,0,0,0,0,0,0,0
0.68991,0,0,0,0,0,0,0,0
0.700192,0,0,0,0,0,0,0,0
0.710443,0,0,0,0,0,0,0,0
0.720727,0,0,0,0,0,0,0,0
0.730979,0,0,0,0,0,0,0,0
0.741253,0,0,0,0,0,0,0,0
0.751502,0,0,0,0,0,0,0,0
0.761784,0,0,0,0,0,0,0,0
0.772035,0,0,0,0,0,0,0,0
0.782319,0,0,0,0,0,0,0,0
0.792573,0,0,0,0,0,0,0,0
0.802855,0,0,0,0,0,0,0,0
0.813104,0,0,0,0,0,0,0,0
0.823386,0,0,0,0,0,0,0,0
0.833478,0,0,0,0,0,0,0,0
0.843729,0,0,0,0,0,0,0,0
0.85401,0,0,0,0,0,0,0,0
0.86421,0,0,0,0,0,0,0,0
0.874459,0,0,0,0,0,0,0,0
0.884749,0,0,0,0,0,0,0,0
0.894951,0,0,0,0,0,0,0,0
0.905203,0,0,0,0,0,0,0,0
0.915487,0,0,0,0,0,0,0,0
0.925756,0,0,0,0,0,0,0,0
0.936047,0,0,0,0,0,0,0,0
0.946298,0,0,0,0,0,0,0,0
0.956578,0,0,0,0,0,0,0,0
0.96667,0,0,0,0,0,0,0,0
0.976919,0,0,0,0,0,0,0,0
0.98719,0,0,0,0,0,0,0,0
0.997406,0,0,0,0,0,0,0,0
1.00763,0,0,0,0,0,0,0,0
1.01789,0,0,0,0,0,0,0,0
1.02797,0,0,0,0,0,0,0,0
1.03814,0,0,0,0,0,0,0,0
1.0482,0,0,0,0,0,0,0,0
1.05832,0,0,0,0,0,0,0,0
1.06839,0,0,0,0,0,0,0,0
1.07862,0,0,0,0,0,0,0,0
1.08876,0,0,0,0,0,0,0,0
1.09899,0,0,0,0,0,0,0,0
1.10922,0,0,0,0,0,0,0,0
1.11943,0,0,0,0,0,0,0,0
1.12963,0,0,0,0,0,0,0,0
1.13982,0,0,0,0,0,0,0,0
1.15001,0,0,0,0,0,0,0,0
1.16018,0,0,0,0,0,0,0,0
1.17037,0,0,0,0,0,0,0,0
1.18056,0,0,0,0,0,0,0,0
1.19072,0,0,0,0,0,0,0,0
1.20092,0,0,0,0,0,0,0,0
1.21111,0,0,0,0,0,0,0,0
1.22127,0,0,0,0,0,0,0,0
1.23147,0,0,0,0,0,0,0,0
1.24163,0,0,0,0,0,0,0,0
1.25185,0,0,0,0,0,0,0,0
1.26206,0,0,0,0,0,0,0,0
1.27228,0,0,0,0,0,0,0,0
1.28253,0,0,0,0,0,0,0,0
1.29275,0,0,0,0,0,0,0,0
1.30296,0,0,0,0,0,0,0,0
1.31317,0,0,0,0,0,0,0,0
1.32339,0,0,0,0,0,0,0,0
1.3336,0,0,0,0,0,0,0,0
1.34372,0,0,0,0,0,0,0,0
1.35383,0,0,0,0,0,0,0,0
1.36395,0,0,0,0,0,0,0,0
1.37406,0,0,0,0,0,0,0,0
1.38417,0,0,0,0,0,0,0,0
1.39428,0,0,0,0,0,0,0,0
1.40441,0,0,0,0,0,0,0,0
1.41452,0,0,0,0,0,0,0,0
1.42464,0,0,0,0,0,0,0,0
1.43475,0,0,0,0,0,0,0,0
1.44486,0,0,0,0,0,0,0,0
1.45497,0,0,0,0,0,0,0,0
1.46508,0,0,0,0,0,0,0,0
1.4752,0,0,0,0,0,0,0,0
1.48531,0,0,0,0,0,0,0,0
1.49542,0,0,0,0,0,0,0,0
1.50554,0,0,0,0,0,0,0,0
1.51565,0,0,0,0,0,0,0,0
1.52576,0,0,0,0,0,0,0,0
1.53588,0,0,0,0,0,0,0,0
1.54599,0,0,0,0,0,0,0,0
1.5561,0,0,0,0,0,0,0,0
1.56621,0,0,0,0,0,0,0,0
1.57633,0,0,0,0,0,0,0,0
1.58644,0,0,0,0,0,0,0,0
1.59655,0,0,0,0,0,0,0,0
1.60667,0,0,0,0,0,0,0,0
1.61678,0,0,0,0,0,0,0,0
1.62689,0,0,0,0,0,0,0,0
1.637,0,0,0,0,0,0,0,0
1.64712,0,0,0,0,0,0,0,0
1.65724,0,0,0,0,0,0,0,0
1.66735,0,0,0,0,0,0,0,0
1.67746,0,0,0,0,0,0,0,0
1.68757,0,0,0,0,0,0,0,0
1.69769,0,0,0,0,0,0,0,0
1.7078,0,0,0,0,0,0,0,0
1.71791,0,0,0,0,0,0,0,0
1.72802,0,0,0,0,0,0,0,0
1.73814,0,0,0,0,0,0,0,0
1.74825,0,0,0,0,0,0,0,0
1.75837,0,0,0,0,0,0,0,0
1.76848,0,0,0,0,0,0,0,0
1.77859,0,0,0,0,0,0,0,0
1.7887,0,0,0,0,0,0,0,0
1.79882,0,0,0,0,0,0,0,0
1.80893,0,0,0,0,0,0,0,0
1.81904,0,0,0,0,0,0,0,0
1.82916,0,0,0,0,0,0,0,0
1.83927,0,0,0,0,0,0,0,0
1.84938,0,0,0,0,0,0,0,0
1.85949,0,0,0,0,0,0,0,0
1.86961,0,0,0,0,0,0,0,0
1.87972,0,0,0,0,0,0,0,0
1.88983,0,0,0,0,0,0,0,0
1.89994,0,0,0,0,0,0,0,0
1.91006,0,0,0,0,0,0,0,0
1.92017,0,0,0,0,0,0,0,0
1.93028,0,0,0,0,0,0,0,0
1.9404,0,0,0,0,0,0,0,0
1.95051,0,0,0,0,0,0,0,0
1.96062,0,0,0,0,0,0,0,0
1.97073,0,0,0,0,0,0,0,0
1.98085,0,0,0,0,0,0,0,0
1.99096,0,0,0,0,0,0,0,0
2.00107,0,0,0,0,0,0,0,0
2.01118,0,0,0,0,0,0,0,0
2.0213,0,0,0,0,0,0,0,0
2.03141,0,0,0,0,0,0,0,0
2.04155,0,0,0,0,0,0,0,0
2.05166,0,0,0,0,0,0,0,0
2.06178,0,0,0,0,0,0,0,0
2.07184,0,0,0,0,0,0,0,0
2.08201,0,0,0,0,0,0,0,0
2.09226,0,0,0,0,0,0,0,0
2.10252,0,0,0,0,0,0,0,0
2.11269,0,0,0,0,0,0,0,0
2.12286,0,0,0,0,0,0,0,0
2.13305,0,0,0,0,0,0,0,0
2.14324,0,0,0,0,0,0,0,0
2.15343,0,0,0,0,0,0,0,0
2.16362,0,0,0,0,0,0,0,0
2.17381,0,0,0,0,0,0,0,0
2.18397,0,0,0,0,0,0,0,0
2.19417,0,0,0,0,0,0,0,0
2.20433,0,0,0,0,0,0,0,0
2.21452,0,0,0,0,0,0,0,0
2.22469,0,0,0,0,0,0,0,0
2.23488,0,0,0,0,0,0,0,0
2.24504,0,0,0,0,0,0,0,0
2.25523,0,0,0,0,0,0,0,0
2.26543,0,0,0,0,0,0,0,0
2.27562,0,0,0,0,0,0,0,0
2.28581,0,0,0,0,0,0,0,0
2.296,0,0,0,0,0,0,0,0
2.30619,0,0,0,0,0,0,0,0
2.31627,0,0,0,0,0,0,0,0
2.32644,0,0,0,0,0,0,0,0
2.33663,0,0,0,0,0,0,0,0
2.3468,0,0,0,0,0,0,0,0
2.35699,0,0,0,0,0,0,0,0
2.36719,0,0,0,0,0,0,0,0
2.37738,0,0,0,0,0,0,0,0
2.38757,0,0,0,0,0,0,0,0
2.39777,0,0,0,0,0,0,0,0
2.40796,0,0,0,0,0,0,0,0
2.41815,0,0,0,0,0,0,0,0
2.42831,0,0,0,0,0,0,0,0
2.4385,0,0,0,0,0,0,0,0
2.44866,0,0,0,0,0,0,0,0
2.45885,0,0,0,0,0,0,0,0
2.46903,0,0,0,0,0,0,0,0
2.47925,0,0,0,0,0,0,0,0
2.48941,0,0,0,0,0,0,0,0
2.4996,0,0,0,0,0,0,0,0
2.5098,0,0,0,0,0,0,0,0
2.51987,0,0,0,0,0,0,0,0
2.53004,0,0,0,0,0,0,0,0
2.54023,0,0,0,0,0,0,0,0
2.55042,0,0,0,0,0,0,0,0
2.56062,0,0,0,0,0,0,0,0
2.57081,0,0,0,0,0,0,0,0
2.581,0,0,0,0,0,0,0,0
2.5912,0,0,0,0,0,0,0,0
2.60139,0,0,0,0,0,0,0,0
2.6116,0,0,0,0,0,0,0,0
2.62182,0,0,0,0,0,0,0,0
2.63203,0,0,0,0,0,0,0,0
2.64224,0,0,0,0,0,0,0,0
2.65246,0,0,0,0,0,0,0,0
2.66267,0,0,0,0,0,0,0,0
2.67288,0,0,0,0,0,0,0,0
2.68311,0,0,0,0,0,0,0,0
2.69332,0,0,0,0,0,0,0,0
2.70354,0,0,0,0,0,0,0,0
2.71375,0,0,0,0,0,0,0,0
2.72397,0,0,0,0,0,0,0,0
2.73422,0,0,0,0,0,0,0,0
2.74444,0,0,0,0,0,0,0,0
2.75465,0,0,0,0,0,0,0,0
2.76486,0,0,0,0,0,0,0,0
2.77507,0,0,0,0,0,0,0,0
2.78529,0,0,0,0,0,0,0,0
2.7955,0,0,0,0,0,0,0,0
2.80572,0,0,0,0,0,0,0,0
2.81593,0,0,0,0,0,0,0,0
2.82616,0,0,0,0,0,0,0,0
2.83641,0,0,0,0,0,0,0,0
2.84663,0,0,0,0,0,0,0,0
2.85675,0,0,0,0,0,0,0,0
2.86681,-0.25,-0.25,-0.25,-0.25,0,0,0,0
2.87687,-0.25,-0.25,-0.25,-0.25,0,0,0,0
2.88699,-0.25,-0.25,-0.25,-0.25,0,0,0,0
2.8971,-0.25,-0.25,-0.25,-0.25,0,0,0,0
2.90721,-0.25,-0.25,-0.25,-0.25,0,0,0,0
2.91733,-0.25,-0.25,-0.25,-0.25,0,0,0,0
2.92745,-0.25,-0.25,-0.25,-0.25,0,0,0,0
2.93756,-0.25,-0.25,-0.25,-0.25,0,0,0,0
2.94769,-0.25,-0.25,-0.25,-0.25,0,0,0,0
2.9578,-0.25,-0.25,-0.25,-0.25,0,0,0,0
2.96792,-0.25,-0.25,-0.25,-0.25,0,0,0,0
2.97803,-0.25,-0.25,-0.25,-0.25,0,0,0,0
2.98814,-0.25,-0.25,-0.25,-0.25,0,0,0,0
2.99825,-0.25,-0.25,-0.25,-0.25,0,0,0,0
3.00837,-0.25,-0.25,-0.25,-0.25,0,0,0,0
3.01848,-0.25,-0.25,-0.25,-0.25,0,0,0,0
3.02859,-0.25,-0.25,-0.25,-0.25,0,0,0,0
3.03871,-0.25,-0.25,-0.25,-0.25,0,0,0,0
3.04882,-0.25,-0.25,-0.25,-0.25,0,0,0,0
3.05893,-0.25,-0.25,-0.25,-0.25,0,0,0,0
3.06904,-0.25,-0.25,-0.25,-0.25,0,0,0,0
3.07928,-0.25,-0.25,-0.25,-0.25,0,0,0,0
3.08939,-0.25,-0.25,-0.25,-0.25,0,0,0,0
3.09949,-0.25,-0.25,-0.25,-0.25,0,0,0,0
3.10959,-0.25,-0.25,-0.25,-0.25,0,0,0,0
3.11981,-0.25,-0.25,-0.25,-0.25,0,0,0,0
3.13005,-0.25,-0.25,-0.25,-0.25,0,0,0,0
3.14027,-0.25,-0.25,-0.25,-0.25,0,0,0,0
3.15049,-0.25,-0.25,-0.25,-0.25,0,0,0,0
3.1607,-0.25,-0.25,-0.25,-0.25,0,0,0,0
3.17093,-0.25,-0.25,-0.25,-0.25,0,0,0,0
3.18115,-0.25,-0.25,-0.25,-0.25,0,0,0,0
3.19138,-0.25,-0.25,-0.25,-0.25,0,0,0,0
3.2016,-0.25,-0.25,-0.25,-0.25,0,0,0,0
3.21182,-0.25,-0.25,-0.25,-0.25,0,0,0,0
3.22204,-0.25,-0.25,-0.25,-0.25,0,0,0,0
3.23225,-0.25,-0.25,-0.25,-0.25,0,0,0,0
3.2426,-0.25,-0.25,-0.25,-0.25,0,0,0,0
3.2527,-0.25,-0.25,-0.25,-0.25,0,0,0,0
3.26281,-0.25,-0.25,-0.25,-0.25,0,0,0,0
3.27317,-0.25,-0.25,-0.25,-0.25,0,0,0,0
3.28334,-0.25,-0.25,-0.25,-0.25,0,0,0,0
3.29351,-0.25,-0.25,-0.25,-0.25,0,0,0,0
3.3037,-0.25,-0.25,-0.25,-0.25,0,0,0,0
3.31387,-0.25,-0.25,-0.25,-0.25,0,0,0,0
3.32405,-0.25,-0.25,-0.25,-0.25,0,0,0,0
3.33423,-0.25,-0.25,-0.25,-0.25,0,0,0,0
3.34441,-0.25,-0.25,-0.25,-0.25,0,0,0,0
3.35459,-0.25,-0.25,-0.25,-0.25,0,0,0,0
3.36476,-0.25,-0.25,-0.25,-0.25,0,0,0,0
3.37494,-0.25,-0.25,-0.25,-0.25,0,0,0,0
3.38511,-0.25,-0.25,-0.25,-0.25,0,0,0,0
3.39529,-0.25,-0.25,-0.25,-0.25,0,0,0,0
3.40547,-0.25,-0.25,-0.25,-0.25,0,0,0,0
3.41565,-0.25,-0.25,-0.25,-0.25,0,0,0,0
3.42591,-0.25,-0.25,-0.25,-0.25,0,0,0,0
3.43609,-0.25,-0.25,-0.25,-0.25,0,0,0,0
3.44627,-0.25,-0.25,-0.25,-0.25,0,0,0,0
3.45635,-0.25,-0.25,-0.25,-0.25,0,0,0,0
3.46644,-0.25,-0.25,-0.25,-0.25,0,0,0,0
3.47674,-0.25,-0.25,-0.25,-0.25,0,0,0,0
3.48686,-0.25,-0.25,-0.25,-0.25,0,0,0,0
3.49708,-0.25,-0.25,-0.25,-0.25,0,0,0,0
3.50729,-0.25,-0.25,-0.25,-0.25,0,0,0,0
3.51751,-0.25,-0.25,-0.25,-0.25,0,0,0,0
3.52773,-0.25,-0.25,-0.25,-0.25,0,0,0,0
3.53796,-0.25,-0.25,-0.25,-0.25,0,0,0,0
3.54818,-0.25,-0.25,-0.25,-0.25,0,0,0,0
3.5584,-0.25,-0.25,-0.25,-0.25,0,0,0,0
3.56862,-0.25,-0.25,-0.25,-0.25,0,0,0,0
3.57884,-0.25,-0.25,-0.25,-0.25,0,0,0,0
3.58907,-0.25,-0.25,-0.25,-0.25,0,0,0,0
3.59929,-0.25,-0.25,-0.25,-0.25,0,0,0,0
3.60951,-0.25,-0.25,-0.25,-0.25,0,0,0,0
3.61974,-0.25,-0.25,-0.25,-0.25,0,0,0,0
3.62996,-0.25,-0.25,-0.25,-0.25,0,0,0,0
3.64018,-0.25,-0.25,-0.25,-0.25,0,0,0,0
3.6503,-0.25,-0.25,-0.25,-0.25,0,0,0,0
3.6604,-0.25,-0.25,-0.25,-0.25,0,0,0,0
3.67063,-0.25,-0.25,-0.25,-0.25,0,0,0,0
3.68089,-0.25,-0.25,-0.25,-0.25,0,0,0,0
3.69111,-0.25,-0.25,-0.25,-0.25,0,0,0,0
3.70133,-0.25,-0.25,-0.25,-0.25,0,0,0,0
3.71154,-0.25,-0.25,-0.25,-0.25,0,0,0,0
3.72176,-0.25,-0.25,-0.25,-0.25,0,0,0,0
3.73199,-0.25,-0.25,-0.25,-0.25,0,0,0,0
3.74222,-0.25,-0.25,-0.25,-0.25,0,0,0,0
3.75244,-0.25,-0.25,-0.25,-0.25,0,0,0,0
3.76267,-0.25,-0.25,-0.25,-0.25,0,0,0,0
3.77289,-0.25,-0.25,-0.25,-0.25,0,0,0,0
3.78311,-0.25,-0.25,-0.25,-0.25,0,0,0,0
3.79334,-0.25,-0.25,-0.25,-0.25,0,0,0,0
3.80346,-0.25,-0.25,-0.25,-0.25,0,0,0,0
3.81367,-0.25,-0.25,-0.25,-0.25,0,0,0,0
3.8239,-0.25,-0.25,-0.25,-0.25,0,0,0,0
3.83412,-0.25,-0.25,-0.25,-0.25,0,0,0,0
3.84436,-0.25,-0.25,-0.25,-0.25,0,0,0,0
3.8545,-0.25,-0.25,-0.25,-0.25,0,0,0,0
3.86462,-0.25,-0.25,-0.25,-0.25,0,0,0,0
3.87476,-0.25,-0.25,-0.25,-0.25,0,0,0,0
3.8849,-0.25,-0.25,-0.25,-0.25,0,0,0,0
3.89505,-0.25,-0.25,-0.25,-0.25,0,0,0,0
3.90513,-0.25,-0.25,-0.25,-0.25,0,0,0,0
3.9153,-0.25,-0.25,-0.25,-0.25,0,0,0,0
3.92547,-0.25,-0.25,-0.25,-0.25,0,0,0,0
3.93554,-0.25,-0.25,-0.25,-0.25,0,0,0,0
3.94571,-0.25,-0.25,-0.25,-0.25,0,0,0,0
3.9558,-0.25,-0.25,-0.25,-0.25,0,0,0,0
3.96588,-0.25,-0.25,-0.25,-0.25,0,0,0,0
3.97597,-0.25,-0.25,-0.25,-0.25,0,0,0,0
3.98614,-0.25,-0.25,-0.25,-0.25,0,0,0,0
3.99631,-0.25,-0.25,-0.25,-0.25,0,0,0,0
4.00648,-0.25,-0.25,-0.25,-0.25,0,0,0,0
4.01665,-0.25,-0.25,-0.25,-0.25,0,0,0,0
4.02685,-0.25,-0.25,-0.25,-0.25,0,0,0,0
4.03707,-0.25,-0.25,-0.25,-0.25,0,0,0,0
4.04729,-0.25,-0.25,-0.25,-0.25,0,0,0,0
4.0575,-0.25,-0.25,-0.25,-0.25,0,0,0,0
4.06771,-0.25,-0.25,-0.25,-0.25,0,0,0,0
4.07792,-0.25,-0.25,-0.25,-0.25,0,0,0,0
4.08812,-0.25,-0.25,-0.25,-0.25,0,0,0,0
4.09834,-0.25,-0.25,-0.25,-0.25,0,0,0,0
4.10864,-0.25,-0.25,-0.25,-0.25,0,0,0,0
4.11884,-0.25,-0.25,-0.25,-0.25,0,0,0,0
4.12904,-0.25,-0.25,-0.25,-0.25,0,0,0,0
4.13922,-0.25,-0.25,-0.25,-0.25,0,0,0,0
4.14947,-0.25,-0.25,-0.25,-0.25,0,0,0,0
4.15966,-0.25,-0.25,-0.25,-0.25,0,0,0,0
4.16991,-0.25,-0.25,-0.25,-0.25,0,0,0,0
4.18014,-0.25,-0.25,-0.25,-0.25,0,0,0,0
4.19038,-0.25,-0.25,-0.25,-0.25,0,0,0,0
4.20062,-0.25,-0.25,-0.25,-0.25,0,0,0,0
4.21086,-0.25,-0.25,-0.25,-0.25,0,0,0,0
4.22109,-0.25,-0.25,-0.25,-0.25,0,0,0,0
4.23137,-0.25,-0.25,-0.25,-0.25,0,0,0,0
4.24162,-0.25,-0.25,-0.25,-0.25,0,0,0,0
4.2519,-0.25,-0.25,-0.25,-0.25,0,0,0,0
4.26216,-0.25,-0.25,-0.25,-0.25,0,0,0,0
4.27244,-0.25,-0.25,-0.25,-0.25,0,0,0,0
4.28269,-0.25,-0.25,-0.25,-0.25,0,0,0,0
4.29297,-0.25,-0.25,-0.25,-0.25,0,0,0,0
4.30317,-0.25,-0.25,-0.25,-0.25,0,0,0,0
4.31342,-0.25,-0.25,-0.25,-0.25,0,0,0,0
4.32366,-0.25,-0.25,-0.25,-0.25,0,0,0,0
4.3339,-0.25,-0.25,-0.25,-0.25,0,0,0,0
4.34419,-0.25,-0.25,-0.25,-0.25,0,0,0,0
4.35443,-0.25,-0.25,-0.25,-0.25,0,0,0,0
4.36465,-0.25,-0.25,-0.25,-0.25,0,0,0,0
4.37488,-0.25,-0.25,-0.25,-0.25,0,0,0,0
4.38517,-0.25,-0.25,-0.25,-0.25,0,0,0,0
4.39542,-0.25,-0.25,-0.25,-0.25,0,0,0,0
4.40572,-0.25,-0.25,-0.25,-0.25,0,0,0,0
4.41597,-0.25,-0.25,-0.25,-0.25,0,0,0,0
4.42625,-0.25,-0.25,-0.25,-0.25,0,0,0,0
4.43651,-0.25,-0.25,-0.25,-0.25,0,0,0,0
4.44679,-0.25,-0.25,-0.25,-0.25,0,0,0,0
4.45693,-0.25,-0.25,-0.25,-0.25,0,0,0,0
4.46721,-0.25,-0.25,-0.25,-0.25,0,0,0,0
4.47746,-0.25,-0.25,-0.25,-0.25,0,0,0,0
4.48774,-0.25,-0.25,-0.25,-0.25,0,0,0,0
4.49799,-0.25,-0.25,-0.25,-0.25,0,0,0,0
4.50827,-0.25,-0.25,-0.25,-0.25,0,0,0,0
4.51852,-0.25,-0.25,-0.25,-0.25,0,0,0,0
4.52881,-0.25,-0.25,-0.25,-0.25,0,0,0,0
4.53908,-0.25,-0.25,-0.25,-0.25,0,0,0,0
4.54936,-0.25,-0.25,-0.25,-0.25,0,0,0,0
4.55961,-0.25,-0.25,-0.25,-0.25,0,0,0,0
4.5699,-0.25,-0.25,-0.25,-0.25,0,0,0,0
4.58015,-0.25,-0.25,-0.25,-0.25,0,0,0,0
4.59022,-0.25,-0.25,-0.25,-0.25,0,0,0,0
4.60041,-0.25,-0.25,-0.25,-0.25,0,0,0,0
4.61063,-0.25,-0.25,-0.25,-0.25,0,0,0,0
4.62081,-0.25,-0.25,-0.25,-0.25,0,0,0,0
4.63103,-0.25,-0.25,-0.25,-0.25,0,0,0,0
4.64122,-0.25,-0.25,-0.25,-0.25,0,0,0,0
4.65143,-0.25,-0.25,-0.25,-0.25,0,0,0,0
4.66171,-0.25,-0.25,-0.25,-0.25,0,0,0,0
4.67196,-0.25,-0.25,-0.25,-0.25,0,0,0,0
4.68225,-0.25,-0.25,-0.25,-0.25,0,0,0,0
4.69252,-0.25,-0.25,-0.25,-0.25,0,0,0,0
4.7028,-0.25,-0.25,-0.25,-0.25,0,0,0,0
4.71305,-0.25,-0.25,-0.25,-0.25,0,0,0,0
4.72334,-0.25,-0.25,-0.25,-0.25,0,0,0,0
4.73359,-0.25,-0.25,-0.25,-0.25,0,0,0,0
4.74387,-0.25,-0.25,-0.25,-0.25,0,0,0,0
4.75412,-0.25,-0.25,-0.25,-0.25,0,0,0,0
4.7644,-0.25,-0.25,-0.25,-0.25,0,0,0,0
4.77465,-0.25,-0.25,-0.25,-0.25,0,0,0,0
4.78493,-0.25,-0.25,-0.25,-0.25,0,0,0,0
4.79519,-0.25,-0.25,-0.25,-0.25,0,0,0,0
4.80547,-0.25,-0.25,-0.25,-0.25,0,0,0,0
4.81574,-0.25,-0.25,-0.25,-0.25,0,0,0,0
4.82601,-0.25,-0.25,-0.25,-0.25,0,0,0,0
4.83619,-0.25,-0.25,-0.25,-0.25,0,0,0,0
4.84641,-0.25,-0.25,-0.25,-0.25,0,0,0,0
4.85663,-0.25,-0.25,-0.25,-0.25,0,0,0,0
4.8667,-0.25,-0.25,-0.25,-0.25,0,0,0,0
4.87689,-0.25,-0.25,-0.25,-0.25,0,0,0,0
4.88711,-0.25,-0.25,-0.25,-0.25,0,0,0,0
4.89729,-0.25,-0.25,-0.25,-0.25,0,0,0,0
4.9075,-0.25,-0.25,-0.25,-0.25,0,0,0,0
4.91769,-0.25,-0.25,-0.25,-0.25,0,0,0,0
4.9279,-0.25,-0.25,-0.25,-0.25,0,0,0,0
4.93808,-0.25,-0.25,-0.25,-0.25,0,0,0,0
4.9483,-0.25,-0.25,-0.25,-0.25,0,0,0,0
4.95848,-0.25,-0.25,-0.25,-0.25,0,0,0,0
4.96873,-0.25,-0.25,-0.25,-0.25,0,0,0,0
4.97888,-0.25,-0.25,-0.25,-0.25,0,0,0,0
4.98909,-0.25,-0.25,-0.25,-0.25,0,0,0,0
4.99934,-0.25,-0.25,-0.25,-0.25,0,0,0,0
5.00942,-0.25,-0.25,-0.25,-0.25,0,0,0,0
5.01966,-0.25,-0.25,-0.25,-0.25,0,0,0,0
5.0299,-0.25,-0.25,-0.25,-0.25,0,0,0,0
5.04014,-0.25,-0.25,-0.25,-0.25,0,0,0,0
5.05038,-0.25,-0.25,-0.25,-0.25,0,0,0,0
5.06062,-0.25,-0.25,-0.25,-0.25,0,0,0,0
5.07085,-0.25,-0.25,-0.25,-0.25,0,0,0,0
5.08107,-0.25,-0.25,-0.25,-0.25,0,0,0,0
5.0913,-0.25,-0.25,-0.25,-0.25,0,0,0,0
5.10153,-0.25,-0.25,-0.25,-0.25,0,0,0,0
5.11175,-0.25,-0.25,-0.25,-0.25,0,0,0,0
5.12198,-0.25,-0.25,-0.25,-0.25,0,0,0,0
5.13227,-0.25,-0.25,-0.25,-0.25,0,0,0,0
5.14251,-0.25,-0.25,-0.25,-0.25,0,0,0,0
5.15274,-0.25,-0.25,-0.25,-0.25,0,0,0,0
5.16296,-0.25,-0.25,-0.25,-0.25,0,0,0,0
5.17319,-0.25,-0.25,-0.25,-0.25,0,0,0,0
5.18342,-0.25,-0.25,-0.25,-0.25,0,0,0,0
5.19365,-0.25,-0.25,-0.25,-0.25,0,0,0,0
5.20387,-0.25,-0.25,-0.25,-0.25,0,0,0,0
5.2141,-0.25,-0.25,-0.25,-0.25,0,0,0,0
5.22433,-0.25,-0.25,-0.25,-0.25,0,0,0,0
5.23456,-0.25,-0.25,-0.25,-0.25,0,0,0,0
5.24478,-0.25,-0.25,-0.25,-0.25,0,0,0,0
5.25501,-0.25,-0.25,-0.25,-0.25,0,0,0,0
5.26524,-0.25,-0.25,-0.25,-0.25,0,0,0,0
5.27548,-0.25,-0.25,-0.25,-0.25,0,0,0,0
5.28572,-0.25,-0.25,-0.25,-0.25,0,0,0,0
5.29597,-0.25,-0.25,-0.25,-0.25,0,0,0,0
5.30621,-0.25,-0.25,-0.25,-0.25,0,0,0,0
5.31649,-0.25,-0.25,-0.25,-0.25,0,0,0,0
5.32674,-0.25,-0.25,-0.25,-0.25,0,0,0,0
5.33698,-0.25,-0.25,-0.25,-0.25,0,0,0,0
5.34722,-0.25,-0.25,-0.25,-0.25,0,0,0,0
5.35746,-0.25,-0.25,-0.25,-0.25,0,0,0,0
5.3677,-0.25,-0.25,-0.25,-0.25,0,0,0,0
5.37798,-0.25,-0.25,-0.25,-0.25,0,0,0,0
5.38818,-0.25,-0.25,-0.25,-0.25,0,0,0,0
5.39839,-0.25,-0.25,-0.25,-0.25,0,0,0,0
5.40859,-0.25,-0.25,-0.25,-0.25,0,0,0,0
5.41885,-0.25,-0.25,-0.25,-0.25,0,0,0,0
5.42913,-0.25,-0.25,-0.25,-0.25,0,0,0,0
5.43939,-0.25,-0.25,-0.25,-0.25,0,0,0,0
5.44967,-0.25,-0.25,-0.25,-0.25,0,0,0,0
5.45987,-0.25,-0.25,-0.25,-0.25,0,0,0,0
5.47013,-0.25,-0.25,-0.25,-0.25,0,0,0,0
5.48037,-0.25,-0.25,-0.25,-0.25,0,0,0,0
5.4906,-0.25,-0.25,-0.25,-0.25,0,0,0,0
5.50084,-0.25,-0.25,-0.25,-0.25,0,0,0,0
5.51108,-0.25,-0.25,-0.25,-0.25,0,0,0,0
5.52136,-0.25,-0.25,-0.25,-0.25,0,0,0,0
5.53161,-0.25,-0.25,-0.25,-0.25,0,0,0,0
5.54189,-0.25,-0.25,-0.25,-0.25,0,0,0,0
5.55214,-0.25,-0.25,-0.25,-0.25,0,0,0,0
5.56243,-0.25,-0.25,-0.25,-0.25,0,0,0,0
5.57268,-0.25,-0.25,-0.25,-0.25,0,0,0,0
5.58292,-0.25,-0.25,-0.25,-0.25,0,0,0,0
5.59315,-0.25,-0.25,-0.25,-0.25,0,0,0,0
5.60339,-0.25,-0.25,-0.25,-0.25,0,0,0,0
5.61363,-0.25,-0.25,-0.25,-0.25,0,0,0,0
5.62387,-0.25,-0.25,-0.25,-0.25,0,0,0,0
5.63411,-0.25,-0.25,-0.25,-0.25,0,0,0,0
5.64434,-0.25,-0.25,-0.25,-0.25,0,0,0,0
5.65464,-0.25,-0.25,-0.25,-0.25,0,0,0,0
5.66484,-0.25,-0.25,-0.25,-0.25,0,0,0,0
5.67506,-0.25,-0.25,-0.25,-0.25,0,0,0,0
5.68527,-0.25,-0.25,-0.25,-0.25,0,0,0,0
5.69552,-0.25,-0.25,-0.25,-0.25,0,0,0,0
5.70575,-0.25,-0.25,-0.25,-0.25,0,0,0,0
5.71597,-0.25,-0.25,-0.25,-0.25,0,0,0,0
5.72615,-0.25,-0.25,-0.25,-0.25,0,0,0,0
5.73634,-0.25,-0.25,-0.25,-0.25,0,0,0,0
5.74642,-0.25,-0.25,-0.25,-0.25,0,0,0,0
5.75658,-0.25,-0.25,-0.25,-0.25,0,0,0,0
5.76678,-0.25,-0.25,-0.25,-0.25,0,0,0,0
5.77695,-0.25,-0.25,-0.25,-0.25,0,0,0,0
5.78714,-0.25,-0.25,-0.25,-0.25,0,0,0,0
5.7973,-0.25,-0.25,-0.25,-0.25,0,0,0,0
5.8075,-0.25,-0.25,-0.25,-0.25,0,0,0,0
5.81767,-0.25,-0.25,-0.25,-0.25,0,0,0,0
5.82786,-0.25,-0.25,-0.25,-0.25,0,0,0,0
5.83806,-0.25,-0.25,-0.25,-0.25,0,0,0,0
5.84825,-0.25,-0.25,-0.25,-0.25,0,0,0,0
5.85844,-0.25,-0.25,-0.25,-0.25,0,0,0,0
5.86863,-0.25,-0.25,-0.25,-0.25,0,0,0,0
5.87882,-0.25,-0.25,-0.25,-0.25,0,0,0,0
5.88904,-0.25,-0.25,-0.25,-0.25,0,0,0,0
5.89927,-0.25,-0.25,-0.25,-0.25,0,0,0,0
5.90946,-0.25,-0.25,-0.25,-0.25,0,0,0,0
5.91954,-0.25,-0.25,-0.25,-0.25,0,0,0,0
5.92974,-0.25,-0.25,-0.25,-0.25,0,0,0,0
5.93993,-0.25,-0.25,-0.25,-0.25,0,0,0,0
5.95013,-0.25,-0.25,-0.25,-0.25,0,0,0,0
5.96029,-0.25,-0.25,-0.25,-0.25,0,0,0,0
5.97048,-0.25,-0.25,-0.25,-0.25,0,0,0,0
5.98068,-0.25,-0.25,-0.25,-0.25,0,0,0,0
5.99087,-0.25,-0.25,-0.25,-0.25,0,0,0,0
6.00104,-0.25,-0.25,-0.25,-0.25,0,0,0,0
6.01123,-0.25,-0.25,-0.25,-0.25,0,0,0,0
6.02139,-0.25,-0.25,-0.25,-0.25,0,0,0,0
6.03159,-0.25,-0.25,-0.25,-0.25,0,0,0,0
6.04175,-0.25,-0.25,-0.25,-0.25,0,0,0,0
6.05194,-0.25,-0.25,-0.25,-0.25,0,0,0,0
6.06213,-0.25,-0.25,-0.25,-0.25,0,0,0,0
6.07233,-0.25,-0.25,-0.25,-0.25,0,0,0,0
6.0825,0,0,0,0,0,0,0,0
6.09266,0,0,0,0,0,0,0,0
6.10274,0,0,0,0,0,0,0,0
6.11281,0,0,0,0,0,0,0,0
6.12298,0,0,0,0,0,0,0,0
6.13317,0,0,0,0,0,0,0,0
6.14325,0,0,0,0,0,0,0,0
6.15333,0,0,0,0,0,0,0,0
6.1634,0,0,0,0,0,0,0,0
6.17357,0,0,0,0,0,0,0,0
6.18376,0,0,0,0,0,0,0,0
6.19398,0,0,0,0,0,0,0,0
6.20419,0,0,0,0,0,0,0,0
6.2144,0,0,0,0,0,0,0,0
6.22461,0,0,0,0,0,0,0,0
6.23483,0,0,0,0,0,0,0,0
6.24504,0,0,0,0,0,0,0,0
6.25526,0,0,0,0,0,0,0,0
6.26547,0,0,0,0,0,0,0,0
6.2757,0,0,0,0,0,0,0,0
6.28592,0,0,0,0,0,0,0,0
6.29613,0,0,0,0,0,0,0,0
6.30634,0,0,0,0,0,0,0,0
6.31656,0,0,0,0,0,0,0,0
6.32677,0,0,0,0,0,0,0,0
6.33698,0,0,0,0,0,0,0,0
6.3472,0,0,0,0,0,0,0,0
6.35741,0,0,0,0,0,0,0,0
6.36762,0,0,0,0,0,0,0,0
6.37787,0,0,0,0,0,0,0,0
6.38808,0,0,0,0,0,0,0,0
6.3983,0,0,0,0,0,0,0,0
6.40851,0,0,0,0,0,0,0,0
6.41873,0,0,0,0,0,0,0,0
6.42894,0,0,0,0,0,0,0,0
6.43915,0,0,0,0,0,0,0,0
6.44937,0,0,0,0,0,0,0,0
6.45945,0,0,0,0,0,0,0,0
6.46952,0,0,0,0,0,0,0,0
6.4796,0,0,0,0,0,0,0,0
6.48977,0,0,0,0,0,0,0,0
6.49985,0,0,0,0,0,0,0,0
6.50992,0,0,0,0,0,0,0,0
6.52,0,0,0,0,0,0,0,0
6.53007,0,0,0,0,0,0,0,0
6.54027,0,0,0,0,0,0,0,0
6.55046,0,0,0,0,0,0,0,0
6.56065,0,0,0,0,0,0,0,0
6.57084,0,0,0,0,0,0,0,0
6.58103,0,0,0,0,0,0,0,0
6.59123,0,0,0,0,0,0,0,0
6.60142,0,0,0,0,0,0,0,0
6.61162,0,0,0,0,0,0,0,0
6.62181,0,0,0,0,0,0,0,0
6.63198,0,0,0,0,0,0,0,0
6.64217,0,0,0,0,0,0,0,0
6.65238,0,0,0,0,0,0,0,0
6.66256,0,0,0,0,0,0,0,0
6.67264,0,0,0,0,0,0,0,0
6.68271,0,0,0,0,0,0,0,0
6.69278,0,0,0,0,0,0,0,0
6.70294,0,0,0,0,0,0,0,0
6.71315,0.25,0.25,0.25,0.25,0,0,0,0
6.72332,0.25,0.25,0.25,0.25,0,0,0,0
6.7334,0.25,0.25,0.25,0.25,0,0,0,0
6.74366,0.25,0.25,0.25,0.25,0,0,0,0
6.75375,0.25,0.25,0.25,0.25,0,0,0,0
6.76399,0.25,0.25,0.25,0.25,0,0,0,0
6.77429,0.25,0.25,0.25,0.25,0,0,0,0
6.78449,0.25,0.25,0.25,0.25,0,0,0,0
6.79459,0.25,0.25,0.25,0.25,0,0,0,0
6.80485,0.25,0.25,0.25,0.25,0,0,0,0
6.81513,0.25,0.25,0.25,0.25,0,0,0,0
6.82538,0.25,0.25,0.25,0.25,0,0,0,0
6.83567,0.25,0.25,0.25,0.25,0,0,0,0
6.84598,0.25,0.25,0.25,0.25,0,0,0,0
6.85613,0.25,0.25,0.25,0.25,0,0,0,0
6.86638,0.25,0.25,0.25,0.25,0,0,0,0
6.87667,0.25,0.25,0.25,0.25,0,0,0,0
6.88692,0.25,0.25,0.25,0.25,0,0,0,0
6.8972,0.25,0.25,0.25,0.25,0,0,0,0
6.90745,0.25,0.25,0.25,0.25,0,0,0,0
6.91774,0.25,0.25,0.25,0.25,0,0,0,0
6.92799,0.25,0.25,0.25,0.25,0,0,0,0
6.93827,0.25,0.25,0.25,0.25,0,0,0,0
6.94852,0.25,0.25,0.25,0.25,0,0,0,0
6.9588,0.25,0.25,0.25,0.25,0,0,0,0
6.96907,0.25,0.25,0.25,0.25,0,0,0,0
6.97926,0.25,0.25,0.25,0.25,0,0,0,0
6.98951,0.25,0.25,0.25,0.25,0,0,0,0
6.9996,0.25,0.25,0.25,0.25,0,0,0,0
7.00979,0.25,0.25,0.25,0.25,0,0,0,0
7.01987,0.25,0.25,0.25,0.25,0,0,0,0
7.02996,0.25,0.25,0.25,0.25,0,0,0,0
7.04014,0.25,0.25,0.25,0.25,0,0,0,0
7.05036,0.25,0.25,0.25,0.25,0,0,0,0
7.06057,0.25,0.25,0.25,0.25,0,0,0,0
7.07079,0.25,0.25,0.25,0.25,0,0,0,0
7.081,0.25,0.25,0.25,0.25,0,0,0,0
7.09119,0.25,0.25,0.25,0.25,0,0,0,0
7.10141,0.25,0.25,0.25,0.25,0,0,0,0
7.11165,0.25,0.25,0.25,0.25,0,0,0,0
7.12188,0.25,0.25,0.25,0.25,0,0,0,0
7.13212,0.25,0.25,0.25,0.25,0,0,0,0
7.14238,0.25,0.25,0.25,0.25,0,0,0,0
7.15264,0.25,0.25,0.25,0.25,0,0,0,0
7.16288,0.25,0.25,0.25,0.25,0,0,0,0
7.17312,0.25,0.25,0.25,0.25,0,0,0,0
7.18335,0.25,0.25,0.25,0.25,0,0,0,0
7.19359,0.25,0.25,0.25,0.25,0,0,0,0
7.20383,0.25,0.25,0.25,0.25,0,0,0,0
7.21407,0.25,0.25,0.25,0.25,0,0,0,0
7.22436,0.5,0.5,0.5,0.5,0,0,0,0
7.23456,0.5,0.5,0.5,0.5,0,0,0,0
7.24479,0.5,0.5,0.5,0.5,0,0,0,0
7.25497,0.5,0.5,0.5,0.5,0,0,0,0
7.26514,0.5,0.5,0.5,0.5,0,0,0,0
7.27532,0.5,0.5,0.5,0.5,0,0,0,0
7.2855,0.5,0.5,0.5,0.5,0,0,0,0
7.29559,0.5,0.5,0.5,0.5,0,0,0,0
7.30577,0.5,0.5,0.5,0.5,0,0,0,0
7.31595,0.5,0.5,0.5,0.5,0,0,0,0
7.32612,0.5,0.5,0.5,0.5,0,0,0,0
7.3363,0.5,0.5,0.5,0.5,0,0,0,0
7.34648,0.5,0.5,0.5,0.5,0,0,0,0
7.35669,0.5,0.5,0.5,0.5,0,0,0,0
7.3668,0.5,0.5,0.5,0.5,0,0,0,0
7.37697,0.5,0.5,0.5,0.5,0,0,0,0
7.38715,0.5,0.5,0.5,0.5,0,0,0,0
7.39733,0.5,0.5,0.5,0.5,0,0,0,0
7.40751,0.5,0.5,0.5,0.5,0,0,0,0
7.41769,0.5,0.5,0.5,0.5,0,0,0,0
7.42786,0.5,0.5,0.5,0.5,0,0,0,0
7.43804,0.5,0.5,0.5,0.5,0,0,0,0
7.44825,0.5,0.5,0.5,0.5,0,0,0,0
7.45847,0.5,0.5,0.5,0.5,0,0,0,0
7.46869,0.5,0.5,0.5,0.5,0,0,0,0
7.47882,0.5,0.5,0.5,0.5,0,0,0,0
7.48904,0.5,0.5,0.5,0.5,0,0,0,0
7.49931,0.5,0.5,0.5,0.5,0,0,0,0
7.50953,0.5,0.5,0.5,0.5,0,0,0,0
7.51975,0.5,0.5,0.5,0.5,0,0,0,0
7.52985,0.5,0.5,0.5,0.5,0,0,0,0
7.54007,0.5,0.5,0.5,0.5,0,0,0,0
7.55029,0.5,0.5,0.5,0.5,0,0,0,0
7.56051,0.5,0.5,0.5,0.5,0,0,0,0
7.57074,0.5,0.5,0.5,0.5,0,0,0,0
7.58118,0.5,0.5,0.5,0.5,0,0,0,0
7.59139,0.5,0.5,0.5,0.5,0,0,0,0
7.60162,0.5,0.5,0.5,0.5,0,0,0,0
7.61184,0.5,0.5,0.5,0.5,0,0,0,0
7.62206,0.5,0.5,0.5,0.5,0,0,0,0
7.63229,0.5,0.5,0.5,0.5,0,0,0,0
7.64251,0.5,0.5,0.5,0.5,0,0,0,0
7.65286,0.5,0.5,0.5,0.5,0,0,0,0
7.66304,0.5,0.5,0.5,0.5,0,0,0,0
7.67321,0.5,0.5,0.5,0.5,0,0,0,0
7.68332,0.5,0.5,0.5,0.5,0,0,0,0
7.69341,0.75,0.75,0.75,0.75,0,0,0,0
7.70348,0.75,0.75,0.75,0.75,0,0,0,0
7.71366,0.75,0.75,0.75,0.75,0,0,0,0
7.72374,0.75,0.75,0.75,0.75,0,0,0,0
7.73392,0.75,0.75,0.75,0.75,0,0,0,0
7.7441,0.75,0.75,0.75,0.75,0,0,0,0
7.75428,0.75,0.75,0.75,0.75,0,0,0,0
7.76438,0.75,0.75,0.75,0.75,0,0,0,0
7.77455,0.75,0.75,0.75,0.75,0,0,0,0
7.78473,0.75,0.75,0.75,0.75,0,0,0,0
7.7949,0.75,0.75,0.75,0.75,0,0,0,0
7.80508,0.75,0.75,0.75,0.75,0,0,0,0
7.81526,0.75,0.75,0.75,0.75,0,0,0,0
7.82543,0.75,0.75,0.75,0.75,0,0,0,0
7.83561,0.75,0.75,0.75,0.75,0,0,0,0
7.8458,0.75,0.75,0.75,0.75,0,0,0,0
7.85598,0.75,0.75,0.75,0.75,0,0,0,0
7.86615,0.75,0.75,0.75,0.75,0,0,0,0
7.87633,0.75,0.75,0.75,0.75,0,0,0,0
7.88651,0.75,0.75,0.75,0.75,0,0,0,0
7.89668,0.75,0.75,0.75,0.75,0,0,0,0
7.90677,0.75,0.75,0.75,0.75,0,0,0,0
7.91698,0.75,0.75,0.75,0.75,0,0,0,0
7.92715,0.75,0.75,0.75,0.75,0,0,0,0
7.93733,0.75,0.75,0.75,0.75,0,0,0,0
7.94754,0.75,0.75,0.75,0.75,0,0,0,0
7.95771,0.75,0.75,0.75,0.75,0,0,0,0
7.96789,0.75,0.75,0.75,0.75,0,0,0,0
7.97807,0.75,0.75,0.75,0.75,0,0,0,0
7.98824,0.75,0.75,0.75,0.75,0,0,0,0
7.99842,0.75,0.75,0.75,0.75,0,0,0,0
8.0086,0.75,0.75,0.75,0.75,0,0,0,0
8.01877,0.75,0.75,0.75,0.75,0,0,0,0
8.02895,0.75,0.75,0.75,0.75,0,0,0,0
8.03913,0.75,0.75,0.75,0.75,0,0,0,0
8.04925,0.75,0.75,0.75,0.75,0,0,0,0
8.05945,0.75,0.75,0.75,0.75,0,0,0,0
8.06967,0.75,0.75,0.75,0.75,0,0,0,0
8.0799,0.75,0.75,0.75,0.75,0,0,0,0
8.09013,0.75,0.75,0.75,0.75,0,0,0,0
8.10044,0.75,0.75,0.75,0.75,0,0,0,0
8.11067,0.75,0.75,0.75,0.75,0,0,0,0
8.12094,0.75,0.75,0.75,0.75,0,0,0,0
8.13119,0.75,0.75,0.75,0.75,0,0,0,0
8.14148,0.75,0.75,0.75,0.75,0,0,0,0
8.15173,0.75,0.75,0.75,0.75,0,0,0,0
8.16201,0.75,0.75,0.75,0.75,0,0,0,0
8.17226,0.75,0.75,0.75,0.75,0,0,0,0
8.18254,0.75,0.75,0.75,0.75,0,0,0,0
8.1928,0.75,0.75,0.75,0.75,0,0,0,0
8.20304,0.75,0.75,0.75,0.75,0,0,0,0
8.21327,0.75,0.75,0.75,0.75,0,0,0,0
8.22351,0.75,0.75,0.75,0.75,0,0,0,0
8.23375,0.75,0.75,0.75,0.75,0,0,0,0
8.24399,0.75,0.75,0.75,0.75,0,0,0,0
8.25423,0.75,0.75,0.75,0.75,0,0,0,0
8.26447,0.75,0.75,0.75,0.75,0,0,0,0
8.2747,0.75,0.75,0.75,0.75,0,0,0,0
8.28494,0.75,0.75,0.75,0.75,0,0,0,0
8.29518,0.75,0.75,0.75,0.75,0,0,0,0
8.30541,0.75,0.75,0.75,0.75,0,0,0,0
8.31565,0.75,0.75,0.75,0.75,0,0,0,0
8.32597,0.75,0.75,0.75,0.75,0,0,0,0
8.3362,0.75,0.75,0.75,0.75,0,0,0,0
8.34644,0.75,0.75,0.75,0.75,0,0,0,0
8.35668,0.75,0.75,0.75,0.75,0,0,0,0
8.36692,0.75,0.75,0.75,0.75,0,0,0,0
8.37715,0.75,0.75,0.75,0.75,0,0,0,0
8.38739,0.75,0.75,0.75,0.75,0,0,0,0
8.39763,0.75,0.75,0.75,0.75,0,0,0,0
8.40791,0.75,0.75,0.75,0.75,0,0,0,0
8.41817,0.75,0.75,0.75,0.75,0,0,0,0
8.42845,0.75,0.75,0.75,0.75,0,0,0,0
8.4387,0.75,0.75,0.75,0.75,0,0,0,0
8.44898,0.75,0.75,0.75,0.75,0,0,0,0
8.45918,0.75,0.75,0.75,0.75,0,0,0,0
8.46943,0.75,0.75,0.75,0.75,0,0,0,0
8.47967,0.75,0.75,0.75,0.75,0,0,0,0
8.48991,0.75,0.75,0.75,0.75,0,0,0,0
8.50015,0.75,0.75,0.75,0.75,0,0,0,0
8.51039,0.75,0.75,0.75,0.75,0,0,0,0
8.52063,0.75,0.75,0.75,0.75,0,0,0,0
8.53086,0.75,0.75,0.75,0.75,0,0,0,0
8.5411,0.75,0.75,0.75,0.75,0,0,0,0
8.55134,0.75,0.75,0.75,0.75,0,0,0,0
8.56158,0.75,0.75,0.75,0.75,0,0,0,0
8.57182,0.75,0.75,0.75,0.75,0,0,0,0
8.58206,0.75,0.75,0.75,0.75,0,0,0,0
8.59229,0.75,0.75,0.75,0.75,0,0,0,0
8.60258,0.75,0.75,0.75,0.75,0,0,0,0
8.61283,0.75,0.75,0.75,0.75,0,0,0,0
8.62307,0.75,0.75,0.75,0.75,0,0,0,0
8.6333,0.75,0.75,0.75,0.75,0,0,0,0
8.64354,0.75,0.75,0.75,0.75,0,0,0,0
8.65378,0.75,0.75,0.75,0.75,0,0,0,0
8.66402,0.75,0.75,0.75,0.75,0,0,0,0
8.67426,0.75,0.75,0.75,0.75,0,0,0,0
8.68449,0.75,0.75,0.75,0.75,0,0,0,0
8.69473,0.75,0.75,0.75,0.75,0,0,0,0
8.70496,0.75,0.75,0.75,0.75,0,0,0,0
8.71519,0.75,0.75,0.75,0.75,0,0,0,0
8.72543,0.75,0.75,0.75,0.75,0,0,0,0
8.73579,0.75,0.75,0.75,0.75,0,0,0,0
8.74586,0.75,0.75,0.75,0.75,0,0,0,0
8.75595,0.75,0.75,0.75,0.75,0,0,0,0
8.76609,0.75,0.75,0.75,0.75,0,0,0,0
8.77621,0.75,0.75,0.75,0.75,0,0,0,0
8.78645,0.75,0.75,0.75,0.75,0,0,0,0
8.79672,0.75,0.75,0.75,0.75,0,0,0,0
8.80696,0.75,0.75,0.75,0.75,0,0,0,0
8.81723,0.75,0.75,0.75,0.75,0,0,0,0
8.82746,0.75,0.75,0.75,0.75,0,0,0,0
8.83769,0.75,0.75,0.75,0.75,0,0,0,0
8.84792,0.75,0.75,0.75,0.75,0,0,0,0
8.85814,0.75,0.75,0.75,0.75,0,0,0,0
8.86837,0.75,0.75,0.75,0.75,0,0,0,0
8.8786,0.75,0.75,0.75,0.75,0,0,0,0
8.88882,0.75,0.75,0.75,0.75,0,0,0,0
8.89905,0.75,0.75,0.75,0.75,0,0,0,0
8.90928,0.75,0.75,0.75,0.75,0,0,0,0
8.91942,0.75,0.75,0.75,0.75,0,0,0,0
8.9295,0.75,0.75,0.75,0.75,0,0,0,0
8.93958,0.75,0.75,0.75,0.75,0,0,0,0
8.94965,0.75,0.75,0.75,0.75,0,0,0,0
8.95985,0.75,0.75,0.75,0.75,0,0,0,0
8.97006,0.75,0.75,0.75,0.75,0,0,0,0
8.98026,0.75,0.75,0.75,0.75,0,0,0,0
8.99047,0.75,0.75,0.75,0.75,0,0,0,0
9.00066,0.75,0.75,0.75,0.75,0,0,0,0
9.01071,0.75,0.75,0.75,0.75,0,0,0,0
9.02077,0.75,0.75,0.75,0.75,0,0,0,0
9.03097,0.75,0.75,0.75,0.75,0,0,0,0
9.04106,0.75,0.75,0.75,0.75,0,0,0,0
9.05113,0.75,0.75,0.75,0.75,0,0,0,0
9.06119,0.75,0.75,0.75,0.75,0,0,0,0
9.07127,0.75,0.75,0.75,0.75,0,0,0,0
9.08134,0.75,0.75,0.75,0.75,0,0,0,0
9.09141,0.75,0.75,0.75,0.75,0,0,0,0
9.10149,0.75,0.75,0.75,0.75,0,0,0,0
9.11156,0.75,0.75,0.75,0.75,0,0,0,0
9.12165,0.75,0.75,0.75,0.75,0,0,0,0
9.13173,0.75,0.75,0.75,0.75,0,0,0,0
9.14181,0.75,0.75,0.75,0.75,0,0,0,0
9.15187,0.75,0.75,0.75,0.75,0,0,0,0
9.16194,0.75,0.75,0.75,0.75,0,0,0,0
9.17206,0.75,0.75,0.75,0.75,0,0,0,0
9.18212,0.75,0.75,0.75,0.75,0,0,0,0
9.19219,0.75,0.75,0.75,0.75,0,0,0,0
9.20246,0.75,0.75,0.75,0.75,0,0,0,0
9.21268,0.75,0.75,0.75,0.75,0,0,0,0
9.22289,0.75,0.75,0.75,0.75,0,0,0,0
9.23312,0.75,0.75,0.75,0.75,0,0,0,0
9.24321,0.75,0.75,0.75,0.75,0,0,0,0
9.25334,0.75,0.75,0.75,0.75,0,0,0,0
9.26355,0.75,0.75,0.75,0.75,0,0,0,0
9.27377,0.75,0.75,0.75,0.75,0,0,0,0
9.28399,0.75,0.75,0.75,0.75,0,0,0,0
9.2942,0.75,0.75,0.75,0.75,0,0,0,0
9.30442,0.75,0.75,0.75,0.75,0,0,0,0
9.31463,0.75,0.75,0.75,0.75,0,0,0,0
9.32485,0.75,0.75,0.75,0.75,0,0,0,0
9.33507,0.75,0.75,0.75,0.75,0,0,0,0
9.34528,0.75,0.75,0.75,0.75,0,0,0,0
9.35556,0.75,0.75,0.75,0.75,0,0,0,0
9.36578,0.75,0.75,0.75,0.75,0,0,0,0
9.376,0.75,0.75,0.75,0.75,0,0,0,0
9.38621,0.75,0.75,0.75,0.75,0,0,0,0
9.39685,0.75,0.75,0.75,0.75,0,0,0,0
9.40691,0.75,0.75,0.75,0.75,0,0,0,0
9.41709,0.75,0.75,0.75,0.75,0,0,0,0
9.42733,0.75,0.75,0.75,0.75,0,0,0,0
9.43742,0.75,0.75,0.75,0.75,0,0,0,0
9.4475,0.75,0.75,0.75,0.75,0,0,0,0
9.45761,0.75,0.75,0.75,0.75,0,0,0,0
9.46772,0.75,0.75,0.75,0.75,0,0,0,0
9.47783,0.75,0.75,0.75,0.75,0,0,0,0
9.48795,0.75,0.75,0.75,0.75,0,0,0,0
9.49806,0.75,0.75,0.75,0.75,0,0,0,0
9.50817,0.75,0.75,0.75,0.75,0,0,0,0
9.51828,0.75,0.75,0.75,0.75,0,0,0,0
9.5284,0.75,0.75,0.75,0.75,0,0,0,0
9.53851,0.75,0.75,0.75,0.75,0,0,0,0
9.54862,0.75,0.75,0.75,0.75,0,0,0,0
9.55874,0.75,0.75,0.75,0.75,0,0,0,0
9.56885,0.75,0.75,0.75,0.75,0,0,0,0
9.57896,0.75,0.75,0.75,0.75,0,0,0,0
9.58907,0.75,0.75,0.75,0.75,0,0,0,0
9.59918,0.75,0.75,0.75,0.75,0,0,0,0
9.60929,0.75,0.75,0.75,0.75,0,0,0,0
9.61941,0.75,0.75,0.75,0.75,0,0,0,0
9.62947,0.75,0.75,0.75,0.75,0,0,0,0
9.63953,0.75,0.75,0.75,0.75,0,0,0,0
9.6496,0.75,0.75,0.75,0.75,0,0,0,0
9.65971,0.75,0.75,0.75,0.75,0,0,0,0
9.66978,0.75,0.75,0.75,0.75,0,0,0,0
9.67984,0.75,0.75,0.75,0.75,0,0,0,0
9.68995,0.75,0.75,0.75,0.75,0,0,0,0
9.70006,0.75,0.75,0.75,0.75,0,0,0,0
9.71017,0.75,0.75,0.75,0.75,0,0,0,0
9.72029,0.75,0.75,0.75,0.75,0,0,0,0
9.7304,0.75,0.75,0.75,0.75,0,0,0,0
9.74046,0.75,0.75,0.75,0.75,0,0,0,0
9.75057,0.75,0.75,0.75,0.75,0,0,0,0
9.76069,0.75,0.75,0.75,0.75,0,0,0,0
9.7708,0.75,0.75,0.75,0.75,0,0,0,0
9.78091,0.75,0.75,0.75,0.75,0,0,0,0
9.79099,1,1,1,1,0,0,0,0
9.80107,1,1,1,1,0,0,0,0
9.81124,1,1,1,1,0,0,0,0
9.82142,1,1,1,1,0,0,0,0
9.83159,1,1,1,1,0,0,0,0
9.84177,1,1,1,1,0,0,0,0
9.85195,1,1,1,1,0,0,0,0
9.86212,1,1,1,1,0,0,0,0
9.87223,1,1,1,1,0,0,0,0
9.88233,1,1,1,1,0,0,0,0
9.8926,1,1,1,1,0,0,0,0
9.90278,1,1,1,1,0,0,0,0
9.91296,1,1,1,1,0,0,0,0
9.92313,1,1,1,1,0,0,0,0
9.93323,1,1,1,1,0,0,0,0
9.94341,1,1,1,1,0,0,0,0
9.95359,1,1,1,1,0,0,0,0
9.96377,1,1,1,1,0,0,0,0
9.97394,1,1,1,1,0,0,0,0
9.98412,1,1,1,1,0,0,0,0
9.99432,1,1,1,1,0,0,0,0
10.0045,1,1,1,1,0,0,0,0
10.0147,1,1,1,1,0,0,0,0
10.0249,1,1,1,1,0,0,0,0
10.0351,1,1,1,1,0,0,0,0
10.0452,1,1,1,1,0,0,0,0
10.0554,1,1,1,1,0,0,0,0
10.0656,1,1,1,1,0,0,0,0
10.0758,1,1,1,1,0,0,0,0
10.0859,1,1,1,1,0,0,0,0
10.096,1,1,1,1,0,0,0,0
10.1062,1,1,1,1,0,0,0,0
10.1163,1,1,1,1,0,0,0,0
10.1265,1,1,1,1,0,0,0,0
10.1366,1,1,1,1,0,0,0,0
10.1468,1,1,1,1,0,0,0,0
10.157,1,1,1,1,0,0,0,0
10.1672,1,1,1,1,0,0,0,0
10.1774,1,1,1,1,0,0,0,0
10.1875,1,1,1,1,0,0,0,0
10.1976,1,1,1,1,0,0,0,0
10.2077,1,1,1,1,0,0,0,0
10.218,1,1,1,1,0,0,0,0
10.2282,1,1,1,1,0,0,0,0
10.2385,1,1,1,1,0,0,0,0
10.2486,1,1,1,1,0,0,0,0
10.2588,1,1,1,1,0,0,0,0
10.2691,1,1,1,1,0,0,0,0
10.2793,1,1,1,1,0,0,0,0
10.2895,1,1,1,1,0,0,0,0
10.2996,1,1,1,1,0,0,0,0
10.3098,1,1,1,1,0,0,0,0
10.32,1,1,1,1,0,0,0,0
10.3302,1,1,1,1,0,0,0,0
10.3405,1,1,1,1,0,0,0,0
10.3507,1,1,1,1,0,0,0,0
10.3609,1,1,1,1,0,0,0,0
10.3711,1,1,1,1,0,0,0,0
10.3814,1,1,1,1,0,0,0,0
10.3916,1,1,1,1,0,0,0,0
10.4018,1,1,1,1,0,0,0,0
10.412,1,1,1,1,0,0,0,0
10.4223,1,1,1,1,0,0,0,0
10.4326,1,1,1,1,0,0,0,0
10.4428,1,1,1,1,0,0,0,0
10.453,1,1,1,1,0,0,0,0
10.4633,1,1,1,1,0,0,0,0
10.4735,1,1,1,1,0,0,0,0
10.4837,1,1,1,1,0,0,0,0
10.494,1,1,1,1,0,0,0,0
10.5042,1,1,1,1,0,0,0,0
10.5144,1,1,1,1,0,0,0,0
10.5246,1,1,1,1,0,0,0,0
10.5349,1,1,1,1,0,0,0,0
10.5451,1,1,1,1,0,0,0,0
10.5553,1,1,1,1,0,0,0,0
10.5656,1,1,1,1,0,0,0,0
10.5758,1,1,1,1,0,0,0,0
10.586,1,1,1,1,0,0,0,0
10.5962,1,1,1,1,0,0,0,0
10.6064,1,1,1,1,0,0,0,0
10.6167,1,1,1,1,0,0,0,0
10.6269,1,1,1,1,0,0,0,0
10.6371,1,1,1,1,0,0,0,0
10.6474,1,1,1,1,0,0,0,0
10.6577,1,1,1,1,0,0,0,0
10.668,1,1,1,1,0,0,0,0
10.6782,1,1,1,1,0,0,0,0
10.6885,1,1,1,1,0,0,0,0
10.6987,1,1,1,1,0,0,0,0
10.709,1,1,1,1,0,0,0,0
10.7193,1,1,1,1,0,0,0,0
10.7295,1,1,1,1,0,0,0,0
10.7398,1,1,1,1,0,0,0,0
10.75,1,1,1,1,0,0,0,0
10.7603,1,1,1,1,0,0,0,0
10.7705,1,1,1,1,0,0,0,0
10.7807,1,1,1,1,0,0,0,0
10.791,1,1,1,1,0,0,0,0
10.8012,1,1,1,1,0,0,0,0
10.8115,1,1,1,1,0,0,0,0
10.8218,1,1,1,1,0,0,0,0
10.832,1,1,1,1,0,0,0,0
10.8423,1,1,1,1,0,0,0,0
10.8525,1,1,1,1,0,0,0,0
10.8626,1,1,1,1,0,0,0,0
10.8727,1,1,1,1,0,0,0,0
10.8828,1,1,1,1,0,0,0,0
10.8928,1,1,1,1,0,0,0,0
10.9029,1,1,1,1,0,0,0,0
10.913,1,1,1,1,0,0,0,0
10.923,1,1,1,1,0,0,0,0
10.9331,1,1,1,1,0,0,0,0
10.9432,1,1,1,1,0,0,0,0
10.9533,1,1,1,1,0,0,0,0
10.9634,1,1,1,1,0,0,0,0
10.9735,1,1,1,1,0,0,0,0
10.9836,1,1,1,1,0,0,0,0
10.9938,1,1,1,1,0,0,0,0
11.0039,1,1,1,1,0,0,0,0
11.014,1,1,1,1,0,0,0,0
11.0241,1,1,1,1,0,0,0,0
11.0342,1,1,1,1,0,0,0,0
11.0444,1,1,1,1,0,0,0,0
11.0546,1,1,1,1,0,0,0,0
11.0648,1,1,1,1,0,0,0,0
11.0749,1,1,1,1,0,0,0,0
11.0851,1,1,1,1,0,0,0,0
11.0953,1,1,1,1,0,0,0,0
11.1055,1,1,1,1,0,0,0,0
11.1156,1,1,1,1,0,0,0,0
11.1258,1,1,1,1,0,0,0,0
11.136,1,1,1,1,0,0,0,0
11.1462,1,1,1,1,0,0,0,0
11.1564,1,1,1,1,0,0,0,0
11.1666,1,1,1,1,0,0,0,0
11.1768,1,1,1,1,0,0,0,0
11.187,1,1,1,1,0,0,0,0
11.1972,1,1,1,1,0,0,0,0
11.2074,1,1,1,1,0,0,0,0
11.2176,1,1,1,1,0,0,0,0
11.2278,1,1,1,1,0,0,0,0
11.238,1,1,1,1,0,0,0,0
11.2482,1,1,1,1,0,0,0,0
11.2584,1,1,1,1,0,0,0,0
11.2687,1,1,1,1,0,0,0,0
11.2789,1,1,1,1,0,0,0,0
11.2892,1,1,1,1,0,0,0,0
11.2995,1,1,1,1,0,0,0,0
11.3098,1,1,1,1,0,0,0,0
11.32,1,1,1,1,0,0,0,0
11.3302,1,1,1,1,0,0,0,0
11.3405,1,1,1,1,0,0,0,0
11.3507,1,1,1,1,0,0,0,0
11.361,1,1,1,1,0,0,0,0
11.3712,1,1,1,1,0,0,0,0
11.3814,1,1,1,1,0,0,0,0
11.3917,1,1,1,1,0,0,0,0
11.4019,1,1,1,1,0,0,0,0
11.4121,1,1,1,1,0,0,0,0
11.4224,1,1,1,1,0,0,0,0
11.4326,1,1,1,1,0,0,0,0
11.4428,1,1,1,1,0,0,0,0
11.453,1,1,1,1,0,0,0,0
11.4633,1,1,1,1,0,0,0,0
11.4735,1,1,1,1,0,0,0,0
11.4837,1,1,1,1,0,0,0,0
11.494,1,1,1,1,0,0,0,0
11.5042,1,1,1,1,0,0,0,0
11.5145,1,1,1,1,0,0,0,0
11.5247,1,1,1,1,0,0,0,0
11.5349,1,1,1,1,0,0,0,0
11.545,0.75,0.75,0.75,0.75,0,0,0,0
11.5551,0.75,0.75,0.75,0.75,0,0,0,0
11.5653,0.75,0.75,0.75,0.75,0,0,0,0
11.5755,0.75,0.75,0.75,0.75,0,0,0,0
11.5857,0.75,0.75,0.75,0.75,0,0,0,0
11.596,0.75,0.75,0.75,0.75,0,0,0,0
11.6062,0.75,0.75,0.75,0.75,0,0,0,0
11.6164,0.75,0.75,0.75,0.75,0,0,0,0
11.6265,0.75,0.75,0.75,0.75,0,0,0,0
11.6367,0.75,0.75,0.75,0.75,0,0,0,0
11.6468,0.75,0.75,0.75,0.75,0,0,0,0
11.6571,0.75,0.75,0.75,0.75,0,0,0,0
11.6672,0.75,0.75,0.75,0.75,0,0,0,0
11.6775,0.75,0.75,0.75,0.75,0,0,0,0
11.6876,0.75,0.75,0.75,0.75,0,0,0,0
11.6979,0.75,0.75,0.75,0.75,0,0,0,0
11.7081,0.75,0.75,0.75,0.75,0,0,0,0
11.7183,0.75,0.75,0.75,0.75,0,0,0,0
11.7285,0.75,0.75,0.75,0.75,0,0,0,0
11.7386,0.75,0.75,0.75,0.75,0,0,0,0
11.7489,0.75,0.75,0.75,0.75,0,0,0,0
11.7592,0.75,0.75,0.75,0.75,0,0,0,0
11.7694,0.75,0.75,0.75,0.75,0,0,0,0
11.7797,0.75,0.75,0.75,0.75,0,0,0,0
11.7899,0.75,0.75,0.75,0.75,0,0,0,0
11.8001,0.75,0.75,0.75,0.75,0,0,0,0
11.8104,0.75,0.75,0.75,0.75,0,0,0,0
11.8206,0.75,0.75,0.75,0.75,0,0,0,0
11.8309,0.75,0.75,0.75,0.75,0,0,0,0
11.8412,0.75,0.75,0.75,0.75,0,0,0,0
11.8514,0.75,0.75,0.75,0.75,0,0,0,0
11.8617,0.75,0.75,0.75,0.75,0,0,0,0
11.8718,0.5,0.5,0.5,0.5,0,0,0,0
11.8819,0.5,0.5,0.5,0.5,0,0,0,0
11.8921,0.5,0.5,0.5,0.5,0,0,0,0
11.9024,0.5,0.5,0.5,0.5,0,0,0,0
11.9126,0.5,0.5,0.5,0.5,0,0,0,0
11.9228,0.5,0.5,0.5,0.5,0,0,0,0
11.9331,0.5,0.5,0.5,0.5,0,0,0,0
11.9432,0.5,0.5,0.5,0.5,0,0,0,0
11.9534,0.5,0.5,0.5,0.5,0,0,0,0
11.9637,0.5,0.5,0.5,0.5,0,0,0,0
11.9739,0.5,0.5,0.5,0.5,0,0,0,0
11.9842,0.5,0.5,0.5,0.5,0,0,0,0
11.9944,0.5,0.5,0.5,0.5,0,0,0,0
12.0047,0.5,0.5,0.5,0.5,0,0,0,0
12.0149,0.5,0.5,0.5,0.5,0,0,0,0
12.0252,0.5,0.5,0.5,0.5,0,0,0,0
12.0354,0.5,0.5,0.5,0.5,0,0,0,0
12.0456,0.5,0.5,0.5,0.5,0,0,0,0
12.0558,0.5,0.5,0.5,0.5,0,0,0,0
12.066,0.5,0.5,0.5,0.5,0,0,0,0
12.0761,0.5,0.5,0.5,0.5,0,0,0,0
12.0863,0.5,0.5,0.5,0.5,0,0,0,0
12.0965,0.5,0.5,0.5,0.5,0,0,0,0
12.1067,0.5,0.5,0.5,0.5,0,0,0,0
12.1167,0.5,0.5,0.5,0.5,0,0,0,0
12.1268,0.5,0.5,0.5,0.5,0,0,0,0
12.137,0.5,0.5,0.5,0.5,0,0,0,0
12.1472,0.5,0.5,0.5,0.5,0,0,0,0
12.1573,0.5,0.5,0.5,0.5,0,0,0,0
12.1675,0.5,0.5,0.5,0.5,0,0,0,0
12.1777,0.5,0.5,0.5,0.5,0,0,0,0
12.188,0.5,0.5,0.5,0.5,0,0,0,0
12.1982,0.5,0.5,0.5,0.5,0,0,0,0
12.2084,0.5,0.5,0.5,0.5,0,0,0,0
12.2185,0.5,0.5,0.5,0.5,0,0,0,0
12.2287,0.5,0.5,0.5,0.5,0,0,0,0
12.2389,0.5,0.5,0.5,0.5,0,0,0,0
12.2491,0.5,0.5,0.5,0.5,0,0,0,0
12.2592,0.5,0.5,0.5,0.5,0,0,0,0
12.2694,0.5,0.5,0.5,0.5,0,0,0,0
12.2796,0.5,0.5,0.5,0.5,0,0,0,0
12.2898,0.5,0.5,0.5,0.5,0,0,0,0
12.2999,0.5,0.5,0.5,0.5,0,0,0,0
12.3101,0.5,0.5,0.5,0.5,0,0,0,0
12.3202,0.5,0.5,0.5,0.5,0,0,0,0
12.3304,0.5,0.5,0.5,0.5,0,0,0,0
12.3407,0.5,0.5,0.5,0.5,0,0,0,0
12.3509,0.5,0.5,0.5,0.5,0,0,0,0
12.3611,0.5,0.5,0.5,0.5,0,0,0,0
12.3713,0.5,0.5,0.5,0.5,0,0,0,0
12.3815,0.5,0.5,0.5,0.5,0,0,0,0
12.3918,0.5,0.5,0.5,0.5,0,0,0,0
12.402,0.5,0.5,0.5,0.5,0,0,0,0
12.4122,0.5,0.5,0.5,0.5,0,0,0,0
12.4224,0.5,0.5,0.5,0.5,0,0,0,0
12.4326,0.5,0.5,0.5,0.5,0,0,0,0
12.4429,0.5,0.5,0.5,0.5,0,0,0,0
12.4531,0.5,0.5,0.5,0.5,0,0,0,0
12.4632,0.5,0.5,0.5,0.5,0,0,0,0
12.4734,0.5,0.5,0.5,0.5,0,0,0,0
12.4836,0.5,0.5,0.5,0.5,0,0,0,0
12.4939,0.5,0.5,0.5,0.5,0,0,0,0
12.5041,0.5,0.5,0.5,0.5,0,0,0,0
12.5143,0.5,0.5,0.5,0.5,0,0,0,0
12.5245,0.5,0.5,0.5,0.5,0,0,0,0
12.5347,0.5,0.5,0.5,0.5,0,0,0,0
12.545,0.5,0.5,0.5,0.5,0,0,0,0
12.5552,0.5,0.5,0.5,0.5,0,0,0,0
12.5654,0.5,0.5,0.5,0.5,0,0,0,0
12.5756,0.5,0.5,0.5,0.5,0,0,0,0
12.586,0.5,0.5,0.5,0.5,0,0,0,0
12.5962,0.5,0.5,0.5,0.5,0,0,0,0
12.6064,0.5,0.5,0.5,0.5,0,0,0,0
12.6166,0.5,0.5,0.5,0.5,0,0,0,0
12.6268,0.5,0.5,0.5,0.5,0,0,0,0
12.6371,0.5,0.5,0.5,0.5,0,0,0,0
12.6473,0.5,0.5,0.5,0.5,0,0,0,0
12.6575,0.5,0.5,0.5,0.5,0,0,0,0
12.6677,0.5,0.5,0.5,0.5,0,0,0,0
12.678,0.5,0.5,0.5,0.5,0,0,0,0
12.6882,0.5,0.5,0.5,0.5,0,0,0,0
12.6984,0.5,0.5,0.5,0.5,0,0,0,0
12.7086,0.5,0.5,0.5,0.5,0,0,0,0
12.7189,0.5,0.5,0.5,0.5,0,0,0,0
12.7291,0.5,0.5,0.5,0.5,0,0,0,0
12.7393,0.5,0.5,0.5,0.5,0,0,0,0
12.7495,0.5,0.5,0.5,0.5,0,0,0,0
12.7598,0.5,0.5,0.5,0.5,0,0,0,0
12.77,0.5,0.5,0.5,0.5,0,0,0,0
12.7802,0.5,0.5,0.5,0.5,0,0,0,0
12.7904,0.5,0.5,0.5,0.5,0,0,0,0
12.8006,0.5,0.5,0.5,0.5,0,0,0,0
12.8109,0.5,0.5,0.5,0.5,0,0,0,0
12.8211,0.5,0.5,0.5,0.5,0,0,0,0
12.8313,0.5,0.5,0.5,0.5,0,0,0,0
12.8415,0.5,0.5,0.5,0.5,0,0,0,0
12.8518,0.5,0.5,0.5,0.5,0,0,0,0
12.862,0.5,0.5,0.5,0.5,0,0,0,0
12.8722,0.5,0.5,0.5,0.5,0,0,0,0
12.8824,0.5,0.5,0.5,0.5,0,0,0,0
12.8926,0.5,0.5,0.5,0.5,0,0,0,0
12.9027,0.5,0.5,0.5,0.5,0,0,0,0
12.9128,0.5,0.5,0.5,0.5,0,0,0,0
12.923,0.5,0.5,0.5,0.5,0,0,0,0
12.9333,0.5,0.5,0.5,0.5,0,0,0,0
12.9435,0.5,0.5,0.5,0.5,0,0,0,0
12.9537,0.5,0.5,0.5,0.5,0,0,0,0
12.9638,0.5,0.5,0.5,0.5,0,0,0,0
12.974,0.5,0.5,0.5,0.5,0,0,0,0
12.9842,0.5,0.5,0.5,0.5,0,0,0,0
12.9944,0.5,0.5,0.5,0.5,0,0,0,0
13.0045,0.5,0.5,0.5,0.5,0,0,0,0
13.0147,0.5,0.5,0.5,0.5,0,0,0,0
13.0249,0.5,0.5,0.5,0.5,0,0,0,0
13.0351,0.5,0.5,0.5,0.5,0,0,0,0
13.0452,0.5,0.5,0.5,0.5,0,0,0,0
13.0554,0.5,0.5,0.5,0.5,0,0,0,0
13.0656,0.5,0.5,0.5,0.5,0,0,0,0
13.0758,0.5,0.5,0.5,0.5,0,0,0,0
13.086,0.5,0.5,0.5,0.5,0,0,0,0
13.0961,0.5,0.5,0.5,0.5,0,0,0,0
13.1063,0.5,0.5,0.5,0.5,0,0,0,0
13.1165,0.5,0.5,0.5,0.5,0,0,0,0
13.1267,0.5,0.5,0.5,0.5,0,0,0,0
13.137,0.5,0.5,0.5,0.5,0,0,0,0
13.1472,0.5,0.5,0.5,0.5,0,0,0,0
13.1574,0.5,0.5,0.5,0.5,0,0,0,0
13.1676,0.5,0.5,0.5,0.5,0,0,0,0
13.1779,0.5,0.5,0.5,0.5,0,0,0,0
13.1881,0.5,0.5,0.5,0.5,0,0,0,0
13.1983,0.5,0.5,0.5,0.5,0,0,0,0
13.2085,0.5,0.5,0.5,0.5,0,0,0,0
13.2187,0.5,0.5,0.5,0.5,0,0,0,0
13.229,0.5,0.5,0.5,0.5,0,0,0,0
13.2392,0.5,0.5,0.5,0.5,0,0,0,0
13.2494,0.5,0.5,0.5,0.5,0,0,0,0
13.2596,0.5,0.5,0.5,0.5,0,0,0,0
13.2699,0.5,0.5,0.5,0.5,0,0,0,0
13.2801,0.5,0.5,0.5,0.5,0,0,0,0
13.2903,0.5,0.5,0.5,0.5,0,0,0,0
13.3004,0.5,0.5,0.5,0.5,0,0,0,0
13.3106,0.5,0.5,0.5,0.5,0,0,0,0
13.3208,0.5,0.5,0.5,0.5,0,0,0,0
13.3311,0.5,0.5,0.5,0.5,0,0,0,0
13.3413,0.5,0.5,0.5,0.5,0,0,0,0
13.3515,0.5,0.5,0.5,0.5,0,0,0,0
13.3618,0.5,0.5,0.5,0.5,0,0,0,0
13.372,0.5,0.5,0.5,0.5,0,0,0,0
13.3822,0.5,0.5,0.5,0.5,0,0,0,0
13.3924,0.5,0.5,0.5,0.5,0,0,0,0
13.4027,0.5,0.5,0.5,0.5,0,0,0,0
13.4129,0.5,0.5,0.5,0.5,0,0,0,0
13.4231,0.5,0.5,0.5,0.5,0,0,0,0
13.4333,0.5,0.5,0.5,0.5,0,0,0,0
13.4435,0.5,0.5,0.5,0.5,0,0,0,0
13.4538,0.5,0.5,0.5,0.5,0,0,0,0
13.464,0.5,0.5,0.5,0.5,0,0,0,0
13.4743,0.5,0.5,0.5,0.5,0,0,0,0
13.4845,0.5,0.5,0.5,0.5,0,0,0,0
13.4947,0.5,0.5,0.5,0.5,0,0,0,0
13.5049,0.5,0.5,0.5,0.5,0,0,0,0
13.5151,0.5,0.5,0.5,0.5,0,0,0,0
13.5254,0.5,0.5,0.5,0.5,0,0,0,0
13.5356,0.25,0.75,0.75,0.25,0,0,0,0
13.5457,0.25,0.75,0.75,0.25,0,0,0,0
13.5559,0.25,0.75,0.75,0.25,0,0,0,0
13.5662,0.25,0.75,0.75,0.25,0,0,0,0
13.5764,0.25,0.75,0.75,0.25,0,0,0,0
13.5866,0.25,0.75,0.75,0.25,0,0,0,0
13.5968,0.25,0.75,0.75,0.25,0,0,0,0
13.607,0.25,0.75,0.75,0.25,0,0,0,0
13.6173,0.25,0.75,0.75,0.25,0,0,0,0
13.6275,0.25,0.75,0.75,0.25,0,0,0,0
13.6377,0.25,0.75,0.75,0.25,0,0,0,0
13.6479,0.25,0.75,0.75,0.25,0,0,0,0
13.6582,0.25,0.75,0.75,0.25,0,0,0,0
13.6684,0.25,0.75,0.75,0.25,0,0,0,0
13.6786,0.25,0.75,0.75,0.25,0,0,0,0
13.6888,0.25,0.75,0.75,0.25,0,0,0,0
13.699,0.25,0.75,0.75,0.25,0,0,0,0
13.7093,0.25,0.75,0.75,0.25,0,0,0,0
13.7195,0.25,0.75,0.75,0.25,0,0,0,0
13.7297,0.25,0.75,0.75,0.25,0,0,0,0
13.7399,0.25,0.75,0.75,0.25,0,0,0,0
13.7502,0.25,0.75,0.75,0.25,0,0,0,0
13.7604,0.25,0.75,0.75,0.25,0,0,0,0
13.7706,0.25,0.75,0.75,0.25,0,0,0,0
13.7809,0.25,0.75,0.75,0.25,0,0,0,0
13.7911,0.25,0.75,0.75,0.25,0,0,0,0
13.8013,0.25,0.75,0.75,0.25,0,0,0,0
13.8115,0.25,0.75,0.75,0.25,0,0,0,0
13.8217,0.25,0.75,0.75,0.25,0,0,0,0
13.832,0.25,0.75,0.75,0.25,0,0,0,0
13.8422,0.25,0.75,0.75,0.25,0,0,0,0
13.8524,0.25,0.75,0.75,0.25,0,0,0,0
13.8627,0.25,0.75,0.75,0.25,0,0,0,0
13.8729,0.25,0.75,0.75,0.25,0,0,0,0
13.8831,0.25,0.75,0.75,0.25,0,0,0,0
13.8933,0.25,0.75,0.75,0.25,0,0,0,0
13.9035,0.25,0.75,0.75,0.25,0,0,0,0
13.9138,0.25,0.75,0.75,0.25,0,0,0,0
13.924,0.25,0.75,0.75,0.25,0,0,0,0
13.9342,0.25,0.75,0.75,0.25,0,0,0,0
13.9444,0.25,0.75,0.75,0.25,0,0,0,0
13.9546,0.25,0.75,0.75,0.25,0,0,0,0
13.9648,0.25,0.75,0.75,0.25,0,0,0,0
13.9749,0.25,0.75,0.75,0.25,0,0,0,0
13.9852,0.25,0.75,0.75,0.25,0,0,0,0
13.9954,0.25,0.75,0.75,0.25,0,0,0,0
14.0056,0.25,0.75,0.75,0.25,0,0,0,0
14.0159,0.25,0.75,0.75,0.25,0,0,0,0
14.0262,0.25,0.75,0.75,0.25,0,0,0,0
14.0364,0.25,0.75,0.75,0.25,0,0,0,0
14.0466,0.25,0.75,0.75,0.25,0,0,0,0
14.0568,0.25,0.75,0.75,0.25,0,0,0,0
14.067,0.25,0.75,0.75,0.25,0,0,0,0
14.0773,0.25,0.75,0.75,0.25,0,0,0,0
14.0875,0.25,0.75,0.75,0.25,0,0,0,0
14.0977,0.25,0.75,0.75,0.25,0,0,0,0
14.1079,0.25,0.75,0.75,0.25,0,0,0,0
14.1181,0.25,0.75,0.75,0.25,0,0,0,0
14.1284,0.25,0.75,0.75,0.25,0,0,0,0
14.1386,0.25,0.75,0.75,0.25,0,0,0,0
14.1488,0.25,0.75,0.75,0.25,0,0,0,0
14.1591,0.25,0.75,0.75,0.25,0,0,0,0
14.1693,0.25,0.75,0.75,0.25,0,0,0,0
14.1795,0.25,0.75,0.75,0.25,0,0,0,0
14.1897,0.25,0.75,0.75,0.25,0,0,0,0
14.1999,0.25,0.75,0.75,0.25,0,0,0,0
14.21,0.25,0.75,0.75,0.25,0,0,0,0
14.2202,0.25,0.75,0.75,0.25,0,0,0,0
14.2303,0.25,0.75,0.75,0.25,0,0,0,0
14.2405,0.25,0.75,0.75,0.25,0,0,0,0
14.2506,0.25,0.75,0.75,0.25,0,0,0,0
14.2608,0.25,0.75,0.75,0.25,0,0,0,0
14.2709,0.25,0.75,0.75,0.25,0,0,0,0
14.281,0.25,0.75,0.75,0.25,0,0,0,0
14.2912,0.25,0.75,0.75,0.25,0,0,0,0
14.3013,0.25,0.75,0.75,0.25,0,0,0,0
14.3114,0,0.5,0.5,0,0,0,0,0
14.3216,0,0.5,0.5,0,0,0,0,0
14.3319,0,0.5,0.5,0,0,0,0,0
14.3419,0,0.5,0.5,0,0,0,0,0
14.352,0,0.5,0.5,0,0,0,0,0
14.3622,0,0.5,0.5,0,0,0,0,0
14.3724,0,0.5,0.5,0,0,0,0,0
14.3826,0,0.5,0.5,0,0,0,0,0
14.3927,0,0.5,0.5,0,0,0,0,0
14.4029,0,0.5,0.5,0,0,0,0,0
14.4131,0,0.5,0.5,0,0,0,0,0
14.4234,0,0.5,0.5,0,0,0,0,0
14.4336,0,0.5,0.5,0,0,0,0,0
14.4438,0,0.5,0.5,0,0,0,0,0
14.454,0,0.5,0.5,0,0,0,0,0
14.4642,0,0.5,0.5,0,0,0,0,0
14.4744,0,0.5,0.5,0,0,0,0,0
14.4846,0,0.5,0.5,0,0,0,0,0
14.4949,0,0.5,0.5,0,0,0,0,0
14.5051,0,0.5,0.5,0,0,0,0,0
14.5153,0,0.5,0.5,0,0,0,0,0
14.5256,0,0.5,0.5,0,0,0,0,0
14.536,0,0.5,0.5,0,0,0,0,0
14.5463,0,0.5,0.5,0,0,0,0,0
14.5564,0,0.5,0.5,0,0,0,0,0
14.5665,0,0.5,0.5,0,0,0,0,0
14.5768,0,0.5,0.5,0,0,0,0,0
14.5871,0,0.5,0.5,0,0,0,0,0
14.5973,0,0.5,0.5,0,0,0,0,0
14.6075,0,0.5,0.5,0,0,0,0,0
14.6178,0,0.5,0.5,0,0,0,0,0
14.628,0,0.5,0.5,0,0,0,0,0
14.6383,0,0.5,0.5,0,0,0,0,0
14.6485,0,0.5,0.5,0,0,0,0,0
14.6587,0,0.5,0.5,0,0,0,0,0
14.669,0,0.5,0.5,0,0,0,0,0
14.6793,0,0.5,0.5,0,0,0,0,0
14.6895,0,0.5,0.5,0,0,0,0,0
14.6998,0,0.5,0.5,0,0,0,0,0
14.7101,0,0.5,0.5,0,0,0,0,0
14.7203,0,0.5,0.5,0,0,0,0,0
14.7306,0,0.5,0.5,0,0,0,0,0
14.7409,0,0.5,0.5,0,0,0,0,0
14.7511,0,0.5,0.5,0,0,0,0,0
14.7614,0,0.5,0.5,0,0,0,0,0
14.7717,0,0.5,0.5,0,0,0,0,0
14.7819,0,0.5,0.5,0,0,0,0,0
14.7922,0,0.5,0.5,0,0,0,0,0
14.8025,0,0.5,0.5,0,0,0,0,0
14.8128,0,0.5,0.5,0,0,0,0,0
14.823,0,0.5,0.5,0,0,0,0,0
14.8332,0,0.5,0.5,0,0,0,0,0
14.8435,0,0.5,0.5,0,0,0,0,0
14.8538,0,0.5,0.5,0,0,0,0,0
14.864,0,0.5,0.5,0,0,0,0,0
14.8742,0,0.5,0.5,0,0,0,0,0
14.8844,0,0.5,0.5,0,0,0,0,0
14.8947,0,0.5,0.5,0,0,0,0,0
14.905,0,0.5,0.5,0,0,0,0,0
14.9153,-0.25,0.25,0.25,-0.25,0,0,0,0
14.9255,-0.25,0.25,0.25,-0.25,0,0,0,0
14.9358,-0.25,0.25,0.25,-0.25,0,0,0,0
14.9461,-0.25,0.25,0.25,-0.25,0,0,0,0
14.9564,-0.25,0.25,0.25,-0.25,0,0,0,0
14.9666,-0.25,0.25,0.25,-0.25,0,0,0,0
14.9769,-0.25,0.25,0.25,-0.25,0,0,0,0
14.9871,-0.25,0.25,0.25,-0.25,0,0,0,0
14.9973,-0.25,0.25,0.25,-0.25,0,0,0,0
15.0076,-0.25,0.25,0.25,-0.25,0,0,0,0
15.0179,-0.25,0.25,0.25,-0.25,0,0,0,0
15.0281,-0.25,0.25,0.25,-0.25,0,0,0,0
15.0384,-0.25,0.25,0.25,-0.25,0,0,0,0
15.0487,-0.25,0.25,0.25,-0.25,0,0,0,0
15.0589,-0.25,0.25,0.25,-0.25,0,0,0,0
15.0692,-0.25,0.25,0.25,-0.25,0,0,0,0
15.0795,-0.25,0.25,0.25,-0.25,0,0,0,0
15.0897,-0.25,0.25,0.25,-0.25,0,0,0,0
15.0999,-0.25,0.25,0.25,-0.25,0,0,0,0
15.1102,-0.25,0.25,0.25,-0.25,0,0,0,0
15.1203,-0.25,0.25,0.25,-0.25,0,0,0,0
15.1304,-0.25,0.25,0.25,-0.25,0,0,0,0
15.1405,-0.25,0.25,0.25,-0.25,0,0,0,0
15.1508,-0.25,0.25,0.25,-0.25,0,0,0,0
15.1611,-0.25,0.25,0.25,-0.25,0,0,0,0
15.1713,-0.25,0.25,0.25,-0.25,0,0,0,0
15.1816,-0.25,0.25,0.25,-0.25,0,0,0,0
15.1918,-0.25,0.25,0.25,-0.25,0,0,0,0
15.2021,-0.25,0.25,0.25,-0.25,0,0,0,0
15.2124,-0.25,0.25,0.25,-0.25,0,0,0,0
15.2227,-0.25,0.25,0.25,-0.25,0,0,0,0
15.2329,-0.25,0.25,0.25,-0.25,0,0,0,0
15.2432,-0.25,0.25,0.25,-0.25,0,0,0,0
15.2535,-0.25,0.25,0.25,-0.25,0,0,0,0
15.2638,-0.25,0.25,0.25,-0.25,0,0,0,0
15.274,-0.25,0.25,0.25,-0.25,0,0,0,0
15.2843,-0.25,0.25,0.25,-0.25,0,0,0,0
15.2945,-0.25,0.25,0.25,-0.25,0,0,0,0
15.3047,-0.25,0.25,0.25,-0.25,0,0,0,0
15.315,-0.25,0.25,0.25,-0.25,0,0,0,0
15.3253,-0.25,0.25,0.25,-0.25,0,0,0,0
15.3355,-0.25,0.25,0.25,-0.25,0,0,0,0
15.3458,-0.25,0.25,0.25,-0.25,0,0,0,0
15.356,-0.25,0.25,0.25,-0.25,0,0,0,0
15.3663,-0.25,0.25,0.25,-0.25,0,0,0,0
15.3765,-0.25,0.25,0.25,-0.25,0,0,0,0
15.3867,-0.25,0.25,0.25,-0.25,0,0,0,0
15.3968,-0.25,0.25,0.25,-0.25,0,0,0,0
15.4069,-0.25,0.25,0.25,-0.25,0,0,0,0
15.4171,-0.25,0.25,0.25,-0.25,0,0,0,0
15.4273,-0.25,0.25,0.25,-0.25,0,0,0,0
15.4375,-0.25,0.25,0.25,-0.25,0,0,0,0
15.4477,-0.25,0.25,0.25,-0.25,0,0,0,0
15.4579,-0.25,0.25,0.25,-0.25,0,0,0,0
15.4681,-0.25,0.25,0.25,-0.25,0,0,0,0
15.4783,-0.25,0.25,0.25,-0.25,0,0,0,0
15.4885,-0.25,0.25,0.25,-0.25,0,0,0,0
15.4988,-0.25,0.25,0.25,-0.25,0,0,0,0
15.509,-0.25,0.25,0.25,-0.25,0,0,0,0
15.5192,-0.25,0.25,0.25,-0.25,0,0,0,0
15.5294,-0.25,0.25,0.25,-0.25,0,0,0,0
15.5397,-0.25,0.25,0.25,-0.25,0,0,0,0
15.5499,-0.25,0.25,0.25,-0.25,0,0,0,0
15.5601,-0.25,0.25,0.25,-0.25,0,0,0,0
15.5704,-0.25,0.25,0.25,-0.25,0,0,0,0
15.5807,-0.25,0.25,0.25,-0.25,0,0,0,0
15.5909,-0.25,0.25,0.25,-0.25,0,0,0,0
15.6011,-0.25,0.25,0.25,-0.25,0,0,0,0
15.6114,-0.25,0.25,0.25,-0.25,0,0,0,0
15.6217,-0.25,0.25,0.25,-0.25,0,0,0,0
15.6319,-0.25,0.25,0.25,-0.25,0,0,0,0
15.6422,-0.25,0.25,0.25,-0.25,0,0,0,0
15.6525,-0.25,0.25,0.25,-0.25,0,0,0,0
15.6627,-0.25,0.25,0.25,-0.25,0,0,0,0
15.6728,-0.25,0.25,0.25,-0.25,0,0,0,0
15.6831,-0.25,0.25,0.25,-0.25,0,0,0,0
15.6934,-0.25,0.25,0.25,-0.25,0,0,0,0
15.7036,-0.25,0.25,0.25,-0.25,0,0,0,0
15.7138,-0.25,0.25,0.25,-0.25,0,0,0,0
15.724,-0.25,0.25,0.25,-0.25,0,0,0,0
15.7343,-0.25,0.25,0.25,-0.25,0,0,0,0
15.7447,-0.25,0.25,0.25,-0.25,0,0,0,0
15.7549,-0.25,0.25,0.25,-0.25,0,0,0,0
15.7651,-0.25,0.25,0.25,-0.25,0,0,0,0
15.7754,-0.25,0.25,0.25,-0.25,0,0,0,0
15.7856,-0.25,0.25,0.25,-0.25,0,0,0,0
15.7958,-0.25,0.25,0.25,-0.25,0,0,0,0
15.806,-0.25,0.25,0.25,-0.25,0,0,0,0
15.8163,-0.25,0.25,0.25,-0.25,0,0,0,0
15.8265,-0.25,0.25,0.25,-0.25,0,0,0,0
15.8367,-0.25,0.25,0.25,-0.25,0,0,0,0
15.8469,-0.25,0.25,0.25,-0.25,0,0,0,0
15.8571,-0.25,0.25,0.25,-0.25,0,0,0,0
15.8674,-0.25,0.25,0.25,-0.25,0,0,0,0
15.8776,-0.25,0.25,0.25,-0.25,0,0,0,0
15.8878,-0.25,0.25,0.25,-0.25,0,0,0,0
15.898,-0.25,0.25,0.25,-0.25,0,0,0,0
15.9082,-0.25,0.25,0.25,-0.25,0,0,0,0
15.9185,-0.25,0.25,0.25,-0.25,0,0,0,0
15.9286,-0.25,0.25,0.25,-0.25,0,0,0,0
15.9387,-0.25,0.25,0.25,-0.25,0,0,0,0
15.9488,-0.25,0.25,0.25,-0.25,0,0,0,0
15.9589,-0.25,0.25,0.25,-0.25,0,0,0,0
15.9691,-0.25,0.25,0.25,-0.25,0,0,0,0
15.9792,-0.25,0.25,0.25,-0.25,0,0,0,0
15.9894,-0.25,0.25,0.25,-0.25,0,0,0,0
15.9996,-0.25,0.25,0.25,-0.25,0,0,0,0
16.0098,-0.25,0.25,0.25,-0.25,0,0,0,0
16.0199,-0.25,0.25,0.25,-0.25,0,0,0,0
16.0301,-0.25,0.25,0.25,-0.25,0,0,0,0
16.0403,-0.25,0.25,0.25,-0.25,0,0,0,0
16.0505,-0.25,0.25,0.25,-0.25,0,0,0,0
16.0606,-0.25,0.25,0.25,-0.25,0,0,0,0
16.0708,-0.25,0.25,0.25,-0.25,0,0,0,0
16.081,-0.25,0.25,0.25,-0.25,0,0,0,0
16.0912,-0.25,0.25,0.25,-0.25,0,0,0,0
16.1013,-0.25,0.25,0.25,-0.25,0,0,0,0
16.1115,-0.25,0.25,0.25,-0.25,0,0,0,0
16.1217,-0.25,0.25,0.25,-0.25,0,0,0,0
16.1319,-0.25,0.25,0.25,-0.25,0,0,0,0
16.142,-0.25,0.25,0.25,-0.25,0,0,0,0
16.1522,-0.25,0.25,0.25,-0.25,0,0,0,0
16.1624,-0.25,0.25,0.25,-0.25,0,0,0,0
16.1726,-0.25,0.25,0.25,-0.25,0,0,0,0
16.1828,-0.25,0.25,0.25,-0.25,0,0,0,0
16.1929,-0.25,0.25,0.25,-0.25,0,0,0,0
16.2032,-0.25,0.25,0.25,-0.25,0,0,0,0
16.2135,-0.25,0.25,0.25,-0.25,0,0,0,0
16.2237,-0.25,0.25,0.25,-0.25,0,0,0,0
16.2339,-0.25,0.25,0.25,-0.25,0,0,0,0
16.2441,-0.25,0.25,0.25,-0.25,0,0,0,0
16.2543,-0.25,0.25,0.25,-0.25,0,0,0,0
16.2646,-0.25,0.25,0.25,-0.25,0,0,0,0
16.2748,-0.25,0.25,0.25,-0.25,0,0,0,0
16.285,-0.25,0.25,0.25,-0.25,0,0,0,0
16.2952,-0.25,0.25,0.25,-0.25,0,0,0,0
16.3055,-0.25,0.25,0.25,-0.25,0,0,0,0
16.3157,-0.25,0.25,0.25,-0.25,0,0,0,0
16.3259,-0.25,0.25,0.25,-0.25,0,0,0,0
16.3362,-0.25,0.25,0.25,-0.25,0,0,0,0
16.3464,-0.25,0.25,0.25,-0.25,0,0,0,0
16.3566,-0.25,0.25,0.25,-0.25,0,0,0,0
16.3668,-0.25,0.25,0.25,-0.25,0,0,0,0
16.377,-0.25,0.25,0.25,-0.25,0,0,0,0
16.3873,-0.25,0.25,0.25,-0.25,0,0,0,0
16.3975,-0.25,0.25,0.25,-0.25,0,0,0,0
16.4077,-0.25,0.25,0.25,-0.25,0,0,0,0
16.418,-0.25,0.25,0.25,-0.25,0,0,0,0
16.4282,-0.25,0.25,0.25,-0.25,0,0,0,0
16.4384,-0.25,0.25,0.25,-0.25,0,0,0,0
16.4486,-0.25,0.25,0.25,-0.25,0,0,0,0
16.4589,-0.25,0.25,0.25,-0.25,0,0,0,0
16.4691,-0.25,0.25,0.25,-0.25,0,0,0,0
16.4793,-0.25,0.25,0.25,-0.25,0,0,0,0
16.4896,-0.25,0.25,0.25,-0.25,0,0,0,0
16.4997,-0.25,0.25,0.25,-0.25,0,0,0,0
16.5099,-0.25,0.25,0.25,-0.25,0,0,0,0
16.5201,-0.25,0.25,0.25,-0.25,0,0,0,0
16.5303,-0.25,0.25,0.25,-0.25,0,0,0,0
16.5405,-0.25,0.25,0.25,-0.25,0,0,0,0
16.5508,-0.25,0.25,0.25,-0.25,0,0,0,0
16.561,-0.25,0.25,0.25,-0.25,0,0,0,0
16.5712,-0.25,0.25,0.25,-0.25,0,0,0,0
16.5814,-0.25,0.25,0.25,-0.25,0,0,0,0
16.5917,-0.25,0.25,0.25,-0.25,0,0,0,0
16.6019,-0.25,0.25,0.25,-0.25,0,0,0,0
16.6121,-0.25,0.25,0.25,-0.25,0,0,0,0
16.6224,-0.25,0.25,0.25,-0.25,0,0,0,0
16.6326,-0.25,0.25,0.25,-0.25,0,0,0,0
16.6427,-0.25,0.25,0.25,-0.25,0,0,0,0
16.6529,-0.25,0.25,0.25,-0.25,0,0,0,0
16.6631,-0.25,0.25,0.25,-0.25,0,0,0,0
16.6734,-0.25,0.25,0.25,-0.25,0,0,0,0
16.6836,-0.25,0.25,0.25,-0.25,0,0,0,0
16.6938,-0.25,0.25,0.25,-0.25,0,0,0,0
16.704,-0.25,0.25,0.25,-0.25,0,0,0,0
16.7142,-0.25,0.25,0.25,-0.25,0,0,0,0
16.7245,-0.25,0.25,0.25,-0.25,0,0,0,0
16.7347,-0.25,0.25,0.25,-0.25,0,0,0,0
16.7449,-0.25,0.25,0.25,-0.25,0,0,0,0
16.7551,-0.25,0.25,0.25,-0.25,0,0,0,0
16.7653,0,0.5,0.5,0,0,0,0,0
16.7754,0,0.5,0.5,0,0,0,0,0
16.7856,0,0.5,0.5,0,0,0,0,0
16.7957,0,0.5,0.5,0,0,0,0,0
16.8059,0,0.5,0.5,0,0,0,0,0
16.8161,0,0.5,0.5,0,0,0,0,0
16.8264,0,0.5,0.5,0,0,0,0,0
16.8364,0,0.5,0.5,0,0,0,0,0
16.8466,0,0.5,0.5,0,0,0,0,0
16.8567,0,0.5,0.5,0,0,0,0,0
16.8668,0,0.5,0.5,0,0,0,0,0
16.8769,0,0.5,0.5,0,0,0,0,0
16.8871,0,0.5,0.5,0,0,0,0,0
16.8973,0,0.5,0.5,0,0,0,0,0
16.9074,0,0.5,0.5,0,0,0,0,0
16.9175,0,0.5,0.5,0,0,0,0,0
16.9277,0,0.5,0.5,0,0,0,0,0
16.9379,0,0.5,0.5,0,0,0,0,0
16.9481,0,0.5,0.5,0,0,0,0,0
16.9583,0,0.5,0.5,0,0,0,0,0
16.9685,0,0.5,0.5,0,0,0,0,0
16.9787,0,0.5,0.5,0,0,0,0,0
16.9889,0,0.5,0.5,0,0,0,0,0
16.9991,0,0.5,0.5,0,0,0,0,0
17.0092,0,0.5,0.5,0,0,0,0,0
17.0193,0,0.5,0.5,0,0,0,0,0
17.0294,0,0.5,0.5,0,0,0,0,0
17.0395,0,0.5,0.5,0,0,0,0,0
17.0496,0,0.5,0.5,0,0,0,0,0
17.0597,0,0.5,0.5,0,0,0,0,0
17.0699,0,0.5,0.5,0,0,0,0,0
17.0799,0,0.5,0.5,0,0,0,0,0
17.0901,0,0.5,0.5,0,0,0,0,0
17.1002,0,0.5,0.5,0,0,0,0,0
17.1104,0,0.5,0.5,0,0,0,0,0
17.1206,0,0.5,0.5,0,0,0,0,0
17.1307,0,0.5,0.5,0,0,0,0,0
17.1409,0,0.5,0.5,0,0,0,0,0
17.1511,0,0.5,0.5,0,0,0,0,0
17.1613,0,0.5,0.5,0,0,0,0,0
17.1715,0,0.5,0.5,0,0,0,0,0
17.1817,0,0.5,0.5,0,0,0,0,0
17.1919,0,0.5,0.5,0,0,0,0,0
17.2021,0,0.5,0.5,0,0,0,0,0
17.2123,0,0.5,0.5,0,0,0,0,0
17.2227,0,0.5,0.5,0,0,0,0,0
17.2328,0,0.5,0.5,0,0,0,0,0
17.2431,0,0.5,0.5,0,0,0,0,0
17.2533,0,0.5,0.5,0,0,0,0,0
17.2635,0,0.5,0.5,0,0,0,0,0
17.2738,0,0.5,0.5,0,0,0,0,0
17.284,0,0.5,0.5,0,0,0,0,0
17.2943,0,0.5,0.5,0,0,0,0,0
17.3045,0,0.5,0.5,0,0,0,0,0
17.3147,0,0.5,0.5,0,0,0,0,0
17.325,0,0.5,0.5,0,0,0,0,0
17.3353,0,0.5,0.5,0,0,0,0,0
17.3455,0,0.5,0.5,0,0,0,0,0
17.3557,0,0.5,0.5,0,0,0,0,0
17.366,0,0.5,0.5,0,0,0,0,0
17.3763,0,0.5,0.5,0,0,0,0,0
17.3865,0,0.5,0.5,0,0,0,0,0
17.3968,0,0.5,0.5,0,0,0,0,0
17.4071,0,0.5,0.5,0,0,0,0,0
17.4173,0,0.5,0.5,0,0,0,0,0
17.4275,0,0.5,0.5,0,0,0,0,0
17.4378,0,0.5,0.5,0,0,0,0,0
17.4481,0,0.5,0.5,0,0,0,0,0
17.4583,0,0.5,0.5,0,0,0,0,0
17.4685,0,0.5,0.5,0,0,0,0,0
17.4788,0,0.5,0.5,0,0,0,0,0
17.4891,0,0.5,0.5,0,0,0,0,0
17.4992,0,0.5,0.5,0,0,0,0,0
17.5094,0,0.5,0.5,0,0,0,0,0
17.5196,0,0.5,0.5,0,0,0,0,0
17.5298,0,0.5,0.5,0,0,0,0,0
17.5399,0,0.5,0.5,0,0,0,0,0
17.5501,0,0.5,0.5,0,0,0,0,0
17.5603,0,0.5,0.5,0,0,0,0,0
17.5705,0,0.5,0.5,0,0,0,0,0
17.5807,0,0.5,0.5,0,0,0,0,0
17.5909,0,0.5,0.5,0,0,0,0,0
17.6011,0,0.5,0.5,0,0,0,0,0
17.6112,0,0.5,0.5,0,0,0,0,0
17.6214,0,0.5,0.5,0,0,0,0,0
17.6316,0,0.5,0.5,0,0,0,0,0
17.6418,0,0.5,0.5,0,0,0,0,0
17.652,0,0.5,0.5,0,0,0,0,0
17.6622,0,0.5,0.5,0,0,0,0,0
17.6724,0,0.5,0.5,0,0,0,0,0
17.6826,0,0.5,0.5,0,0,0,0,0
17.6928,0,0.5,0.5,0,0,0,0,0
17.703,0,0.5,0.5,0,0,0,0,0
17.7132,0,0.5,0.5,0,0,0,0,0
17.7234,0,0.5,0.5,0,0,0,0,0
17.7336,0,0.5,0.5,0,0,0,0,0
17.7438,0,0.5,0.5,0,0,0,0,0
17.754,0,0.5,0.5,0,0,0,0,0
17.7642,0,0.5,0.5,0,0,0,0,0
17.7744,0,0.5,0.5,0,0,0,0,0
17.7846,0,0.5,0.5,0,0,0,0,0
17.7947,0,0.5,0.5,0,0,0,0,0
17.8049,0,0.5,0.5,0,0,0,0,0
17.815,0,0.5,0.5,0,0,0,0,0
17.8252,0,0.5,0.5,0,0,0,0,0
17.8354,0,0.5,0.5,0,0,0,0,0
17.8455,0,0.5,0.5,0,0,0,0,0
17.8556,0,0.5,0.5,0,0,0,0,0
17.8659,0,0.5,0.5,0,0,0,0,0
17.8761,0,0.5,0.5,0,0,0,0,0
17.8863,0,0.5,0.5,0,0,0,0,0
17.8964,0,0.5,0.5,0,0,0,0,0
17.9065,-0.25,0.75,0.75,-0.25,0,0,0,0
17.9165,-0.25,0.75,0.75,-0.25,0,0,0,0
17.9266,-0.25,0.75,0.75,-0.25,0,0,0,0
17.9368,-0.25,0.75,0.75,-0.25,0,0,0,0
17.947,-0.25,0.75,0.75,-0.25,0,0,0,0
17.9571,-0.25,0.75,0.75,-0.25,0,0,0,0
17.9673,-0.25,0.75,0.75,-0.25,0,0,0,0
17.9775,-0.25,0.75,0.75,-0.25,0,0,0,0
17.9877,-0.25,0.75,0.75,-0.25,0,0,0,0
17.9979,-0.25,0.75,0.75,-0.25,0,0,0,0
18.0081,-0.25,0.75,0.75,-0.25,0,0,0,0
18.0183,-0.25,0.75,0.75,-0.25,0,0,0,0
18.0285,-0.25,0.75,0.75,-0.25,0,0,0,0
18.0387,-0.25,0.75,0.75,-0.25,0,0,0,0
18.0489,-0.25,0.75,0.75,-0.25,0,0,0,0
18.0592,-0.25,0.75,0.75,-0.25,0,0,0,0
18.0694,-0.25,0.75,0.75,-0.25,0,0,0,0
18.0797,-0.25,0.75,0.75,-0.25,0,0,0,0
18.09,-0.25,0.75,0.75,-0.25,0,0,0,0
18.1003,-0.25,0.75,0.75,-0.25,0,0,0,0
18.1105,-0.25,0.75,0.75,-0.25,0,0,0,0
18.1208,-0.25,0.75,0.75,-0.25,0,0,0,0
18.131,-0.25,0.75,0.75,-0.25,0,0,0,0
18.1413,-0.25,0.75,0.75,-0.25,0,0,0,0
18.1516,-0.25,0.75,0.75,-0.25,0,0,0,0
18.1618,-0.25,0.75,0.75,-0.25,0,0,0,0
18.1721,-0.25,0.75,0.75,-0.25,0,0,0,0
18.1823,-0.25,0.75,0.75,-0.25,0,0,0,0
18.1925,0,0.5,0.5,0,0,0,0,0
18.2027,0,0.5,0.5,0,0,0,0,0
18.2129,0,0.5,0.5,0,0,0,0,0
18.2232,0,0.5,0.5,0,0,0,0,0
18.2334,0,0.5,0.5,0,0,0,0,0
18.2436,0,0.5,0.5,0,0,0,0,0
18.2538,0,0.5,0.5,0,0,0,0,0
18.264,0,0.5,0.5,0,0,0,0,0
18.2742,0,0.5,0.5,0,0,0,0,0
18.2843,0,0.5,0.5,0,0,0,0,0
18.2945,0,0.5,0.5,0,0,0,0,0
18.3048,0,0.5,0.5,0,0,0,0,0
18.315,0,0.5,0.5,0,0,0,0,0
18.3252,0,0.5,0.5,0,0,0,0,0
18.3354,0,0.5,0.5,0,0,0,0,0
18.3456,0,0.5,0.5,0,0,0,0,0
18.3559,0,0.5,0.5,0,0,0,0,0
18.3661,0,0.5,0.5,0,0,0,0,0
18.3763,0,0.5,0.5,0,0,0,0,0
18.3865,0,0.5,0.5,0,0,0,0,0
18.3967,0,0.5,0.5,0,0,0,0,0
18.407,0,0.5,0.5,0,0,0,0,0
18.4172,0,0.5,0.5,0,0,0,0,0
18.4274,0,0.5,0.5,0,0,0,0,0
18.4376,0,0.5,0.5,0,0,0,0,0
18.4478,0,0.5,0.5,0,0,0,0,0
18.4581,0,0.5,0.5,0,0,0,0,0
18.4683,0,0.5,0.5,0,0,0,0,0
18.4785,0,0.5,0.5,0,0,0,0,0
18.4888,0,0.5,0.5,0,0,0,0,0
18.499,0,0.5,0.5,0,0,0,0,0
18.5093,0,0.5,0.5,0,0,0,0,0
18.5195,0.25,0.25,0.25,0.25,0,0,0,0
18.5296,0.25,0.25,0.25,0.25,0,0,0,0
18.5397,0.25,0.25,0.25,0.25,0,0,0,0
18.5498,0.25,0.25,0.25,0.25,0,0,0,0
18.5599,0.25,0.25,0.25,0.25,0,0,0,0
18.5701,0.25,0.25,0.25,0.25,0,0,0,0
18.5803,0.25,0.25,0.25,0.25,0,0,0,0
18.5906,0.25,0.25,0.25,0.25,0,0,0,0
18.6008,0.25,0.25,0.25,0.25,0,0,0,0
18.6111,0.25,0.25,0.25,0.25,0,0,0,0
18.6213,0.25,0.25,0.25,0.25,0,0,0,0
18.6315,0.25,0.25,0.25,0.25,0,0,0,0
18.6417,0.25,0.25,0.25,0.25,0,0,0,0
18.652,0.25,0.25,0.25,0.25,0,0,0,0
18.6622,0.25,0.25,0.25,0.25,0,0,0,0
18.6724,0.25,0.25,0.25,0.25,0,0,0,0
18.6827,0.25,0.25,0.25,0.25,0,0,0,0
18.6928,0.25,0.25,0.25,0.25,0,0,0,0
18.703,0.25,0.25,0.25,0.25,0,0,0,0
18.7132,0.25,0.25,0.25,0.25,0,0,0,0
18.7234,0.25,0.25,0.25,0.25,0,0,0,0
18.7335,0.25,0.25,0.25,0.25,0,0,0,0
18.7435,0.25,0.25,0.25,0.25,0,0,0,0
18.7537,0.25,0.25,0.25,0.25,0,0,0,0
18.7639,0.25,0.25,0.25,0.25,0,0,0,0
18.7741,0.25,0.25,0.25,0.25,0,0,0,0
18.7842,0.25,0.25,0.25,0.25,0,0,0,0
18.7944,0.25,0.25,0.25,0.25,0,0,0,0
18.8046,0.25,0.25,0.25,0.25,0,0,0,0
18.8148,0.25,0.25,0.25,0.25,0,0,0,0
18.8249,0.25,0.25,0.25,0.25,0,0,0,0
18.8351,0.25,0.25,0.25,0.25,0,0,0,0
18.8453,0.25,0.25,0.25,0.25,0,0,0,0
18.8554,0.25,0.25,0.25,0.25,0,0,0,0
18.8657,0.25,0.25,0.25,0.25,0,0,0,0
18.8759,0.25,0.25,0.25,0.25,0,0,0,0
18.886,0.25,0.25,0.25,0.25,0,0,0,0
18.8961,0.25,0.25,0.25,0.25,0,0,0,0
18.9063,0.25,0.25,0.25,0.25,0,0,0,0
18.9164,0.25,0.25,0.25,0.25,0,0,0,0
18.9266,0.25,0.25,0.25,0.25,0,0,0,0
18.9368,0.25,0.25,0.25,0.25,0,0,0,0
18.947,0.25,0.25,0.25,0.25,0,0,0,0
18.9571,0.25,0.25,0.25,0.25,0,0,0,0
18.9673,0.25,0.25,0.25,0.25,0,0,0,0
18.9775,0.25,0.25,0.25,0.25,0,0,0,0
18.9877,0.25,0.25,0.25,0.25,0,0,0,0
18.9978,0.25,0.25,0.25,0.25,0,0,0,0
19.008,0.25,0.25,0.25,0.25,0,0,0,0
19.0182,0.25,0.25,0.25,0.25,0,0,0,0
19.0283,0.25,0.25,0.25,0.25,0,0,0,0
19.0385,0.25,0.25,0.25,0.25,0,0,0,0
19.0487,0.25,0.25,0.25,0.25,0,0,0,0
19.0589,0.25,0.25,0.25,0.25,0,0,0,0
19.0692,0.25,0.25,0.25,0.25,0,0,0,0
19.0794,0.25,0.25,0.25,0.25,0,0,0,0
19.0897,0.25,0.25,0.25,0.25,0,0,0,0
19.0999,0.25,0.25,0.25,0.25,0,0,0,0
19.1101,0.25,0.25,0.25,0.25,0,0,0,0
19.1203,0.25,0.25,0.25,0.25,0,0,0,0
19.1306,0.25,0.25,0.25,0.25,0,0,0,0
19.1408,0.25,0.25,0.25,0.25,0,0,0,0
19.151,0.25,0.25,0.25,0.25,0,0,0,0
19.1612,0.25,0.25,0.25,0.25,0,0,0,0
19.1714,0.25,0.25,0.25,0.25,0,0,0,0
19.1817,0.25,0.25,0.25,0.25,0,0,0,0
19.1919,0.25,0.25,0.25,0.25,0,0,0,0
19.2021,0.25,0.25,0.25,0.25,0,0,0,0
19.2123,0.25,0.25,0.25,0.25,0,0,0,0
19.2226,0.25,0.25,0.25,0.25,0,0,0,0
19.2328,0.25,0.25,0.25,0.25,0,0,0,0
19.2431,0.25,0.25,0.25,0.25,0,0,0,0
19.2533,0.25,0.25,0.25,0.25,0,0,0,0
19.2635,0.25,0.25,0.25,0.25,0,0,0,0
19.2738,0.25,0.25,0.25,0.25,0,0,0,0
19.284,0.25,0.25,0.25,0.25,0,0,0,0
19.2942,0.25,0.25,0.25,0.25,0,0,0,0
19.3044,0.25,0.25,0.25,0.25,0,0,0,0
19.3147,0.25,0.25,0.25,0.25,0,0,0,0
19.3249,0.25,0.25,0.25,0.25,0,0,0,0
19.3351,0.25,0.25,0.25,0.25,0,0,0,0
19.3453,0.25,0.25,0.25,0.25,0,0,0,0
19.3555,0.25,0.25,0.25,0.25,0,0,0,0
19.3656,0.25,0.25,0.25,0.25,0,0,0,0
19.3757,0.25,0.25,0.25,0.25,0,0,0,0
19.3859,0.25,0.25,0.25,0.25,0,0,0,0
19.396,0.25,0.25,0.25,0.25,0,0,0,0
19.4061,0.25,0.25,0.25,0.25,0,0,0,0
19.4164,0.25,0.25,0.25,0.25,0,0,0,0
19.4265,0.25,0.25,0.25,0.25,0,0,0,0
19.4367,0.25,0.25,0.25,0.25,0,0,0,0
19.4468,0.25,0.25,0.25,0.25,0,0,0,0
19.457,0.25,0.25,0.25,0.25,0,0,0,0
19.4672,0.25,0.25,0.25,0.25,0,0,0,0
19.4773,0.25,0.25,0.25,0.25,0,0,0,0
19.4875,0.25,0.25,0.25,0.25,0,0,0,0
19.4976,0.25,0.25,0.25,0.25,0,0,0,0
19.5077,0.25,0.25,0.25,0.25,0,0,0,0
19.5178,0.25,0.25,0.25,0.25,0,0,0,0
19.5279,0.25,0.25,0.25,0.25,0,0,0,0
19.5381,0.25,0.25,0.25,0.25,0,0,0,0
19.5482,0.25,0.25,0.25,0.25,0,0,0,0
19.5584,0.25,0.25,0.25,0.25,0,0,0,0
19.5685,0.25,0.25,0.25,0.25,0,0,0,0
19.5786,0.25,0.25,0.25,0.25,0,0,0,0
19.5887,0.25,0.25,0.25,0.25,0,0,0,0
19.5988,0.25,0.25,0.25,0.25,0,0,0,0
19.6089,0.25,0.25,0.25,0.25,0,0,0,0
19.619,0.25,0.25,0.25,0.25,0,0,0,0
19.6291,0.25,0.25,0.25,0.25,0,0,0,0
19.6392,0.25,0.25,0.25,0.25,0,0,0,0
19.6495,0.25,0.25,0.25,0.25,0,0,0,0
19.6597,0.25,0.25,0.25,0.25,0,0,0,0
19.67,0.25,0.25,0.25,0.25,0,0,0,0
19.6802,0.25,0.25,0.25,0.25,0,0,0,0
19.6904,0.25,0.25,0.25,0.25,0,0,0,0
19.7006,0.25,0.25,0.25,0.25,0,0,0,0
19.7109,0.25,0.25,0.25,0.25,0,0,0,0
19.7211,0.25,0.25,0.25,0.25,0,0,0,0
19.7312,0.25,0.25,0.25,0.25,0,0,0,0
19.7414,0.25,0.25,0.25,0.25,0,0,0,0
19.7516,0.25,0.25,0.25,0.25,0,0,0,0
19.7618,0.25,0.25,0.25,0.25,0,0,0,0
19.7721,0.25,0.25,0.25,0.25,0,0,0,0
19.7823,0.25,0.25,0.25,0.25,0,0,0,0
19.7925,0.25,0.25,0.25,0.25,0,0,0,0
19.8027,0.25,0.25,0.25,0.25,0,0,0,0
19.813,0.25,0.25,0.25,0.25,0,0,0,0
19.8232,0.25,0.25,0.25,0.25,0,0,0,0
19.8334,0.25,0.25,0.25,0.25,0,0,0,0
19.8436,0.25,0.25,0.25,0.25,0,0,0,0
19.8538,0.25,0.25,0.25,0.25,0,0,0,0
19.8641,0.25,0.25,0.25,0.25,0,0,0,0
19.8743,0.25,0.25,0.25,0.25,0,0,0,0
19.8845,0.25,0.25,0.25,0.25,0,0,0,0
19.8947,0.25,0.25,0.25,0.25,0,0,0,0
19.905,0.25,0.25,0.25,0.25,0,0,0,0
19.9152,0.25,0.25,0.25,0.25,0,0,0,0
19.9254,0.25,0.25,0.25,0.25,0,0,0,0
19.9356,0.25,0.25,0.25,0.25,0,0,0,0
19.9458,0.25,0.25,0.25,0.25,0,0,0,0
19.9561,0.25,0.25,0.25,0.25,0,0,0,0
19.9663,0.25,0.25,0.25,0.25,0,0,0,0
19.9765,0.25,0.25,0.25,0.25,0,0,0,0
19.9867,0.25,0.25,0.25,0.25,0,0,0,0
19.997,0.25,0.25,0.25,0.25,0,0,0,0
20.0072,0.25,0.25,0.25,0.25,0,0,0,0
20.0174,0.25,0.25,0.25,0.25,0,0,0,0
20.0276,0.25,0.25,0.25,0.25,0,0,0,0
20.0378,0.25,0.25,0.25,0.25,0,0,0,0
20.0481,0.25,0.25,0.25,0.25,0,0,0,0
20.0583,0.25,0.25,0.25,0.25,0,0,0,0
20.0685,0.25,0.25,0.25,0.25,0,0,0,0
20.0787,0.25,0.25,0.25,0.25,0,0,0,0
20.0889,0.25,0.25,0.25,0.25,0,0,0,0
20.0992,0.25,0.25,0.25,0.25,0,0,0,0
20.1094,0.25,0.25,0.25,0.25,0,0,0,0
20.1196,0.25,0.25,0.25,0.25,0,0,0,0
20.1298,0.25,0.25,0.25,0.25,0,0,0,0
20.1401,0.25,0.25,0.25,0.25,0,0,0,0
20.1503,0.25,0.25,0.25,0.25,0,0,0,0
20.1605,0.25,0.25,0.25,0.25,0,0,0,0
20.1707,0.25,0.25,0.25,0.25,0,0,0,0
20.181,0.25,0.25,0.25,0.25,0,0,0,0
20.1912,0.25,0.25,0.25,0.25,0,0,0,0
20.2014,0.25,0.25,0.25,0.25,0,0,0,0
20.2116,0.25,0.25,0.25,0.25,0,0,0,0
20.2218,0.25,0.25,0.25,0.25,0,0,0,0
20.2321,0.25,0.25,0.25,0.25,0,0,0,0
20.2423,0.25,0.25,0.25,0.25,0,0,0,0
20.2525,0.25,0.25,0.25,0.25,0,0,0,0
20.2628,0.25,0.25,0.25,0.25,0,0,0,0
20.273,0.25,0.25,0.25,0.25,0,0,0,0
20.2832,0.25,0.25,0.25,0.25,0,0,0,0
20.2934,0.25,0.25,0.25,0.25,0,0,0,0
20.3037,0.25,0.25,0.25,0.25,0,0,0,0
20.3139,0.25,0.25,0.25,0.25,0,0,0,0
20.3241,0.25,0.25,0.25,0.25,0,0,0,0
20.3343,0.25,0.25,0.25,0.25,0,0,0,0
20.3445,0.25,0.25,0.25,0.25,0,0,0,0
20.3548,0.25,0.25,0.25,0.25,0,0,0,0
20.365,0.25,0.25,0.25,0.25,0,0,0,0
20.3752,0.25,0.25,0.25,0.25,0,0,0,0
20.3854,0.25,0.25,0.25,0.25,0,0,0,0
20.3956,0.25,0.25,0.25,0.25,0,0,0,0
20.4059,0.25,0.25,0.25,0.25,0,0,0,0
20.4161,0.25,0.25,0.25,0.25,0,0,0,0
20.4263,0.25,0.25,0.25,0.25,0,0,0,0
20.4365,0.25,0.25,0.25,0.25,0,0,0,0
20.4468,0.25,0.25,0.25,0.25,0,0,0,0
20.4571,0.25,0.25,0.25,0.25,0,0,0,0
20.4674,0.25,0.25,0.25,0.25,0,0,0,0
20.4776,0.25,0.25,0.25,0.25,0,0,0,0
20.4878,0.25,0.25,0.25,0.25,0,0,0,0
20.4981,0.25,0.25,0.25,0.25,0,0,0,0
20.5083,0.25,0.25,0.25,0.25,0,0,0,0
20.5185,0.25,0.25,0.25,0.25,0,0,0,0
20.5287,0.25,0.25,0.25,0.25,0,0,0,0
20.5389,0.25,0.25,0.25,0.25,0,0,0,0
20.5492,0.25,0.25,0.25,0.25,0,0,0,0
20.5594,0.25,0.25,0.25,0.25,0,0,0,0
20.5696,0.25,0.25,0.25,0.25,0,0,0,0
20.5798,0.25,0.25,0.25,0.25,0,0,0,0
20.5901,0.25,0.25,0.25,0.25,0,0,0,0
20.6003,0.25,0.25,0.25,0.25,0,0,0,0
20.6105,0.25,0.25,0.25,0.25,0,0,0,0
20.6207,0.25,0.25,0.25,0.25,0,0,0,0
20.6309,0.25,0.25,0.25,0.25,0,0,0,0
20.6411,0.25,0.25,0.25,0.25,0,0,0,0
20.6514,0.25,0.25,0.25,0.25,0,0,0,0
20.6615,0.25,0.25,0.25,0.25,0,0,0,0
20.6718,0.25,0.25,0.25,0.25,0,0,0,0
20.6819,0.25,0.25,0.25,0.25,0,0,0,0
20.6921,0.25,0.25,0.25,0.25,0,0,0,0
20.7022,0.25,0.25,0.25,0.25,0,0,0,0
20.7123,0.25,0.25,0.25,0.25,0,0,0,0
20.7224,0.25,0.25,0.25,0.25,0,0,0,0
20.7326,0.25,0.25,0.25,0.25,0,0,0,0
20.7428,0.25,0.25,0.25,0.25,0,0,0,0
20.753,0.25,0.25,0.25,0.25,0,0,0,0
20.7631,0.25,0.25,0.25,0.25,0,0,0,0
20.7733,0.25,0.25,0.25,0.25,0,0,0,0
20.7835,0.25,0.25,0.25,0.25,0,0,0,0
20.7937,0.25,0.25,0.25,0.25,0,0,0,0
20.8038,0.25,0.25,0.25,0.25,0,0,0,0
20.814,0.25,0.25,0.25,0.25,0,0,0,0
20.8242,0.25,0.25,0.25,0.25,0,0,0,0
20.8344,0.25,0.25,0.25,0.25,0,0,0,0
20.8446,0.25,0.25,0.25,0.25,0,0,0,0
20.8547,0.25,0.25,0.25,0.25,0,0,0,0
20.8649,0.25,0.25,0.25,0.25,0,0,0,0
20.8751,0.25,0.25,0.25,0.25,0,0,0,0
20.8853,0.25,0.25,0.25,0.25,0,0,0,0
20.8954,0.25,0.25,0.25,0.25,0,0,0,0
20.9055,0.25,0.25,0.25,0.25,0,0,0,0
20.9157,0.25,0.25,0.25,0.25,0,0,0,0
20.9259,0.25,0.25,0.25,0.25,0,0,0,0
20.9361,0.25,0.25,0.25,0.25,0,0,0,0
20.9464,0.25,0.25,0.25,0.25,0,0,0,0
20.9566,0.25,0.25,0.25,0.25,0,0,0,0
20.9668,0.25,0.25,0.25,0.25,0,0,0,0
20.977,0.25,0.25,0.25,0.25,0,0,0,0
20.9873,0.25,0.25,0.25,0.25,0,0,0,0
20.9975,0.25,0.25,0.25,0.25,0,0,0,0
21.0077,0.25,0.25,0.25,0.25,0,0,0,0
21.0179,0.25,0.25,0.25,0.25,0,0,0,0
21.0281,0.25,0.25,0.25,0.25,0,0,0,0
21.0384,0.25,0.25,0.25,0.25,0,0,0,0
21.0486,0.25,0.25,0.25,0.25,0,0,0,0
21.0589,0.25,0.25,0.25,0.25,0,0,0,0
21.0691,0.25,0.25,0.25,0.25,0,0,0,0
21.0793,0.25,0.25,0.25,0.25,0,0,0,0
21.0895,0.25,0.25,0.25,0.25,0,0,0,0
21.0998,0.25,0.25,0.25,0.25,0,0,0,0
21.11,0.25,0.25,0.25,0.25,0,0,0,0
21.1202,0.25,0.25,0.25,0.25,0,0,0,0
21.1305,0.25,0.25,0.25,0.25,0,0,0,0
21.1407,0.25,0.25,0.25,0.25,0,0,0,0
21.1509,0.25,0.25,0.25,0.25,0,0,0,0
21.1612,0.25,0.25,0.25,0.25,0,0,0,0
21.1714,0.25,0.25,0.25,0.25,0,0,0,0
21.1816,0.25,0.25,0.25,0.25,0,0,0,0
21.1918,0.25,0.25,0.25,0.25,0,0,0,0
21.2021,0.25,0.25,0.25,0.25,0,0,0,0
21.2123,0.25,0.25,0.25,0.25,0,0,0,0
21.2225,0.25,0.25,0.25,0.25,0,0,0,0
21.2327,0.25,0.25,0.25,0.25,0,0,0,0
21.2429,0.25,0.25,0.25,0.25,0,0,0,0
21.2532,0.25,0.25,0.25,0.25,0,0,0,0
21.2634,0.25,0.25,0.25,0.25,0,0,0,0
21.2736,0.25,0.25,0.25,0.25,0,0,0,0
21.2839,0.25,0.25,0.25,0.25,0,0,0,0
21.2941,0.25,0.25,0.25,0.25,0,0,0,0
21.3043,0.25,0.25,0.25,0.25,0,0,0,0
21.3145,0.25,0.25,0.25,0.25,0,0,0,0
21.3248,0.25,0.25,0.25,0.25,0,0,0,0
21.335,0.25,0.25,0.25,0.25,0,0,0,0
21.3452,0.25,0.25,0.25,0.25,0,0,0,0
21.3554,0.25,0.25,0.25,0.25,0,0,0,0
21.3657,0.25,0.25,0.25,0.25,0,0,0,0
21.376,0.25,0.25,0.25,0.25,0,0,0,0
21.3862,0.25,0.25,0.25,0.25,0,0,0,0
21.3964,0.25,0.25,0.25,0.25,0,0,0,0
21.4066,0.25,0.25,0.25,0.25,0,0,0,0
21.4169,0.25,0.25,0.25,0.25,0,0,0,0
21.427,0.25,0.25,0.25,0.25,0,0,0,0
21.4372,0.25,0.25,0.25,0.25,0,0,0,0
21.4474,0.25,0.25,0.25,0.25,0,0,0,0
21.4576,0.25,0.25,0.25,0.25,0,0,0,0
21.4678,0.25,0.25,0.25,0.25,0,0,0,0
21.4781,0.25,0.25,0.25,0.25,0,0,0,0
21.4883,0.25,0.25,0.25,0.25,0,0,0,0
21.4985,0.25,0.25,0.25,0.25,0,0,0,0
21.5087,0.25,0.25,0.25,0.25,0,0,0,0
21.5189,0.25,0.25,0.25,0.25,0,0,0,0
21.5292,0.25,0.25,0.25,0.25,0,0,0,0
21.5395,0.25,0.25,0.25,0.25,0,0,0,0
21.5497,0.25,0.25,0.25,0.25,0,0,0,0
21.5599,0.25,0.25,0.25,0.25,0,0,0,0
21.5701,0.25,0.25,0.25,0.25,0,0,0,0
21.5803,0.25,0.25,0.25,0.25,0,0,0,0
21.5906,0.25,0.25,0.25,0.25,0,0,0,0
21.6008,0.25,0.25,0.25,0.25,0,0,0,0
21.611,0.25,0.25,0.25,0.25,0,0,0,0
21.6212,0.25,0.25,0.25,0.25,0,0,0,0
21.6314,0.25,0.25,0.25,0.25,0,0,0,0
21.6417,0.25,0.25,0.25,0.25,0,0,0,0
21.6519,0.25,0.25,0.25,0.25,0,0,0,0
21.6621,0.25,0.25,0.25,0.25,0,0,0,0
21.6724,0.25,0.25,0.25,0.25,0,0,0,0
21.6826,0.25,0.25,0.25,0.25,0,0,0,0
21.6928,0.25,0.25,0.25,0.25,0,0,0,0
21.7031,0.25,0.25,0.25,0.25,0,0,0,0
21.7133,0.25,0.25,0.25,0.25,0,0,0,0
21.7235,0.25,0.25,0.25,0.25,0,0,0,0
21.7337,0.25,0.25,0.25,0.25,0,0,0,0
21.7439,0.25,0.25,0.25,0.25,0,0,0,0
21.7541,0.25,0.25,0.25,0.25,0,0,0,0
21.7643,0.25,0.25,0.25,0.25,0,0,0,0
21.7745,0.25,0.25,0.25,0.25,0,0,0,0
21.7846,0.25,0.25,0.25,0.25,0,0,0,0
21.7948,0.25,0.25,0.25,0.25,0,0,0,0
21.805,0.25,0.25,0.25,0.25,0,0,0,0
21.8152,0.25,0.25,0.25,0.25,0,0,0,0
21.8254,0.25,0.25,0.25,0.25,0,0,0,0
21.8355,0.25,0.25,0.25,0.25,0,0,0,0
21.8457,0.25,0.25,0.25,0.25,0,0,0,0
21.8559,0.25,0.25,0.25,0.25,0,0,0,0
21.8661,0.25,0.25,0.25,0.25,0,0,0,0
21.8762,0.25,0.25,0.25,0.25,0,0,0,0
21.8864,0.25,0.25,0.25,0.25,0,0,0,0
21.8966,0.25,0.25,0.25,0.25,0,0,0,0
21.9068,0.25,0.25,0.25,0.25,0,0,0,0
21.9169,0.25,0.25,0.25,0.25,0,0,0,0
21.9271,0.25,0.25,0.25,0.25,0,0,0,0
21.9373,0.25,0.25,0.25,0.25,0,0,0,0
21.9475,0.25,0.25,0.25,0.25,0,0,0,0
21.9577,0.25,0.25,0.25,0.25,0,0,0,0
21.9679,0.25,0.25,0.25,0.25,0,0,0,0
21.9781,0.25,0.25,0.25,0.25,0,0,0,0
21.9884,0.25,0.25,0.25,0.25,0,0,0,0
21.9986,0.25,0.25,0.25,0.25,0,0,0,0
22.0088,0.25,0.25,0.25,0.25,0,0,0,0
22.0191,0.25,0.25,0.25,0.25,0,0,0,0
22.0293,0.25,0.25,0.25,0.25,0,0,0,0
22.0396,0.25,0.25,0.25,0.25,0,0,0,0
22.0498,0.25,0.25,0.25,0.25,0,0,0,0
22.06,0.25,0.25,0.25,0.25,0,0,0,0
22.0702,0.25,0.25,0.25,0.25,0,0,0,0
22.0805,0.25,0.25,0.25,0.25,0,0,0,0
22.0907,0.25,0.25,0.25,0.25,0,0,0,0
22.1009,0.25,0.25,0.25,0.25,0,0,0,0
22.1111,0.25,0.25,0.25,0.25,0,0,0,0
22.1214,0.25,0.25,0.25,0.25,0,0,0,0
22.1316,0.25,0.25,0.25,0.25,0,0,0,0
22.1418,0.25,0.25,0.25,0.25,0,0,0,0
22.152,0.25,0.25,0.25,0.25,0,0,0,0
22.1622,0.25,0.25,0.25,0.25,0,0,0,0
22.1725,0.25,0.25,0.25,0.25,0,0,0,0
22.1827,0.25,0.25,0.25,0.25,0,0,0,0
22.1929,0.25,0.25,0.25,0.25,0,0,0,0
22.2031,0.25,0.25,0.25,0.25,0,0,0,0
22.2134,0.25,0.25,0.25,0.25,0,0,0,0
22.2236,0.25,0.25,0.25,0.25,0,0,0,0
22.2338,0.25,0.25,0.25,0.25,0,0,0,0
22.244,0.25,0.25,0.25,0.25,0,0,0,0
22.2543,0.25,0.25,0.25,0.25,0,0,0,0
22.2645,0.25,0.25,0.25,0.25,0,0,0,0
22.2747,0.25,0.25,0.25,0.25,0,0,0,0
22.2849,0.25,0.25,0.25,0.25,0,0,0,0
22.2952,0.25,0.25,0.25,0.25,0,0,0,0
22.3054,0.25,0.25,0.25,0.25,0,0,0,0
22.3156,0.25,0.25,0.25,0.25,0,0,0,0
22.3258,0.25,0.25,0.25,0.25,0,0,0,0
22.3361,0.25,0.25,0.25,0.25,0,0,0,0
22.3463,0.25,0.25,0.25,0.25,0,0,0,0
22.3565,0.25,0.25,0.25,0.25,0,0,0,0
22.3668,0.25,0.25,0.25,0.25,0,0,0,0
22.377,0.25,0.25,0.25,0.25,0,0,0,0
22.3872,0.25,0.25,0.25,0.25,0,0,0,0
22.3974,0.25,0.25,0.25,0.25,0,0,0,0
22.4077,0.25,0.25,0.25,0.25,0,0,0,0
22.4179,0.25,0.25,0.25,0.25,0,0,0,0
22.4281,0.25,0.25,0.25,0.25,0,0,0,0
22.4383,0.25,0.25,0.25,0.25,0,0,0,0
22.4485,0.25,0.25,0.25,0.25,0,0,0,0
22.4588,0.25,0.25,0.25,0.25,0,0,0,0
22.469,0.25,0.25,0.25,0.25,0,0,0,0
22.4792,0.25,0.25,0.25,0.25,0,0,0,0
22.4894,0.25,0.25,0.25,0.25,0,0,0,0
22.4996,0.25,0.25,0.25,0.25,0,0,0,0
22.5099,0.25,0.25,0.25,0.25,0,0,0,0
22.5201,0.25,0.25,0.25,0.25,0,0,0,0
22.5303,0.25,0.25,0.25,0.25,0,0,0,0
22.5405,0.25,0.25,0.25,0.25,0,0,0,0
22.5508,0.25,0.25,0.25,0.25,0,0,0,0
22.561,0.25,0.25,0.25,0.25,0,0,0,0
22.5713,0.25,0.25,0.25,0.25,0,0,0,0
22.5815,0.25,0.25,0.25,0.25,0,0,0,0
22.5917,0.25,0.25,0.25,0.25,0,0,0,0
22.6019,0.25,0.25,0.25,0.25,0,0,0,0
22.6121,0.25,0.25,0.25,0.25,0,0,0,0
22.6224,0.25,0.25,0.25,0.25,0,0,0,0
22.6326,0.25,0.25,0.25,0.25,0,0,0,0
22.6429,0.25,0.25,0.25,0.25,0,0,0,0
22.6531,0.25,0.25,0.25,0.25,0,0,0,0
22.6633,0.25,0.25,0.25,0.25,0,0,0,0
22.6735,0.25,0.25,0.25,0.25,0,0,0,0
22.6838,0.25,0.25,0.25,0.25,0,0,0,0
22.694,0.25,0.25,0.25,0.25,0,0,0,0
22.7042,0.25,0.25,0.25,0.25,0,0,0,0
22.7144,0.25,0.25,0.25,0.25,0,0,0,0
22.7247,0.25,0.25,0.25,0.25,0,0,0,0
22.7349,0.25,0.25,0.25,0.25,0,0,0,0
22.7451,0.25,0.25,0.25,0.25,0,0,0,0
22.7553,0.25,0.25,0.25,0.25,0,0,0,0
22.7656,0.25,0.25,0.25,0.25,0,0,0,0
22.7758,0.25,0.25,0.25,0.25,0,0,0,0
22.786,0.25,0.25,0.25,0.25,0,0,0,0
22.7961,0.25,0.25,0.25,0.25,0,0,0,0
22.8063,0.25,0.25,0.25,0.25,0,0,0,0
22.8166,0.25,0.25,0.25,0.25,0,0,0,0
22.8268,0.25,0.25,0.25,0.25,0,0,0,0
22.837,0.25,0.25,0.25,0.25,0,0,0,0
22.8472,0.25,0.25,0.25,0.25,0,0,0,0
22.8575,0.25,0.25,0.25,0.25,0,0,0,0
22.8677,0.25,0.25,0.25,0.25,0,0,0,0
22.8779,0.25,0.25,0.25,0.25,0,0,0,0
22.8881,0.25,0.25,0.25,0.25,0,0,0,0
22.8984,0.25,0.25,0.25,0.25,0,0,0,0
22.9086,0.25,0.25,0.25,0.25,0,0,0,0
22.9188,0.25,0.25,0.25,0.25,0,0,0,0
22.9291,0.25,0.25,0.25,0.25,0,0,0,0
22.9393,0.25,0.25,0.25,0.25,0,0,0,0
22.9496,0.25,0.25,0.25,0.25,0,0,0,0
22.9598,0.25,0.25,0.25,0.25,0,0,0,0
22.97,0.25,0.25,0.25,0.25,0,0,0,0
22.9802,0.25,0.25,0.25,0.25,0,0,0,0
22.9904,0.25,0.25,0.25,0.25,0,0,0,0
23.0007,0.25,0.25,0.25,0.25,0,0,0,0
23.0109,0.25,0.25,0.25,0.25,0,0,0,0
23.0211,0.25,0.25,0.25,0.25,0,0,0,0
23.0314,0.25,0.25,0.25,0.25,0,0,0,0
23.0416,0.25,0.25,0.25,0.25,0,0,0,0
23.0518,0.25,0.25,0.25,0.25,0,0,0,0
23.062,0.25,0.25,0.25,0.25,0,0,0,0
23.0723,0.25,0.25,0.25,0.25,0,0,0,0
23.0825,0.25,0.25,0.25,0.25,0,0,0,0
23.0927,0.25,0.25,0.25,0.25,0,0,0,0
23.1029,0.25,0.25,0.25,0.25,0,0,0,0
23.1131,0.25,0.25,0.25,0.25,0,0,0,0
23.1234,0.25,0.25,0.25,0.25,0,0,0,0
23.1336,0.25,0.25,0.25,0.25,0,0,0,0
23.1438,0.25,0.25,0.25,0.25,0,0,0,0
23.154,0.25,0.25,0.25,0.25,0,0,0,0
23.1642,0.25,0.25,0.25,0.25,0,0,0,0
23.1745,0.25,0.25,0.25,0.25,0,0,0,0
23.1847,0.25,0.25,0.25,0.25,0,0,0,0
23.1949,0.25,0.25,0.25,0.25,0,0,0,0
23.2051,0.25,0.25,0.25,0.25,0,0,0,0
23.2154,0.25,0.25,0.25,0.25,0,0,0,0
23.2256,0.25,0.25,0.25,0.25,0,0,0,0
23.2358,0.25,0.25,0.25,0.25,0,0,0,0
23.246,0.25,0.25,0.25,0.25,0,0,0,0
23.2563,0.25,0.25,0.25,0.25,0,0,0,0
23.2665,0.25,0.25,0.25,0.25,0,0,0,0
23.2767,0.25,0.25,0.25,0.25,0,0,0,0
23.2869,0.25,0.25,0.25,0.25,0,0,0,0
23.2972,0.25,0.25,0.25,0.25,0,0,0,0
23.3074,0.25,0.25,0.25,0.25,0,0,0,0
23.3176,0.25,0.25,0.25,0.25,0,0,0,0
23.3279,0.25,0.25,0.25,0.25,0,0,0,0
23.3381,0.25,0.25,0.25,0.25,0,0,0,0
23.3483,0.25,0.25,0.25,0.25,0,0,0,0
23.3585,0.25,0.25,0.25,0.25,0,0,0,0
23.3688,0.25,0.25,0.25,0.25,0,0,0,0
23.379,0.25,0.25,0.25,0.25,0,0,0,0
23.3893,0.25,0.25,0.25,0.25,0,0,0,0
23.3995,0.25,0.25,0.25,0.25,0,0,0,0
23.4097,0.25,0.25,0.25,0.25,0,0,0,0
23.4199,0.25,0.25,0.25,0.25,0,0,0,0
23.4302,0.25,0.25,0.25,0.25,0,0,0,0
23.4404,0.25,0.25,0.25,0.25,0,0,0,0
23.4506,0.25,0.25,0.25,0.25,0,0,0,0
23.4608,0.25,0.25,0.25,0.25,0,0,0,0
23.471,0.25,0.25,0.25,0.25,0,0,0,0
23.4813,0.25,0.25,0.25,0.25,0,0,0,0
23.4915,0.25,0.25,0.25,0.25,0,0,0,0
23.5017,0.25,0.25,0.25,0.25,0,0,0,0
23.5119,0.25,0.25,0.25,0.25,0,0,0,0
23.5221,0.25,0.25,0.25,0.25,0,0,0,0
23.5324,0.25,0.25,0.25,0.25,0,0,0,0
23.5426,0.25,0.25,0.25,0.25,0,0,0,0
23.5528,0.25,0.25,0.25,0.25,0,0,0,0
23.5631,0.25,0.25,0.25,0.25,0,0,0,0
23.5733,0.25,0.25,0.25,0.25,0,0,0,0
23.5835,0.25,0.25,0.25,0.25,0,0,0,0
23.5938,0.25,0.25,0.25,0.25,0,0,0,0
23.604,0.25,0.25,0.25,0.25,0,0,0,0
23.6142,0.25,0.25,0.25,0.25,0,0,0,0
23.6245,0.25,0.25,0.25,0.25,0,0,0,0
23.6347,0.25,0.25,0.25,0.25,0,0,0,0
23.6449,0.25,0.25,0.25,0.25,0,0,0,0
23.6551,0.25,0.25,0.25,0.25,0,0,0,0
23.6653,0.25,0.25,0.25,0.25,0,0,0,0
23.6756,0.25,0.25,0.25,0.25,0,0,0,0
23.6858,0.25,0.25,0.25,0.25,0,0,0,0
23.696,0.25,0.25,0.25,0.25,0,0,0,0
23.7062,0.25,0.25,0.25,0.25,0,0,0,0
23.7165,0.25,0.25,0.25,0.25,0,0,0,0
23.7267,0.25,0.25,0.25,0.25,0,0,0,0
23.737,0.25,0.25,0.25,0.25,0,0,0,0
23.7472,0.25,0.25,0.25,0.25,0,0,0,0
23.7574,0.25,0.25,0.25,0.25,0,0,0,0
23.7676,0.25,0.25,0.25,0.25,0,0,0,0
23.7779,0.25,0.25,0.25,0.25,0,0,0,0
23.7881,0.25,0.25,0.25,0.25,0,0,0,0
23.7983,0.25,0.25,0.25,0.25,0,0,0,0
23.8085,0.25,0.25,0.25,0.25,0,0,0,0
23.8188,0.25,0.25,0.25,0.25,0,0,0,0
23.829,0.25,0.25,0.25,0.25,0,0,0,0
23.8393,0.25,0.25,0.25,0.25,0,0,0,0
23.8495,0.25,0.25,0.25,0.25,0,0,0,0
23.8597,0.25,0.25,0.25,0.25,0,0,0,0
23.87,0.25,0.25,0.25,0.25,0,0,0,0
23.88,0.25,0.25,0.25,0.25,0,0,0,0
23.8902,0.25,0.25,0.25,0.25,0,0,0,0
23.9003,0.25,0.25,0.25,0.25,0,0,0,0
23.9105,0.25,0.25,0.25,0.25,0,0,0,0
23.9207,0.25,0.25,0.25,0.25,0,0,0,0
23.9309,0.25,0.25,0.25,0.25,0,0,0,0
23.9411,0.25,0.25,0.25,0.25,0,0,0,0
23.9514,0.25,0.25,0.25,0.25,0,0,0,0
23.9616,0.25,0.25,0.25,0.25,0,0,0,0
23.9718,0.25,0.25,0.25,0.25,0,0,0,0
23.9821,0.25,0.25,0.25,0.25,0,0,0,0
23.9923,0.25,0.25,0.25,0.25,0,0,0,0
24.0026,0.25,0.25,0.25,0.25,0,0,0,0
24.0128,0.25,0.25,0.25,0.25,0,0,0,0
24.023,0.25,0.25,0.25,0.25,0,0,0,0
24.0332,0.25,0.25,0.25,0.25,0,0,0,0
24.0434,0.25,0.25,0.25,0.25,0,0,0,0
24.0536,0.25,0.25,0.25,0.25,0,0,0,0
24.0637,0.25,0.25,0.25,0.25,0,0,0,0
24.0738,0.25,0.25,0.25,0.25,0,0,0,0
24.084,0.25,0.25,0.25,0.25,0,0,0,0
24.0942,0.25,0.25,0.25,0.25,0,0,0,0
24.1044,0.25,0.25,0.25,0.25,0,0,0,0
24.1146,0.25,0.25,0.25,0.25,0,0,0,0
24.1247,0.25,0.25,0.25,0.25,0,0,0,0
24.1348,0.25,0.25,0.25,0.25,0,0,0,0
24.1448,0.25,0.25,0.25,0.25,0,0,0,0
24.155,0.25,0.25,0.25,0.25,0,0,0,0
24.1651,0.25,0.25,0.25,0.25,0,0,0,0
24.1752,0.25,0.25,0.25,0.25,0,0,0,0
24.1853,0.25,0.25,0.25,0.25,0,0,0,0
24.1954,0.25,0.25,0.25,0.25,0,0,0,0
24.2055,0.25,0.25,0.25,0.25,0,0,0,0
24.2157,0.25,0.25,0.25,0.25,0,0,0,0
24.2258,0.25,0.25,0.25,0.25,0,0,0,0
24.2359,0.25,0.25,0.25,0.25,0,0,0,0
24.246,0.25,0.25,0.25,0.25,0,0,0,0
24.2561,0.25,0.25,0.25,0.25,0,0,0,0
24.2662,0.25,0.25,0.25,0.25,0,0,0,0
24.2763,0.25,0.25,0.25,0.25,0,0,0,0
24.2864,0.25,0.25,0.25,0.25,0,0,0,0
24.2966,0.25,0.25,0.25,0.25,0,0,0,0
24.3067,0.25,0.25,0.25,0.25,0,0,0,0
24.3168,0.25,0.25,0.25,0.25,0,0,0,0
24.3268,0.25,0.25,0.25,0.25,0,0,0,0
24.337,0.25,0.25,0.25,0.25,0,0,0,0
24.3471,0.25,0.25,0.25,0.25,0,0,0,0
24.3572,0.25,0.25,0.25,0.25,0,0,0,0
24.3673,0.25,0.25,0.25,0.25,0,0,0,0
24.3774,0.25,0.25,0.25,0.25,0,0,0,0
24.3875,0.25,0.25,0.25,0.25,0,0,0,0
24.3976,0.25,0.25,0.25,0.25,0,0,0,0
24.4077,0.25,0.25,0.25,0.25,0,0,0,0
24.4179,0.25,0.25,0.25,0.25,0,0,0,0
24.428,0.25,0.25,0.25,0.25,0,0,0,0
24.4382,0.25,0.25,0.25,0.25,0,0,0,0
24.4483,0.25,0.25,0.25,0.25,0,0,0,0
24.4585,0.25,0.25,0.25,0.25,0,0,0,0
24.4686,0.25,0.25,0.25,0.25,0,0,0,0
24.4788,0.25,0.25,0.25,0.25,0,0,0,0
24.4891,0.25,0.25,0.25,0.25,0,0,0,0
24.4993,0.25,0.25,0.25,0.25,0,0,0,0
24.5095,0.25,0.25,0.25,0.25,0,0,0,0
24.5197,0.25,0.25,0.25,0.25,0,0,0,0
24.5298,0.25,0.25,0.25,0.25,0,0,0,0
24.54,0.25,0.25,0.25,0.25,0,0,0,0
24.5501,0.25,0.25,0.25,0.25,0,0,0,0
24.5602,0.25,0.25,0.25,0.25,0,0,0,0
24.5702,0.25,0.25,0.25,0.25,0,0,0,0
24.5804,0.25,0.25,0.25,0.25,0,0,0,0
24.5905,0.25,0.25,0.25,0.25,0,0,0,0
24.6007,0.25,0.25,0.25,0.25,0,0,0,0
24.6108,0.25,0.25,0.25,0.25,0,0,0,0
24.6209,0.25,0.25,0.25,0.25,0,0,0,0
24.631,0.25,0.25,0.25,0.25,0,0,0,0
24.6412,0.25,0.25,0.25,0.25,0,0,0,0
24.6513,0.25,0.25,0.25,0.25,0,0,0,0
24.6614,0.25,0.25,0.25,0.25,0,0,0,0
24.6717,0.25,0.25,0.25,0.25,0,0,0,0
24.6819,0.25,0.25,0.25,0.25,0,0,0,0
24.6921,0.25,0.25,0.25,0.25,0,0,0,0
24.7025,0.25,0.25,0.25,0.25,0,0,0,0
24.7126,0.25,0.25,0.25,0.25,0,0,0,0
24.7228,0.25,0.25,0.25,0.25,0,0,0,0
24.7329,0.25,0.25,0.25,0.25,0,0,0,0
24.7431,0.25,0.25,0.25,0.25,0,0,0,0
24.7533,0.25,0.25,0.25,0.25,0,0,0,0
24.7635,0.25,0.25,0.25,0.25,0,0,0,0
24.7738,0.25,0.25,0.25,0.25,0,0,0,0
24.784,0.25,0.25,0.25,0.25,0,0,0,0
24.7942,0.25,0.25,0.25,0.25,0,0,0,0
24.8045,0.25,0.25,0.25,0.25,0,0,0,0
24.8147,0.25,0.25,0.25,0.25,0,0,0,0
24.8249,0.25,0.25,0.25,0.25,0,0,0,0
24.8351,0.25,0.25,0.25,0.25,0,0,0,0
24.8454,0.25,0.25,0.25,0.25,0,0,0,0
24.8556,0.25,0.25,0.25,0.25,0,0,0,0
24.8659,0.25,0.25,0.25,0.25,0,0,0,0
24.8761,0.25,0.25,0.25,0.25,0,0,0,0
24.8864,0.25,0.25,0.25,0.25,0,0,0,0
24.8966,0.25,0.25,0.25,0.25,0,0,0,0
24.9068,0.25,0.25,0.25,0.25,0,0,0,0
24.917,0.25,0.25,0.25,0.25,0,0,0,0
24.9272,0.25,0.25,0.25,0.25,0,0,0,0
24.9373,0.25,0.25,0.25,0.25,0,0,0,0
24.9475,0.25,0.25,0.25,0.25,0,0,0,0
24.9577,0.25,0.25,0.25,0.25,0,0,0,0
24.9679,0.25,0.25,0.25,0.25,0,0,0,0
24.9781,0.25,0.25,0.25,0.25,0,0,0,0
24.9882,0.25,0.25,0.25,0.25,0,0,0,0
24.9984,0.25,0.25,0.25,0.25,0,0,0,0
25.0087,0.25,0.25,0.25,0.25,0,0,0,0
25.0189,0.25,0.25,0.25,0.25,0,0,0,0
25.0292,0.25,0.25,0.25,0.25,0,0,0,0
25.0395,0.25,0.25,0.25,0.25,0,0,0,0
25.0497,0.25,0.25,0.25,0.25,0,0,0,0
25.06,0.25,0.25,0.25,0.25,0,0,0,0
25.0701,0.25,0.25,0.25,0.25,0,0,0,0
25.0804,0.25,0.25,0.25,0.25,0,0,0,0
25.0907,0.25,0.25,0.25,0.25,0,0,0,0
25.1009,0.25,0.25,0.25,0.25,0,0,0,0
25.1111,0.25,0.25,0.25,0.25,0,0,0,0
25.1214,0.25,0.25,0.25,0.25,0,0,0,0
25.1317,0.25,0.25,0.25,0.25,0,0,0,0
25.1419,0.25,0.25,0.25,0.25,0,0,0,0
25.1521,0.25,0.25,0.25,0.25,0,0,0,0
25.1624,0.25,0.25,0.25,0.25,0,0,0,0
25.1727,0.25,0.25,0.25,0.25,0,0,0,0
25.183,0.25,0.25,0.25,0.25,0,0,0,0
25.1932,0.25,0.25,0.25,0.25,0,0,0,0
25.2033,0.25,0.25,0.25,0.25,0,0,0,0
25.2136,0.25,0.25,0.25,0.25,0,0,0,0
25.2239,0.25,0.25,0.25,0.25,0,0,0,0
25.2341,0.25,0.25,0.25,0.25,0,0,0,0
25.2444,0.25,0.25,0.25,0.25,0,0,0,0
25.2546,0.25,0.25,0.25,0.25,0,0,0,0
25.2649,0.25,0.25,0.25,0.25,0,0,0,0
25.2752,0.25,0.25,0.25,0.25,0,0,0,0
25.2855,0.25,0.25,0.25,0.25,0,0,0,0
25.2957,0.25,0.25,0.25,0.25,0,0,0,0
25.306,0.25,0.25,0.25,0.25,0,0,0,0
25.3161,0.25,0.25,0.25,0.25,0,0,0,0
25.3263,0.25,0.25,0.25,0.25,0,0,0,0
25.3366,0.25,0.25,0.25,0.25,0,0,0,0
25.3468,0.25,0.25,0.25,0.25,0,0,0,0
25.357,0.25,0.25,0.25,0.25,0,0,0,0
25.3673,0.25,0.25,0.25,0.25,0,0,0,0
25.3775,0.25,0.25,0.25,0.25,0,0,0,0
25.3878,0.25,0.25,0.25,0.25,0,0,0,0
25.398,0.25,0.25,0.25,0.25,0,0,0,0
25.4083,0.25,0.25,0.25,0.25,0,0,0,0
25.4185,0.25,0.25,0.25,0.25,0,0,0,0
25.4288,0.25,0.25,0.25,0.25,0,0,0,0
25.4391,0.25,0.25,0.25,0.25,0,0,0,0
25.4494,0.25,0.25,0.25,0.25,0,0,0,0
25.4596,0.25,0.25,0.25,0.25,0,0,0,0
25.4699,0.25,0.25,0.25,0.25,0,0,0,0
25.4801,0.25,0.25,0.25,0.25,0,0,0,0
25.4903,0.25,0.25,0.25,0.25,0,0,0,0
25.5006,0.25,0.25,0.25,0.25,0,0,0,0
25.5108,0.25,0.25,0.25,0.25,0,0,0,0
25.5211,0.25,0.25,0.25,0.25,0,0,0,0
25.5314,0.25,0.25,0.25,0.25,0,0,0,0
25.5416,0.25,0.25,0.25,0.25,0,0,0,0
25.5518,0.25,0.25,0.25,0.25,0,0,0,0
25.5621,0.25,0.25,0.25,0.25,0,0,0,0
25.5724,0.25,0.25,0.25,0.25,0,0,0,0
25.5827,0.25,0.25,0.25,0.25,0,0,0,0
25.5929,0.25,0.25,0.25,0.25,0,0,0,0
25.6032,0.25,0.25,0.25,0.25,0,0,0,0
25.6134,0.25,0.25,0.25,0.25,0,0,0,0
25.6236,0.25,0.25,0.25,0.25,0,0,0,0
25.6339,0.25,0.25,0.25,0.25,0,0,0,0
25.6441,0.25,0.25,0.25,0.25,0,0,0,0
25.6544,0.25,0.25,0.25,0.25,0,0,0,0
25.6646,0.25,0.25,0.25,0.25,0,0,0,0
25.6748,0.25,0.25,0.25,0.25,0,0,0,0
25.6851,0.25,0.25,0.25,0.25,0,0,0,0
25.6953,0.25,0.25,0.25,0.25,0,0,0,0
25.7055,0.25,0.25,0.25,0.25,0,0,0,0
25.7158,0.25,0.25,0.25,0.25,0,0,0,0
25.726,0.25,0.25,0.25,0.25,0,0,0,0
25.7363,0.25,0.25,0.25,0.25,0,0,0,0
25.7465,0.25,0.25,0.25,0.25,0,0,0,0
25.7567,0.25,0.25,0.25,0.25,0,0,0,0
25.767,0.25,0.25,0.25,0.25,0,0,0,0
25.7772,0.25,0.25,0.25,0.25,0,0,0,0
25.7874,0.25,0.25,0.25,0.25,0,0,0,0
25.7977,0.25,0.25,0.25,0.25,0,0,0,0
25.8079,0.25,0.25,0.25,0.25,0,0,0,0
25.8181,0.25,0.25,0.25,0.25,0,0,0,0
25.8284,0.25,0.25,0.25,0.25,0,0,0,0
25.8387,0.25,0.25,0.25,0.25,0,0,0,0
25.849,0.25,0.25,0.25,0.25,0,0,0,0
25.8592,0.25,0.25,0.25,0.25,0,0,0,0
25.8695,0.25,0.25,0.25,0.25,0,0,0,0
25.8797,0.25,0.25,0.25,0.25,0,0,0,0
25.8899,0.25,0.25,0.25,0.25,0,0,0,0
25.9002,0.25,0.25,0.25,0.25,0,0,0,0
25.9104,0.25,0.25,0.25,0.25,0,0,0,0
25.9207,0.25,0.25,0.25,0.25,0,0,0,0
25.9309,0.25,0.25,0.25,0.25,0,0,0,0
25.9412,0.25,0.25,0.25,0.25,0,0,0,0
25.9515,0.25,0.25,0.25,0.25,0,0,0,0
25.9617,0.25,0.25,0.25,0.25,0,0,0,0
25.972,0.25,0.25,0.25,0.25,0,0,0,0
25.9823,0.25,0.25,0.25,0.25,0,0,0,0
25.9925,0.25,0.25,0.25,0.25,0,0,0,0
26.0028,0.25,0.25,0.25,0.25,0,0,0,0
26.0131,0.25,0.25,0.25,0.25,0,0,0,0
26.0234,0.25,0.25,0.25,0.25,0,0,0,0
26.0336,0.25,0.25,0.25,0.25,0,0,0,0
26.0439,0.25,0.25,0.25,0.25,0,0,0,0
26.0541,0.25,0.25,0.25,0.25,0,0,0,0
26.0643,0.25,0.25,0.25,0.25,0,0,0,0
26.0746,0.25,0.25,0.25,0.25,0,0,0,0
26.0848,0.25,0.25,0.25,0.25,0,0,0,0
26.0951,0.25,0.25,0.25,0.25,0,0,0,0
26.1053,0.25,0.25,0.25,0.25,0,0,0,0
26.1156,0.25,0.25,0.25,0.25,0,0,0,0
26.1257,0.25,0.25,0.25,0.25,0,0,0,0
26.1359,0.25,0.25,0.25,0.25,0,0,0,0
26.1461,0.25,0.25,0.25,0.25,0,0,0,0
26.1564,0.25,0.25,0.25,0.25,0,0,0,0
26.1666,0.25,0.25,0.25,0.25,0,0,0,0
26.1767,0.25,0.25,0.25,0.25,0,0,0,0
26.1868,0.25,0.25,0.25,0.25,0,0,0,0
26.197,0.25,0.25,0.25,0.25,0,0,0,0
26.2072,0.25,0.25,0.25,0.25,0,0,0,0
26.2174,0.25,0.25,0.25,0.25,0,0,0,0
26.2276,0.25,0.25,0.25,0.25,0,0,0,0
26.2378,0.25,0.25,0.25,0.25,0,0,0,0
26.248,0.25,0.25,0.25,0.25,0,0,0,0
26.2582,0.25,0.25,0.25,0.25,0,0,0,0
26.2684,0.25,0.25,0.25,0.25,0,0,0,0
26.2786,0.25,0.25,0.25,0.25,0,0,0,0
26.2889,0.25,0.25,0.25,0.25,0,0,0,0
26.2992,0.25,0.25,0.25,0.25,0,0,0,0
26.3094,0.25,0.25,0.25,0.25,0,0,0,0
26.3197,0.25,0.25,0.25,0.25,0,0,0,0
26.3299,0.25,0.25,0.25,0.25,0,0,0,0
26.3402,0.25,0.25,0.25,0.25,0,0,0,0
26.3504,0.25,0.25,0.25,0.25,0,0,0,0
26.3607,0.25,0.25,0.25,0.25,0,0,0,0
26.3709,0.25,0.25,0.25,0.25,0,0,0,0
26.3811,0.25,0.25,0.25,0.25,0,0,0,0
26.3914,0.25,0.25,0.25,0.25,0,0,0,0
26.4017,0.25,0.25,0.25,0.25,0,0,0,0
26.412,0.25,0.25,0.25,0.25,0,0,0,0
26.4222,0.25,0.25,0.25,0.25,0,0,0,0
26.4326,0.25,0.25,0.25,0.25,0,0,0,0
26.4428,0.25,0.25,0.25,0.25,0,0,0,0
26.4531,0.25,0.25,0.25,0.25,0,0,0,0
26.4633,0.25,0.25,0.25,0.25,0,0,0,0
26.4736,0.25,0.25,0.25,0.25,0,0,0,0
26.4838,0.25,0.25,0.25,0.25,0,0,0,0
26.494,0.25,0.25,0.25,0.25,0,0,0,0
26.5043,0.25,0.25,0.25,0.25,0,0,0,0
26.5145,0.25,0.25,0.25,0.25,0,0,0,0
26.5247,0.25,0.25,0.25,0.25,0,0,0,0
26.5351,0.25,0.25,0.25,0.25,0,0,0,0
26.5454,0.25,0.25,0.25,0.25,0,0,0,0
26.5556,0.25,0.25,0.25,0.25,0,0,0,0
26.5659,0.25,0.25,0.25,0.25,0,0,0,0
26.5761,0.25,0.25,0.25,0.25,0,0,0,0
26.5863,0.25,0.25,0.25,0.25,0,0,0,0
26.5966,0.25,0.25,0.25,0.25,0,0,0,0
26.6068,0.25,0.25,0.25,0.25,0,0,0,0
26.617,0.25,0.25,0.25,0.25,0,0,0,0
26.6273,0.25,0.25,0.25,0.25,0,0,0,0
26.6375,0.25,0.25,0.25,0.25,0,0,0,0
26.6478,0.25,0.25,0.25,0.25,0,0,0,0
26.658,0.25,0.25,0.25,0.25,0,0,0,0
26.6683,0.25,0.25,0.25,0.25,0,0,0,0
26.6786,0.25,0.25,0.25,0.25,0,0,0,0
26.6888,0.25,0.25,0.25,0.25,0,0,0,0
26.6991,0.25,0.25,0.25,0.25,0,0,0,0
26.7093,0.25,0.25,0.25,0.25,0,0,0,0
26.7194,0.25,0.25,0.25,0.25,0,0,0,0
26.7296,0.25,0.25,0.25,0.25,0,0,0,0
26.7397,0.25,0.25,0.25,0.25,0,0,0,0
26.75,0.25,0.25,0.25,0.25,0,0,0,0
26.7601,0.25,0.25,0.25,0.25,0,0,0,0
26.7702,0.25,0.25,0.25,0.25,0,0,0,0
26.7804,0.25,0.25,0.25,0.25,0,0,0,0
26.7906,0.25,0.25,0.25,0.25,0,0,0,0
26.8007,0.25,0.25,0.25,0.25,0,0,0,0
26.8108,0.25,0.25,0.25,0.25,0,0,0,0
26.8209,0.25,0.25,0.25,0.25,0,0,0,0
26.8311,0.25,0.25,0.25,0.25,0,0,0,0
26.8413,0.25,0.25,0.25,0.25,0,0,0,0
26.8515,0.25,0.25,0.25,0.25,0,0,0,0
26.8617,0.25,0.25,0.25,0.25,0,0,0,0
26.8719,0.25,0.25,0.25,0.25,0,0,0,0
26.882,0.25,0.25,0.25,0.25,0,0,0,0
26.8921,0.25,0.25,0.25,0.25,0,0,0,0
26.9023,0.25,0.25,0.25,0.25,0,0,0,0
26.9124,0.25,0.25,0.25,0.25,0,0,0,0
26.9225,0.25,0.25,0.25,0.25,0,0,0,0
26.9326,0.25,0.25,0.25,0.25,0,0,0,0
26.9427,0.25,0.25,0.25,0.25,0,0,0,0
26.9527,0.25,0.25,0.25,0.25,0,0,0,0
26.9628,0.25,0.25,0.25,0.25,0,0,0,0
26.9729,0.25,0.25,0.25,0.25,0,0,0,0
26.9831,0.25,0.25,0.25,0.25,0,0,0,0
26.9932,0.25,0.25,0.25,0.25,0,0,0,0
27.0034,0.25,0.25,0.25,0.25,0,0,0,0
27.0136,0.25,0.25,0.25,0.25,0,0,0,0
27.0237,0.25,0.25,0.25,0.25,0,0,0,0
27.0339,0.25,0.25,0.25,0.25,0,0,0,0
27.0441,0.25,0.25,0.25,0.25,0,0,0,0
27.0543,0.25,0.25,0.25,0.25,0,0,0,0
27.0645,0.25,0.25,0.25,0.25,0,0,0,0
27.0746,0.25,0.25,0.25,0.25,0,0,0,0
27.0849,0.25,0.25,0.25,0.25,0,0,0,0
27.095,0.25,0.25,0.25,0.25,0,0,0,0
27.1052,0.25,0.25,0.25,0.25,0,0,0,0
27.1154,0.25,0.25,0.25,0.25,0,0,0,0
27.1256,0.25,0.25,0.25,0.25,0,0,0,0
27.1358,0.25,0.25,0.25,0.25,0,0,0,0
27.146,0.25,0.25,0.25,0.25,0,0,0,0
27.1561,0.25,0.25,0.25,0.25,0,0,0,0
27.1663,0.25,0.25,0.25,0.25,0,0,0,0
27.1765,0.25,0.25,0.25,0.25,0,0,0,0
27.1867,0.25,0.25,0.25,0.25,0,0,0,0
27.1968,0.25,0.25,0.25,0.25,0,0,0,0
27.207,0.25,0.25,0.25,0.25,0,0,0,0
27.2172,0.25,0.25,0.25,0.25,0,0,0,0
27.2274,0.25,0.25,0.25,0.25,0,0,0,0
27.2375,0.25,0.25,0.25,0.25,0,0,0,0
27.2477,0.25,0.25,0.25,0.25,0,0,0,0
27.2579,0.25,0.25,0.25,0.25,0,0,0,0
27.2681,0.25,0.25,0.25,0.25,0,0,0,0
27.2783,0.25,0.25,0.25,0.25,0,0,0,0
27.2885,0.25,0.25,0.25,0.25,0,0,0,0
27.2987,0.25,0.25,0.25,0.25,0,0,0,0
27.3089,0.25,0.25,0.25,0.25,0,0,0,0
27.3191,0.25,0.25,0.25,0.25,0,0,0,0
27.3292,0.25,0.25,0.25,0.25,0,0,0,0
27.3393,0.25,0.25,0.25,0.25,0,0,0,0
27.3496,0.25,0.25,0.25,0.25,0,0,0,0
27.3597,0.25,0.25,0.25,0.25,0,0,0,0
27.3698,0.25,0.25,0.25,0.25,0,0,0,0
27.38,0.25,0.25,0.25,0.25,0,0,0,0
27.3901,0.25,0.25,0.25,0.25,0,0,0,0
27.4003,0.25,0.25,0.25,0.25,0,0,0,0
27.4105,0.25,0.25,0.25,0.25,0,0,0,0
27.4207,0.25,0.25,0.25,0.25,0,0,0,0
27.4309,0.25,0.25,0.25,0.25,0,0,0,0
27.4411,0.25,0.25,0.25,0.25,0,0,0,0
27.4513,0.25,0.25,0.25,0.25,0,0,0,0
27.4615,0.25,0.25,0.25,0.25,0,0,0,0
27.4717,0.25,0.25,0.25,0.25,0,0,0,0
27.4819,0.25,0.25,0.25,0.25,0,0,0,0
27.4921,0.25,0.25,0.25,0.25,0,0,0,0
27.5023,0.25,0.25,0.25,0.25,0,0,0,0
27.5125,0.25,0.25,0.25,0.25,0,0,0,0
27.5228,0.25,0.25,0.25,0.25,0,0,0,0
27.5331,0.25,0.25,0.25,0.25,0,0,0,0
27.5432,0.25,0.25,0.25,0.25,0,0,0,0
27.5532,0.25,0.25,0.25,0.25,0,0,0,0
27.5634,0.25,0.25,0.25,0.25,0,0,0,0
27.5736,0.25,0.25,0.25,0.25,0,0,0,0
27.5838,0.25,0.25,0.25,0.25,0,0,0,0
27.594,0.25,0.25,0.25,0.25,0,0,0,0
27.6042,0.25,0.25,0.25,0.25,0,0,0,0
27.6144,0.25,0.25,0.25,0.25,0,0,0,0
27.6246,0.25,0.25,0.25,0.25,0,0,0,0
27.6348,0.25,0.25,0.25,0.25,0,0,0,0
27.645,0.25,0.25,0.25,0.25,0,0,0,0
27.6551,0.25,0.25,0.25,0.25,0,0,0,0
27.6653,0.25,0.25,0.25,0.25,0,0,0,0
27.6756,0.25,0.25,0.25,0.25,0,0,0,0
27.6858,0.25,0.25,0.25,0.25,0,0,0,0
27.6961,0.25,0.25,0.25,0.25,0,0,0,0
27.7063,0.25,0.25,0.25,0.25,0,0,0,0
27.7165,0.25,0.25,0.25,0.25,0,0,0,0
27.7267,0.25,0.25,0.25,0.25,0,0,0,0
27.7369,0.25,0.25,0.25,0.25,0,0,0,0
27.7472,0.25,0.25,0.25,0.25,0,0,0,0
27.7574,0.25,0.25,0.25,0.25,0,0,0,0
27.7677,0.25,0.25,0.25,0.25,0,0,0,0
27.778,0.25,0.25,0.25,0.25,0,0,0,0
27.7882,0.25,0.25,0.25,0.25,0,0,0,0
27.7985,0.25,0.25,0.25,0.25,0,0,0,0
27.8087,0.25,0.25,0.25,0.25,0,0,0,0
27.819,0.25,0.25,0.25,0.25,0,0,0,0
27.8293,0.25,0.25,0.25,0.25,0,0,0,0
27.8396,0.25,0.25,0.25,0.25,0,0,0,0
27.8496,0.25,0.25,0.25,0.25,0,0,0,0
27.8599,0.25,0.25,0.25,0.25,0,0,0,0
27.8701,0.25,0.25,0.25,0.25,0,0,0,0
27.8803,0.25,0.25,0.25,0.25,0,0,0,0
27.8905,0.25,0.25,0.25,0.25,0,0,0,0
27.9006,0.25,0.25,0.25,0.25,0,0,0,0
27.9109,0.25,0.25,0.25,0.25,0,0,0,0
27.921,0.25,0.25,0.25,0.25,0,0,0,0
27.9313,0.25,0.25,0.25,0.25,0,0,0,0
27.9414,0.25,0.25,0.25,0.25,0,0,0,0
27.9518,0.25,0.25,0.25,0.25,0,0,0,0
27.962,0.25,0.25,0.25,0.25,0,0,0,0
27.9722,0.25,0.25,0.25,0.25,0,0,0,0
27.9825,0.25,0.25,0.25,0.25,0,0,0,0
27.9928,0.25,0.25,0.25,0.25,0,0,0,0
28.0029,0.25,0.25,0.25,0.25,0,0,0,0
28.0132,0.25,0.25,0.25,0.25,0,0,0,0
28.0235,0.25,0.25,0.25,0.25,0,0,0,0
28.0335,0.25,0.25,0.25,0.25,0,0,0,0
28.0436,0.25,0.25,0.25,0.25,0,0,0,0
28.0538,0.25,0.25,0.25,0.25,0,0,0,0
28.064,0.25,0.25,0.25,0.25,0,0,0,0
28.0743,0.25,0.25,0.25,0.25,0,0,0,0
28.0846,0.25,0.25,0.25,0.25,0,0,0,0
28.0948,0.25,0.25,0.25,0.25,0,0,0,0
28.105,0.25,0.25,0.25,0.25,0,0,0,0
28.1153,0.25,0.25,0.25,0.25,0,0,0,0
28.1256,0.25,0.25,0.25,0.25,0,0,0,0
28.1358,0.25,0.25,0.25,0.25,0,0,0,0
28.1459,0.25,0.25,0.25,0.25,0,0,0,0
28.156,0.25,0.25,0.25,0.25,0,0,0,0
28.1661,0.25,0.25,0.25,0.25,0,0,0,0
28.1762,0.25,0.25,0.25,0.25,0,0,0,0
28.1863,0.25,0.25,0.25,0.25,0,0,0,0
28.1966,0.25,0.25,0.25,0.25,0,0,0,0
28.2066,0.25,0.25,0.25,0.25,0,0,0,0
28.2168,0.25,0.25,0.25,0.25,0,0,0,0
28.227,0.25,0.25,0.25,0.25,0,0,0,0
28.2372,0.25,0.25,0.25,0.25,0,0,0,0
28.2474,0.25,0.25,0.25,0.25,0,0,0,0
28.2576,0.25,0.25,0.25,0.25,0,0,0,0
28.2678,0.25,0.25,0.25,0.25,0,0,0,0
28.278,0.25,0.25,0.25,0.25,0,0,0,0
28.2883,0.25,0.25,0.25,0.25,0,0,0,0
28.2985,0.25,0.25,0.25,0.25,0,0,0,0
28.3088,0.25,0.25,0.25,0.25,0,0,0,0
28.3191,0.25,0.25,0.25,0.25,0,0,0,0
28.3293,0.25,0.25,0.25,0.25,0,0,0,0
28.3396,0.25,0.25,0.25,0.25,0,0,0,0
28.3497,0.25,0.25,0.25,0.25,0,0,0,0
28.3598,0.25,0.25,0.25,0.25,0,0,0,0
28.3698,0.25,0.25,0.25,0.25,0,0,0,0
28.3799,0.25,0.25,0.25,0.25,0,0,0,0
28.3901,0.25,0.25,0.25,0.25,0,0,0,0
28.4003,0.25,0.25,0.25,0.25,0,0,0,0
28.4105,0.25,0.25,0.25,0.25,0,0,0,0
28.4206,0.25,0.25,0.25,0.25,0,0,0,0
28.4308,0.25,0.25,0.25,0.25,0,0,0,0
28.441,0.25,0.25,0.25,0.25,0,0,0,0
28.4511,0.25,0.25,0.25,0.25,0,0,0,0
28.4613,0.25,0.25,0.25,0.25,0,0,0,0
28.4715,0.25,0.25,0.25,0.25,0,0,0,0
28.4817,0.25,0.25,0.25,0.25,0,0,0,0
28.4919,0.25,0.25,0.25,0.25,0,0,0,0
28.5022,0.25,0.25,0.25,0.25,0,0,0,0
28.5124,0.25,0.25,0.25,0.25,0,0,0,0
28.5227,0.25,0.25,0.25,0.25,0,0,0,0
28.5329,0.25,0.25,0.25,0.25,0,0,0,0
28.5431,0.25,0.25,0.25,0.25,0,0,0,0
28.5532,0.25,0.25,0.25,0.25,0,0,0,0
28.5634,0.25,0.25,0.25,0.25,0,0,0,0
28.5736,0.25,0.25,0.25,0.25,0,0,0,0
28.5839,0.25,0.25,0.25,0.25,0,0,0,0
28.5941,0.25,0.25,0.25,0.25,0,0,0,0
28.6044,0.25,0.25,0.25,0.25,0,0,0,0
28.6147,0.25,0.25,0.25,0.25,0,0,0,0
28.6249,0.25,0.25,0.25,0.25,0,0,0,0
28.6352,0.25,0.25,0.25,0.25,0,0,0,0
28.6455,0.25,0.25,0.25,0.25,0,0,0,0
28.6557,0.25,0.25,0.25,0.25,0,0,0,0
28.6659,0.25,0.25,0.25,0.25,0,0,0,0
28.6762,0.25,0.25,0.25,0.25,0,0,0,0
28.6865,0.25,0.25,0.25,0.25,0,0,0,0
28.6967,0.25,0.25,0.25,0.25,0,0,0,0
28.707,0.25,0.25,0.25,0.25,0,0,0,0
28.7173,0.25,0.25,0.25,0.25,0,0,0,0
28.7275,0.25,0.25,0.25,0.25,0,0,0,0
28.7377,0.25,0.25,0.25,0.25,0,0,0,0
28.748,0.25,0.25,0.25,0.25,0,0,0,0
28.7582,0.25,0.25,0.25,0.25,0,0,0,0
28.7684,0.25,0.25,0.25,0.25,0,0,0,0
28.7787,0.25,0.25,0.25,0.25,0,0,0,0
28.789,0.25,0.25,0.25,0.25,0,0,0,0
28.7993,0.25,0.25,0.25,0.25,0,0,0,0
28.8095,0.25,0.25,0.25,0.25,0,0,0,0
28.8198,0.25,0.25,0.25,0.25,0,0,0,0
28.8299,0.25,0.25,0.25,0.25,0,0,0,0
28.84,0.25,0.25,0.25,0.25,0,0,0,0
28.8503,0.25,0.25,0.25,0.25,0,0,0,0
28.8605,0.25,0.25,0.25,0.25,0,0,0,0
28.8707,0.25,0.25,0.25,0.25,0,0,0,0
28.881,0.25,0.25,0.25,0.25,0,0,0,0
28.8912,0.25,0.25,0.25,0.25,0,0,0,0
28.9018,0.25,0.25,0.25,0.25,0,0,0,0
28.912,0.25,0.25,0.25,0.25,0,0,0,0
28.9223,0.25,0.25,0.25,0.25,0,0,0,0
28.9326,0.25,0.25,0.25,0.25,0,0,0,0
28.9428,0.25,0.25,0.25,0.25,0,0,0,0
28.9529,0.25,0.25,0.25,0.25,0,0,0,0
28.9631,0.25,0.25,0.25,0.25,0,0,0,0
28.9733,0.25,0.25,0.25,0.25,0,0,0,0
28.9835,0.25,0.25,0.25,0.25,0,0,0,0
28.9937,0.25,0.25,0.25,0.25,0,0,0,0
29.0039,0.25,0.25,0.25,0.25,0,0,0,0
29.0141,0.25,0.25,0.25,0.25,0,0,0,0
29.0243,0.25,0.25,0.25,0.25,0,0,0,0
29.0345,0.25,0.25,0.25,0.25,0,0,0,0
29.0445,0.25,0.25,0.25,0.25,0,0,0,0
29.0547,0.25,0.25,0.25,0.25,0,0,0,0
29.0649,0.25,0.25,0.25,0.25,0,0,0,0
29.0751,0.25,0.25,0.25,0.25,0,0,0,0
29.0854,0.25,0.25,0.25,0.25,0,0,0,0
29.0956,0.25,0.25,0.25,0.25,0,0,0,0
29.106,0.25,0.25,0.25,0.25,0,0,0,0
29.1163,0.25,0.25,0.25,0.25,0,0,0,0
29.1265,0.25,0.25,0.25,0.25,0,0,0,0
29.1367,0.25,0.25,0.25,0.25,0,0,0,0
29.1467,0.25,0.25,0.25,0.25,0,0,0,0
29.1569,0.25,0.25,0.25,0.25,0,0,0,0
29.1672,0.25,0.25,0.25,0.25,0,0,0,0
29.1774,0.25,0.25,0.25,0.25,0,0,0,0
29.1877,0.25,0.25,0.25,0.25,0,0,0,0
29.1979,0.25,0.25,0.25,0.25,0,0,0,0
29.2082,0.25,0.25,0.25,0.25,0,0,0,0
29.2185,0.25,0.25,0.25,0.25,0,0,0,0
29.2286,0.25,0.25,0.25,0.25,0,0,0,0
29.2389,0.25,0.25,0.25,0.25,0,0,0,0
29.2492,0.25,0.25,0.25,0.25,0,0,0,0
29.2593,0.25,0.25,0.25,0.25,0,0,0,0
29.2695,0.25,0.25,0.25,0.25,0,0,0,0
29.2798,0.25,0.25,0.25,0.25,0,0,0,0
29.2901,0.25,0.25,0.25,0.25,0,0,0,0
29.3003,0.25,0.25,0.25,0.25,0,0,0,0
29.3106,0.25,0.25,0.25,0.25,0,0,0,0
29.3209,0.25,0.25,0.25,0.25,0,0,0,0
29.3311,0.25,0.25,0.25,0.25,0,0,0,0
29.3414,0.25,0.25,0.25,0.25,0,0,0,0
29.3516,0.25,0.25,0.25,0.25,0,0,0,0
29.3619,0.25,0.25,0.25,0.25,0,0,0,0
29.3721,0.25,0.25,0.25,0.25,0,0,0,0
29.3824,0.25,0.25,0.25,0.25,0,0,0,0
29.3926,0.25,0.25,0.25,0.25,0,0,0,0
29.4029,0.25,0.25,0.25,0.25,0,0,0,0
29.4131,0.25,0.25,0.25,0.25,0,0,0,0
29.4234,0.25,0.25,0.25,0.25,0,0,0,0
29.4337,0.25,0.25,0.25,0.25,0,0,0,0
29.4439,0.25,0.25,0.25,0.25,0,0,0,0
29.4541,0.25,0.25,0.25,0.25,0,0,0,0
29.4643,0.25,0.25,0.25,0.25,0,0,0,0
29.4746,0.25,0.25,0.25,0.25,0,0,0,0
29.4847,0.25,0.25,0.25,0.25,0,0,0,0
29.495,0.25,0.25,0.25,0.25,0,0,0,0
29.5052,0.25,0.25,0.25,0.25,0,0,0,0
29.5154,0.25,0.25,0.25,0.25,0,0,0,0
29.5256,0.25,0.25,0.25,0.25,0,0,0,0
29.5358,0.25,0.25,0.25,0.25,0,0,0,0
29.546,0.25,0.25,0.25,0.25,0,0,0,0
29.5562,0.25,0.25,0.25,0.25,0,0,0,0
29.5663,0.25,0.25,0.25,0.25,0,0,0,0
29.5765,0.25,0.25,0.25,0.25,0,0,0,0
29.5867,0.25,0.25,0.25,0.25,0,0,0,0
29.5969,0.25,0.25,0.25,0.25,0,0,0,0
29.6071,0.25,0.25,0.25,0.25,0,0,0,0
29.6173,0.25,0.25,0.25,0.25,0,0,0,0
29.6275,0.25,0.25,0.25,0.25,0,0,0,0
29.6377,0.25,0.25,0.25,0.25,0,0,0,0
29.6479,0.25,0.25,0.25,0.25,0,0,0,0
29.6581,0.25,0.25,0.25,0.25,0,0,0,0
29.6683,0.25,0.25,0.25,0.25,0,0,0,0
29.6785,0.25,0.25,0.25,0.25,0,0,0,0
29.6887,0.25,0.25,0.25,0.25,0,0,0,0
29.6989,0.25,0.25,0.25,0.25,0,0,0,0
29.7092,0.25,0.25,0.25,0.25,0,0,0,0
29.7194,0.25,0.25,0.25,0.25,0,0,0,0
29.7296,0.25,0.25,0.25,0.25,0,0,0,0
29.7398,0.25,0.25,0.25,0.25,0,0,0,0
29.75,0.25,0.25,0.25,0.25,0,0,0,0
29.7601,0.25,0.25,0.25,0.25,0,0,0,0
29.7703,0.25,0.25,0.25,0.25,0,0,0,0
29.7805,0.25,0.25,0.25,0.25,0,0,0,0
29.7907,0.25,0.25,0.25,0.25,0,0,0,0
29.8008,0.25,0.25,0.25,0.25,0,0,0,0
29.811,0.25,0.25,0.25,0.25,0,0,0,0
29.8212,0.25,0.25,0.25,0.25,0,0,0,0
29.8314,0.25,0.25,0.25,0.25,0,0,0,0
29.8416,0.25,0.25,0.25,0.25,0,0,0,0
29.8518,0.25,0.25,0.25,0.25,0,0,0,0
29.862,0.25,0.25,0.25,0.25,0,0,0,0
29.8721,0.25,0.25,0.25,0.25,0,0,0,0
29.8823,0.25,0.25,0.25,0.25,0,0,0,0
29.8926,0.25,0.25,0.25,0.25,0,0,0,0
29.9026,0.25,0.25,0.25,0.25,0,0,0,0
29.9128,0.25,0.25,0.25,0.25,0,0,0,0
29.9228,0.25,0.25,0.25,0.25,0,0,0,0
29.933,0.25,0.25,0.25,0.25,0,0,0,0
29.9432,0.25,0.25,0.25,0.25,0,0,0,0
29.9534,0.25,0.25,0.25,0.25,0,0,0,0
29.9636,0.25,0.25,0.25,0.25,0,0,0,0
29.9738,0.25,0.25,0.25,0.25,0,0,0,0
29.9841,0.25,0.25,0.25,0.25,0,0,0,0
29.9943,0.25,0.25,0.25,0.25,0,0,0,0
30.0046,0.25,0.25,0.25,0.25,0,0,0,0
30.0149,0.25,0.25,0.25,0.25,0,0,0,0
30.0251,0.25,0.25,0.25,0.25,0,0,0,0
30.0352,0.25,0.25,0.25,0.25,0,0,0,0
30.0453,0.25,0.25,0.25,0.25,0,0,0,0
30.0555,0.25,0.25,0.25,0.25,0,0,0,0
30.0657,0.25,0.25,0.25,0.25,0,0,0,0
30.0759,0.25,0.25,0.25,0.25,0,0,0,0
30.0861,0.25,0.25,0.25,0.25,0,0,0,0
30.0963,0.25,0.25,0.25,0.25,0,0,0,0
30.1065,0.25,0.25,0.25,0.25,0,0,0,0
30.1167,0.25,0.25,0.25,0.25,0,0,0,0
30.1269,0.25,0.25,0.25,0.25,0,0,0,0
30.1371,0.25,0.25,0.25,0.25,0,0,0,0
30.1473,0.25,0.25,0.25,0.25,0,0,0,0
30.1575,0.25,0.25,0.25,0.25,0,0,0,0
30.1677,0.25,0.25,0.25,0.25,0,0,0,0
30.1778,0.25,0.25,0.25,0.25,0,0,0,0
30.1879,0.25,0.25,0.25,0.25,0,0,0,0
30.198,0.25,0.25,0.25,0.25,0,0,0,0
30.2081,0.25,0.25,0.25,0.25,0,0,0,0
30.2183,0.25,0.25,0.25,0.25,0,0,0,0
30.2286,0.25,0.25,0.25,0.25,0,0,0,0
30.2388,0.25,0.25,0.25,0.25,0,0,0,0
30.2491,0.25,0.25,0.25,0.25,0,0,0,0
30.2594,0.25,0.25,0.25,0.25,0,0,0,0
30.2696,0.25,0.25,0.25,0.25,0,0,0,0
30.2798,0.25,0.25,0.25,0.25,0,0,0,0
30.2901,0.25,0.25,0.25,0.25,0,0,0,0
30.3003,0.25,0.25,0.25,0.25,0,0,0,0
30.3106,0.25,0.25,0.25,0.25,0,0,0,0
30.3209,0.25,0.25,0.25,0.25,0,0,0,0
30.3311,0.25,0.25,0.25,0.25,0,0,0,0
30.3414,0.25,0.25,0.25,0.25,0,0,0,0
30.3516,0.25,0.25,0.25,0.25,0,0,0,0
30.3619,0.25,0.25,0.25,0.25,0,0,0,0
30.3721,0.25,0.25,0.25,0.25,0,0,0,0
30.3824,0.25,0.25,0.25,0.25,0,0,0,0
30.3924,0.25,0.25,0.25,0.25,0,0,0,0
30.4027,0.25,0.25,0.25,0.25,0,0,0,0
30.4129,0.25,0.25,0.25,0.25,0,0,0,0
30.423,0.25,0.25,0.25,0.25,0,0,0,0
30.4331,0.25,0.25,0.25,0.25,0,0,0,0
30.4434,0.25,0.25,0.25,0.25,0,0,0,0
30.4535,0.25,0.25,0.25,0.25,0,0,0,0
30.4636,0.25,0.25,0.25,0.25,0,0,0,0
30.4739,0.25,0.25,0.25,0.25,0,0,0,0
30.4841,0.25,0.25,0.25,0.25,0,0,0,0
30.4943,0.25,0.25,0.25,0.25,0,0,0,0
30.5046,0.25,0.25,0.25,0.25,0,0,0,0
30.5148,0.25,0.25,0.25,0.25,0,0,0,0
30.5251,0.25,0.25,0.25,0.25,0,0,0,0
30.5354,0.25,0.25,0.25,0.25,0,0,0,0
30.5456,0.25,0.25,0.25,0.25,0,0,0,0
30.5558,0.25,0.25,0.25,0.25,0,0,0,0
30.566,0.25,0.25,0.25,0.25,0,0,0,0
30.5761,0.25,0.25,0.25,0.25,0,0,0,0
30.5864,0.25,0.25,0.25,0.25,0,0,0,0
30.5967,0.25,0.25,0.25,0.25,0,0,0,0
30.6068,0.25,0.25,0.25,0.25,0,0,0,0
30.6171,0.25,0.25,0.25,0.25,0,0,0,0
30.6273,0.25,0.25,0.25,0.25,0,0,0,0
30.6376,0.25,0.25,0.25,0.25,0,0,0,0
30.6478,0.25,0.25,0.25,0.25,0,0,0,0
30.6581,0.25,0.25,0.25,0.25,0,0,0,0
30.6684,0.25,0.25,0.25,0.25,0,0,0,0
30.6786,0.25,0.25,0.25,0.25,0,0,0,0
30.6889,0.25,0.25,0.25,0.25,0,0,0,0
30.6991,0.25,0.25,0.25,0.25,0,0,0,0
30.7094,0.25,0.25,0.25,0.25,0,0,0,0
30.7197,0.25,0.25,0.25,0.25,0,0,0,0
30.7298,0.25,0.25,0.25,0.25,0,0,0,0
30.7399,0.25,0.25,0.25,0.25,0,0,0,0
30.7502,0.25,0.25,0.25,0.25,0,0,0,0
30.7602,0.25,0.25,0.25,0.25,0,0,0,0
30.7704,0.25,0.25,0.25,0.25,0,0,0,0
30.7806,0.25,0.25,0.25,0.25,0,0,0,0
30.7908,0.25,0.25,0.25,0.25,0,0,0,0
30.801,0.25,0.25,0.25,0.25,0,0,0,0
30.8112,0.25,0.25,0.25,0.25,0,0,0,0
30.8214,0.25,0.25,0.25,0.25,0,0,0,0
30.8316,0.25,0.25,0.25,0.25,0,0,0,0
30.8418,0.25,0.25,0.25,0.25,0,0,0,0
30.852,0.25,0.25,0.25,0.25,0,0,0,0
30.8622,0.25,0.25,0.25,0.25,0,0,0,0
30.8724,0.25,0.25,0.25,0.25,0,0,0,0
30.8825,0.25,0.25,0.25,0.25,0,0,0,0
30.8926,0.25,0.25,0.25,0.25,0,0,0,0
30.9029,0.25,0.25,0.25,0.25,0,0,0,0
30.9133,0.25,0.25,0.25,0.25,0,0,0,0
30.9235,0.25,0.25,0.25,0.25,0,0,0,0
30.9337,0.25,0.25,0.25,0.25,0,0,0,0
30.944,0.25,0.25,0.25,0.25,0,0,0,0
30.9543,0.25,0.25,0.25,0.25,0,0,0,0
30.9645,0.25,0.25,0.25,0.25,0,0,0,0
30.9747,0.25,0.25,0.25,0.25,0,0,0,0
30.9849,0.25,0.25,0.25,0.25,0,0,0,0
30.9951,0.25,0.25,0.25,0.25,0,0,0,0
31.0054,0.25,0.25,0.25,0.25,0,0,0,0
31.0156,0.25,0.25,0.25,0.25,0,0,0,0
31.026,0.25,0.25,0.25,0.25,0,0,0,0
31.0361,0.25,0.25,0.25,0.25,0,0,0,0
31.0462,0.25,0.25,0.25,0.25,0,0,0,0
31.0562,0.25,0.25,0.25,0.25,0,0,0,0
31.0663,0.25,0.25,0.25,0.25,0,0,0,0
31.0765,0.25,0.25,0.25,0.25,0,0,0,0
31.0866,0.25,0.25,0.25,0.25,0,0,0,0
31.0969,0.25,0.25,0.25,0.25,0,0,0,0
31.1071,0.25,0.25,0.25,0.25,0,0,0,0
31.1174,0.25,0.25,0.25,0.25,0,0,0,0
31.1276,0.25,0.25,0.25,0.25,0,0,0,0
31.1378,0.25,0.25,0.25,0.25,0,0,0,0
31.1481,0.25,0.25,0.25,0.25,0,0,0,0
31.1584,0.25,0.25,0.25,0.25,0,0,0,0
31.1686,0.25,0.25,0.25,0.25,0,0,0,0
31.1788,0.25,0.25,0.25,0.25,0,0,0,0
31.1891,0.25,0.25,0.25,0.25,0,0,0,0
31.1993,0.25,0.25,0.25,0.25,0,0,0,0
31.2096,0.25,0.25,0.25,0.25,0,0,0,0
31.2198,0.25,0.25,0.25,0.25,0,0,0,0
31.23,0.25,0.25,0.25,0.25,0,0,0,0
31.2403,0.25,0.25,0.25,0.25,0,0,0,0
31.2506,0.25,0.25,0.25,0.25,0,0,0,0
31.2608,0.25,0.25,0.25,0.25,0,0,0,0
31.271,0.25,0.25,0.25,0.25,0,0,0,0
31.2813,0.25,0.25,0.25,0.25,0,0,0,0
31.2916,0.25,0.25,0.25,0.25,0,0,0,0
31.3018,0.25,0.25,0.25,0.25,0,0,0,0
31.3121,0.25,0.25,0.25,0.25,0,0,0,0
31.3224,0.25,0.25,0.25,0.25,0,0,0,0
31.3326,0.25,0.25,0.25,0.25,0,0,0,0
31.3427,0.25,0.25,0.25,0.25,0,0,0,0
31.3528,0.25,0.25,0.25,0.25,0,0,0,0
31.3629,0.25,0.25,0.25,0.25,0,0,0,0
31.3731,0.25,0.25,0.25,0.25,0,0,0,0
31.3833,0.25,0.25,0.25,0.25,0,0,0,0
31.3933,0.25,0.25,0.25,0.25,0,0,0,0
31.4036,0.25,0.25,0.25,0.25,0,0,0,0
31.4139,0.25,0.25,0.25,0.25,0,0,0,0
31.4242,0.25,0.25,0.25,0.25,0,0,0,0
31.4344,0.25,0.25,0.25,0.25,0,0,0,0
31.4447,0.25,0.25,0.25,0.25,0,0,0,0
31.4549,0.25,0.25,0.25,0.25,0,0,0,0
31.4651,0.25,0.25,0.25,0.25,0,0,0,0
31.4754,0.25,0.25,0.25,0.25,0,0,0,0
31.4857,0.25,0.25,0.25,0.25,0,0,0,0
31.496,0.25,0.25,0.25,0.25,0,0,0,0
31.5063,0.25,0.25,0.25,0.25,0,0,0,0
31.5165,0.25,0.25,0.25,0.25,0,0,0,0
31.5267,0.25,0.25,0.25,0.25,0,0,0,0
31.5369,0.25,0.25,0.25,0.25,0,0,0,0
31.5472,0.25,0.25,0.25,0.25,0,0,0,0
31.5574,0.25,0.25,0.25,0.25,0,0,0,0
31.5677,0.25,0.25,0.25,0.25,0,0,0,0
31.5779,0.25,0.25,0.25,0.25,0,0,0,0
31.5881,0.25,0.25,0.25,0.25,0,0,0,0
31.5984,0.25,0.25,0.25,0.25,0,0,0,0
31.6087,0.25,0.25,0.25,0.25,0,0,0,0
31.6189,0.25,0.25,0.25,0.25,0,0,0,0
31.6292,0.25,0.25,0.25,0.25,0,0,0,0
31.6395,0.25,0.25,0.25,0.25,0,0,0,0
31.6497,0.25,0.25,0.25,0.25,0,0,0,0
31.6598,0.25,0.25,0.25,0.25,0,0,0,0
31.67,0.25,0.25,0.25,0.25,0,0,0,0
31.6802,0.25,0.25,0.25,0.25,0,0,0,0
31.6904,0.25,0.25,0.25,0.25,0,0,0,0
31.7007,0.25,0.25,0.25,0.25,0,0,0,0
31.711,0.25,0.25,0.25,0.25,0,0,0,0
31.7212,0.25,0.25,0.25,0.25,0,0,0,0
31.7315,0.25,0.25,0.25,0.25,0,0,0,0
31.7418,0.25,0.25,0.25,0.25,0,0,0,0
31.752,0.25,0.25,0.25,0.25,0,0,0,0
31.7622,0.25,0.25,0.25,0.25,0,0,0,0
31.7725,0.25,0.25,0.25,0.25,0,0,0,0
31.7828,0.25,0.25,0.25,0.25,0,0,0,0
31.793,0.25,0.25,0.25,0.25,0,0,0,0
31.8032,0.25,0.25,0.25,0.25,0,0,0,0
31.8134,0.25,0.25,0.25,0.25,0,0,0,0
31.8237,0.25,0.25,0.25,0.25,0,0,0,0
31.834,0.25,0.25,0.25,0.25,0,0,0,0
31.8442,0.25,0.25,0.25,0.25,0,0,0,0
31.8543,0.25,0.25,0.25,0.25,0,0,0,0
31.8646,0.25,0.25,0.25,0.25,0,0,0,0
31.8748,0.25,0.25,0.25,0.25,0,0,0,0
31.8851,0.25,0.25,0.25,0.25,0,0,0,0
31.8954,0.25,0.25,0.25,0.25,0,0,0,0
31.9056,0.25,0.25,0.25,0.25,0,0,0,0
31.9159,0.25,0.25,0.25,0.25,0,0,0,0
31.9262,0.25,0.25,0.25,0.25,0,0,0,0
31.9363,0.25,0.25,0.25,0.25,0,0,0,0
31.9466,0.25,0.25,0.25,0.25,0,0,0,0
31.9567,0.25,0.25,0.25,0.25,0,0,0,0
31.9669,0.25,0.25,0.25,0.25,0,0,0,0
31.9771,0.25,0.25,0.25,0.25,0,0,0,0
31.9874,0.25,0.25,0.25,0.25,0,0,0,0
31.9977,0.25,0.25,0.25,0.25,0,0,0,0
32.0079,0.25,0.25,0.25,0.25,0,0,0,0
32.0182,0.25,0.25,0.25,0.25,0,0,0,0
32.0284,0.25,0.25,0.25,0.25,0,0,0,0
32.0387,0.25,0.25,0.25,0.25,0,0,0,0
32.049,0.25,0.25,0.25,0.25,0,0,0,0
32.0593,0.25,0.25,0.25,0.25,0,0,0,0
32.0694,0.25,0.25,0.25,0.25,0,0,0,0
32.0796,0.25,0.25,0.25,0.25,0,0,0,0
32.0898,0.25,0.25,0.25,0.25,0,0,0,0
32.1,0.25,0.25,0.25,0.25,0,0,0,0
32.1102,0.25,0.25,0.25,0.25,0,0,0,0
32.1204,0.25,0.25,0.25,0.25,0,0,0,0
32.1306,0.25,0.25,0.25,0.25,0,0,0,0
32.1408,0.25,0.25,0.25,0.25,0,0,0,0
32.151,0.25,0.25,0.25,0.25,0,0,0,0
32.1612,0.25,0.25,0.25,0.25,0,0,0,0
32.1714,0.25,0.25,0.25,0.25,0,0,0,0
32.1816,0.25,0.25,0.25,0.25,0,0,0,0
32.1918,0.25,0.25,0.25,0.25,0,0,0,0
32.2021,0.25,0.25,0.25,0.25,0,0,0,0
32.2123,0.25,0.25,0.25,0.25,0,0,0,0
32.2226,0.25,0.25,0.25,0.25,0,0,0,0
32.2327,0.25,0.25,0.25,0.25,0,0,0,0
32.2428,0.25,0.25,0.25,0.25,0,0,0,0
32.253,0.25,0.25,0.25,0.25,0,0,0,0
32.2632,0.25,0.25,0.25,0.25,0,0,0,0
32.2734,0.25,0.25,0.25,0.25,0,0,0,0
32.2836,0.25,0.25,0.25,0.25,0,0,0,0
32.2938,0.25,0.25,0.25,0.25,0,0,0,0
32.304,0.25,0.25,0.25,0.25,0,0,0,0
32.3141,0.25,0.25,0.25,0.25,0,0,0,0
32.3243,0.25,0.25,0.25,0.25,0,0,0,0
32.3345,0.25,0.25,0.25,0.25,0,0,0,0
32.3447,0.25,0.25,0.25,0.25,0,0,0,0
32.3549,0.25,0.25,0.25,0.25,0,0,0,0
32.3651,0.25,0.25,0.25,0.25,0,0,0,0
32.3753,0.25,0.25,0.25,0.25,0,0,0,0
32.3854,0.25,0.25,0.25,0.25,0,0,0,0
32.3957,0.25,0.25,0.25,0.25,0,0,0,0
32.4058,0.25,0.25,0.25,0.25,0,0,0,0
32.4159,0.25,0.25,0.25,0.25,0,0,0,0
32.4262,0.25,0.25,0.25,0.25,0,0,0,0
32.4365,0.25,0.25,0.25,0.25,0,0,0,0
32.4467,0.25,0.25,0.25,0.25,0,0,0,0
32.4568,0.25,0.25,0.25,0.25,0,0,0,0
32.4669,0.25,0.25,0.25,0.25,0,0,0,0
32.4771,0.25,0.25,0.25,0.25,0,0,0,0
32.4873,0.25,0.25,0.25,0.25,0,0,0,0
32.4976,0.25,0.25,0.25,0.25,0,0,0,0
32.5078,0.25,0.25,0.25,0.25,0,0,0,0
32.5181,0.25,0.25,0.25,0.25,0,0,0,0
32.5284,0.25,0.25,0.25,0.25,0,0,0,0
32.5386,0.25,0.25,0.25,0.25,0,0,0,0
32.5488,0.25,0.25,0.25,0.25,0,0,0,0
32.5591,0.25,0.25,0.25,0.25,0,0,0,0
32.5693,0.25,0.25,0.25,0.25,0,0,0,0
32.5796,0.25,0.25,0.25,0.25,0,0,0,0
32.5898,0.25,0.25,0.25,0.25,0,0,0,0
32.5999,0.25,0.25,0.25,0.25,0,0,0,0
32.6101,0.25,0.25,0.25,0.25,0,0,0,0
32.6201,0.25,0.25,0.25,0.25,0,0,0,0
32.6304,0.25,0.25,0.25,0.25,0,0,0,0
32.6406,0.25,0.25,0.25,0.25,0,0,0,0
32.6508,0.25,0.25,0.25,0.25,0,0,0,0
32.661,0.25,0.25,0.25,0.25,0,0,0,0
32.6712,0.25,0.25,0.25,0.25,0,0,0,0
32.6814,0.25,0.25,0.25,0.25,0,0,0,0
32.6916,0.25,0.25,0.25,0.25,0,0,0,0
32.7018,0.25,0.25,0.25,0.25,0,0,0,0
32.7119,0.25,0.25,0.25,0.25,0,0,0,0
32.722,0.25,0.25,0.25,0.25,0,0,0,0
32.7322,0.25,0.25,0.25,0.25,0,0,0,0
32.7424,0.25,0.25,0.25,0.25,0,0,0,0
32.7526,0.25,0.25,0.25,0.25,0,0,0,0
32.7628,0.25,0.25,0.25,0.25,0,0,0,0
32.773,0.25,0.25,0.25,0.25,0,0,0,0
32.7832,0.25,0.25,0.25,0.25,0,0,0,0
32.7935,0.25,0.25,0.25,0.25,0,0,0,0
32.8037,0.25,0.25,0.25,0.25,0,0,0,0
32.8139,0.25,0.25,0.25,0.25,0,0,0,0
32.8241,0.25,0.25,0.25,0.25,0,0,0,0
32.8343,0.25,0.25,0.25,0.25,0,0,0,0
32.8445,0.25,0.25,0.25,0.25,0,0,0,0
32.8547,0.25,0.25,0.25,0.25,0,0,0,0
32.8649,0.25,0.25,0.25,0.25,0,0,0,0
32.8751,0.25,0.25,0.25,0.25,0,0,0,0
32.8853,0.25,0.25,0.25,0.25,0,0,0,0
32.8955,0.25,0.25,0.25,0.25,0,0,0,0
32.9057,0.25,0.25,0.25,0.25,0,0,0,0
32.9159,0.25,0.25,0.25,0.25,0,0,0,0
32.9261,0.25,0.25,0.25,0.25,0,0,0,0
32.9363,0.25,0.25,0.25,0.25,0,0,0,0
32.9465,0.25,0.25,0.25,0.25,0,0,0,0
32.9567,0.25,0.25,0.25,0.25,0,0,0,0
32.9669,0.25,0.25,0.25,0.25,0,0,0,0
32.9771,0.25,0.25,0.25,0.25,0,0,0,0
32.9873,0.25,0.25,0.25,0.25,0,0,0,0
32.9975,0.25,0.25,0.25,0.25,0,0,0,0
33.0077,0.25,0.25,0.25,0.25,0,0,0,0
33.0179,0.25,0.25,0.25,0.25,0,0,0,0
33.0282,0.25,0.25,0.25,0.25,0,0,0,0
33.0385,0.25,0.25,0.25,0.25,0,0,0,0
33.0488,0.25,0.25,0.25,0.25,0,0,0,0
33.059,0.25,0.25,0.25,0.25,0,0,0,0
33.0693,0.25,0.25,0.25,0.25,0,0,0,0
33.0795,0.25,0.25,0.25,0.25,0,0,0,0
33.0898,0.25,0.25,0.25,0.25,0,0,0,0
33.0999,0.25,0.25,0.25,0.25,0,0,0,0
33.1101,0.25,0.25,0.25,0.25,0,0,0,0
33.1201,0.25,0.25,0.25,0.25,0,0,0,0
33.1303,0.25,0.25,0.25,0.25,0,0,0,0
33.1405,0.25,0.25,0.25,0.25,0,0,0,0
33.1507,0.25,0.25,0.25,0.25,0,0,0,0
33.161,0.25,0.25,0.25,0.25,0,0,0,0
33.1712,0.25,0.25,0.25,0.25,0,0,0,0
33.1814,0.25,0.25,0.25,0.25,0,0,0,0
33.1916,0.25,0.25,0.25,0.25,0,0,0,0
33.2019,0.25,0.25,0.25,0.25,0,0,0,0
33.2122,0.25,0.25,0.25,0.25,0,0,0,0
33.2224,0.25,0.25,0.25,0.25,0,0,0,0
33.2328,0.25,0.25,0.25,0.25,0,0,0,0
33.243,0.25,0.25,0.25,0.25,0,0,0,0
33.2533,0.25,0.25,0.25,0.25,0,0,0,0
33.2633,0.25,0.25,0.25,0.25,0,0,0,0
33.2734,0.25,0.25,0.25,0.25,0,0,0,0
33.2836,0.25,0.25,0.25,0.25,0,0,0,0
33.2938,0.25,0.25,0.25,0.25,0,0,0,0
33.304,0.25,0.25,0.25,0.25,0,0,0,0
33.3142,0.25,0.25,0.25,0.25,0,0,0,0
33.3244,0.25,0.25,0.25,0.25,0,0,0,0
33.3346,0.25,0.25,0.25,0.25,0,0,0,0
33.3449,0.25,0.25,0.25,0.25,0,0,0,0
33.355,0.25,0.25,0.25,0.25,0,0,0,0
33.3652,0.25,0.25,0.25,0.25,0,0,0,0
33.3754,0.25,0.25,0.25,0.25,0,0,0,0
33.3856,0.25,0.25,0.25,0.25,0,0,0,0
33.3958,0.25,0.25,0.25,0.25,0,0,0,0
33.4059,0.25,0.25,0.25,0.25,0,0,0,0
33.4161,0.25,0.25,0.25,0.25,0,0,0,0
33.4263,0.25,0.25,0.25,0.25,0,0,0,0
33.4365,0.25,0.25,0.25,0.25,0,0,0,0
33.4466,0.25,0.25,0.25,0.25,0,0,0,0
33.4568,0.25,0.25,0.25,0.25,0,0,0,0
33.4669,0.25,0.25,0.25,0.25,0,0,0,0
33.477,0.25,0.25,0.25,0.25,0,0,0,0
33.4872,0.25,0.25,0.25,0.25,0,0,0,0
33.4974,0.25,0.25,0.25,0.25,0,0,0,0
33.5077,0.25,0.25,0.25,0.25,0,0,0,0
33.5179,0.25,0.25,0.25,0.25,0,0,0,0
33.528,0.25,0.25,0.25,0.25,0,0,0,0
33.5382,0.25,0.25,0.25,0.25,0,0,0,0
33.5485,0.25,0.25,0.25,0.25,0,0,0,0
33.5588,0.25,0.25,0.25,0.25,0,0,0,0
33.569,0.25,0.25,0.25,0.25,0,0,0,0
33.5792,0.25,0.25,0.25,0.25,0,0,0,0
33.5894,0.25,0.25,0.25,0.25,0,0,0,0
33.5996,0.25,0.25,0.25,0.25,0,0,0,0
33.6097,0.25,0.25,0.25,0.25,0,0,0,0
33.6199,0.25,0.25,0.25,0.25,0,0,0,0
33.6302,0.25,0.25,0.25,0.25,0,0,0,0
33.6405,0.25,0.25,0.25,0.25,0,0,0,0
33.6507,0.25,0.25,0.25,0.25,0,0,0,0
33.6608,0.25,0.25,0.25,0.25,0,0,0,0
33.671,0.25,0.25,0.25,0.25,0,0,0,0
33.6812,0.25,0.25,0.25,0.25,0,0,0,0
33.6913,0.25,0.25,0.25,0.25,0,0,0,0
33.7015,0.25,0.25,0.25,0.25,0,0,0,0
33.7117,0.25,0.25,0.25,0.25,0,0,0,0
33.7219,0.25,0.25,0.25,0.25,0,0,0,0
33.7321,0.25,0.25,0.25,0.25,0,0,0,0
33.7423,0.25,0.25,0.25,0.25,0,0,0,0
33.7526,0.25,0.25,0.25,0.25,0,0,0,0
33.7626,0.25,0.25,0.25,0.25,0,0,0,0
33.7727,0.25,0.25,0.25,0.25,0,0,0,0
33.7829,0.25,0.25,0.25,0.25,0,0,0,0
33.793,0.25,0.25,0.25,0.25,0,0,0,0
33.8033,0.25,0.25,0.25,0.25,0,0,0,0
33.8135,0.25,0.25,0.25,0.25,0,0,0,0
33.8238,0.25,0.25,0.25,0.25,0,0,0,0
33.834,0.25,0.25,0.25,0.25,0,0,0,0
33.8443,0.25,0.25,0.25,0.25,0,0,0,0
33.8545,0.25,0.25,0.25,0.25,0,0,0,0
33.8648,0.25,0.25,0.25,0.25,0,0,0,0
33.875,0.25,0.25,0.25,0.25,0,0,0,0
33.8853,0.25,0.25,0.25,0.25,0,0,0,0
33.8955,0.25,0.25,0.25,0.25,0,0,0,0
33.9058,0.25,0.25,0.25,0.25,0,0,0,0
33.9159,0.25,0.25,0.25,0.25,0,0,0,0
33.9262,0.25,0.25,0.25,0.25,0,0,0,0
33.9365,0.25,0.25,0.25,0.25,0,0,0,0
33.9467,0.25,0.25,0.25,0.25,0,0,0,0
33.9569,0.25,0.25,0.25,0.25,0,0,0,0
33.9671,0.25,0.25,0.25,0.25,0,0,0,0
33.9773,0.25,0.25,0.25,0.25,0,0,0,0
33.9876,0.25,0.25,0.25,0.25,0,0,0,0
33.9978,0.25,0.25,0.25,0.25,0,0,0,0
34.008,0.25,0.25,0.25,0.25,0,0,0,0
34.0183,0.25,0.25,0.25,0.25,0,0,0,0
34.0286,0.25,0.25,0.25,0.25,0,0,0,0
34.0388,0.25,0.25,0.25,0.25,0,0,0,0
34.0491,0.25,0.25,0.25,0.25,0,0,0,0
34.0593,0.25,0.25,0.25,0.25,0,0,0,0
34.0695,0.25,0.25,0.25,0.25,0,0,0,0
34.0796,0.25,0.25,0.25,0.25,0,0,0,0
34.0898,0.25,0.25,0.25,0.25,0,0,0,0
34.1,0.25,0.25,0.25,0.25,0,0,0,0
34.1102,0.25,0.25,0.25,0.25,0,0,0,0
34.1204,0.25,0.25,0.25,0.25,0,0,0,0
34.1306,0.25,0.25,0.25,0.25,0,0,0,0
34.1408,0.25,0.25,0.25,0.25,0,0,0,0
34.151,0.25,0.25,0.25,0.25,0,0,0,0
34.1612,0.25,0.25,0.25,0.25,0,0,0,0
34.1714,0.25,0.25,0.25,0.25,0,0,0,0
34.1816,0.25,0.25,0.25,0.25,0,0,0,0
34.1918,0.25,0.25,0.25,0.25,0,0,0,0
34.202,0.25,0.25,0.25,0.25,0,0,0,0
34.2122,0.25,0.25,0.25,0.25,0,0,0,0
34.2224,0.25,0.25,0.25,0.25,0,0,0,0
34.2326,0.25,0.25,0.25,0.25,0,0,0,0
34.2428,0.25,0.25,0.25,0.25,0,0,0,0
34.2529,0.25,0.25,0.25,0.25,0,0,0,0
34.263,0.25,0.25,0.25,0.25,0,0,0,0
34.273,0.25,0.25,0.25,0.25,0,0,0,0
34.2833,0.25,0.25,0.25,0.25,0,0,0,0
34.2933,0.25,0.25,0.25,0.25,0,0,0,0
34.3036,0.25,0.25,0.25,0.25,0,0,0,0
34.3137,0.25,0.25,0.25,0.25,0,0,0,0
34.324,0.25,0.25,0.25,0.25,0,0,0,0
34.3341,0.25,0.25,0.25,0.25,0,0,0,0
34.3444,0.25,0.25,0.25,0.25,0,0,0,0
34.3546,0.25,0.25,0.25,0.25,0,0,0,0
34.3647,0.25,0.25,0.25,0.25,0,0,0,0
34.3749,0.25,0.25,0.25,0.25,0,0,0,0
34.3851,0.25,0.25,0.25,0.25,0,0,0,0
34.3953,0.25,0.25,0.25,0.25,0,0,0,0
34.4055,0.25,0.25,0.25,0.25,0,0,0,0
34.4157,0.25,0.25,0.25,0.25,0,0,0,0
34.426,0.25,0.25,0.25,0.25,0,0,0,0
34.4362,0.25,0.25,0.25,0.25,0,0,0,0
34.4464,0.25,0.25,0.25,0.25,0,0,0,0
34.4566,0.25,0.25,0.25,0.25,0,0,0,0
34.4667,0.25,0.25,0.25,0.25,0,0,0,0
34.4768,0.25,0.25,0.25,0.25,0,0,0,0
34.487,0.25,0.25,0.25,0.25,0,0,0,0
34.4972,0.25,0.25,0.25,0.25,0,0,0,0
34.5074,0.25,0.25,0.25,0.25,0,0,0,0
34.5176,0.25,0.25,0.25,0.25,0,0,0,0
34.5278,0.25,0.25,0.25,0.25,0,0,0,0
34.538,0.25,0.25,0.25,0.25,0,0,0,0
34.5482,0.25,0.25,0.25,0.25,0,0,0,0
34.5584,0.25,0.25,0.25,0.25,0,0,0,0
34.5685,0.25,0.25,0.25,0.25,0,0,0,0
34.5787,0.25,0.25,0.25,0.25,0,0,0,0
34.5889,0.25,0.25,0.25,0.25,0,0,0,0
34.5991,0.25,0.25,0.25,0.25,0,0,0,0
34.6094,0.25,0.25,0.25,0.25,0,0,0,0
34.6197,0.25,0.25,0.25,0.25,0,0,0,0
34.6299,0.25,0.25,0.25,0.25,0,0,0,0
34.6402,0.25,0.25,0.25,0.25,0,0,0,0
34.6504,0.25,0.25,0.25,0.25,0,0,0,0
34.6606,0.25,0.25,0.25,0.25,0,0,0,0
34.6708,0.25,0.25,0.25,0.25,0,0,0,0
34.6811,0.25,0.25,0.25,0.25,0,0,0,0
34.6914,0.25,0.25,0.25,0.25,0,0,0,0
34.7017,0.25,0.25,0.25,0.25,0,0,0,0
34.7119,0.25,0.25,0.25,0.25,0,0,0,0
34.7222,0.25,0.25,0.25,0.25,0,0,0,0
34.7324,0.25,0.25,0.25,0.25,0,0,0,0
34.7427,0.25,0.25,0.25,0.25,0,0,0,0
34.753,0.25,0.25,0.25,0.25,0,0,0,0
34.7633,0.25,0.25,0.25,0.25,0,0,0,0
34.7735,0.25,0.25,0.25,0.25,0,0,0,0
34.7837,0.25,0.25,0.25,0.25,0,0,0,0
34.794,0.25,0.25,0.25,0.25,0,0,0,0
34.8042,0.25,0.25,0.25,0.25,0,0,0,0
34.8145,0.25,0.25,0.25,0.25,0,0,0,0
34.8248,0.25,0.25,0.25,0.25,0,0,0,0
34.835,0.25,0.25,0.25,0.25,0,0,0,0
34.8453,0.25,0.25,0.25,0.25,0,0,0,0
34.8555,0.25,0.25,0.25,0.25,0,0,0,0
34.8658,0.25,0.25,0.25,0.25,0,0,0,0
34.876,0.25,0.25,0.25,0.25,0,0,0,0
34.8862,0.25,0.25,0.25,0.25,0,0,0,0
34.8965,0.25,0.25,0.25,0.25,0,0,0,0
34.9066,0.25,0.25,0.25,0.25,0,0,0,0
34.9169,0.25,0.25,0.25,0.25,0,0,0,0
34.9269,0.25,0.25,0.25,0.25,0,0,0,0
34.9371,0.25,0.25,0.25,0.25,0,0,0,0
34.9473,0.25,0.25,0.25,0.25,0,0,0,0
34.9575,0.25,0.25,0.25,0.25,0,0,0,0
34.9676,0.25,0.25,0.25,0.25,0,0,0,0
34.9777,0.25,0.25,0.25,0.25,0,0,0,0
34.9878,0.25,0.25,0.25,0.25,0,0,0,0
34.9979,0.25,0.25,0.25,0.25,0,0,0,0
35.0081,0.25,0.25,0.25,0.25,0,0,0,0
35.0182,0.25,0.25,0.25,0.25,0,0,0,0
35.0286,0.25,0.25,0.25,0.25,0,0,0,0
35.0388,0.25,0.25,0.25,0.25,0,0,0,0
35.049,0.25,0.25,0.25,0.25,0,0,0,0
35.0593,0.25,0.25,0.25,0.25,0,0,0,0
35.0694,0.25,0.25,0.25,0.25,0,0,0,0
35.0795,0.25,0.25,0.25,0.25,0,0,0,0
35.0898,0.25,0.25,0.25,0.25,0,0,0,0
35.0999,0.25,0.25,0.25,0.25,0,0,0,0
35.1102,0.25,0.25,0.25,0.25,0,0,0,0
35.1205,0.25,0.25,0.25,0.25,0,0,0,0
35.1307,0.25,0.25,0.25,0.25,0,0,0,0
35.1409,0.25,0.25,0.25,0.25,0,0,0,0
35.1512,0.25,0.25,0.25,0.25,0,0,0,0
35.1614,0.25,0.25,0.25,0.25,0,0,0,0
35.1715,0.25,0.25,0.25,0.25,0,0,0,0
35.1815,0.25,0.25,0.25,0.25,0,0,0,0
35.1917,0.25,0.25,0.25,0.25,0,0,0,0
35.202,0.25,0.25,0.25,0.25,0,0,0,0
35.2123,0.25,0.25,0.25,0.25,0,0,0,0
35.2225,0.25,0.25,0.25,0.25,0,0,0,0
35.2327,0.25,0.25,0.25,0.25,0,0,0,0
35.2429,0.25,0.25,0.25,0.25,0,0,0,0
35.2532,0.25,0.25,0.25,0.25,0,0,0,0
35.2634,0.25,0.25,0.25,0.25,0,0,0,0
35.2736,0.25,0.25,0.25,0.25,0,0,0,0
35.2838,0.25,0.25,0.25,0.25,0,0,0,0
35.2941,0.25,0.25,0.25,0.25,0,0,0,0
35.3043,0.25,0.25,0.25,0.25,0,0,0,0
35.3146,0.25,0.25,0.25,0.25,0,0,0,0
35.3249,0.25,0.25,0.25,0.25,0,0,0,0
35.3351,0.25,0.25,0.25,0.25,0,0,0,0
35.3454,0.25,0.25,0.25,0.25,0,0,0,0
35.3556,0.25,0.25,0.25,0.25,0,0,0,0
35.366,0.25,0.25,0.25,0.25,0,0,0,0
35.3761,0.25,0.25,0.25,0.25,0,0,0,0
35.3862,0.25,0.25,0.25,0.25,0,0,0,0
35.3962,0.25,0.25,0.25,0.25,0,0,0,0
35.4063,0.25,0.25,0.25,0.25,0,0,0,0
35.4164,0.25,0.25,0.25,0.25,0,0,0,0
35.4266,0.25,0.25,0.25,0.25,0,0,0,0
35.4367,0.25,0.25,0.25,0.25,0,0,0,0
35.4468,0.25,0.25,0.25,0.25,0,0,0,0
35.457,0.25,0.25,0.25,0.25,0,0,0,0
35.4672,0.25,0.25,0.25,0.25,0,0,0,0
35.4774,0.25,0.25,0.25,0.25,0,0,0,0
35.4876,0.25,0.25,0.25,0.25,0,0,0,0
35.4978,0.25,0.25,0.25,0.25,0,0,0,0
35.508,0.25,0.25,0.25,0.25,0,0,0,0
35.5183,0.25,0.25,0.25,0.25,0,0,0,0
35.5286,0.25,0.25,0.25,0.25,0,0,0,0
35.5388,0.25,0.25,0.25,0.25,0,0,0,0
35.5491,0.25,0.25,0.25,0.25,0,0,0,0
35.5592,0.25,0.25,0.25,0.25,0,0,0,0
35.5692,0.25,0.25,0.25,0.25,0,0,0,0
35.5794,0.25,0.25,0.25,0.25,0,0,0,0
35.5896,0.25,0.25,0.25,0.25,0,0,0,0
35.5997,0.25,0.25,0.25,0.25,0,0,0,0
35.61,0.25,0.25,0.25,0.25,0,0,0,0
35.6202,0.25,0.25,0.25,0.25,0,0,0,0
35.6305,0.25,0.25,0.25,0.25,0,0,0,0
35.6407,0.25,0.25,0.25,0.25,0,0,0,0
35.6509,0.25,0.25,0.25,0.25,0,0,0,0
35.6612,0.25,0.25,0.25,0.25,0,0,0,0
35.6715,0.25,0.25,0.25,0.25,0,0,0,0
35.6817,0.25,0.25,0.25,0.25,0,0,0,0
35.692,0.25,0.25,0.25,0.25,0,0,0,0
35.7023,0.25,0.25,0.25,0.25,0,0,0,0
35.7125,0.25,0.25,0.25,0.25,0,0,0,0
35.7228,0.25,0.25,0.25,0.25,0,0,0,0
35.7331,0.25,0.25,0.25,0.25,0,0,0,0
35.7433,0.25,0.25,0.25,0.25,0,0,0,0
35.7536,0.25,0.25,0.25,0.25,0,0,0,0
35.7639,0.25,0.25,0.25,0.25,0,0,0,0
35.7741,0.25,0.25,0.25,0.25,0,0,0,0
35.7844,0.25,0.25,0.25,0.25,0,0,0,0
35.7946,0.25,0.25,0.25,0.25,0,0,0,0
35.8048,0.25,0.25,0.25,0.25,0,0,0,0
35.8151,0.25,0.25,0.25,0.25,0,0,0,0
35.8254,0.25,0.25,0.25,0.25,0,0,0,0
35.8356,0.25,0.25,0.25,0.25,0,0,0,0
35.846,0.25,0.25,0.25,0.25,0,0,0,0
35.8563,0.25,0.25,0.25,0.25,0,0,0,0
35.8665,0.25,0.25,0.25,0.25,0,0,0,0
35.8768,0.25,0.25,0.25,0.25,0,0,0,0
35.887,0.25,0.25,0.25,0.25,0,0,0,0
35.8973,0.25,0.25,0.25,0.25,0,0,0,0
35.9075,0.25,0.25,0.25,0.25,0,0,0,0
35.9177,0.25,0.25,0.25,0.25,0,0,0,0
35.928,0.25,0.25,0.25,0.25,0,0,0,0
35.9382,0.25,0.25,0.25,0.25,0,0,0,0
35.9485,0.25,0.25,0.25,0.25,0,0,0,0
35.9587,0.25,0.25,0.25,0.25,0,0,0,0
35.969,0.25,0.25,0.25,0.25,0,0,0,0
35.9794,0.25,0.25,0.25,0.25,0,0,0,0
35.9896,0.25,0.25,0.25,0.25,0,0,0,0
35.9999,0.25,0.25,0.25,0.25,0,0,0,0
36.0101,0.25,0.25,0.25,0.25,0,0,0,0
36.0203,0.25,0.25,0.25,0.25,0,0,0,0
36.0306,0.25,0.25,0.25,0.25,0,0,0,0
36.0408,0.25,0.25,0.25,0.25,0,0,0,0
36.0511,0.25,0.25,0.25,0.25,0,0,0,0
36.0613,0.25,0.25,0.25,0.25,0,0,0,0
36.0715,0.25,0.25,0.25,0.25,0,0,0,0
36.0818,0.25,0.25,0.25,0.25,0,0,0,0
36.0921,0.25,0.25,0.25,0.25,0,0,0,0
36.1024,0.25,0.25,0.25,0.25,0,0,0,0
36.1126,0.25,0.25,0.25,0.25,0,0,0,0
36.1229,0.25,0.25,0.25,0.25,0,0,0,0
36.1331,0.25,0.25,0.25,0.25,0,0,0,0
36.1432,0.25,0.25,0.25,0.25,0,0,0,0
36.1534,0.25,0.25,0.25,0.25,0,0,0,0
36.1636,0.25,0.25,0.25,0.25,0,0,0,0
36.1738,0.25,0.25,0.25,0.25,0,0,0,0
36.184,0.25,0.25,0.25,0.25,0,0,0,0
36.1942,0.25,0.25,0.25,0.25,0,0,0,0
36.2044,0.25,0.25,0.25,0.25,0,0,0,0
36.2147,0.25,0.25,0.25,0.25,0,0,0,0
36.2249,0.25,0.25,0.25,0.25,0,0,0,0
36.2351,0.25,0.25,0.25,0.25,0,0,0,0
36.2453,0.25,0.25,0.25,0.25,0,0,0,0
36.2555,0.25,0.25,0.25,0.25,0,0,0,0
36.2658,0.25,0.25,0.25,0.25,0,0,0,0
36.2761,0.25,0.25,0.25,0.25,0,0,0,0
36.2863,0.25,0.25,0.25,0.25,0,0,0,0
36.2965,0.25,0.25,0.25,0.25,0,0,0,0
36.3067,0.25,0.25,0.25,0.25,0,0,0,0
36.3167,0.25,0.25,0.25,0.25,0,0,0,0
36.3268,0.25,0.25,0.25,0.25,0,0,0,0
39.8005,0.25,0.25,0.25,0.25,0,0,0,0
39.8107,0.25,0.25,0.25,0.25,0,0,0,0
39.8209,0.25,0.25,0.25,0.25,0,0,0,0
39.8311,0.25,0.25,0.25,0.25,0,0,0,0
39.8413,0.25,0.25,0.25,0.25,0,0,0,0
39.8516,0.25,0.25,0.25,0.25,0,0,0,0
39.8619,0.25,0.25,0.25,0.25,0,0,0,0
39.8721,0.25,0.25,0.25,0.25,0,0,0,0
39.8824,0.25,0.25,0.25,0.25,0,0,0,0
39.8927,0.25,0.25,0.25,0.25,0,0,0,0
39.903,0.25,0.25,0.25,0.25,0,0,0,0
39.913,0.25,0.25,0.25,0.25,0,0,0,0
39.9233,0.25,0.25,0.25,0.25,0,0,0,0
39.9336,0.25,0.25,0.25,0.25,0,0,0,0
39.9438,0.25,0.25,0.25,0.25,0,0,0,0
39.954,0.25,0.25,0.25,0.25,0,0,0,0
39.9643,0.25,0.25,0.25,0.25,0,0,0,0
39.9745,0.25,0.25,0.25,0.25,0,0,0,0
39.9847,0.25,0.25,0.25,0.25,0,0,0,0
39.995,0.25,0.25,0.25,0.25,0,0,0,0
40.0053,0.25,0.25,0.25,0.25,0,0,0,0
40.0156,0.25,0.25,0.25,0.25,0,0,0,0
40.0258,0.25,0.25,0.25,0.25,0,0,0,0
40.0359,0.25,0.25,0.25,0.25,0,0,0,0
40.0459,0.25,0.25,0.25,0.25,0,0,0,0
40.056,0.25,0.25,0.25,0.25,0,0,0,0
40.0661,0.25,0.25,0.25,0.25,0,0,0,0
40.0763,0.25,0.25,0.25,0.25,0,0,0,0
40.0864,0.25,0.25,0.25,0.25,0,0,0,0
40.0964,0.25,0.25,0.25,0.25,0,0,0,0
40.1065,0.25,0.25,0.25,0.25,0,0,0,0
40.1167,0.25,0.25,0.25,0.25,0,0,0,0
40.1268,0.25,0.25,0.25,0.25,0,0,0,0
40.1369,0.25,0.25,0.25,0.25,0,0,0,0
40.147,0.25,0.25,0.25,0.25,0,0,0,0
40.1571,0.25,0.25,0.25,0.25,0,0,0,0
40.1672,0.25,0.25,0.25,0.25,0,0,0,0
40.1773,0.25,0.25,0.25,0.25,0,0,0,0
40.1873,0.25,0.25,0.25,0.25,0,0,0,0
40.1974,0.25,0.25,0.25,0.25,0,0,0,0
40.2075,0.25,0.25,0.25,0.25,0,0,0,0
40.2177,0.25,0.25,0.25,0.25,0,0,0,0
40.228,0.25,0.25,0.25,0.25,0,0,0,0
40.2382,0.25,0.25,0.25,0.25,0,0,0,0
40.2485,0.25,0.25,0.25,0.25,0,0,0,0
40.2587,0.25,0.25,0.25,0.25,0,0,0,0
40.269,0.25,0.25,0.25,0.25,0,0,0,0
40.2793,0.25,0.25,0.25,0.25,0,0,0,0
40.2893,0.25,0.25,0.25,0.25,0,0,0,0
40.2994,0.25,0.25,0.25,0.25,0,0,0,0
40.3094,0.25,0.25,0.25,0.25,0,0,0,0
40.3195,0.25,0.25,0.25,0.25,0,0,0,0
40.3296,0.25,0.25,0.25,0.25,0,0,0,0
40.3396,0.25,0.25,0.25,0.25,0,0,0,0
40.3497,0.25,0.25,0.25,0.25,0,0,0,0
40.3598,0.25,0.25,0.25,0.25,0,0,0,0
40.37,0.25,0.25,0.25,0.25,0,0,0,0
40.3803,0.25,0.25,0.25,0.25,0,0,0,0
40.3905,0.25,0.25,0.25,0.25,0,0,0,0
40.4008,0.25,0.25,0.25,0.25,0,0,0,0
40.411,0.25,0.25,0.25,0.25,0,0,0,0
40.4213,0.25,0.25,0.25,0.25,0,0,0,0
40.4316,0.25,0.25,0.25,0.25,0,0,0,0
40.4417,0.25,0.25,0.25,0.25,0,0,0,0
40.4519,0.25,0.25,0.25,0.25,0,0,0,0
40.4621,0.25,0.25,0.25,0.25,0,0,0,0
40.4724,0.25,0.25,0.25,0.25,0,0,0,0
40.4827,0.25,0.25,0.25,0.25,0,0,0,0
40.4927,0.25,0.25,0.25,0.25,0,0,0,0
40.5029,0.25,0.25,0.25,0.25,0,0,0,0
40.5131,0.25,0.25,0.25,0.25,0,0,0,0
40.5233,0.25,0.25,0.25,0.25,0,0,0,0
40.5335,0.25,0.25,0.25,0.25,0,0,0,0
40.5436,0.25,0.25,0.25,0.25,0,0,0,0
40.5537,0.25,0.25,0.25,0.25,0,0,0,0
40.5638,0.25,0.25,0.25,0.25,0,0,0,0
40.5739,0.25,0.25,0.25,0.25,0,0,0,0
40.5841,0.25,0.25,0.25,0.25,0,0,0,0
40.5943,0.25,0.25,0.25,0.25,0,0,0,0
40.6045,0.25,0.25,0.25,0.25,0,0,0,0
40.6146,0.25,0.25,0.25,0.25,0,0,0,0
40.6247,0.25,0.25,0.25,0.25,0,0,0,0
40.6349,0.25,0.25,0.25,0.25,0,0,0,0
40.6451,0.25,0.25,0.25,0.25,0,0,0,0
40.6553,0.25,0.25,0.25,0.25,0,0,0,0
40.6655,0.25,0.25,0.25,0.25,0,0,0,0
40.6757,0.25,0.25,0.25,0.25,0,0,0,0
40.6859,0.25,0.25,0.25,0.25,0,0,0,0
40.696,0.25,0.25,0.25,0.25,0,0,0,0
40.7062,0.25,0.25,0.25,0.25,0,0,0,0
40.7164,0.25,0.25,0.25,0.25,0,0,0,0
40.7266,0.25,0.25,0.25,0.25,0,0,0,0
40.7367,0.25,0.25,0.25,0.25,0,0,0,0
40.7469,0.25,0.25,0.25,0.25,0,0,0,0
40.757,0.25,0.25,0.25,0.25,0,0,0,0
40.7673,0.25,0.25,0.25,0.25,0,0,0,0
40.7775,0.25,0.25,0.25,0.25,0,0,0,0
40.7878,0.25,0.25,0.25,0.25,0,0,0,0
40.798,0.25,0.25,0.25,0.25,0,0,0,0
40.8082,0.25,0.25,0.25,0.25,0,0,0,0
40.8183,0.25,0.25,0.25,0.25,0,0,0,0
40.8285,0.25,0.25,0.25,0.25,0,0,0,0
40.8388,0.25,0.25,0.25,0.25,0,0,0,0
40.849,0.25,0.25,0.25,0.25,0,0,0,0
40.8592,0.25,0.25,0.25,0.25,0,0,0,0
40.8694,0.25,0.25,0.25,0.25,0,0,0,0
40.8797,0.25,0.25,0.25,0.25,0,0,0,0
40.8899,0.25,0.25,0.25,0.25,0,0,0,0
40.9001,0.25,0.25,0.25,0.25,0,0,0,0
40.9103,0.25,0.25,0.25,0.25,0,0,0,0
40.9205,0.25,0.25,0.25,0.25,0,0,0,0
40.9308,0.25,0.25,0.25,0.25,0,0,0,0
40.941,0.25,0.25,0.25,0.25,0,0,0,0
40.9512,0.25,0.25,0.25,0.25,0,0,0,0
40.9614,0.25,0.25,0.25,0.25,0,0,0,0
40.9717,0.25,0.25,0.25,0.25,0,0,0,0
40.9819,0.25,0.25,0.25,0.25,0,0,0,0
40.9921,0.25,0.25,0.25,0.25,0,0,0,0
41.0023,0.25,0.25,0.25,0.25,0,0,0,0
41.0125,0.25,0.25,0.25,0.25,0,0,0,0
41.0228,0.25,0.25,0.25,0.25,0,0,0,0
41.033,0.25,0.25,0.25,0.25,0,0,0,0
41.0432,0.25,0.25,0.25,0.25,0,0,0,0
41.0534,0.25,0.25,0.25,0.25,0,0,0,0
41.0637,0.25,0.25,0.25,0.25,0,0,0,0
41.0738,0.25,0.25,0.25,0.25,0,0,0,0
41.084,0.25,0.25,0.25,0.25,0,0,0,0
41.0942,0.25,0.25,0.25,0.25,0,0,0,0
41.1044,0.25,0.25,0.25,0.25,0,0,0,0
41.1146,0.25,0.25,0.25,0.25,0,0,0,0
41.1247,0.25,0.25,0.25,0.25,0,0,0,0
41.135,0.25,0.25,0.25,0.25,0,0,0,0
41.1452,0.25,0.25,0.25,0.25,0,0,0,0
41.1554,0.25,0.25,0.25,0.25,0,0,0,0
41.1656,0.25,0.25,0.25,0.25,0,0,0,0
41.176,0.25,0.25,0.25,0.25,0,0,0,0
41.1861,0.25,0.25,0.25,0.25,0,0,0,0
41.1963,0.25,0.25,0.25,0.25,0,0,0,0
41.2065,0.25,0.25,0.25,0.25,0,0,0,0
41.2167,0.25,0.25,0.25,0.25,0,0,0,0
41.2268,0.25,0.25,0.25,0.25,0,0,0,0
41.2371,0.25,0.25,0.25,0.25,0,0,0,0
41.2473,0.25,0.25,0.25,0.25,0,0,0,0
41.2575,0.25,0.25,0.25,0.25,0,0,0,0
41.2677,0.25,0.25,0.25,0.25,0,0,0,0
41.2778,0.25,0.25,0.25,0.25,0,0,0,0
41.2881,0.25,0.25,0.25,0.25,0,0,0,0
41.2983,0.25,0.25,0.25,0.25,0,0,0,0
41.3085,0.25,0.25,0.25,0.25,0,0,0,0
41.3187,0.25,0.25,0.25,0.25,0,0,0,0
41.329,0.25,0.25,0.25,0.25,0,0,0,0
41.3392,0.25,0.25,0.25,0.25,0,0,0,0
41.3494,0.25,0.25,0.25,0.25,0,0,0,0
41.3596,0.25,0.25,0.25,0.25,0,0,0,0
41.37,0.25,0.25,0.25,0.25,0,0,0,0
41.3802,0.25,0.25,0.25,0.25,0,0,0,0
41.3903,0.25,0.25,0.25,0.25,0,0,0,0
41.4005,0.25,0.25,0.25,0.25,0,0,0,0
41.4107,0.25,0.25,0.25,0.25,0,0,0,0
41.4209,0.25,0.25,0.25,0.25,0,0,0,0
41.431,0.25,0.25,0.25,0.25,0,0,0,0
41.4412,0.25,0.25,0.25,0.25,0,0,0,0
41.4514,0.25,0.25,0.25,0.25,0,0,0,0
41.4616,0.25,0.25,0.25,0.25,0,0,0,0
41.4717,0.25,0.25,0.25,0.25,0,0,0,0
41.4819,0.25,0.25,0.25,0.25,0,0,0,0
41.4921,0.25,0.25,0.25,0.25,0,0,0,0
41.5023,0.25,0.25,0.25,0.25,0,0,0,0
41.5124,0.25,0.25,0.25,0.25,0,0,0,0
41.5226,0.25,0.25,0.25,0.25,0,0,0,0
41.5328,0.25,0.25,0.25,0.25,0,0,0,0
41.5429,0.25,0.25,0.25,0.25,0,0,0,0
41.5531,0.25,0.25,0.25,0.25,0,0,0,0
41.5632,0.25,0.25,0.25,0.25,0,0,0,0
41.5735,0.25,0.25,0.25,0.25,0,0,0,0
41.5836,0.25,0.25,0.25,0.25,0,0,0,0
41.5938,0.25,0.25,0.25,0.25,0,0,0,0
41.604,0.25,0.25,0.25,0.25,0,0,0,0
41.6143,0.25,0.25,0.25,0.25,0,0,0,0
41.6245,0.25,0.25,0.25,0.25,0,0,0,0
41.6346,0.25,0.25,0.25,0.25,0,0,0,0
41.6448,0.25,0.25,0.25,0.25,0,0,0,0
41.655,0.25,0.25,0.25,0.25,0,0,0,0
41.6653,0.25,0.25,0.25,0.25,0,0,0,0
41.6755,0.25,0.25,0.25,0.25,0,0,0,0
41.6857,0.25,0.25,0.25,0.25,0,0,0,0
41.6959,0.25,0.25,0.25,0.25,0,0,0,0
41.7062,0.25,0.25,0.25,0.25,0,0,0,0
41.7164,0.25,0.25,0.25,0.25,0,0,0,0
41.7266,0.25,0.25,0.25,0.25,0,0,0,0
41.7367,0.25,0.25,0.25,0.25,0,0,0,0
41.747,0.25,0.25,0.25,0.25,0,0,0,0
41.7572,0.25,0.25,0.25,0.25,0,0,0,0
41.7674,0.25,0.25,0.25,0.25,0,0,0,0
41.7777,0.25,0.25,0.25,0.25,0,0,0,0
41.7878,0.25,0.25,0.25,0.25,0,0,0,0
41.798,0.25,0.25,0.25,0.25,0,0,0,0
41.8082,0.25,0.25,0.25,0.25,0,0,0,0
41.8183,0.25,0.25,0.25,0.25,0,0,0,0
41.8285,0.25,0.25,0.25,0.25,0,0,0,0
41.8387,0.25,0.25,0.25,0.25,0,0,0,0
41.8489,0.25,0.25,0.25,0.25,0,0,0,0
41.8591,0.25,0.25,0.25,0.25,0,0,0,0
41.8693,0.25,0.25,0.25,0.25,0,0,0,0
41.8794,0.25,0.25,0.25,0.25,0,0,0,0
41.8896,0.25,0.25,0.25,0.25,0,0,0,0
41.8998,0.25,0.25,0.25,0.25,0,0,0,0
41.91,0.25,0.25,0.25,0.25,0,0,0,0
41.9202,0.25,0.25,0.25,0.25,0,0,0,0
41.9303,0.25,0.25,0.25,0.25,0,0,0,0
41.9404,0.25,0.25,0.25,0.25,0,0,0,0
41.9506,0.25,0.25,0.25,0.25,0,0,0,0
41.9608,0.25,0.25,0.25,0.25,0,0,0,0
41.971,0.25,0.25,0.25,0.25,0,0,0,0
41.9812,0.25,0.25,0.25,0.25,0,0,0,0
41.9914,0.25,0.25,0.25,0.25,0,0,0,0
42.0016,0.25,0.25,0.25,0.25,0,0,0,0
42.0118,0.25,0.25,0.25,0.25,0,0,0,0
42.0221,0.25,0.25,0.25,0.25,0,0,0,0
42.0324,0.25,0.25,0.25,0.25,0,0,0,0
42.0426,0.25,0.25,0.25,0.25,0,0,0,0
42.0528,0.25,0.25,0.25,0.25,0,0,0,0
42.0631,0.25,0.25,0.25,0.25,0,0,0,0
42.0733,0.25,0.25,0.25,0.25,0,0,0,0
42.0835,0.25,0.25,0.25,0.25,0,0,0,0
42.0937,0.25,0.25,0.25,0.25,0,0,0,0
42.1039,0.25,0.25,0.25,0.25,0,0,0,0
42.1142,0.25,0.25,0.25,0.25,0,0,0,0
42.1244,0.25,0.25,0.25,0.25,0,0,0,0
42.1346,0.25,0.25,0.25,0.25,0,0,0,0
42.1447,0.25,0.25,0.25,0.25,0,0,0,0
42.1549,0.25,0.25,0.25,0.25,0,0,0,0
42.1652,0.25,0.25,0.25,0.25,0,0,0,0
42.1754,0.25,0.25,0.25,0.25,0,0,0,0
42.1856,0.25,0.25,0.25,0.25,0,0,0,0
42.1957,0.25,0.25,0.25,0.25,0,0,0,0
42.2058,0.25,0.25,0.25,0.25,0,0,0,0
42.2159,0.25,0.25,0.25,0.25,0,0,0,0
42.2261,0.25,0.25,0.25,0.25,0,0,0,0
42.2362,0.25,0.25,0.25,0.25,0,0,0,0
42.2464,0.25,0.25,0.25,0.25,0,0,0,0
42.2565,0.25,0.25,0.25,0.25,0,0,0,0
42.2667,0.25,0.25,0.25,0.25,0,0,0,0
42.2769,0.25,0.25,0.25,0.25,0,0,0,0
42.287,0.25,0.25,0.25,0.25,0,0,0,0
42.2971,0.25,0.25,0.25,0.25,0,0,0,0
42.3073,0.25,0.25,0.25,0.25,0,0,0,0
42.3175,0.25,0.25,0.25,0.25,0,0,0,0
42.3277,0.25,0.25,0.25,0.25,0,0,0,0
42.3378,0.25,0.25,0.25,0.25,0,0,0,0
42.348,0.25,0.25,0.25,0.25,0,0,0,0
42.3581,0.25,0.25,0.25,0.25,0,0,0,0
42.3683,0.25,0.25,0.25,0.25,0,0,0,0
42.3784,0.25,0.25,0.25,0.25,0,0,0,0
42.3884,0.25,0.25,0.25,0.25,0,0,0,0
42.3985,0.25,0.25,0.25,0.25,0,0,0,0
42.4088,0.25,0.25,0.25,0.25,0,0,0,0
42.419,0.25,0.25,0.25,0.25,0,0,0,0
42.4292,0.25,0.25,0.25,0.25,0,0,0,0
42.4394,0.25,0.25,0.25,0.25,0,0,0,0
42.4495,0.25,0.25,0.25,0.25,0,0,0,0
42.4597,0.25,0.25,0.25,0.25,0,0,0,0
42.4698,0.25,0.25,0.25,0.25,0,0,0,0
42.48,0.25,0.25,0.25,0.25,0,0,0,0
42.4902,0.25,0.25,0.25,0.25,0,0,0,0
42.5003,0.25,0.25,0.25,0.25,0,0,0,0
42.5105,0.25,0.25,0.25,0.25,0,0,0,0
42.5206,0.25,0.25,0.25,0.25,0,0,0,0
42.5308,0.25,0.25,0.25,0.25,0,0,0,0
42.541,0.25,0.25,0.25,0.25,0,0,0,0
42.5512,0.25,0.25,0.25,0.25,0,0,0,0
42.5614,0.25,0.25,0.25,0.25,0,0,0,0
42.5715,0.25,0.25,0.25,0.25,0,0,0,0
42.5817,0.25,0.25,0.25,0.25,0,0,0,0
42.5919,0.25,0.25,0.25,0.25,0,0,0,0
42.6022,0.25,0.25,0.25,0.25,0,0,0,0
42.6124,0.25,0.25,0.25,0.25,0,0,0,0
42.6226,0.25,0.25,0.25,0.25,0,0,0,0
42.6328,0.25,0.25,0.25,0.25,0,0,0,0
42.6431,0.25,0.25,0.25,0.25,0,0,0,0
42.6532,0.25,0.25,0.25,0.25,0,0,0,0
42.6634,0.25,0.25,0.25,0.25,0,0,0,0
42.6736,0.25,0.25,0.25,0.25,0,0,0,0
42.6838,0.25,0.25,0.25,0.25,0,0,0,0
42.6941,0.25,0.25,0.25,0.25,0,0,0,0
42.7043,0.25,0.25,0.25,0.25,0,0,0,0
42.7144,0.25,0.25,0.25,0.25,0,0,0,0
42.7246,0.25,0.25,0.25,0.25,0,0,0,0
42.7348,0.25,0.25,0.25,0.25,0,0,0,0
42.745,0.25,0.25,0.25,0.25,0,0,0,0
42.7553,0.25,0.25,0.25,0.25,0,0,0,0
42.7654,0.25,0.25,0.25,0.25,0,0,0,0
42.7755,0.25,0.25,0.25,0.25,0,0,0,0
42.7856,0.25,0.25,0.25,0.25,0,0,0,0
42.7957,0.25,0.25,0.25,0.25,0,0,0,0
42.8058,0.25,0.25,0.25,0.25,0,0,0,0
42.8161,0.25,0.25,0.25,0.25,0,0,0,0
42.8262,0.25,0.25,0.25,0.25,0,0,0,0
42.8367,0.25,0.25,0.25,0.25,0,0,0,0
42.8468,0.25,0.25,0.25,0.25,0,0,0,0
42.8571,0.25,0.25,0.25,0.25,0,0,0,0
42.8673,0.25,0.25,0.25,0.25,0,0,0,0
42.8775,0.25,0.25,0.25,0.25,0,0,0,0
42.8877,0.25,0.25,0.25,0.25,0,0,0,0
42.898,0.25,0.25,0.25,0.25,0,0,0,0
42.9082,0.25,0.25,0.25,0.25,0,0,0,0
42.9184,0.25,0.25,0.25,0.25,0,0,0,0
42.9286,0.25,0.25,0.25,0.25,0,0,0,0
42.9388,0.25,0.25,0.25,0.25,0,0,0,0
42.9491,0.25,0.25,0.25,0.25,0,0,0,0
42.9593,0.25,0.25,0.25,0.25,0,0,0,0
42.9694,0.25,0.25,0.25,0.25,0,0,0,0
42.9796,0.25,0.25,0.25,0.25,0,0,0,0
42.9898,0.25,0.25,0.25,0.25,0,0,0,0
43.0001,0.25,0.25,0.25,0.25,0,0,0,0
43.0102,0.25,0.25,0.25,0.25,0,0,0,0
43.0204,0.25,0.25,0.25,0.25,0,0,0,0
43.0306,0.25,0.25,0.25,0.25,0,0,0,0
43.0408,0.25,0.25,0.25,0.25,0,0,0,0
43.051,0.25,0.25,0.25,0.25,0,0,0,0
43.0612,0.25,0.25,0.25,0.25,0,0,0,0
43.0713,0.25,0.25,0.25,0.25,0,0,0,0
43.0815,0.25,0.25,0.25,0.25,0,0,0,0
43.0917,0.25,0.25,0.25,0.25,0,0,0,0
43.1018,0.25,0.25,0.25,0.25,0,0,0,0
43.112,0.25,0.25,0.25,0.25,0,0,0,0
43.1222,0.25,0.25,0.25,0.25,0,0,0,0
43.1324,0.25,0.25,0.25,0.25,0,0,0,0
43.1426,0.25,0.25,0.25,0.25,0,0,0,0
43.1528,0.25,0.25,0.25,0.25,0,0,0,0
43.1629,0.25,0.25,0.25,0.25,0,0,0,0
43.173,0.25,0.25,0.25,0.25,0,0,0,0
43.1832,0.25,0.25,0.25,0.25,0,0,0,0
43.1934,0.25,0.25,0.25,0.25,0,0,0,0
43.2035,0.25,0.25,0.25,0.25,0,0,0,0
43.2137,0.25,0.25,0.25,0.25,0,0,0,0
43.2239,0.25,0.25,0.25,0.25,0,0,0,0
43.2341,0.25,0.25,0.25,0.25,0,0,0,0
43.2444,0.25,0.25,0.25,0.25,0,0,0,0
43.2546,0.25,0.25,0.25,0.25,0,0,0,0
43.2648,0.25,0.25,0.25,0.25,0,0,0,0
43.275,0.25,0.25,0.25,0.25,0,0,0,0
43.2853,0.25,0.25,0.25,0.25,0,0,0,0
43.2955,0.25,0.25,0.25,0.25,0,0,0,0
43.3057,0.25,0.25,0.25,0.25,0,0,0,0
43.316,0.25,0.25,0.25,0.25,0,0,0,0
43.3262,0.25,0.25,0.25,0.25,0,0,0,0
43.3364,0.25,0.25,0.25,0.25,0,0,0,0
43.3466,0.25,0.25,0.25,0.25,0,0,0,0
43.3569,0.25,0.25,0.25,0.25,0,0,0,0
43.3671,0.25,0.25,0.25,0.25,0,0,0,0
43.3772,0.25,0.25,0.25,0.25,0,0,0,0
43.3874,0.25,0.25,0.25,0.25,0,0,0,0
43.3977,0.25,0.25,0.25,0.25,0,0,0,0
43.4079,0.25,0.25,0.25,0.25,0,0,0,0
43.4181,0.25,0.25,0.25,0.25,0,0,0,0
43.4283,0.25,0.25,0.25,0.25,0,0,0,0
43.4386,0.25,0.25,0.25,0.25,0,0,0,0
43.4487,0.25,0.25,0.25,0.25,0,0,0,0
43.4589,0.25,0.25,0.25,0.25,0,0,0,0
43.4691,0.25,0.25,0.25,0.25,0,0,0,0
43.4793,0.25,0.25,0.25,0.25,0,0,0,0
43.4894,0.25,0.25,0.25,0.25,0,0,0,0
43.4996,0.25,0.25,0.25,0.25,0,0,0,0
43.5098,0.25,0.25,0.25,0.25,0,0,0,0
43.52,0.25,0.25,0.25,0.25,0,0,0,0
43.5301,0.25,0.25,0.25,0.25,0,0,0,0
43.5402,0.25,0.25,0.25,0.25,0,0,0,0
43.5504,0.25,0.25,0.25,0.25,0,0,0,0
43.5606,0.25,0.25,0.25,0.25,0,0,0,0
43.5708,0.25,0.25,0.25,0.25,0,0,0,0
43.5809,0.25,0.25,0.25,0.25,0,0,0,0
43.5911,0.25,0.25,0.25,0.25,0,0,0,0
43.6012,0.25,0.25,0.25,0.25,0,0,0,0
43.6114,0.25,0.25,0.25,0.25,0,0,0,0
43.6216,0.25,0.25,0.25,0.25,0,0,0,0
43.6318,0.25,0.25,0.25,0.25,0,0,0,0
43.6419,0.25,0.25,0.25,0.25,0,0,0,0
43.6522,0.25,0.25,0.25,0.25,0,0,0,0
43.6625,0.25,0.25,0.25,0.25,0,0,0,0
43.6727,0.25,0.25,0.25,0.25,0,0,0,0
43.6829,0.25,0.25,0.25,0.25,0,0,0,0
43.6931,0.25,0.25,0.25,0.25,0,0,0,0
43.7034,0.25,0.25,0.25,0.25,0,0,0,0
43.7136,0.25,0.25,0.25,0.25,0,0,0,0
43.7238,0.25,0.25,0.25,0.25,0,0,0,0
43.734,0.25,0.25,0.25,0.25,0,0,0,0
43.7442,0.25,0.25,0.25,0.25,0,0,0,0
43.7545,0.25,0.25,0.25,0.25,0,0,0,0
43.7647,0.25,0.25,0.25,0.25,0,0,0,0
43.7749,0.25,0.25,0.25,0.25,0,0,0,0
43.7851,0.25,0.25,0.25,0.25,0,0,0,0
43.7954,0.25,0.25,0.25,0.25,0,0,0,0
43.8056,0.25,0.25,0.25,0.25,0,0,0,0
43.8158,0.25,0.25,0.25,0.25,0,0,0,0
43.826,0.25,0.25,0.25,0.25,0,0,0,0
43.8362,0.25,0.25,0.25,0.25,0,0,0,0
43.8464,0.25,0.25,0.25,0.25,0,0,0,0
43.8566,0.25,0.25,0.25,0.25,0,0,0,0
43.8669,0.25,0.25,0.25,0.25,0,0,0,0
43.8771,0.25,0.25,0.25,0.25,0,0,0,0
43.8873,0.25,0.25,0.25,0.25,0,0,0,0
43.8975,0.25,0.25,0.25,0.25,0,0,0,0
43.9078,0.25,0.25,0.25,0.25,0,0,0,0
43.918,0.25,0.25,0.25,0.25,0,0,0,0
43.9282,0.25,0.25,0.25,0.25,0,0,0,0
43.9384,0.25,0.25,0.25,0.25,0,0,0,0
43.9487,0.25,0.25,0.25,0.25,0,0,0,0
43.9589,0.25,0.25,0.25,0.25,0,0,0,0
43.9691,0.25,0.25,0.25,0.25,0,0,0,0
43.9793,0.25,0.25,0.25,0.25,0,0,0,0
43.9896,0.25,0.25,0.25,0.25,0,0,0,0
43.9998,0.25,0.25,0.25,0.25,0,0,0,0
44.01,0.25,0.25,0.25,0.25,0,0,0,0
44.0202,0.25,0.25,0.25,0.25,0,0,0,0
44.0304,0.25,0.25,0.25,0.25,0,0,0,0
44.0407,0.25,0.25,0.25,0.25,0,0,0,0
44.0509,0.25,0.25,0.25,0.25,0,0,0,0
44.0611,0.25,0.25,0.25,0.25,0,0,0,0
44.0713,0.25,0.25,0.25,0.25,0,0,0,0
44.0816,0.25,0.25,0.25,0.25,0,0,0,0
44.0918,0.25,0.25,0.25,0.25,0,0,0,0
44.102,0.25,0.25,0.25,0.25,0,0,0,0
44.1122,0.25,0.25,0.25,0.25,0,0,0,0
44.1225,0.25,0.25,0.25,0.25,0,0,0,0
44.1327,0.25,0.25,0.25,0.25,0,0,0,0
44.1428,0.25,0.25,0.25,0.25,0,0,0,0
44.153,0.25,0.25,0.25,0.25,0,0,0,0
44.1632,0.25,0.25,0.25,0.25,0,0,0,0
44.1735,0.25,0.25,0.25,0.25,0,0,0,0
44.1837,0.25,0.25,0.25,0.25,0,0,0,0
44.1938,0.25,0.25,0.25,0.25,0,0,0,0
44.204,0.25,0.25,0.25,0.25,0,0,0,0
44.2142,0.25,0.25,0.25,0.25,0,0,0,0
44.2244,0.25,0.25,0.25,0.25,0,0,0,0
44.2346,0.25,0.25,0.25,0.25,0,0,0,0
44.2449,0.25,0.25,0.25,0.25,0,0,0,0
44.2551,0.25,0.25,0.25,0.25,0,0,0,0
44.2653,0.25,0.25,0.25,0.25,0,0,0,0
44.2755,0.25,0.25,0.25,0.25,0,0,0,0
44.2858,0.25,0.25,0.25,0.25,0,0,0,0
44.296,0.25,0.25,0.25,0.25,0,0,0,0
44.3062,0.25,0.25,0.25,0.25,0,0,0,0
44.3164,0.25,0.25,0.25,0.25,0,0,0,0
44.3266,0.25,0.25,0.25,0.25,0,0,0,0
44.3367,0.25,0.25,0.25,0.25,0,0,0,0
44.3468,0.25,0.25,0.25,0.25,0,0,0,0
44.357,0.25,0.25,0.25,0.25,0,0,0,0
44.3672,0.25,0.25,0.25,0.25,0,0,0,0
44.3775,0.25,0.25,0.25,0.25,0,0,0,0
44.3877,0.25,0.25,0.25,0.25,0,0,0,0
44.3978,0.25,0.25,0.25,0.25,0,0,0,0
44.408,0.25,0.25,0.25,0.25,0,0,0,0
44.4182,0.25,0.25,0.25,0.25,0,0,0,0
44.4285,0.25,0.25,0.25,0.25,0,0,0,0
44.4387,0.25,0.25,0.25,0.25,0,0,0,0
44.4489,0.25,0.25,0.25,0.25,0,0,0,0
44.4591,0.25,0.25,0.25,0.25,0,0,0,0
44.4693,0.25,0.25,0.25,0.25,0,0,0,0
44.4795,0.25,0.25,0.25,0.25,0,0,0,0
44.4897,0.25,0.25,0.25,0.25,0,0,0,0
44.4999,0.25,0.25,0.25,0.25,0,0,0,0
44.5101,0.25,0.25,0.25,0.25,0,0,0,0
44.5202,0.25,0.25,0.25,0.25,0,0,0,0
44.5304,0.25,0.25,0.25,0.25,0,0,0,0
44.5405,0.25,0.25,0.25,0.25,0,0,0,0
44.5507,0.25,0.25,0.25,0.25,0,0,0,0
44.5609,0.25,0.25,0.25,0.25,0,0,0,0
44.571,0.25,0.25,0.25,0.25,0,0,0,0
44.5812,0.25,0.25,0.25,0.25,0,0,0,0
44.5914,0.25,0.25,0.25,0.25,0,0,0,0
44.6016,0.25,0.25,0.25,0.25,0,0,0,0
44.6117,0.25,0.25,0.25,0.25,0,0,0,0
44.6219,0.25,0.25,0.25,0.25,0,0,0,0
44.6321,0.25,0.25,0.25,0.25,0,0,0,0
44.6423,0.25,0.25,0.25,0.25,0,0,0,0
44.6524,0.25,0.25,0.25,0.25,0,0,0,0
44.6627,0.25,0.25,0.25,0.25,0,0,0,0
44.673,0.25,0.25,0.25,0.25,0,0,0,0
44.6832,0.25,0.25,0.25,0.25,0,0,0,0
44.6934,0.25,0.25,0.25,0.25,0,0,0,0
44.7035,0.25,0.25,0.25,0.25,0,0,0,0
44.7137,0.25,0.25,0.25,0.25,0,0,0,0
44.7239,0.25,0.25,0.25,0.25,0,0,0,0
44.7342,0.25,0.25,0.25,0.25,0,0,0,0
44.7444,0.25,0.25,0.25,0.25,0,0,0,0
44.7546,0.25,0.25,0.25,0.25,0,0,0,0
44.7648,0.25,0.25,0.25,0.25,0,0,0,0
44.7751,0.25,0.25,0.25,0.25,0,0,0,0
44.7853,0.25,0.25,0.25,0.25,0,0,0,0
44.7955,0.25,0.25,0.25,0.25,0,0,0,0
44.8057,0.25,0.25,0.25,0.25,0,0,0,0
44.816,0.25,0.25,0.25,0.25,0,0,0,0
44.8262,0.25,0.25,0.25,0.25,0,0,0,0
44.8363,0.25,0.25,0.25,0.25,0,0,0,0
44.8465,0.25,0.25,0.25,0.25,0,0,0,0
44.8568,0.25,0.25,0.25,0.25,0,0,0,0
44.867,0.25,0.25,0.25,0.25,0,0,0,0
44.8773,0.25,0.25,0.25,0.25,0,0,0,0
44.8875,0.25,0.25,0.25,0.25,0,0,0,0
44.8977,0.25,0.25,0.25,0.25,0,0,0,0
44.9078,0.25,0.25,0.25,0.25,0,0,0,0
44.918,0.25,0.25,0.25,0.25,0,0,0,0
44.9281,0.25,0.25,0.25,0.25,0,0,0,0
44.9383,0.25,0.25,0.25,0.25,0,0,0,0
44.9485,0.25,0.25,0.25,0.25,0,0,0,0
44.9587,0.25,0.25,0.25,0.25,0,0,0,0
44.9688,0.25,0.25,0.25,0.25,0,0,0,0
44.979,0.25,0.25,0.25,0.25,0,0,0,0
44.9892,0.25,0.25,0.25,0.25,0,0,0,0
44.9994,0.25,0.25,0.25,0.25,0,0,0,0
45.0096,0.25,0.25,0.25,0.25,0,0,0,0
45.0197,0.25,0.25,0.25,0.25,0,0,0,0
45.0298,0.25,0.25,0.25,0.25,0,0,0,0
45.04,0.25,0.25,0.25,0.25,0,0,0,0
45.0502,0.25,0.25,0.25,0.25,0,0,0,0
45.0604,0.25,0.25,0.25,0.25,0,0,0,0
45.0704,0.25,0.25,0.25,0.25,0,0,0,0
45.0807,0.25,0.25,0.25,0.25,0,0,0,0
45.0909,0.25,0.25,0.25,0.25,0,0,0,0
45.1011,0.25,0.25,0.25,0.25,0,0,0,0
45.1113,0.25,0.25,0.25,0.25,0,0,0,0
45.1215,0.25,0.25,0.25,0.25,0,0,0,0
45.1318,0.25,0.25,0.25,0.25,0,0,0,0
45.142,0.25,0.25,0.25,0.25,0,0,0,0
45.1522,0.25,0.25,0.25,0.25,0,0,0,0
45.1626,0.25,0.25,0.25,0.25,0,0,0,0
45.1728,0.25,0.25,0.25,0.25,0,0,0,0
45.183,0.25,0.25,0.25,0.25,0,0,0,0
45.1932,0.25,0.25,0.25,0.25,0,0,0,0
45.2034,0.25,0.25,0.25,0.25,0,0,0,0
45.2136,0.25,0.25,0.25,0.25,0,0,0,0
45.2238,0.25,0.25,0.25,0.25,0,0,0,0
45.2339,0.25,0.25,0.25,0.25,0,0,0,0
45.244,0.25,0.25,0.25,0.25,0,0,0,0
45.2542,0.25,0.25,0.25,0.25,0,0,0,0
45.2643,0.25,0.25,0.25,0.25,0,0,0,0
45.2745,0.25,0.25,0.25,0.25,0,0,0,0
45.2846,0.25,0.25,0.25,0.25,0,0,0,0
45.2947,0.25,0.25,0.25,0.25,0,0,0,0
45.3049,0.25,0.25,0.25,0.25,0,0,0,0
45.315,0.25,0.25,0.25,0.25,0,0,0,0
45.3252,0.25,0.25,0.25,0.25,0,0,0,0
45.3352,0.25,0.25,0.25,0.25,0,0,0,0
45.3453,0.25,0.25,0.25,0.25,0,0,0,0
45.3555,0.25,0.25,0.25,0.25,0,0,0,0
45.3656,0.25,0.25,0.25,0.25,0,0,0,0
45.3758,0.25,0.25,0.25,0.25,0,0,0,0
45.3859,0.25,0.25,0.25,0.25,0,0,0,0
45.3961,0.25,0.25,0.25,0.25,0,0,0,0
45.4062,0.25,0.25,0.25,0.25,0,0,0,0
45.4164,0.25,0.25,0.25,0.25,0,0,0,0
45.4267,0.25,0.25,0.25,0.25,0,0,0,0
45.4369,0.25,0.25,0.25,0.25,0,0,0,0
45.4471,0.25,0.25,0.25,0.25,0,0,0,0
45.4573,0.25,0.25,0.25,0.25,0,0,0,0
45.4675,0.25,0.25,0.25,0.25,0,0,0,0
45.4776,0.25,0.25,0.25,0.25,0,0,0,0
45.4877,0.25,0.25,0.25,0.25,0,0,0,0
45.4979,0.25,0.25,0.25,0.25,0,0,0,0
45.5082,0.25,0.25,0.25,0.25,0,0,0,0
45.5184,0.25,0.25,0.25,0.25,0,0,0,0
45.5286,0.25,0.25,0.25,0.25,0,0,0,0
45.5388,0.25,0.25,0.25,0.25,0,0,0,0
45.549,0.25,0.25,0.25,0.25,0,0,0,0
45.5593,0.25,0.25,0.25,0.25,0,0,0,0
45.5694,0.25,0.25,0.25,0.25,0,0,0,0
45.5795,0.25,0.25,0.25,0.25,0,0,0,0
45.5897,0.25,0.25,0.25,0.25,0,0,0,0
45.5999,0.25,0.25,0.25,0.25,0,0,0,0
45.6101,0.25,0.25,0.25,0.25,0,0,0,0
45.6202,0.25,0.25,0.25,0.25,0,0,0,0
45.6304,0.25,0.25,0.25,0.25,0,0,0,0
45.6406,0.25,0.25,0.25,0.25,0,0,0,0
45.6508,0.25,0.25,0.25,0.25,0,0,0,0
45.661,0.25,0.25,0.25,0.25,0,0,0,0
45.6712,0.25,0.25,0.25,0.25,0,0,0,0
45.6814,0.25,0.25,0.25,0.25,0,0,0,0
45.6914,0.25,0.25,0.25,0.25,0,0,0,0
45.7015,0.25,0.25,0.25,0.25,0,0,0,0
45.7115,0.25,0.25,0.25,0.25,0,0,0,0
45.7217,0.25,0.25,0.25,0.25,0,0,0,0
45.7319,0.25,0.25,0.25,0.25,0,0,0,0
45.7421,0.25,0.25,0.25,0.25,0,0,0,0
45.7524,0.25,0.25,0.25,0.25,0,0,0,0
45.7626,0.25,0.25,0.25,0.25,0,0,0,0
45.7728,0.25,0.25,0.25,0.25,0,0,0,0
45.7831,0.25,0.25,0.25,0.25,0,0,0,0
45.7933,0.25,0.25,0.25,0.25,0,0,0,0
45.8034,0.25,0.25,0.25,0.25,0,0,0,0
45.8136,0.25,0.25,0.25,0.25,0,0,0,0
45.8238,0.25,0.25,0.25,0.25,0,0,0,0
45.834,0.25,0.25,0.25,0.25,0,0,0,0
45.8442,0.25,0.25,0.25,0.25,0,0,0,0
45.8545,0.25,0.25,0.25,0.25,0,0,0,0
45.8647,0.25,0.25,0.25,0.25,0,0,0,0
45.8749,0.25,0.25,0.25,0.25,0,0,0,0
45.8852,0.25,0.25,0.25,0.25,0,0,0,0
45.8954,0.25,0.25,0.25,0.25,0,0,0,0
45.9056,0.25,0.25,0.25,0.25,0,0,0,0
45.9158,0.25,0.25,0.25,0.25,0,0,0,0
45.9261,0.25,0.25,0.25,0.25,0,0,0,0
45.9363,0.25,0.25,0.25,0.25,0,0,0,0
45.9465,0.25,0.25,0.25,0.25,0,0,0,0
45.9567,0.25,0.25,0.25,0.25,0,0,0,0
45.967,0.25,0.25,0.25,0.25,0,0,0,0
45.9772,0.25,0.25,0.25,0.25,0,0,0,0
45.9874,0.25,0.25,0.25,0.25,0,0,0,0
45.9976,0.25,0.25,0.25,0.25,0,0,0,0
46.0078,0.25,0.25,0.25,0.25,0,0,0,0
46.018,0.25,0.25,0.25,0.25,0,0,0,0
46.0283,0.25,0.25,0.25,0.25,0,0,0,0
46.0385,0.25,0.25,0.25,0.25,0,0,0,0
46.0487,0.25,0.25,0.25,0.25,0,0,0,0
46.0589,0.25,0.25,0.25,0.25,0,0,0,0
46.0692,0.25,0.25,0.25,0.25,0,0,0,0
46.0794,0.25,0.25,0.25,0.25,0,0,0,0
46.0897,0.25,0.25,0.25,0.25,0,0,0,0
46.1,0.25,0.25,0.25,0.25,0,0,0,0
46.1103,0.25,0.25,0.25,0.25,0,0,0,0
46.1205,0.25,0.25,0.25,0.25,0,0,0,0
46.1307,0.25,0.25,0.25,0.25,0,0,0,0
46.141,0.25,0.25,0.25,0.25,0,0,0,0
46.1512,0.25,0.25,0.25,0.25,0,0,0,0
46.1615,0.25,0.25,0.25,0.25,0,0,0,0
46.1717,0.25,0.25,0.25,0.25,0,0,0,0
46.1819,0.25,0.25,0.25,0.25,0,0,0,0
46.1922,0.25,0.25,0.25,0.25,0,0,0,0
46.2025,0.25,0.25,0.25,0.25,0,0,0,0
46.2127,0.25,0.25,0.25,0.25,0,0,0,0
46.2229,0.25,0.25,0.25,0.25,0,0,0,0
46.2332,0.25,0.25,0.25,0.25,0,0,0,0
46.2434,0.25,0.25,0.25,0.25,0,0,0,0
46.2536,0.25,0.25,0.25,0.25,0,0,0,0
46.2639,0.25,0.25,0.25,0.25,0,0,0,0
46.2742,0.25,0.25,0.25,0.25,0,0,0,0
46.2844,0.25,0.25,0.25,0.25,0,0,0,0
46.2947,0.25,0.25,0.25,0.25,0,0,0,0
46.3049,0.25,0.25,0.25,0.25,0,0,0,0
46.3152,0.25,0.25,0.25,0.25,0,0,0,0
46.3255,0.25,0.25,0.25,0.25,0,0,0,0
46.3358,0.25,0.25,0.25,0.25,0,0,0,0
46.346,0.25,0.25,0.25,0.25,0,0,0,0
46.3562,0.25,0.25,0.25,0.25,0,0,0,0
46.3664,0.25,0.25,0.25,0.25,0,0,0,0
46.3767,0.25,0.25,0.25,0.25,0,0,0,0
46.3869,0.25,0.25,0.25,0.25,0,0,0,0
46.3972,0.25,0.25,0.25,0.25,0,0,0,0
46.4075,0.25,0.25,0.25,0.25,0,0,0,0
46.4177,0.25,0.25,0.25,0.25,0,0,0,0
46.428,0.25,0.25,0.25,0.25,0,0,0,0
46.4382,0.25,0.25,0.25,0.25,0,0,0,0
46.4485,0.25,0.25,0.25,0.25,0,0,0,0
46.4588,0.25,0.25,0.25,0.25,0,0,0,0
46.4691,0.25,0.25,0.25,0.25,0,0,0,0
46.4793,0.25,0.25,0.25,0.25,0,0,0,0
46.4896,0.25,0.25,0.25,0.25,0,0,0,0
46.4998,0.25,0.25,0.25,0.25,0,0,0,0
46.5101,0.25,0.25,0.25,0.25,0,0,0,0
46.5203,0.25,0.25,0.25,0.25,0,0,0,0
46.5306,0.25,0.25,0.25,0.25,0,0,0,0
46.5408,0.25,0.25,0.25,0.25,0,0,0,0
46.551,0.25,0.25,0.25,0.25,0,0,0,0
46.5613,0.25,0.25,0.25,0.25,0,0,0,0
46.5715,0.25,0.25,0.25,0.25,0,0,0,0
46.5818,0.25,0.25,0.25,0.25,0,0,0,0
46.5921,0.25,0.25,0.25,0.25,0,0,0,0
46.6023,0.25,0.25,0.25,0.25,0,0,0,0
46.6125,0.25,0.25,0.25,0.25,0,0,0,0
46.6228,0.25,0.25,0.25,0.25,0,0,0,0
46.6329,0.25,0.25,0.25,0.25,0,0,0,0
46.643,0.25,0.25,0.25,0.25,0,0,0,0
46.6532,0.25,0.25,0.25,0.25,0,0,0,0
46.6634,0.25,0.25,0.25,0.25,0,0,0,0
46.6736,0.25,0.25,0.25,0.25,0,0,0,0
46.6838,0.25,0.25,0.25,0.25,0,0,0,0
46.694,0.25,0.25,0.25,0.25,0,0,0,0
46.7042,0.25,0.25,0.25,0.25,0,0,0,0
46.7144,0.25,0.25,0.25,0.25,0,0,0,0
46.7246,0.25,0.25,0.25,0.25,0,0,0,0
46.7348,0.25,0.25,0.25,0.25,0,0,0,0
46.745,0.25,0.25,0.25,0.25,0,0,0,0
46.7552,0.25,0.25,0.25,0.25,0,0,0,0
46.7654,0.25,0.25,0.25,0.25,0,0,0,0
46.7756,0.25,0.25,0.25,0.25,0,0,0,0
46.786,0.25,0.25,0.25,0.25,0,0,0,0
46.796,0.25,0.25,0.25,0.25,0,0,0,0
46.8061,0.25,0.25,0.25,0.25,0,0,0,0
46.8162,0.25,0.25,0.25,0.25,0,0,0,0
46.8263,0.25,0.25,0.25,0.25,0,0,0,0
46.8364,0.25,0.25,0.25,0.25,0,0,0,0
46.8466,0.25,0.25,0.25,0.25,0,0,0,0
46.8568,0.25,0.25,0.25,0.25,0,0,0,0
46.867,0.25,0.25,0.25,0.25,0,0,0,0
46.8773,0.25,0.25,0.25,0.25,0,0,0,0
46.8874,0.25,0.25,0.25,0.25,0,0,0,0
46.8976,0.25,0.25,0.25,0.25,0,0,0,0
46.9078,0.25,0.25,0.25,0.25,0,0,0,0
46.918,0.25,0.25,0.25,0.25,0,0,0,0
46.9282,0.25,0.25,0.25,0.25,0,0,0,0
46.9384,0.25,0.25,0.25,0.25,0,0,0,0
46.9486,0.25,0.25,0.25,0.25,0,0,0,0
46.9588,0.25,0.25,0.25,0.25,0,0,0,0
46.969,0.25,0.25,0.25,0.25,0,0,0,0
46.9792,0.25,0.25,0.25,0.25,0,0,0,0
46.9893,0.25,0.25,0.25,0.25,0,0,0,0
46.9994,0.25,0.25,0.25,0.25,0,0,0,0
47.0094,0.25,0.25,0.25,0.25,0,0,0,0
47.0195,0.25,0.25,0.25,0.25,0,0,0,0
47.0296,0.25,0.25,0.25,0.25,0,0,0,0
47.0398,0.25,0.25,0.25,0.25,0,0,0,0
47.0498,0.25,0.25,0.25,0.25,0,0,0,0
47.0599,0.25,0.25,0.25,0.25,0,0,0,0
47.0701,0.25,0.25,0.25,0.25,0,0,0,0
47.0803,0.25,0.25,0.25,0.25,0,0,0,0
47.0905,0.25,0.25,0.25,0.25,0,0,0,0
47.1006,0.25,0.25,0.25,0.25,0,0,0,0
47.1108,0.25,0.25,0.25,0.25,0,0,0,0
47.121,0.25,0.25,0.25,0.25,0,0,0,0
47.1311,0.25,0.25,0.25,0.25,0,0,0,0
47.1413,0.25,0.25,0.25,0.25,0,0,0,0
47.1515,0.25,0.25,0.25,0.25,0,0,0,0
47.1617,0.25,0.25,0.25,0.25,0,0,0,0
47.1719,0.25,0.25,0.25,0.25,0,0,0,0
47.1822,0.25,0.25,0.25,0.25,0,0,0,0
47.1924,0.25,0.25,0.25,0.25,0,0,0,0
47.2025,0.25,0.25,0.25,0.25,0,0,0,0
47.2128,0.25,0.25,0.25,0.25,0,0,0,0
47.223,0.25,0.25,0.25,0.25,0,0,0,0
47.2332,0.25,0.25,0.25,0.25,0,0,0,0
47.2433,0.25,0.25,0.25,0.25,0,0,0,0
47.2535,0.25,0.25,0.25,0.25,0,0,0,0
47.2638,0.25,0.25,0.25,0.25,0,0,0,0
47.2739,0.25,0.25,0.25,0.25,0,0,0,0
47.2842,0.25,0.25,0.25,0.25,0,0,0,0
47.2944,0.25,0.25,0.25,0.25,0,0,0,0
47.3046,0.25,0.25,0.25,0.25,0,0,0,0
47.3149,0.25,0.25,0.25,0.25,0,0,0,0
47.3251,0.25,0.25,0.25,0.25,0,0,0,0
47.3354,0.25,0.25,0.25,0.25,0,0,0,0
47.3456,0.25,0.25,0.25,0.25,0,0,0,0
47.3558,0.25,0.25,0.25,0.25,0,0,0,0
47.3661,0.25,0.25,0.25,0.25,0,0,0,0
47.3762,0.25,0.25,0.25,0.25,0,0,0,0
47.3864,0.25,0.25,0.25,0.25,0,0,0,0
47.3967,0.25,0.25,0.25,0.25,0,0,0,0
47.4069,0.25,0.25,0.25,0.25,0,0,0,0
47.4171,0.25,0.25,0.25,0.25,0,0,0,0
47.4273,0.25,0.25,0.25,0.25,0,0,0,0
47.4376,0.25,0.25,0.25,0.25,0,0,0,0
47.4478,0.25,0.25,0.25,0.25,0,0,0,0
47.4581,0.25,0.25,0.25,0.25,0,0,0,0
47.4682,0.25,0.25,0.25,0.25,0,0,0,0
47.4784,0.25,0.25,0.25,0.25,0,0,0,0
47.4886,0.25,0.25,0.25,0.25,0,0,0,0
47.4989,0.25,0.25,0.25,0.25,0,0,0,0
47.5091,0.25,0.25,0.25,0.25,0,0,0,0
47.5194,0.25,0.25,0.25,0.25,0,0,0,0
47.5294,0.25,0.25,0.25,0.25,0,0,0,0
47.5395,0.25,0.25,0.25,0.25,0,0,0,0
47.5495,0.25,0.25,0.25,0.25,0,0,0,0
47.5596,0.25,0.25,0.25,0.25,0,0,0,0
47.5698,0.25,0.25,0.25,0.25,0,0,0,0
47.5798,0.25,0.25,0.25,0.25,0,0,0,0
47.5899,0.25,0.25,0.25,0.25,0,0,0,0
47.5999,0.25,0.25,0.25,0.25,0,0,0,0
47.61,0.25,0.25,0.25,0.25,0,0,0,0
47.6201,0.25,0.25,0.25,0.25,0,0,0,0
47.6301,0.25,0.25,0.25,0.25,0,0,0,0
47.6403,0.25,0.25,0.25,0.25,0,0,0,0
47.6506,0.25,0.25,0.25,0.25,0,0,0,0
47.6609,0.25,0.25,0.25,0.25,0,0,0,0
47.6711,0.25,0.25,0.25,0.25,0,0,0,0
47.6814,0.25,0.25,0.25,0.25,0,0,0,0
47.6917,0.25,0.25,0.25,0.25,0,0,0,0
47.7019,0.25,0.25,0.25,0.25,0,0,0,0
47.7122,0.25,0.25,0.25,0.25,0,0,0,0
47.7225,0.25,0.25,0.25,0.25,0,0,0,0
47.7327,0.25,0.25,0.25,0.25,0,0,0,0
47.743,0.25,0.25,0.25,0.25,0,0,0,0
47.7532,0.25,0.25,0.25,0.25,0,0,0,0
47.7634,0.25,0.25,0.25,0.25,0,0,0,0
47.7736,0.25,0.25,0.25,0.25,0,0,0,0
47.7839,0.25,0.25,0.25,0.25,0,0,0,0
47.7941,0.25,0.25,0.25,0.25,0,0,0,0
47.8043,0.25,0.25,0.25,0.25,0,0,0,0
47.8145,0.25,0.25,0.25,0.25,0,0,0,0
47.8247,0.25,0.25,0.25,0.25,0,0,0,0
47.8348,0.25,0.25,0.25,0.25,0,0,0,0
47.8449,0.25,0.25,0.25,0.25,0,0,0,0
47.855,0.25,0.25,0.25,0.25,0,0,0,0
47.8651,0.25,0.25,0.25,0.25,0,0,0,0
47.8752,0.25,0.25,0.25,0.25,0,0,0,0
47.8853,0.25,0.25,0.25,0.25,0,0,0,0
47.8954,0.25,0.25,0.25,0.25,0,0,0,0
47.9056,0.25,0.25,0.25,0.25,0,0,0,0
47.9158,0.25,0.25,0.25,0.25,0,0,0,0
47.9261,0.25,0.25,0.25,0.25,0,0,0,0
47.9362,0.25,0.25,0.25,0.25,0,0,0,0
47.9464,0.25,0.25,0.25,0.25,0,0,0,0
47.9566,0.25,0.25,0.25,0.25,0,0,0,0
47.9668,0.25,0.25,0.25,0.25,0,0,0,0
47.9771,0.25,0.25,0.25,0.25,0,0,0,0
47.9873,0.25,0.25,0.25,0.25,0,0,0,0
47.9976,0.25,0.25,0.25,0.25,0,0,0,0
48.0078,0.25,0.25,0.25,0.25,0,0,0,0
48.0181,0.25,0.25,0.25,0.25,0,0,0,0
48.0283,0.25,0.25,0.25,0.25,0,0,0,0
48.0385,0.25,0.25,0.25,0.25,0,0,0,0
48.0488,0.25,0.25,0.25,0.25,0,0,0,0
48.059,0.25,0.25,0.25,0.25,0,0,0,0
48.0693,0.25,0.25,0.25,0.25,0,0,0,0
48.0795,0.25,0.25,0.25,0.25,0,0,0,0
48.0897,0.25,0.25,0.25,0.25,0,0,0,0
48.0999,0.25,0.25,0.25,0.25,0,0,0,0
48.1102,0.25,0.25,0.25,0.25,0,0,0,0
48.1204,0.25,0.25,0.25,0.25,0,0,0,0
48.1306,0.25,0.25,0.25,0.25,0,0,0,0
48.1409,0.25,0.25,0.25,0.25,0,0,0,0
48.1511,0.25,0.25,0.25,0.25,0,0,0,0
48.1614,0.25,0.25,0.25,0.25,0,0,0,0
48.1717,0.25,0.25,0.25,0.25,0,0,0,0
48.1819,0.25,0.25,0.25,0.25,0,0,0,0
48.192,0.25,0.25,0.25,0.25,0,0,0,0
48.2022,0.25,0.25,0.25,0.25,0,0,0,0
48.2125,0.25,0.25,0.25,0.25,0,0,0,0
48.2226,0.25,0.25,0.25,0.25,0,0,0,0
48.2327,0.25,0.25,0.25,0.25,0,0,0,0
48.2428,0.25,0.25,0.25,0.25,0,0,0,0
48.2528,0.25,0.25,0.25,0.25,0,0,0,0
48.2629,0.25,0.25,0.25,0.25,0,0,0,0
48.273,0.25,0.25,0.25,0.25,0,0,0,0
48.2831,0.25,0.25,0.25,0.25,0,0,0,0
48.2932,0.25,0.25,0.25,0.25,0,0,0,0
48.3033,0.25,0.25,0.25,0.25,0,0,0,0
48.3134,0.25,0.25,0.25,0.25,0,0,0,0
48.3236,0.25,0.25,0.25,0.25,0,0,0,0
48.3338,0.25,0.25,0.25,0.25,0,0,0,0
48.3439,0.25,0.25,0.25,0.25,0,0,0,0
48.3542,0.25,0.25,0.25,0.25,0,0,0,0
48.3644,0.25,0.25,0.25,0.25,0,0,0,0
48.3746,0.25,0.25,0.25,0.25,0,0,0,0
48.3848,0.25,0.25,0.25,0.25,0,0,0,0
48.395,0.25,0.25,0.25,0.25,0,0,0,0
48.4052,0.25,0.25,0.25,0.25,0,0,0,0
48.4155,0.25,0.25,0.25,0.25,0,0,0,0
48.4257,0.25,0.25,0.25,0.25,0,0,0,0
48.4359,0.25,0.25,0.25,0.25,0,0,0,0
48.4462,0.25,0.25,0.25,0.25,0,0,0,0
48.4564,0.25,0.25,0.25,0.25,0,0,0,0
48.4666,0.25,0.25,0.25,0.25,0,0,0,0
48.4768,0.25,0.25,0.25,0.25,0,0,0,0
48.4871,0.25,0.25,0.25,0.25,0,0,0,0
48.4973,0.25,0.25,0.25,0.25,0,0,0,0
48.5075,0.25,0.25,0.25,0.25,0,0,0,0
48.5178,0.25,0.25,0.25,0.25,0,0,0,0
48.528,0.25,0.25,0.25,0.25,0,0,0,0
48.5382,0.25,0.25,0.25,0.25,0,0,0,0
48.5484,0.25,0.25,0.25,0.25,0,0,0,0
48.5586,0.25,0.25,0.25,0.25,0,0,0,0
48.5688,0.25,0.25,0.25,0.25,0,0,0,0
48.5791,0.25,0.25,0.25,0.25,0,0,0,0
48.5893,0.25,0.25,0.25,0.25,0,0,0,0
48.5994,0.25,0.25,0.25,0.25,0,0,0,0
48.6095,0.25,0.25,0.25,0.25,0,0,0,0
48.6196,0.25,0.25,0.25,0.25,0,0,0,0
48.6298,0.25,0.25,0.25,0.25,0,0,0,0
48.6401,0.25,0.25,0.25,0.25,0,0,0,0
48.6503,0.25,0.25,0.25,0.25,0,0,0,0
48.6605,0.25,0.25,0.25,0.25,0,0,0,0
48.6708,0.25,0.25,0.25,0.25,0,0,0,0
48.681,0.25,0.25,0.25,0.25,0,0,0,0
48.6912,0.25,0.25,0.25,0.25,0,0,0,0
48.7014,0.25,0.25,0.25,0.25,0,0,0,0
48.7116,0.25,0.25,0.25,0.25,0,0,0,0
48.7219,0.25,0.25,0.25,0.25,0,0,0,0
48.7321,0.25,0.25,0.25,0.25,0,0,0,0
48.7423,0.25,0.25,0.25,0.25,0,0,0,0
48.7526,0.25,0.25,0.25,0.25,0,0,0,0
48.7628,0.25,0.25,0.25,0.25,0,0,0,0
48.773,0.25,0.25,0.25,0.25,0,0,0,0
48.7832,0.25,0.25,0.25,0.25,0,0,0,0
48.7933,0.25,0.25,0.25,0.25,0,0,0,0
48.8034,0.25,0.25,0.25,0.25,0,0,0,0
48.8136,0.25,0.25,0.25,0.25,0,0,0,0
48.8238,0.25,0.25,0.25,0.25,0,0,0,0
48.8339,0.25,0.25,0.25,0.25,0,0,0,0
48.8441,0.25,0.25,0.25,0.25,0,0,0,0
48.8543,0.25,0.25,0.25,0.25,0,0,0,0
48.8645,0.25,0.25,0.25,0.25,0,0,0,0
48.8746,0.25,0.25,0.25,0.25,0,0,0,0
48.8848,0.25,0.25,0.25,0.25,0,0,0,0
48.8949,0.25,0.25,0.25,0.25,0,0,0,0
48.9051,0.25,0.25,0.25,0.25,0,0,0,0
48.9153,0.25,0.25,0.25,0.25,0,0,0,0
48.9254,0.25,0.25,0.25,0.25,0,0,0,0
48.9356,0.25,0.25,0.25,0.25,0,0,0,0
48.9457,0.25,0.25,0.25,0.25,0,0,0,0
48.9558,0.25,0.25,0.25,0.25,0,0,0,0
48.9661,0.25,0.25,0.25,0.25,0,0,0,0
48.9763,0.25,0.25,0.25,0.25,0,0,0,0
48.9865,0.25,0.25,0.25,0.25,0,0,0,0
48.9966,0.25,0.25,0.25,0.25,0,0,0,0
49.0067,0.25,0.25,0.25,0.25,0,0,0,0
49.0168,0.25,0.25,0.25,0.25,0,0,0,0
49.0271,0.25,0.25,0.25,0.25,0,0,0,0
49.0373,0.25,0.25,0.25,0.25,0,0,0,0
49.0475,0.25,0.25,0.25,0.25,0,0,0,0
49.0577,0.25,0.25,0.25,0.25,0,0,0,0
49.068,0.25,0.25,0.25,0.25,0,0,0,0
49.0782,0.25,0.25,0.25,0.25,0,0,0,0
49.0884,0.25,0.25,0.25,0.25,0,0,0,0
49.0986,0.25,0.25,0.25,0.25,0,0,0,0
49.1088,0.25,0.25,0.25,0.25,0,0,0,0
49.1191,0.25,0.25,0.25,0.25,0,0,0,0
49.1293,0.25,0.25,0.25,0.25,0,0,0,0
49.1395,0.25,0.25,0.25,0.25,0,0,0,0
49.1496,0.25,0.25,0.25,0.25,0,0,0,0
49.1598,0.25,0.25,0.25,0.25,0,0,0,0
49.17,0.25,0.25,0.25,0.25,0,0,0,0
49.1801,0.25,0.25,0.25,0.25,0,0,0,0
49.1903,0.25,0.25,0.25,0.25,0,0,0,0
49.2005,0.25,0.25,0.25,0.25,0,0,0,0
49.2106,0.25,0.25,0.25,0.25,0,0,0,0
49.2208,0.25,0.25,0.25,0.25,0,0,0,0
49.231,0.25,0.25,0.25,0.25,0,0,0,0
49.2411,0.25,0.25,0.25,0.25,0,0,0,0
49.2513,0.25,0.25,0.25,0.25,0,0,0,0
49.2615,0.25,0.25,0.25,0.25,0,0,0,0
49.2717,0.25,0.25,0.25,0.25,0,0,0,0
49.2818,0.25,0.25,0.25,0.25,0,0,0,0
49.292,0.25,0.25,0.25,0.25,0,0,0,0
49.3022,0.25,0.25,0.25,0.25,0,0,0,0
49.3124,0.25,0.25,0.25,0.25,0,0,0,0
49.3226,0.25,0.25,0.25,0.25,0,0,0,0
49.3328,0.25,0.25,0.25,0.25,0,0,0,0
49.3429,0.25,0.25,0.25,0.25,0,0,0,0
49.3532,0.25,0.25,0.25,0.25,0,0,0,0
49.3634,0.25,0.25,0.25,0.25,0,0,0,0
49.3736,0.25,0.25,0.25,0.25,0,0,0,0
49.3838,0.25,0.25,0.25,0.25,0,0,0,0
49.394,0.25,0.25,0.25,0.25,0,0,0,0
49.4043,0.25,0.25,0.25,0.25,0,0,0,0
49.4144,0.25,0.25,0.25,0.25,0,0,0,0
49.4246,0.25,0.25,0.25,0.25,0,0,0,0
49.4348,0.25,0.25,0.25,0.25,0,0,0,0
49.445,0.25,0.25,0.25,0.25,0,0,0,0
49.4553,0.25,0.25,0.25,0.25,0,0,0,0
49.4655,0.25,0.25,0.25,0.25,0,0,0,0
49.4757,0.25,0.25,0.25,0.25,0,0,0,0
49.4859,0.25,0.25,0.25,0.25,0,0,0,0
49.4962,0.25,0.25,0.25,0.25,0,0,0,0
49.5064,0.25,0.25,0.25,0.25,0,0,0,0
49.5166,0.25,0.25,0.25,0.25,0,0,0,0
49.5268,0.25,0.25,0.25,0.25,0,0,0,0
49.5371,0.25,0.25,0.25,0.25,0,0,0,0
49.5473,0.25,0.25,0.25,0.25,0,0,0,0
49.5575,0.25,0.25,0.25,0.25,0,0,0,0
49.5675,0.25,0.25,0.25,0.25,0,0,0,0
49.5778,0.25,0.25,0.25,0.25,0,0,0,0
49.588,0.25,0.25,0.25,0.25,0,0,0,0
49.5981,0.25,0.25,0.25,0.25,0,0,0,0
49.6083,0.25,0.25,0.25,0.25,0,0,0,0
49.6185,0.25,0.25,0.25,0.25,0,0,0,0
49.6288,0.25,0.25,0.25,0.25,0,0,0,0
49.639,0.25,0.25,0.25,0.25,0,0,0,0
49.6493,0.25,0.25,0.25,0.25,0,0,0,0
49.6595,0.25,0.25,0.25,0.25,0,0,0,0
49.6696,0.25,0.25,0.25,0.25,0,0,0,0
49.6798,0.25,0.25,0.25,0.25,0,0,0,0
49.69,0.25,0.25,0.25,0.25,0,0,0,0
49.7001,0.25,0.25,0.25,0.25,0,0,0,0
49.7103,0.25,0.25,0.25,0.25,0,0,0,0
49.7204,0.25,0.25,0.25,0.25,0,0,0,0
49.7306,0.25,0.25,0.25,0.25,0,0,0,0
49.7408,0.25,0.25,0.25,0.25,0,0,0,0
49.7511,0.25,0.25,0.25,0.25,0,0,0,0
49.7613,0.25,0.25,0.25,0.25,0,0,0,0
49.7715,0.25,0.25,0.25,0.25,0,0,0,0
49.7817,0.25,0.25,0.25,0.25,0,0,0,0
49.7919,0.25,0.25,0.25,0.25,0,0,0,0
49.8021,0.25,0.25,0.25,0.25,0,0,0,0
49.8123,0.25,0.25,0.25,0.25,0,0,0,0
49.8225,0.25,0.25,0.25,0.25,0,0,0,0
49.8327,0.25,0.25,0.25,0.25,0,0,0,0
49.8429,0.25,0.25,0.25,0.25,0,0,0,0
49.8531,0.25,0.25,0.25,0.25,0,0,0,0
49.8633,0.25,0.25,0.25,0.25,0,0,0,0
49.8736,0.25,0.25,0.25,0.25,0,0,0,0
49.8838,0.25,0.25,0.25,0.25,0,0,0,0
49.894,0.25,0.25,0.25,0.25,0,0,0,0
49.9042,0.25,0.25,0.25,0.25,0,0,0,0
49.9144,0.25,0.25,0.25,0.25,0,0,0,0
49.9246,0.25,0.25,0.25,0.25,0,0,0,0
49.9348,0.25,0.25,0.25,0.25,0,0,0,0
49.945,0.25,0.25,0.25,0.25,0,0,0,0
49.9552,0.25,0.25,0.25,0.25,0,0,0,0
49.9655,0.25,0.25,0.25,0.25,0,0,0,0
49.9757,0.25,0.25,0.25,0.25,0,0,0,0
49.9859,0.25,0.25,0.25,0.25,0,0,0,0
49.9962,0.25,0.25,0.25,0.25,0,0,0,0
50.0064,0.25,0.25,0.25,0.25,0,0,0,0
50.0166,0.25,0.25,0.25,0.25,0,0,0,0
50.0268,0.25,0.25,0.25,0.25,0,0,0,0
50.0369,0.25,0.25,0.25,0.25,0,0,0,0
50.047,0.25,0.25,0.25,0.25,0,0,0,0
50.0571,0.25,0.25,0.25,0.25,0,0,0,0
50.0674,0.25,0.25,0.25,0.25,0,0,0,0
50.0775,0.25,0.25,0.25,0.25,0,0,0,0
50.0878,0.25,0.25,0.25,0.25,0,0,0,0
50.0979,0.25,0.25,0.25,0.25,0,0,0,0
50.1082,0.25,0.25,0.25,0.25,0,0,0,0
50.1184,0.25,0.25,0.25,0.25,0,0,0,0
50.1285,0.25,0.25,0.25,0.25,0,0,0,0
50.1388,0.25,0.25,0.25,0.25,0,0,0,0
50.1491,0.25,0.25,0.25,0.25,0,0,0,0
50.1593,0.25,0.25,0.25,0.25,0,0,0,0
50.1694,0.25,0.25,0.25,0.25,0,0,0,0
50.1795,0.25,0.25,0.25,0.25,0,0,0,0
50.1898,0.25,0.25,0.25,0.25,0,0,0,0
50.2,0.25,0.25,0.25,0.25,0,0,0,0
50.2104,0.25,0.25,0.25,0.25,0,0,0,0
50.2206,0.25,0.25,0.25,0.25,0,0,0,0
50.2308,0.25,0.25,0.25,0.25,0,0,0,0
50.2411,0.25,0.25,0.25,0.25,0,0,0,0
50.2513,0.25,0.25,0.25,0.25,0,0,0,0
50.2616,0.25,0.25,0.25,0.25,0,0,0,0
50.2718,0.25,0.25,0.25,0.25,0,0,0,0
50.2821,0.25,0.25,0.25,0.25,0,0,0,0
50.2924,0.25,0.25,0.25,0.25,0,0,0,0
50.3027,0.25,0.25,0.25,0.25,0,0,0,0
50.3129,0.25,0.25,0.25,0.25,0,0,0,0
50.3232,0.25,0.25,0.25,0.25,0,0,0,0
50.3332,0.25,0.25,0.25,0.25,0,0,0,0
50.3434,0.25,0.25,0.25,0.25,0,0,0,0
50.3536,0.25,0.25,0.25,0.25,0,0,0,0
50.3639,0.25,0.25,0.25,0.25,0,0,0,0
50.3741,0.25,0.25,0.25,0.25,0,0,0,0
50.3843,0.25,0.25,0.25,0.25,0,0,0,0
50.3945,0.25,0.25,0.25,0.25,0,0,0,0
50.4047,0.25,0.25,0.25,0.25,0,0,0,0
50.4149,0.25,0.25,0.25,0.25,0,0,0,0
50.4251,0.25,0.25,0.25,0.25,0,0,0,0
50.4353,0.25,0.25,0.25,0.25,0,0,0,0
50.4453,0.25,0.25,0.25,0.25,0,0,0,0
50.4555,0.25,0.25,0.25,0.25,0,0,0,0
50.4657,0.25,0.25,0.25,0.25,0,0,0,0
50.4759,0.25,0.25,0.25,0.25,0,0,0,0
50.4861,0.25,0.25,0.25,0.25,0,0,0,0
50.4963,0.25,0.25,0.25,0.25,0,0,0,0
50.5065,0.25,0.25,0.25,0.25,0,0,0,0
50.5168,0.25,0.25,0.25,0.25,0,0,0,0
50.527,0.25,0.25,0.25,0.25,0,0,0,0
50.5372,0.25,0.25,0.25,0.25,0,0,0,0
50.5474,0.25,0.25,0.25,0.25,0,0,0,0
50.5576,0.25,0.25,0.25,0.25,0,0,0,0
50.5678,0.25,0.25,0.25,0.25,0,0,0,0
50.578,0.25,0.25,0.25,0.25,0,0,0,0
50.5882,0.25,0.25,0.25,0.25,0,0,0,0
50.5984,0.25,0.25,0.25,0.25,0,0,0,0
50.6086,0.25,0.25,0.25,0.25,0,0,0,0
50.6187,0.25,0.25,0.25,0.25,0,0,0,0
50.6289,0.25,0.25,0.25,0.25,0,0,0,0
50.6392,0.25,0.25,0.25,0.25,0,0,0,0
50.6493,0.25,0.25,0.25,0.25,0,0,0,0
50.6595,0.25,0.25,0.25,0.25,0,0,0,0
50.6697,0.25,0.25,0.25,0.25,0,0,0,0
50.6799,0.25,0.25,0.25,0.25,0,0,0,0
50.6902,0.25,0.25,0.25,0.25,0,0,0,0
50.7004,0.25,0.25,0.25,0.25,0,0,0,0
50.7106,0.25,0.25,0.25,0.25,0,0,0,0
50.7207,0.25,0.25,0.25,0.25,0,0,0,0
50.7308,0.25,0.25,0.25,0.25,0,0,0,0
50.7409,0.25,0.25,0.25,0.25,0,0,0,0
50.751,0.25,0.25,0.25,0.25,0,0,0,0
50.7612,0.25,0.25,0.25,0.25,0,0,0,0
50.7714,0.25,0.25,0.25,0.25,0,0,0,0
50.7817,0.25,0.25,0.25,0.25,0,0,0,0
50.7919,0.25,0.25,0.25,0.25,0,0,0,0
50.8021,0.25,0.25,0.25,0.25,0,0,0,0
50.8124,0.25,0.25,0.25,0.25,0,0,0,0
50.8226,0.25,0.25,0.25,0.25,0,0,0,0
50.8329,0.25,0.25,0.25,0.25,0,0,0,0
50.8431,0.25,0.25,0.25,0.25,0,0,0,0
50.8533,0.25,0.25,0.25,0.25,0,0,0,0
50.8635,0.25,0.25,0.25,0.25,0,0,0,0
50.8738,0.25,0.25,0.25,0.25,0,0,0,0
50.884,0.25,0.25,0.25,0.25,0,0,0,0
50.8942,0.25,0.25,0.25,0.25,0,0,0,0
50.9044,0.25,0.25,0.25,0.25,0,0,0,0
50.9146,0.25,0.25,0.25,0.25,0,0,0,0
50.9249,0.25,0.25,0.25,0.25,0,0,0,0
50.9351,0.25,0.25,0.25,0.25,0,0,0,0
50.9456,0.25,0.25,0.25,0.25,0,0,0,0
50.9559,0.25,0.25,0.25,0.25,0,0,0,0
50.9661,0.25,0.25,0.25,0.25,0,0,0,0
50.9763,0.25,0.25,0.25,0.25,0,0,0,0
50.9864,0.25,0.25,0.25,0.25,0,0,0,0
50.9965,0.25,0.25,0.25,0.25,0,0,0,0
51.0066,0.25,0.25,0.25,0.25,0,0,0,0
51.0168,0.25,0.25,0.25,0.25,0,0,0,0
51.027,0.25,0.25,0.25,0.25,0,0,0,0
51.0372,0.25,0.25,0.25,0.25,0,0,0,0
51.0474,0.25,0.25,0.25,0.25,0,0,0,0
51.0576,0.25,0.25,0.25,0.25,0,0,0,0
51.0677,0.25,0.25,0.25,0.25,0,0,0,0
51.0779,0.25,0.25,0.25,0.25,0,0,0,0
51.0881,0.25,0.25,0.25,0.25,0,0,0,0
51.0983,0.25,0.25,0.25,0.25,0,0,0,0
51.1084,0.25,0.25,0.25,0.25,0,0,0,0
51.1186,0.25,0.25,0.25,0.25,0,0,0,0
51.1288,0.25,0.25,0.25,0.25,0,0,0,0
51.139,0.25,0.25,0.25,0.25,0,0,0,0
51.1493,0.25,0.25,0.25,0.25,0,0,0,0
51.1596,0.25,0.25,0.25,0.25,0,0,0,0
51.1698,0.25,0.25,0.25,0.25,0,0,0,0
51.18,0.25,0.25,0.25,0.25,0,0,0,0
51.1902,0.25,0.25,0.25,0.25,0,0,0,0
51.2005,0.25,0.25,0.25,0.25,0,0,0,0
51.2106,0.25,0.25,0.25,0.25,0,0,0,0
51.2208,0.25,0.25,0.25,0.25,0,0,0,0
51.231,0.25,0.25,0.25,0.25,0,0,0,0
51.2412,0.25,0.25,0.25,0.25,0,0,0,0
51.2514,0.25,0.25,0.25,0.25,0,0,0,0
51.2616,0.25,0.25,0.25,0.25,0,0,0,0
51.2718,0.25,0.25,0.25,0.25,0,0,0,0
51.282,0.25,0.25,0.25,0.25,0,0,0,0
51.2922,0.25,0.25,0.25,0.25,0,0,0,0
51.3025,0.25,0.25,0.25,0.25,0,0,0,0
51.3127,0.25,0.25,0.25,0.25,0,0,0,0
51.3229,0.25,0.25,0.25,0.25,0,0,0,0
51.3331,0.25,0.25,0.25,0.25,0,0,0,0
51.3432,0.25,0.25,0.25,0.25,0,0,0,0
51.3534,0.25,0.25,0.25,0.25,0,0,0,0
51.3638,0.25,0.25,0.25,0.25,0,0,0,0
51.374,0.25,0.25,0.25,0.25,0,0,0,0
51.3841,0.25,0.25,0.25,0.25,0,0,0,0
51.3943,0.25,0.25,0.25,0.25,0,0,0,0
51.4045,0.25,0.25,0.25,0.25,0,0,0,0
51.4147,0.25,0.25,0.25,0.25,0,0,0,0
51.4248,0.25,0.25,0.25,0.25,0,0,0,0
51.435,0.25,0.25,0.25,0.25,0,0,0,0
51.4452,0.25,0.25,0.25,0.25,0,0,0,0
51.4554,0.25,0.25,0.25,0.25,0,0,0,0
51.4655,0.25,0.25,0.25,0.25,0,0,0,0
51.4757,0.25,0.25,0.25,0.25,0,0,0,0
51.4859,0.25,0.25,0.25,0.25,0,0,0,0
51.4961,0.25,0.25,0.25,0.25,0,0,0,0
51.5063,0.25,0.25,0.25,0.25,0,0,0,0
51.5164,0.25,0.25,0.25,0.25,0,0,0,0
51.5266,0.25,0.25,0.25,0.25,0,0,0,0
51.5368,0.25,0.25,0.25,0.25,0,0,0,0
51.547,0.25,0.25,0.25,0.25,0,0,0,0
51.5572,0.25,0.25,0.25,0.25,0,0,0,0
51.5675,0.25,0.25,0.25,0.25,0,0,0,0
51.5777,0.25,0.25,0.25,0.25,0,0,0,0
51.5879,0.25,0.25,0.25,0.25,0,0,0,0
51.5981,0.25,0.25,0.25,0.25,0,0,0,0
51.6084,0.25,0.25,0.25,0.25,0,0,0,0
51.6186,0.25,0.25,0.25,0.25,0,0,0,0
51.6288,0.25,0.25,0.25,0.25,0,0,0,0
51.639,0.25,0.25,0.25,0.25,0,0,0,0
51.6493,0.25,0.25,0.25,0.25,0,0,0,0
51.6595,0.25,0.25,0.25,0.25,0,0,0,0
51.6696,0.25,0.25,0.25,0.25,0,0,0,0
51.6798,0.25,0.25,0.25,0.25,0,0,0,0
51.69,0.25,0.25,0.25,0.25,0,0,0,0
51.7003,0.25,0.25,0.25,0.25,0,0,0,0
51.7104,0.25,0.25,0.25,0.25,0,0,0,0
51.7205,0.25,0.25,0.25,0.25,0,0,0,0
51.7307,0.25,0.25,0.25,0.25,0,0,0,0
51.7409,0.25,0.25,0.25,0.25,0,0,0,0
51.7512,0.25,0.25,0.25,0.25,0,0,0,0
51.7614,0.25,0.25,0.25,0.25,0,0,0,0
51.7717,0.25,0.25,0.25,0.25,0,0,0,0
51.7819,0.25,0.25,0.25,0.25,0,0,0,0
51.7921,0.25,0.25,0.25,0.25,0,0,0,0
51.8023,0.25,0.25,0.25,0.25,0,0,0,0
51.8126,0.25,0.25,0.25,0.25,0,0,0,0
51.8228,0.25,0.25,0.25,0.25,0,0,0,0
51.8331,0.25,0.25,0.25,0.25,0,0,0,0
51.8433,0.25,0.25,0.25,0.25,0,0,0,0
51.8535,0.25,0.25,0.25,0.25,0,0,0,0
51.8637,0.25,0.25,0.25,0.25,0,0,0,0
51.874,0.25,0.25,0.25,0.25,0,0,0,0
51.8842,0.25,0.25,0.25,0.25,0,0,0,0
51.8944,0.25,0.25,0.25,0.25,0,0,0,0
51.9046,0.25,0.25,0.25,0.25,0,0,0,0
51.9149,0.25,0.25,0.25,0.25,0,0,0,0
51.9251,0.25,0.25,0.25,0.25,0,0,0,0
51.9353,0.25,0.25,0.25,0.25,0,0,0,0
51.9455,0.25,0.25,0.25,0.25,0,0,0,0
51.9558,0.25,0.25,0.25,0.25,0,0,0,0
51.966,0.25,0.25,0.25,0.25,0,0,0,0
51.9762,0.25,0.25,0.25,0.25,0,0,0,0
51.9864,0.25,0.25,0.25,0.25,0,0,0,0
51.9967,0.25,0.25,0.25,0.25,0,0,0,0
52.0067,0.25,0.25,0.25,0.25,0,0,0,0
52.017,0.25,0.25,0.25,0.25,0,0,0,0
52.0273,0.25,0.25,0.25,0.25,0,0,0,0
52.0375,0.25,0.25,0.25,0.25,0,0,0,0
52.0478,0.25,0.25,0.25,0.25,0,0,0,0
52.058,0.25,0.25,0.25,0.25,0,0,0,0
52.0681,0.25,0.25,0.25,0.25,0,0,0,0
52.0783,0.25,0.25,0.25,0.25,0,0,0,0
52.0885,0.25,0.25,0.25,0.25,0,0,0,0
52.0987,0.25,0.25,0.25,0.25,0,0,0,0
52.1089,0.25,0.25,0.25,0.25,0,0,0,0
52.1191,0.25,0.25,0.25,0.25,0,0,0,0
52.1293,0.25,0.25,0.25,0.25,0,0,0,0
52.1395,0.25,0.25,0.25,0.25,0,0,0,0
52.1497,0.25,0.25,0.25,0.25,0,0,0,0
52.1599,0.25,0.25,0.25,0.25,0,0,0,0
52.1701,0.25,0.25,0.25,0.25,0,0,0,0
52.1803,0.25,0.25,0.25,0.25,0,0,0,0
52.1905,0.25,0.25,0.25,0.25,0,0,0,0
52.2007,0.25,0.25,0.25,0.25,0,0,0,0
52.2109,0.25,0.25,0.25,0.25,0,0,0,0
52.2212,0.25,0.25,0.25,0.25,0,0,0,0
52.2313,0.25,0.25,0.25,0.25,0,0,0,0
52.2415,0.25,0.25,0.25,0.25,0,0,0,0
52.2517,0.25,0.25,0.25,0.25,0,0,0,0
52.2619,0.25,0.25,0.25,0.25,0,0,0,0
52.2721,0.25,0.25,0.25,0.25,0,0,0,0
52.2823,0.25,0.25,0.25,0.25,0,0,0,0
52.2926,0.25,0.25,0.25,0.25,0,0,0,0
52.3028,0.25,0.25,0.25,0.25,0,0,0,0
52.3131,0.25,0.25,0.25,0.25,0,0,0,0
52.3233,0.25,0.25,0.25,0.25,0,0,0,0
52.3335,0.25,0.25,0.25,0.25,0,0,0,0
52.3437,0.25,0.25,0.25,0.25,0,0,0,0
52.3539,0.25,0.25,0.25,0.25,0,0,0,0
52.3641,0.25,0.25,0.25,0.25,0,0,0,0
52.3744,0.25,0.25,0.25,0.25,0,0,0,0
52.3846,0.25,0.25,0.25,0.25,0,0,0,0
52.3948,0.25,0.25,0.25,0.25,0,0,0,0
52.405,0.25,0.25,0.25,0.25,0,0,0,0
52.4152,0.25,0.25,0.25,0.25,0,0,0,0
52.4254,0.25,0.25,0.25,0.25,0,0,0,0
52.4356,0.25,0.25,0.25,0.25,0,0,0,0
52.4458,0.25,0.25,0.25,0.25,0,0,0,0
52.456,0.25,0.25,0.25,0.25,0,0,0,0
52.4663,0.25,0.25,0.25,0.25,0,0,0,0
52.4763,0.25,0.25,0.25,0.25,0,0,0,0
52.4864,0.25,0.25,0.25,0.25,0,0,0,0
52.4966,0.25,0.25,0.25,0.25,0,0,0,0
52.5068,0.25,0.25,0.25,0.25,0,0,0,0
52.517,0.25,0.25,0.25,0.25,0,0,0,0
52.5272,0.25,0.25,0.25,0.25,0,0,0,0
52.5375,0.25,0.25,0.25,0.25,0,0,0,0
52.5475,0.25,0.25,0.25,0.25,0,0,0,0
52.5577,0.25,0.25,0.25,0.25,0,0,0,0
52.568,0.25,0.25,0.25,0.25,0,0,0,0
52.5783,0.25,0.25,0.25,0.25,0,0,0,0
52.5885,0.25,0.25,0.25,0.25,0,0,0,0
52.5988,0.25,0.25,0.25,0.25,0,0,0,0
52.6091,0.25,0.25,0.25,0.25,0,0,0,0
52.6193,0.25,0.25,0.25,0.25,0,0,0,0
52.6295,0.25,0.25,0.25,0.25,0,0,0,0
52.6398,0.25,0.25,0.25,0.25,0,0,0,0
52.65,0.25,0.25,0.25,0.25,0,0,0,0
52.6602,0.25,0.25,0.25,0.25,0,0,0,0
52.6705,0.25,0.25,0.25,0.25,0,0,0,0
52.6807,0.25,0.25,0.25,0.25,0,0,0,0
52.691,0.25,0.25,0.25,0.25,0,0,0,0
52.7012,0.25,0.25,0.25,0.25,0,0,0,0
52.7115,0.25,0.25,0.25,0.25,0,0,0,0
52.7219,0.25,0.25,0.25,0.25,0,0,0,0
52.7321,0.25,0.25,0.25,0.25,0,0,0,0
52.7423,0.25,0.25,0.25,0.25,0,0,0,0
52.7528,0.25,0.25,0.25,0.25,0,0,0,0
52.763,0.25,0.25,0.25,0.25,0,0,0,0
52.7733,0.25,0.25,0.25,0.25,0,0,0,0
52.7835,0.25,0.25,0.25,0.25,0,0,0,0
52.7937,0.25,0.25,0.25,0.25,0,0,0,0
52.804,0.25,0.25,0.25,0.25,0,0,0,0
52.8142,0.25,0.25,0.25,0.25,0,0,0,0
52.8244,0.25,0.25,0.25,0.25,0,0,0,0
52.8347,0.25,0.25,0.25,0.25,0,0,0,0
52.8449,0.25,0.25,0.25,0.25,0,0,0,0
52.8551,0.25,0.25,0.25,0.25,0,0,0,0
52.8652,0.25,0.25,0.25,0.25,0,0,0,0
52.8753,0.25,0.25,0.25,0.25,0,0,0,0
52.8854,0.25,0.25,0.25,0.25,0,0,0,0
52.8955,0.25,0.25,0.25,0.25,0,0,0,0
52.9058,0.25,0.25,0.25,0.25,0,0,0,0
52.916,0.25,0.25,0.25,0.25,0,0,0,0
52.9262,0.25,0.25,0.25,0.25,0,0,0,0
52.9365,0.25,0.25,0.25,0.25,0,0,0,0
52.9465,0.25,0.25,0.25,0.25,0,0,0,0
52.9567,0.25,0.25,0.25,0.25,0,0,0,0
52.9669,0.25,0.25,0.25,0.25,0,0,0,0
52.9771,0.25,0.25,0.25,0.25,0,0,0,0
52.9873,0.25,0.25,0.25,0.25,0,0,0,0
52.9977,0.25,0.25,0.25,0.25,0,0,0,0
53.0079,0.25,0.25,0.25,0.25,0,0,0,0
53.0181,0.25,0.25,0.25,0.25,0,0,0,0
53.0282,0.25,0.25,0.25,0.25,0,0,0,0
53.0384,0.25,0.25,0.25,0.25,0,0,0,0
53.0486,0.25,0.25,0.25,0.25,0,0,0,0
53.0588,0.25,0.25,0.25,0.25,0,0,0,0
53.069,0.25,0.25,0.25,0.25,0,0,0,0
53.0793,0.25,0.25,0.25,0.25,0,0,0,0
53.0894,0.25,0.25,0.25,0.25,0,0,0,0
53.0997,0.25,0.25,0.25,0.25,0,0,0,0
53.1099,0.25,0.25,0.25,0.25,0,0,0,0
53.1201,0.25,0.25,0.25,0.25,0,0,0,0
53.1304,0.25,0.25,0.25,0.25,0,0,0,0
53.1406,0.25,0.25,0.25,0.25,0,0,0,0
53.1508,0.25,0.25,0.25,0.25,0,0,0,0
53.161,0.25,0.25,0.25,0.25,0,0,0,0
53.1713,0.25,0.25,0.25,0.25,0,0,0,0
53.1815,0.25,0.25,0.25,0.25,0,0,0,0
53.1917,0.25,0.25,0.25,0.25,0,0,0,0
53.202,0.25,0.25,0.25,0.25,0,0,0,0
53.2123,0.25,0.25,0.25,0.25,0,0,0,0
53.2225,0.25,0.25,0.25,0.25,0,0,0,0
53.2328,0.25,0.25,0.25,0.25,0,0,0,0
53.2431,0.25,0.25,0.25,0.25,0,0,0,0
53.2533,0.25,0.25,0.25,0.25,0,0,0,0
53.2635,0.25,0.25,0.25,0.25,0,0,0,0
53.2738,0.25,0.25,0.25,0.25,0,0,0,0
53.2841,0.25,0.25,0.25,0.25,0,0,0,0
53.2943,0.25,0.25,0.25,0.25,0,0,0,0
53.3046,0.25,0.25,0.25,0.25,0,0,0,0
53.3148,0.25,0.25,0.25,0.25,0,0,0,0
53.3251,0.25,0.25,0.25,0.25,0,0,0,0
53.3354,0.25,0.25,0.25,0.25,0,0,0,0
53.3456,0.25,0.25,0.25,0.25,0,0,0,0
53.356,0.25,0.25,0.25,0.25,0,0,0,0
53.3662,0.25,0.25,0.25,0.25,0,0,0,0
53.3764,0.25,0.25,0.25,0.25,0,0,0,0
53.3867,0.25,0.25,0.25,0.25,0,0,0,0
53.397,0.25,0.25,0.25,0.25,0,0,0,0
53.4072,0.25,0.25,0.25,0.25,0,0,0,0
53.4174,0.25,0.25,0.25,0.25,0,0,0,0
53.4276,0.25,0.25,0.25,0.25,0,0,0,0
53.4379,0.25,0.25,0.25,0.25,0,0,0,0
53.4482,0.25,0.25,0.25,0.25,0,0,0,0
53.4584,0.25,0.25,0.25,0.25,0,0,0,0
53.4687,0.25,0.25,0.25,0.25,0,0,0,0
53.4789,0.25,0.25,0.25,0.25,0,0,0,0
53.4892,0.25,0.25,0.25,0.25,0,0,0,0
53.4995,0.25,0.25,0.25,0.25,0,0,0,0
53.5097,0.25,0.25,0.25,0.25,0,0,0,0
53.5199,0.25,0.25,0.25,0.25,0,0,0,0
53.5301,0.25,0.25,0.25,0.25,0,0,0,0
53.5402,0.25,0.25,0.25,0.25,0,0,0,0
53.5502,0.25,0.25,0.25,0.25,0,0,0,0
53.5605,0.25,0.25,0.25,0.25,0,0,0,0
53.5706,0.25,0.25,0.25,0.25,0,0,0,0
53.5809,0.25,0.25,0.25,0.25,0,0,0,0
53.5911,0.25,0.25,0.25,0.25,0,0,0,0
53.6013,0.25,0.25,0.25,0.25,0,0,0,0
53.6115,0.25,0.25,0.25,0.25,0,0,0,0
53.6217,0.25,0.25,0.25,0.25,0,0,0,0
53.6319,0.25,0.25,0.25,0.25,0,0,0,0
53.6421,0.25,0.25,0.25,0.25,0,0,0,0
53.6523,0.25,0.25,0.25,0.25,0,0,0,0
53.6625,0.25,0.25,0.25,0.25,0,0,0,0
53.6728,0.25,0.25,0.25,0.25,0,0,0,0
53.683,0.25,0.25,0.25,0.25,0,0,0,0
53.6933,0.25,0.25,0.25,0.25,0,0,0,0
53.7035,0.25,0.25,0.25,0.25,0,0,0,0
53.7137,0.25,0.25,0.25,0.25,0,0,0,0
53.724,0.25,0.25,0.25,0.25,0,0,0,0
53.7342,0.25,0.25,0.25,0.25,0,0,0,0
53.7444,0.25,0.25,0.25,0.25,0,0,0,0
53.7547,0.25,0.25,0.25,0.25,0,0,0,0
53.7649,0.25,0.25,0.25,0.25,0,0,0,0
53.7752,0.25,0.25,0.25,0.25,0,0,0,0
53.7854,0.25,0.25,0.25,0.25,0,0,0,0
53.7957,0.25,0.25,0.25,0.25,0,0,0,0
53.806,0.25,0.25,0.25,0.25,0,0,0,0
53.8163,0.25,0.25,0.25,0.25,0,0,0,0
53.8265,0.25,0.25,0.25,0.25,0,0,0,0
53.8367,0.25,0.25,0.25,0.25,0,0,0,0
53.847,0.25,0.25,0.25,0.25,0,0,0,0
53.8572,0.25,0.25,0.25,0.25,0,0,0,0
53.8675,0.25,0.25,0.25,0.25,0,0,0,0
53.8777,0.25,0.25,0.25,0.25,0,0,0,0
53.888,0.25,0.25,0.25,0.25,0,0,0,0
53.8982,0.25,0.25,0.25,0.25,0,0,0,0
53.9085,0.25,0.25,0.25,0.25,0,0,0,0
53.9188,0.25,0.25,0.25,0.25,0,0,0,0
53.9291,0.25,0.25,0.25,0.25,0,0,0,0
53.9393,0.25,0.25,0.25,0.25,0,0,0,0
53.9495,0.25,0.25,0.25,0.25,0,0,0,0
53.9597,0.25,0.25,0.25,0.25,0,0,0,0
53.97,0.25,0.25,0.25,0.25,0,0,0,0
53.9802,0.25,0.25,0.25,0.25,0,0,0,0
53.9905,0.25,0.25,0.25,0.25,0,0,0,0
54.0007,0.25,0.25,0.25,0.25,0,0,0,0
54.0109,0.25,0.25,0.25,0.25,0,0,0,0
54.0212,0.25,0.25,0.25,0.25,0,0,0,0
54.0314,0.25,0.25,0.25,0.25,0,0,0,0
54.0417,0.25,0.25,0.25,0.25,0,0,0,0
54.0519,0.25,0.25,0.25,0.25,0,0,0,0
54.0622,0.25,0.25,0.25,0.25,0,0,0,0
54.0725,0.25,0.25,0.25,0.25,0,0,0,0
54.0827,0.25,0.25,0.25,0.25,0,0,0,0
54.0928,0.25,0.25,0.25,0.25,0,0,0,0
54.103,0.25,0.25,0.25,0.25,0,0,0,0
54.1132,0.25,0.25,0.25,0.25,0,0,0,0
54.1234,0.25,0.25,0.25,0.25,0,0,0,0
54.1337,0.25,0.25,0.25,0.25,0,0,0,0
54.1439,0.25,0.25,0.25,0.25,0,0,0,0
54.1541,0.25,0.25,0.25,0.25,0,0,0,0
54.1643,0.25,0.25,0.25,0.25,0,0,0,0
54.1745,0.25,0.25,0.25,0.25,0,0,0,0
54.1847,0.25,0.25,0.25,0.25,0,0,0,0
54.1949,0.25,0.25,0.25,0.25,0,0,0,0
54.2051,0.25,0.25,0.25,0.25,0,0,0,0
54.2153,0.25,0.25,0.25,0.25,0,0,0,0
54.2255,0.25,0.25,0.25,0.25,0,0,0,0
54.2358,0.25,0.25,0.25,0.25,0,0,0,0
54.246,0.25,0.25,0.25,0.25,0,0,0,0
54.2562,0.25,0.25,0.25,0.25,0,0,0,0
54.2665,0.25,0.25,0.25,0.25,0,0,0,0
54.2768,0.25,0.25,0.25,0.25,0,0,0,0
54.287,0.25,0.25,0.25,0.25,0,0,0,0
54.2972,0.25,0.25,0.25,0.25,0,0,0,0
54.3074,0.25,0.25,0.25,0.25,0,0,0,0
54.3177,0.25,0.25,0.25,0.25,0,0,0,0
54.328,0.25,0.25,0.25,0.25,0,0,0,0
54.3382,0.25,0.25,0.25,0.25,0,0,0,0
54.3484,0.25,0.25,0.25,0.25,0,0,0,0
54.3587,0.25,0.25,0.25,0.25,0,0,0,0
54.3689,0.25,0.25,0.25,0.25,0,0,0,0
54.3791,0.25,0.25,0.25,0.25,0,0,0,0
54.3894,0.25,0.25,0.25,0.25,0,0,0,0
54.3996,0.25,0.25,0.25,0.25,0,0,0,0
54.4097,0.25,0.25,0.25,0.25,0,0,0,0
54.4198,0.25,0.25,0.25,0.25,0,0,0,0
54.43,0.25,0.25,0.25,0.25,0,0,0,0
54.4402,0.25,0.25,0.25,0.25,0,0,0,0
54.4504,0.25,0.25,0.25,0.25,0,0,0,0
54.4607,0.25,0.25,0.25,0.25,0,0,0,0
54.4709,0.25,0.25,0.25,0.25,0,0,0,0
54.4812,0.25,0.25,0.25,0.25,0,0,0,0
54.4914,0.25,0.25,0.25,0.25,0,0,0,0
54.5017,0.25,0.25,0.25,0.25,0,0,0,0
54.512,0.25,0.25,0.25,0.25,0,0,0,0
54.5223,0.25,0.25,0.25,0.25,0,0,0,0
54.5325,0.25,0.25,0.25,0.25,0,0,0,0
54.5427,0.25,0.25,0.25,0.25,0,0,0,0
54.5529,0.25,0.25,0.25,0.25,0,0,0,0
54.5632,0.25,0.25,0.25,0.25,0,0,0,0
54.5734,0.25,0.25,0.25,0.25,0,0,0,0
54.5837,0.25,0.25,0.25,0.25,0,0,0,0
54.5939,0.25,0.25,0.25,0.25,0,0,0,0
54.6041,0.25,0.25,0.25,0.25,0,0,0,0
54.6142,0.25,0.25,0.25,0.25,0,0,0,0
54.6244,0.25,0.25,0.25,0.25,0,0,0,0
54.6347,0.25,0.25,0.25,0.25,0,0,0,0
54.6449,0.25,0.25,0.25,0.25,0,0,0,0
54.6551,0.25,0.25,0.25,0.25,0,0,0,0
54.6654,0.25,0.25,0.25,0.25,0,0,0,0
54.6757,0.25,0.25,0.25,0.25,0,0,0,0
54.6859,0.25,0.25,0.25,0.25,0,0,0,0
54.6962,0.25,0.25,0.25,0.25,0,0,0,0
54.7064,0.25,0.25,0.25,0.25,0,0,0,0
54.7167,0.25,0.25,0.25,0.25,0,0,0,0
54.7269,0.25,0.25,0.25,0.25,0,0,0,0
54.7372,0.25,0.25,0.25,0.25,0,0,0,0
54.7474,0.25,0.25,0.25,0.25,0,0,0,0
54.7576,0.25,0.25,0.25,0.25,0,0,0,0
54.7679,0.25,0.25,0.25,0.25,0,0,0,0
54.7782,0.25,0.25,0.25,0.25,0,0,0,0
54.7884,0.25,0.25,0.25,0.25,0,0,0,0
54.7986,0.25,0.25,0.25,0.25,0,0,0,0
54.8089,0.25,0.25,0.25,0.25,0,0,0,0
54.8192,0.25,0.25,0.25,0.25,0,0,0,0
54.8294,0.25,0.25,0.25,0.25,0,0,0,0
54.8395,0.25,0.25,0.25,0.25,0,0,0,0
54.8496,0.25,0.25,0.25,0.25,0,0,0,0
54.8598,0.25,0.25,0.25,0.25,0,0,0,0
54.8699,0.25,0.25,0.25,0.25,0,0,0,0
54.8799,0.25,0.25,0.25,0.25,0,0,0,0
54.8901,0.25,0.25,0.25,0.25,0,0,0,0
54.9003,0.25,0.25,0.25,0.25,0,0,0,0
54.9105,0.25,0.25,0.25,0.25,0,0,0,0
54.9206,0.25,0.25,0.25,0.25,0,0,0,0
54.9308,0.25,0.25,0.25,0.25,0,0,0,0
54.9411,0.25,0.25,0.25,0.25,0,0,0,0
54.9513,0.25,0.25,0.25,0.25,0,0,0,0
54.9616,0.25,0.25,0.25,0.25,0,0,0,0
54.9719,0.25,0.25,0.25,0.25,0,0,0,0
54.9821,0.25,0.25,0.25,0.25,0,0,0,0
54.9923,0.25,0.25,0.25,0.25,0,0,0,0
55.0025,0.25,0.25,0.25,0.25,0,0,0,0
55.0127,0.25,0.25,0.25,0.25,0,0,0,0
55.0229,0.25,0.25,0.25,0.25,0,0,0,0
55.0331,0.25,0.25,0.25,0.25,0,0,0,0
55.0432,0.25,0.25,0.25,0.25,0,0,0,0
55.0533,0.25,0.25,0.25,0.25,0,0,0,0
55.0635,0.25,0.25,0.25,0.25,0,0,0,0
55.0737,0.25,0.25,0.25,0.25,0,0,0,0
55.0839,0.25,0.25,0.25,0.25,0,0,0,0
55.0941,0.25,0.25,0.25,0.25,0,0,0,0
55.1043,0.25,0.25,0.25,0.25,0,0,0,0
55.1145,0.25,0.25,0.25,0.25,0,0,0,0
55.1247,0.25,0.25,0.25,0.25,0,0,0,0
55.1349,0.25,0.25,0.25,0.25,0,0,0,0
55.1451,0.25,0.25,0.25,0.25,0,0,0,0
55.1553,0.25,0.25,0.25,0.25,0,0,0,0
55.1656,0.25,0.25,0.25,0.25,0,0,0,0
55.1759,0.25,0.25,0.25,0.25,0,0,0,0
55.1861,0.25,0.25,0.25,0.25,0,0,0,0
55.1963,0.25,0.25,0.25,0.25,0,0,0,0
55.2066,0.25,0.25,0.25,0.25,0,0,0,0
55.2168,0.25,0.25,0.25,0.25,0,0,0,0
55.227,0.25,0.25,0.25,0.25,0,0,0,0
55.2372,0.25,0.25,0.25,0.25,0,0,0,0
55.2474,0.25,0.25,0.25,0.25,0,0,0,0
55.2576,0.25,0.25,0.25,0.25,0,0,0,0
55.2679,0.25,0.25,0.25,0.25,0,0,0,0
55.2781,0.25,0.25,0.25,0.25,0,0,0,0
55.2883,0.25,0.25,0.25,0.25,0,0,0,0
55.2984,0.25,0.25,0.25,0.25,0,0,0,0
55.3085,0.25,0.25,0.25,0.25,0,0,0,0
55.3187,0.25,0.25,0.25,0.25,0,0,0,0
55.3289,0.25,0.25,0.25,0.25,0,0,0,0
55.3391,0.25,0.25,0.25,0.25,0,0,0,0
55.3493,0.25,0.25,0.25,0.25,0,0,0,0
55.3595,0.25,0.25,0.25,0.25,0,0,0,0
55.3697,0.25,0.25,0.25,0.25,0,0,0,0
55.38,0.25,0.25,0.25,0.25,0,0,0,0
55.3902,0.25,0.25,0.25,0.25,0,0,0,0
55.4005,0.25,0.25,0.25,0.25,0,0,0,0
55.4107,0.25,0.25,0.25,0.25,0,0,0,0
55.4209,0.25,0.25,0.25,0.25,0,0,0,0
55.4312,0.25,0.25,0.25,0.25,0,0,0,0
55.4416,0.25,0.25,0.25,0.25,0,0,0,0
55.4517,0.25,0.25,0.25,0.25,0,0,0,0
55.4618,0.25,0.25,0.25,0.25,0,0,0,0
55.4719,0.25,0.25,0.25,0.25,0,0,0,0
55.482,0.25,0.25,0.25,0.25,0,0,0,0
55.4921,0.25,0.25,0.25,0.25,0,0,0,0
55.5023,0.25,0.25,0.25,0.25,0,0,0,0
55.5125,0.25,0.25,0.25,0.25,0,0,0,0
55.5226,0.25,0.25,0.25,0.25,0,0,0,0
55.5328,0.25,0.25,0.25,0.25,0,0,0,0
55.5429,0.25,0.25,0.25,0.25,0,0,0,0
55.5531,0.25,0.25,0.25,0.25,0,0,0,0
55.5632,0.25,0.25,0.25,0.25,0,0,0,0
55.5734,0.25,0.25,0.25,0.25,0,0,0,0
55.5836,0.25,0.25,0.25,0.25,0,0,0,0
55.5938,0.25,0.25,0.25,0.25,0,0,0,0
55.604,0.25,0.25,0.25,0.25,0,0,0,0
55.6141,0.25,0.25,0.25,0.25,0,0,0,0
55.6243,0.25,0.25,0.25,0.25,0,0,0,0
55.6345,0.25,0.25,0.25,0.25,0,0,0,0
55.6447,0.25,0.25,0.25,0.25,0,0,0,0
55.6549,0.25,0.25,0.25,0.25,0,0,0,0
55.6651,0.25,0.25,0.25,0.25,0,0,0,0
55.6752,0.25,0.25,0.25,0.25,0,0,0,0
55.6855,0.25,0.25,0.25,0.25,0,0,0,0
55.6956,0.25,0.25,0.25,0.25,0,0,0,0
55.7059,0.25,0.25,0.25,0.25,0,0,0,0
55.716,0.25,0.25,0.25,0.25,0,0,0,0
55.7262,0.25,0.25,0.25,0.25,0,0,0,0
55.7363,0.25,0.25,0.25,0.25,0,0,0,0
55.7464,0.25,0.25,0.25,0.25,0,0,0,0
55.7565,0.25,0.25,0.25,0.25,0,0,0,0
55.7667,0.25,0.25,0.25,0.25,0,0,0,0
55.777,0.25,0.25,0.25,0.25,0,0,0,0
55.7872,0.25,0.25,0.25,0.25,0,0,0,0
55.7974,0.25,0.25,0.25,0.25,0,0,0,0
55.8076,0.25,0.25,0.25,0.25,0,0,0,0
55.8179,0.25,0.25,0.25,0.25,0,0,0,0
55.8281,0.25,0.25,0.25,0.25,0,0,0,0
55.8383,0.25,0.25,0.25,0.25,0,0,0,0
55.8485,0.25,0.25,0.25,0.25,0,0,0,0
55.8587,0.25,0.25,0.25,0.25,0,0,0,0
55.869,0.25,0.25,0.25,0.25,0,0,0,0
55.8793,0.25,0.25,0.25,0.25,0,0,0,0
55.8895,0.25,0.25,0.25,0.25,0,0,0,0
55.8998,0.25,0.25,0.25,0.25,0,0,0,0
55.91,0.25,0.25,0.25,0.25,0,0,0,0
55.9202,0.25,0.25,0.25,0.25,0,0,0,0
55.9303,0.25,0.25,0.25,0.25,0,0,0,0
55.9405,0.25,0.25,0.25,0.25,0,0,0,0
55.9508,0.25,0.25,0.25,0.25,0,0,0,0
55.961,0.25,0.25,0.25,0.25,0,0,0,0
55.9711,0.25,0.25,0.25,0.25,0,0,0,0
55.9813,0.25,0.25,0.25,0.25,0,0,0,0
55.9915,0.25,0.25,0.25,0.25,0,0,0,0
56.0018,0.25,0.25,0.25,0.25,0,0,0,0
56.012,0.25,0.25,0.25,0.25,0,0,0,0
56.0222,0.25,0.25,0.25,0.25,0,0,0,0
56.0324,0.25,0.25,0.25,0.25,0,0,0,0
56.0427,0.25,0.25,0.25,0.25,0,0,0,0
56.0529,0.25,0.25,0.25,0.25,0,0,0,0
56.0631,0.25,0.25,0.25,0.25,0,0,0,0
56.0732,0.25,0.25,0.25,0.25,0,0,0,0
56.0833,0.25,0.25,0.25,0.25,0,0,0,0
56.0935,0.25,0.25,0.25,0.25,0,0,0,0
56.1038,0.25,0.25,0.25,0.25,0,0,0,0
56.114,0.25,0.25,0.25,0.25,0,0,0,0
56.1241,0.25,0.25,0.25,0.25,0,0,0,0
56.1343,0.25,0.25,0.25,0.25,0,0,0,0
56.1446,0.25,0.25,0.25,0.25,0,0,0,0
56.1547,0.25,0.25,0.25,0.25,0,0,0,0
56.1649,0.25,0.25,0.25,0.25,0,0,0,0
56.1751,0.25,0.25,0.25,0.25,0,0,0,0
56.1853,0.25,0.25,0.25,0.25,0,0,0,0
56.1954,0.25,0.25,0.25,0.25,0,0,0,0
56.2056,0.25,0.25,0.25,0.25,0,0,0,0
56.2158,0.25,0.25,0.25,0.25,0,0,0,0
56.226,0.25,0.25,0.25,0.25,0,0,0,0
56.2361,0.25,0.25,0.25,0.25,0,0,0,0
56.2463,0.25,0.25,0.25,0.25,0,0,0,0
56.2565,0.25,0.25,0.25,0.25,0,0,0,0
56.2666,0.25,0.25,0.25,0.25,0,0,0,0
56.2767,0.25,0.25,0.25,0.25,0,0,0,0
56.2869,0.25,0.25,0.25,0.25,0,0,0,0
56.297,0.25,0.25,0.25,0.25,0,0,0,0
56.3072,0.25,0.25,0.25,0.25,0,0,0,0
56.3174,0.25,0.25,0.25,0.25,0,0,0,0
56.3275,0.25,0.25,0.25,0.25,0,0,0,0
56.3378,0.25,0.25,0.25,0.25,0,0,0,0
56.348,0.25,0.25,0.25,0.25,0,0,0,0
56.3582,0.25,0.25,0.25,0.25,0,0,0,0
56.3684,0.25,0.25,0.25,0.25,0,0,0,0
56.3787,0.25,0.25,0.25,0.25,0,0,0,0
56.3889,0.25,0.25,0.25,0.25,0,0,0,0
56.3992,0.25,0.25,0.25,0.25,0,0,0,0
56.4094,0.25,0.25,0.25,0.25,0,0,0,0
56.4196,0.25,0.25,0.25,0.25,0,0,0,0
56.4298,0.25,0.25,0.25,0.25,0,0,0,0
56.44,0.25,0.25,0.25,0.25,0,0,0,0
56.4503,0.25,0.25,0.25,0.25,0,0,0,0
56.4605,0.25,0.25,0.25,0.25,0,0,0,0
56.4707,0.25,0.25,0.25,0.25,0,0,0,0
56.4809,0.25,0.25,0.25,0.25,0,0,0,0
56.4911,0.25,0.25,0.25,0.25,0,0,0,0
56.5014,0.25,0.25,0.25,0.25,0,0,0,0
56.5116,0.25,0.25,0.25,0.25,0,0,0,0
56.5218,0.25,0.25,0.25,0.25,0,0,0,0
56.532,0.25,0.25,0.25,0.25,0,0,0,0
56.5423,0.25,0.25,0.25,0.25,0,0,0,0
56.5525,0.25,0.25,0.25,0.25,0,0,0,0
56.5627,0.25,0.25,0.25,0.25,0,0,0,0
56.573,0.25,0.25,0.25,0.25,0,0,0,0
56.5831,0.25,0.25,0.25,0.25,0,0,0,0
56.5933,0.25,0.25,0.25,0.25,0,0,0,0
56.6035,0.25,0.25,0.25,0.25,0,0,0,0
56.6138,0.25,0.25,0.25,0.25,0,0,0,0
56.624,0.25,0.25,0.25,0.25,0,0,0,0
56.6342,0.25,0.25,0.25,0.25,0,0,0,0
56.6444,0.25,0.25,0.25,0.25,0,0,0,0
56.6546,0.25,0.25,0.25,0.25,0,0,0,0
56.6649,0.25,0.25,0.25,0.25,0,0,0,0
56.6751,0.25,0.25,0.25,0.25,0,0,0,0
56.6853,0.25,0.25,0.25,0.25,0,0,0,0
56.6955,0.25,0.25,0.25,0.25,0,0,0,0
56.7058,0.25,0.25,0.25,0.25,0,0,0,0
56.7159,0.25,0.25,0.25,0.25,0,0,0,0
56.726,0.25,0.25,0.25,0.25,0,0,0,0
56.7361,0.25,0.25,0.25,0.25,0,0,0,0
56.7464,0.25,0.25,0.25,0.25,0,0,0,0
56.7566,0.25,0.25,0.25,0.25,0,0,0,0
56.7667,0.25,0.25,0.25,0.25,0,0,0,0
56.7769,0.25,0.25,0.25,0.25,0,0,0,0
56.7871,0.25,0.25,0.25,0.25,0,0,0,0
56.7972,0.25,0.25,0.25,0.25,0,0,0,0
56.8073,0.25,0.25,0.25,0.25,0,0,0,0
56.8175,0.25,0.25,0.25,0.25,0,0,0,0
56.8277,0.25,0.25,0.25,0.25,0,0,0,0
56.8379,0.25,0.25,0.25,0.25,0,0,0,0
56.8481,0.25,0.25,0.25,0.25,0,0,0,0
56.8583,0.25,0.25,0.25,0.25,0,0,0,0
56.8684,0.25,0.25,0.25,0.25,0,0,0,0
56.8786,0.25,0.25,0.25,0.25,0,0,0,0
56.8888,0.25,0.25,0.25,0.25,0,0,0,0
56.899,0.25,0.25,0.25,0.25,0,0,0,0
56.9091,0.25,0.25,0.25,0.25,0,0,0,0
56.9193,0.25,0.25,0.25,0.25,0,0,0,0
56.9295,0.25,0.25,0.25,0.25,0,0,0,0
56.9397,0.25,0.25,0.25,0.25,0,0,0,0
56.9499,0.25,0.25,0.25,0.25,0,0,0,0
56.9602,0.25,0.25,0.25,0.25,0,0,0,0
56.9704,0.25,0.25,0.25,0.25,0,0,0,0
56.9806,0.25,0.25,0.25,0.25,0,0,0,0
56.9908,0.25,0.25,0.25,0.25,0,0,0,0
57.0011,0.25,0.25,0.25,0.25,0,0,0,0
57.0113,0.25,0.25,0.25,0.25,0,0,0,0
57.0215,0.25,0.25,0.25,0.25,0,0,0,0
57.0318,0.25,0.25,0.25,0.25,0,0,0,0
57.042,0.25,0.25,0.25,0.25,0,0,0,0
57.0524,0.25,0.25,0.25,0.25,0,0,0,0
57.0626,0.25,0.25,0.25,0.25,0,0,0,0
57.0728,0.25,0.25,0.25,0.25,0,0,0,0
57.0831,0.25,0.25,0.25,0.25,0,0,0,0
57.0933,0.25,0.25,0.25,0.25,0,0,0,0
57.1035,0.25,0.25,0.25,0.25,0,0,0,0
57.1137,0.25,0.25,0.25,0.25,0,0,0,0
57.124,0.25,0.25,0.25,0.25,0,0,0,0
57.134,0.25,0.25,0.25,0.25,0,0,0,0
57.1442,0.25,0.25,0.25,0.25,0,0,0,0
57.1544,0.25,0.25,0.25,0.25,0,0,0,0
57.1647,0.25,0.25,0.25,0.25,0,0,0,0
57.1749,0.25,0.25,0.25,0.25,0,0,0,0
57.1851,0.25,0.25,0.25,0.25,0,0,0,0
57.1952,0.25,0.25,0.25,0.25,0,0,0,0
57.2054,0.25,0.25,0.25,0.25,0,0,0,0
57.2156,0.25,0.25,0.25,0.25,0,0,0,0
57.2258,0.25,0.25,0.25,0.25,0,0,0,0
57.236,0.25,0.25,0.25,0.25,0,0,0,0
57.2462,0.25,0.25,0.25,0.25,0,0,0,0
57.2563,0.25,0.25,0.25,0.25,0,0,0,0
57.2665,0.25,0.25,0.25,0.25,0,0,0,0
57.2767,0.25,0.25,0.25,0.25,0,0,0,0
57.2869,0.25,0.25,0.25,0.25,0,0,0,0
57.297,0.25,0.25,0.25,0.25,0,0,0,0
57.3072,0.25,0.25,0.25,0.25,0,0,0,0
57.3174,0.25,0.25,0.25,0.25,0,0,0,0
57.3276,0.25,0.25,0.25,0.25,0,0,0,0
57.3377,0.25,0.25,0.25,0.25,0,0,0,0
57.3479,0.25,0.25,0.25,0.25,0,0,0,0
57.3581,0.25,0.25,0.25,0.25,0,0,0,0
57.3684,0.25,0.25,0.25,0.25,0,0,0,0
57.3786,0.25,0.25,0.25,0.25,0,0,0,0
57.3888,0.25,0.25,0.25,0.25,0,0,0,0
57.3991,0.25,0.25,0.25,0.25,0,0,0,0
57.4093,0.25,0.25,0.25,0.25,0,0,0,0
57.4195,0.25,0.25,0.25,0.25,0,0,0,0
57.4297,0.25,0.25,0.25,0.25,0,0,0,0
57.44,0.25,0.25,0.25,0.25,0,0,0,0
57.4502,0.25,0.25,0.25,0.25,0,0,0,0
57.4604,0.25,0.25,0.25,0.25,0,0,0,0
57.4706,0.25,0.25,0.25,0.25,0,0,0,0
57.4808,0.25,0.25,0.25,0.25,0,0,0,0
57.4911,0.25,0.25,0.25,0.25,0,0,0,0
57.5013,0.25,0.25,0.25,0.25,0,0,0,0
57.5115,0.25,0.25,0.25,0.25,0,0,0,0
57.5217,0.25,0.25,0.25,0.25,0,0,0,0
57.532,0.25,0.25,0.25,0.25,0,0,0,0
57.5422,0.25,0.25,0.25,0.25,0,0,0,0
57.5524,0.25,0.25,0.25,0.25,0,0,0,0
57.5627,0.25,0.25,0.25,0.25,0,0,0,0
57.5729,0.25,0.25,0.25,0.25,0,0,0,0
57.5831,0.25,0.25,0.25,0.25,0,0,0,0
57.5934,0.25,0.25,0.25,0.25,0,0,0,0
57.6036,0.25,0.25,0.25,0.25,0,0,0,0
57.6139,0.25,0.25,0.25,0.25,0,0,0,0
57.6241,0.25,0.25,0.25,0.25,0,0,0,0
57.6343,0.25,0.25,0.25,0.25,0,0,0,0
57.6445,0.25,0.25,0.25,0.25,0,0,0,0
57.6547,0.25,0.25,0.25,0.25,0,0,0,0
57.665,0.25,0.25,0.25,0.25,0,0,0,0
57.6752,0.25,0.25,0.25,0.25,0,0,0,0
57.6855,0.25,0.25,0.25,0.25,0,0,0,0
57.6957,0.25,0.25,0.25,0.25,0,0,0,0
57.7059,0.25,0.25,0.25,0.25,0,0,0,0
57.7162,0.25,0.25,0.25,0.25,0,0,0,0
57.7264,0.25,0.25,0.25,0.25,0,0,0,0
57.7366,0.25,0.25,0.25,0.25,0,0,0,0
57.7468,0.25,0.25,0.25,0.25,0,0,0,0
57.7571,0.25,0.25,0.25,0.25,0,0,0,0
57.7673,0.25,0.25,0.25,0.25,0,0,0,0
57.7775,0.25,0.25,0.25,0.25,0,0,0,0
57.7878,0.25,0.25,0.25,0.25,0,0,0,0
57.798,0.25,0.25,0.25,0.25,0,0,0,0
57.8082,0.25,0.25,0.25,0.25,0,0,0,0
57.8184,0.25,0.25,0.25,0.25,0,0,0,0
57.8286,0.25,0.25,0.25,0.25,0,0,0,0
57.8389,0.25,0.25,0.25,0.25,0,0,0,0
57.8491,0.25,0.25,0.25,0.25,0,0,0,0
57.8593,0.25,0.25,0.25,0.25,0,0,0,0
57.8694,0.25,0.25,0.25,0.25,0,0,0,0
57.8796,0.25,0.25,0.25,0.25,0,0,0,0
57.8899,0.25,0.25,0.25,0.25,0,0,0,0
57.9001,0.25,0.25,0.25,0.25,0,0,0,0
57.9103,0.25,0.25,0.25,0.25,0,0,0,0
57.9205,0.25,0.25,0.25,0.25,0,0,0,0
57.9308,0.25,0.25,0.25,0.25,0,0,0,0
57.941,0.25,0.25,0.25,0.25,0,0,0,0
57.9512,0.25,0.25,0.25,0.25,0,0,0,0
57.9614,0.25,0.25,0.25,0.25,0,0,0,0
57.9716,0.25,0.25,0.25,0.25,0,0,0,0
57.9819,0.25,0.25,0.25,0.25,0,0,0,0
57.9921,0.25,0.25,0.25,0.25,0,0,0,0
58.0023,0.25,0.25,0.25,0.25,0,0,0,0
58.0126,0.25,0.25,0.25,0.25,0,0,0,0
58.0228,0.25,0.25,0.25,0.25,0,0,0,0
58.0331,0.25,0.25,0.25,0.25,0,0,0,0
58.0433,0.25,0.25,0.25,0.25,0,0,0,0
58.0535,0.25,0.25,0.25,0.25,0,0,0,0
58.0637,0.25,0.25,0.25,0.25,0,0,0,0
58.0738,0.25,0.25,0.25,0.25,0,0,0,0
58.0839,0.25,0.25,0.25,0.25,0,0,0,0
58.0942,0.25,0.25,0.25,0.25,0,0,0,0
58.1044,0.25,0.25,0.25,0.25,0,0,0,0
58.1146,0.25,0.25,0.25,0.25,0,0,0,0
58.1249,0.25,0.25,0.25,0.25,0,0,0,0
58.1351,0.25,0.25,0.25,0.25,0,0,0,0
58.1453,0.25,0.25,0.25,0.25,0,0,0,0
58.1556,0.25,0.25,0.25,0.25,0,0,0,0
58.1658,0.25,0.25,0.25,0.25,0,0,0,0
58.176,0.25,0.25,0.25,0.25,0,0,0,0
58.1862,0.25,0.25,0.25,0.25,0,0,0,0
58.1964,0.25,0.25,0.25,0.25,0,0,0,0
58.2066,0.25,0.25,0.25,0.25,0,0,0,0
58.2168,0.25,0.25,0.25,0.25,0,0,0,0
58.2271,0.25,0.25,0.25,0.25,0,0,0,0
58.2373,0.25,0.25,0.25,0.25,0,0,0,0
58.2475,0.25,0.25,0.25,0.25,0,0,0,0
58.2577,0.25,0.25,0.25,0.25,0,0,0,0
58.2679,0.25,0.25,0.25,0.25,0,0,0,0
58.2782,0.25,0.25,0.25,0.25,0,0,0,0
58.2884,0.25,0.25,0.25,0.25,0,0,0,0
58.2987,0.25,0.25,0.25,0.25,0,0,0,0
58.3089,0.25,0.25,0.25,0.25,0,0,0,0
58.3191,0.25,0.25,0.25,0.25,0,0,0,0
58.3291,0.25,0.25,0.25,0.25,0,0,0,0
58.3393,0.25,0.25,0.25,0.25,0,0,0,0
58.3495,0.25,0.25,0.25,0.25,0,0,0,0
58.3597,0.25,0.25,0.25,0.25,0,0,0,0
58.3698,0.25,0.25,0.25,0.25,0,0,0,0
58.38,0.25,0.25,0.25,0.25,0,0,0,0
58.3902,0.25,0.25,0.25,0.25,0,0,0,0
58.4004,0.25,0.25,0.25,0.25,0,0,0,0
58.4105,0.25,0.25,0.25,0.25,0,0,0,0
58.4207,0.25,0.25,0.25,0.25,0,0,0,0
58.4309,0.25,0.25,0.25,0.25,0,0,0,0
58.4411,0.25,0.25,0.25,0.25,0,0,0,0
58.4513,0.25,0.25,0.25,0.25,0,0,0,0
58.4614,0.25,0.25,0.25,0.25,0,0,0,0
58.4716,0.25,0.25,0.25,0.25,0,0,0,0
58.4818,0.25,0.25,0.25,0.25,0,0,0,0
58.492,0.25,0.25,0.25,0.25,0,0,0,0
58.5022,0.25,0.25,0.25,0.25,0,0,0,0
58.5125,0.25,0.25,0.25,0.25,0,0,0,0
58.5227,0.25,0.25,0.25,0.25,0,0,0,0
58.5328,0.25,0.25,0.25,0.25,0,0,0,0
58.5429,0.25,0.25,0.25,0.25,0,0,0,0
58.5532,0.25,0.25,0.25,0.25,0,0,0,0
58.5634,0.25,0.25,0.25,0.25,0,0,0,0
58.5735,0.25,0.25,0.25,0.25,0,0,0,0
58.5837,0.25,0.25,0.25,0.25,0,0,0,0
58.594,0.25,0.25,0.25,0.25,0,0,0,0
58.6042,0.25,0.25,0.25,0.25,0,0,0,0
58.6144,0.25,0.25,0.25,0.25,0,0,0,0
58.6246,0.25,0.25,0.25,0.25,0,0,0,0
58.6349,0.25,0.25,0.25,0.25,0,0,0,0
58.6451,0.25,0.25,0.25,0.25,0,0,0,0
58.6553,0.25,0.25,0.25,0.25,0,0,0,0
58.6656,0.25,0.25,0.25,0.25,0,0,0,0
58.6758,0.25,0.25,0.25,0.25,0,0,0,0
58.6859,0.25,0.25,0.25,0.25,0,0,0,0
58.696,0.25,0.25,0.25,0.25,0,0,0,0
58.7061,0.25,0.25,0.25,0.25,0,0,0,0
58.7162,0.25,0.25,0.25,0.25,0,0,0,0
58.7264,0.25,0.25,0.25,0.25,0,0,0,0
58.7365,0.25,0.25,0.25,0.25,0,0,0,0
58.7466,0.25,0.25,0.25,0.25,0,0,0,0
58.7568,0.25,0.25,0.25,0.25,0,0,0,0
58.767,0.25,0.25,0.25,0.25,0,0,0,0
58.7772,0.25,0.25,0.25,0.25,0,0,0,0
58.7874,0.25,0.25,0.25,0.25,0,0,0,0
58.7975,0.25,0.25,0.25,0.25,0,0,0,0
58.8077,0.25,0.25,0.25,0.25,0,0,0,0
58.8179,0.25,0.25,0.25,0.25,0,0,0,0
58.8281,0.25,0.25,0.25,0.25,0,0,0,0
58.8383,0.25,0.25,0.25,0.25,0,0,0,0
58.8484,0.25,0.25,0.25,0.25,0,0,0,0
58.8586,0.25,0.25,0.25,0.25,0,0,0,0
58.8688,0.25,0.25,0.25,0.25,0,0,0,0
58.879,0.25,0.25,0.25,0.25,0,0,0,0
58.8891,0.25,0.25,0.25,0.25,0,0,0,0
58.8994,0.25,0.25,0.25,0.25,0,0,0,0
58.9096,0.25,0.25,0.25,0.25,0,0,0,0
58.9199,0.25,0.25,0.25,0.25,0,0,0,0
58.9301,0.25,0.25,0.25,0.25,0,0,0,0
58.9402,0.25,0.25,0.25,0.25,0,0,0,0
58.9504,0.25,0.25,0.25,0.25,0,0,0,0
58.9606,0.25,0.25,0.25,0.25,0,0,0,0
58.9708,0.25,0.25,0.25,0.25,0,0,0,0
58.981,0.25,0.25,0.25,0.25,0,0,0,0
58.9912,0.25,0.25,0.25,0.25,0,0,0,0
59.0014,0.25,0.25,0.25,0.25,0,0,0,0
59.0117,0.25,0.25,0.25,0.25,0,0,0,0
59.0219,0.25,0.25,0.25,0.25,0,0,0,0
59.0321,0.25,0.25,0.25,0.25,0,0,0,0
59.0423,0.25,0.25,0.25,0.25,0,0,0,0
59.0526,0.25,0.25,0.25,0.25,0,0,0,0
59.0628,0.25,0.25,0.25,0.25,0,0,0,0
59.0729,0.25,0.25,0.25,0.25,0,0,0,0
59.0831,0.25,0.25,0.25,0.25,0,0,0,0
59.0932,0.25,0.25,0.25,0.25,0,0,0,0
59.1035,0.25,0.25,0.25,0.25,0,0,0,0
59.1137,0.25,0.25,0.25,0.25,0,0,0,0
59.124,0.25,0.25,0.25,0.25,0,0,0,0
59.1342,0.25,0.25,0.25,0.25,0,0,0,0
59.1444,0.25,0.25,0.25,0.25,0,0,0,0
59.1546,0.25,0.25,0.25,0.25,0,0,0,0
59.1647,0.25,0.25,0.25,0.25,0,0,0,0
59.1749,0.25,0.25,0.25,0.25,0,0,0,0
59.1851,0.25,0.25,0.25,0.25,0,0,0,0
59.1953,0.25,0.25,0.25,0.25,0,0,0,0
59.2054,0.25,0.25,0.25,0.25,0,0,0,0
59.2156,0.25,0.25,0.25,0.25,0,0,0,0
59.2258,0.25,0.25,0.25,0.25,0,0,0,0
59.236,0.25,0.25,0.25,0.25,0,0,0,0
59.2461,0.25,0.25,0.25,0.25,0,0,0,0
59.2562,0.25,0.25,0.25,0.25,0,0,0,0
59.2664,0.25,0.25,0.25,0.25,0,0,0,0
59.2766,0.25,0.25,0.25,0.25,0,0,0,0
59.2868,0.25,0.25,0.25,0.25,0,0,0,0
59.2969,0.25,0.25,0.25,0.25,0,0,0,0
59.3071,0.25,0.25,0.25,0.25,0,0,0,0
59.3173,0.25,0.25,0.25,0.25,0,0,0,0
59.3276,0.25,0.25,0.25,0.25,0,0,0,0
59.3378,0.25,0.25,0.25,0.25,0,0,0,0
59.3481,0.25,0.25,0.25,0.25,0,0,0,0
59.3583,0.25,0.25,0.25,0.25,0,0,0,0
59.3685,0.25,0.25,0.25,0.25,0,0,0,0
59.3787,0.25,0.25,0.25,0.25,0,0,0,0
59.3889,0.25,0.25,0.25,0.25,0,0,0,0
59.3992,0.25,0.25,0.25,0.25,0,0,0,0
59.4093,0.25,0.25,0.25,0.25,0,0,0,0
59.4196,0.25,0.25,0.25,0.25,0,0,0,0
59.4298,0.25,0.25,0.25,0.25,0,0,0,0
59.44,0.25,0.25,0.25,0.25,0,0,0,0
59.4502,0.25,0.25,0.25,0.25,0,0,0,0
59.4605,0.25,0.25,0.25,0.25,0,0,0,0
59.4707,0.25,0.25,0.25,0.25,0,0,0,0
59.4809,0.25,0.25,0.25,0.25,0,0,0,0
59.4911,0.25,0.25,0.25,0.25,0,0,0,0
59.5013,0.25,0.25,0.25,0.25,0,0,0,0
59.5116,0.25,0.25,0.25,0.25,0,0,0,0
59.5218,0.25,0.25,0.25,0.25,0,0,0,0
59.532,0.25,0.25,0.25,0.25,0,0,0,0
59.5423,0.25,0.25,0.25,0.25,0,0,0,0
59.5524,0.25,0.25,0.25,0.25,0,0,0,0
59.5625,0.25,0.25,0.25,0.25,0,0,0,0
59.5727,0.25,0.25,0.25,0.25,0,0,0,0
59.583,0.25,0.25,0.25,0.25,0,0,0,0
59.5931,0.25,0.25,0.25,0.25,0,0,0,0
59.6033,0.25,0.25,0.25,0.25,0,0,0,0
59.6135,0.25,0.25,0.25,0.25,0,0,0,0
59.6237,0.25,0.25,0.25,0.25,0,0,0,0
59.6339,0.25,0.25,0.25,0.25,0,0,0,0
59.6442,0.25,0.25,0.25,0.25,0,0,0,0
59.6544,0.25,0.25,0.25,0.25,0,0,0,0
59.6646,0.25,0.25,0.25,0.25,0,0,0,0
59.6749,0.25,0.25,0.25,0.25,0,0,0,0
59.6851,0.25,0.25,0.25,0.25,0,0,0,0
59.6953,0.25,0.25,0.25,0.25,0,0,0,0
59.7055,0.25,0.25,0.25,0.25,0,0,0,0
59.7157,0.25,0.25,0.25,0.25,0,0,0,0
59.726,0.25,0.25,0.25,0.25,0,0,0,0
59.7362,0.25,0.25,0.25,0.25,0,0,0,0
59.7464,0.25,0.25,0.25,0.25,0,0,0,0
59.7567,0.25,0.25,0.25,0.25,0,0,0,0
59.7669,0.25,0.25,0.25,0.25,0,0,0,0
59.7771,0.25,0.25,0.25,0.25,0,0,0,0
59.7873,0.25,0.25,0.25,0.25,0,0,0,0
59.7975,0.25,0.25,0.25,0.25,0,0,0,0
59.8078,0.25,0.25,0.25,0.25,0,0,0,0
59.818,0.25,0.25,0.25,0.25,0,0,0,0
59.8282,0.25,0.25,0.25,0.25,0,0,0,0
59.8384,0.25,0.25,0.25,0.25,0,0,0,0
59.8486,0.25,0.25,0.25,0.25,0,0,0,0
59.8589,0.25,0.25,0.25,0.25,0,0,0,0
59.8691,0.25,0.25,0.25,0.25,0,0,0,0
59.8793,0.25,0.25,0.25,0.25,0,0,0,0
59.8895,0.25,0.25,0.25,0.25,0,0,0,0
59.8998,0.25,0.25,0.25,0.25,0,0,0,0
59.91,0.25,0.25,0.25,0.25,0,0,0,0
59.9201,0.25,0.25,0.25,0.25,0,0,0,0
59.9303,0.25,0.25,0.25,0.25,0,0,0,0
59.9406,0.25,0.25,0.25,0.25,0,0,0,0
59.9508,0.25,0.25,0.25,0.25,0,0,0,0
59.961,0.25,0.25,0.25,0.25,0,0,0,0
59.9712,0.25,0.25,0.25,0.25,0,0,0,0
59.9814,0.25,0.25,0.25,0.25,0,0,0,0
59.9917,0.25,0.25,0.25,0.25,0,0,0,0
60.0019,0.25,0.25,0.25,0.25,0,0,0,0
60.0121,0.25,0.25,0.25,0.25,0,0,0,0
60.0223,0.25,0.25,0.25,0.25,0,0,0,0
60.0326,0.25,0.25,0.25,0.25,0,0,0,0
60.0428,0.25,0.25,0.25,0.25,0,0,0,0
60.053,0.25,0.25,0.25,0.25,0,0,0,0
60.0633,0.25,0.25,0.25,0.25,0,0,0,0
60.0735,0.25,0.25,0.25,0.25,0,0,0,0
60.0837,0.25,0.25,0.25,0.25,0,0,0,0
60.0939,0.25,0.25,0.25,0.25,0,0,0,0
60.1042,0.25,0.25,0.25,0.25,0,0,0,0
60.1144,0.25,0.25,0.25,0.25,0,0,0,0
60.1246,0.25,0.25,0.25,0.25,0,0,0,0
60.1348,0.25,0.25,0.25,0.25,0,0,0,0
60.1451,0.25,0.25,0.25,0.25,0,0,0,0
60.1554,0.25,0.25,0.25,0.25,0,0,0,0
60.1656,0.25,0.25,0.25,0.25,0,0,0,0
60.1759,0.25,0.25,0.25,0.25,0,0,0,0
60.1861,0.25,0.25,0.25,0.25,0,0,0,0
60.1963,0.25,0.25,0.25,0.25,0,0,0,0
60.2065,0.25,0.25,0.25,0.25,0,0,0,0
60.2168,0.25,0.25,0.25,0.25,0,0,0,0
60.227,0.25,0.25,0.25,0.25,0,0,0,0
60.2372,0.25,0.25,0.25,0.25,0,0,0,0
60.2474,0.25,0.25,0.25,0.25,0,0,0,0
60.2577,0.25,0.25,0.25,0.25,0,0,0,0
60.2678,0.25,0.25,0.25,0.25,0,0,0,0
60.278,0.25,0.25,0.25,0.25,0,0,0,0
60.2882,0.25,0.25,0.25,0.25,0,0,0,0
60.2984,0.25,0.25,0.25,0.25,0,0,0,0
60.3087,0.25,0.25,0.25,0.25,0,0,0,0
60.3189,0.25,0.25,0.25,0.25,0,0,0,0
60.3291,0.25,0.25,0.25,0.25,0,0,0,0
60.3393,0.25,0.25,0.25,0.25,0,0,0,0
60.3496,0.25,0.25,0.25,0.25,0,0,0,0
60.3598,0.25,0.25,0.25,0.25,0,0,0,0
60.37,0.25,0.25,0.25,0.25,0,0,0,0
60.3803,0.25,0.25,0.25,0.25,0,0,0,0
60.3905,0.25,0.25,0.25,0.25,0,0,0,0
60.4007,0.25,0.25,0.25,0.25,0,0,0,0
60.4109,0.25,0.25,0.25,0.25,0,0,0,0
60.4211,0.25,0.25,0.25,0.25,0,0,0,0
60.4314,0.25,0.25,0.25,0.25,0,0,0,0
60.4416,0.25,0.25,0.25,0.25,0,0,0,0
60.4519,0.25,0.25,0.25,0.25,0,0,0,0
60.4621,0.25,0.25,0.25,0.25,0,0,0,0
60.4723,0.25,0.25,0.25,0.25,0,0,0,0
60.4825,0.25,0.25,0.25,0.25,0,0,0,0
60.4927,0.25,0.25,0.25,0.25,0,0,0,0
60.503,0.25,0.25,0.25,0.25,0,0,0,0
60.5132,0.25,0.25,0.25,0.25,0,0,0,0
60.5234,0.25,0.25,0.25,0.25,0,0,0,0
60.5335,0.25,0.25,0.25,0.25,0,0,0,0
60.5437,0.25,0.25,0.25,0.25,0,0,0,0
60.5539,0.25,0.25,0.25,0.25,0,0,0,0
60.5641,0.25,0.25,0.25,0.25,0,0,0,0
60.5743,0.25,0.25,0.25,0.25,0,0,0,0
60.5844,0.25,0.25,0.25,0.25,0,0,0,0
60.5946,0.25,0.25,0.25,0.25,0,0,0,0
60.6047,0.25,0.25,0.25,0.25,0,0,0,0
60.6149,0.25,0.25,0.25,0.25,0,0,0,0
60.625,0.25,0.25,0.25,0.25,0,0,0,0
60.6352,0.25,0.25,0.25,0.25,0,0,0,0
60.6454,0.25,0.25,0.25,0.25,0,0,0,0
60.6555,0.25,0.25,0.25,0.25,0,0,0,0
60.6657,0.25,0.25,0.25,0.25,0,0,0,0
60.6759,0.25,0.25,0.25,0.25,0,0,0,0
60.6861,0.25,0.25,0.25,0.25,0,0,0,0
60.6963,0.25,0.25,0.25,0.25,0,0,0,0
60.7065,0.25,0.25,0.25,0.25,0,0,0,0
60.7166,0.25,0.25,0.25,0.25,0,0,0,0
60.7268,0.25,0.25,0.25,0.25,0,0,0,0
60.7369,0.25,0.25,0.25,0.25,0,0,0,0
60.7471,0.25,0.25,0.25,0.25,0,0,0,0
60.7573,0.25,0.25,0.25,0.25,0,0,0,0
60.7675,0.25,0.25,0.25,0.25,0,0,0,0
60.7777,0.25,0.25,0.25,0.25,0,0,0,0
60.788,0.25,0.25,0.25,0.25,0,0,0,0
60.7982,0.25,0.25,0.25,0.25,0,0,0,0
60.8084,0.25,0.25,0.25,0.25,0,0,0,0
60.8186,0.25,0.25,0.25,0.25,0,0,0,0
60.8293,0.25,0.25,0.25,0.25,0,0,0,0
60.8393,0.25,0.25,0.25,0.25,0,0,0,0
60.8494,0.25,0.25,0.25,0.25,0,0,0,0
60.8595,0.25,0.25,0.25,0.25,0,0,0,0
60.8696,0.25,0.25,0.25,0.25,0,0,0,0
60.8798,0.25,0.25,0.25,0.25,0,0,0,0
60.89,0.25,0.25,0.25,0.25,0,0,0,0
60.9001,0.25,0.25,0.25,0.25,0,0,0,0
60.9103,0.25,0.25,0.25,0.25,0,0,0,0
60.9204,0.25,0.25,0.25,0.25,0,0,0,0
60.9307,0.25,0.25,0.25,0.25,0,0,0,0
60.9409,0.25,0.25,0.25,0.25,0,0,0,0
60.9511,0.25,0.25,0.25,0.25,0,0,0,0
60.9612,0.25,0.25,0.25,0.25,0,0,0,0
60.9714,0.25,0.25,0.25,0.25,0,0,0,0
60.9816,0.25,0.25,0.25,0.25,0,0,0,0
60.9918,0.25,0.25,0.25,0.25,0,0,0,0
61.002,0.25,0.25,0.25,0.25,0,0,0,0
61.0122,0.25,0.25,0.25,0.25,0,0,0,0
61.0224,0.25,0.25,0.25,0.25,0,0,0,0
61.0326,0.25,0.25,0.25,0.25,0,0,0,0
61.0427,0.25,0.25,0.25,0.25,0,0,0,0
61.0528,0.25,0.25,0.25,0.25,0,0,0,0
61.0631,0.25,0.25,0.25,0.25,0,0,0,0
61.0732,0.25,0.25,0.25,0.25,0,0,0,0
61.0833,0.25,0.25,0.25,0.25,0,0,0,0
61.0935,0.25,0.25,0.25,0.25,0,0,0,0
61.1036,0.25,0.25,0.25,0.25,0,0,0,0
61.1138,0.25,0.25,0.25,0.25,0,0,0,0
61.124,0.25,0.25,0.25,0.25,0,0,0,0
61.1342,0.25,0.25,0.25,0.25,0,0,0,0
61.1445,0.25,0.25,0.25,0.25,0,0,0,0
61.1548,0.25,0.25,0.25,0.25,0,0,0,0
61.165,0.25,0.25,0.25,0.25,0,0,0,0
61.1752,0.25,0.25,0.25,0.25,0,0,0,0
61.1855,0.25,0.25,0.25,0.25,0,0,0,0
61.1957,0.25,0.25,0.25,0.25,0,0,0,0
61.2059,0.25,0.25,0.25,0.25,0,0,0,0
61.2161,0.25,0.25,0.25,0.25,0,0,0,0
61.2264,0.25,0.25,0.25,0.25,0,0,0,0
61.2365,0.25,0.25,0.25,0.25,0,0,0,0
61.2466,0.25,0.25,0.25,0.25,0,0,0,0
61.2567,0.25,0.25,0.25,0.25,0,0,0,0
61.267,0.25,0.25,0.25,0.25,0,0,0,0
61.2772,0.25,0.25,0.25,0.25,0,0,0,0
61.2875,0.25,0.25,0.25,0.25,0,0,0,0
61.2978,0.25,0.25,0.25,0.25,0,0,0,0
61.308,0.25,0.25,0.25,0.25,0,0,0,0
61.3182,0.25,0.25,0.25,0.25,0,0,0,0
61.3284,0.25,0.25,0.25,0.25,0,0,0,0
61.3387,0.25,0.25,0.25,0.25,0,0,0,0
61.3489,0.25,0.25,0.25,0.25,0,0,0,0
61.3591,0.25,0.25,0.25,0.25,0,0,0,0
61.3693,0.25,0.25,0.25,0.25,0,0,0,0
61.3795,0.25,0.25,0.25,0.25,0,0,0,0
61.3898,0.25,0.25,0.25,0.25,0,0,0,0
61.4,0.25,0.25,0.25,0.25,0,0,0,0
61.4101,0.25,0.25,0.25,0.25,0,0,0,0
61.4204,0.25,0.25,0.25,0.25,0,0,0,0
61.4307,0.25,0.25,0.25,0.25,0,0,0,0
61.4409,0.25,0.25,0.25,0.25,0,0,0,0
61.4511,0.25,0.25,0.25,0.25,0,0,0,0
61.4613,0.25,0.25,0.25,0.25,0,0,0,0
61.4715,0.25,0.25,0.25,0.25,0,0,0,0
61.4818,0.25,0.25,0.25,0.25,0,0,0,0
61.4921,0.25,0.25,0.25,0.25,0,0,0,0
61.5023,0.25,0.25,0.25,0.25,0,0,0,0
61.5125,0.25,0.25,0.25,0.25,0,0,0,0
61.5227,0.25,0.25,0.25,0.25,0,0,0,0
61.5329,0.25,0.25,0.25,0.25,0,0,0,0
61.5431,0.25,0.25,0.25,0.25,0,0,0,0
61.5533,0.25,0.25,0.25,0.25,0,0,0,0
61.5634,0.25,0.25,0.25,0.25,0,0,0,0
61.5736,0.25,0.25,0.25,0.25,0,0,0,0
61.5839,0.25,0.25,0.25,0.25,0,0,0,0
61.5942,0.25,0.25,0.25,0.25,0,0,0,0
61.6044,0.25,0.25,0.25,0.25,0,0,0,0
61.6147,0.25,0.25,0.25,0.25,0,0,0,0
61.6249,0.25,0.25,0.25,0.25,0,0,0,0
61.6352,0.25,0.25,0.25,0.25,0,0,0,0
61.6454,0.25,0.25,0.25,0.25,0,0,0,0
61.6557,0.25,0.25,0.25,0.25,0,0,0,0
61.6659,0.25,0.25,0.25,0.25,0,0,0,0
61.6762,0.25,0.25,0.25,0.25,0,0,0,0
61.6865,0.25,0.25,0.25,0.25,0,0,0,0
61.6966,0.25,0.25,0.25,0.25,0,0,0,0
61.7069,0.25,0.25,0.25,0.25,0,0,0,0
61.7171,0.25,0.25,0.25,0.25,0,0,0,0
61.7274,0.25,0.25,0.25,0.25,0,0,0,0
61.7376,0.25,0.25,0.25,0.25,0,0,0,0
61.7479,0.25,0.25,0.25,0.25,0,0,0,0
61.7581,0.25,0.25,0.25,0.25,0,0,0,0
61.7683,0.25,0.25,0.25,0.25,0,0,0,0
61.7786,0.25,0.25,0.25,0.25,0,0,0,0
61.7889,0.25,0.25,0.25,0.25,0,0,0,0
61.7992,0.25,0.25,0.25,0.25,0,0,0,0
61.8092,0.25,0.25,0.25,0.25,0,0,0,0
61.8195,0.25,0.25,0.25,0.25,0,0,0,0
61.8298,0.25,0.25,0.25,0.25,0,0,0,0
61.84,0.25,0.25,0.25,0.25,0,0,0,0
61.8502,0.25,0.25,0.25,0.25,0,0,0,0
61.8604,0.25,0.25,0.25,0.25,0,0,0,0
61.8706,0.25,0.25,0.25,0.25,0,0,0,0
61.8809,0.25,0.25,0.25,0.25,0,0,0,0
61.8911,0.25,0.25,0.25,0.25,0,0,0,0
61.9013,0.25,0.25,0.25,0.25,0,0,0,0
61.9116,0.25,0.25,0.25,0.25,0,0,0,0
61.9219,0.25,0.25,0.25,0.25,0,0,0,0
61.9322,0.25,0.25,0.25,0.25,0,0,0,0
61.9424,0.25,0.25,0.25,0.25,0,0,0,0
61.9527,0.25,0.25,0.25,0.25,0,0,0,0
61.9629,0.25,0.25,0.25,0.25,0,0,0,0
61.973,0.25,0.25,0.25,0.25,0,0,0,0
61.9832,0.25,0.25,0.25,0.25,0,0,0,0
61.9934,0.25,0.25,0.25,0.25,0,0,0,0
62.0037,0.25,0.25,0.25,0.25,0,0,0,0
62.0139,0.25,0.25,0.25,0.25,0,0,0,0
62.0241,0.25,0.25,0.25,0.25,0,0,0,0
62.0344,0.25,0.25,0.25,0.25,0,0,0,0
62.0446,0.25,0.25,0.25,0.25,0,0,0,0
62.0548,0.25,0.25,0.25,0.25,0,0,0,0
62.065,0.25,0.25,0.25,0.25,0,0,0,0
62.0752,0.25,0.25,0.25,0.25,0,0,0,0
62.0855,0.25,0.25,0.25,0.25,0,0,0,0
62.0957,0.25,0.25,0.25,0.25,0,0,0,0
62.106,0.25,0.25,0.25,0.25,0,0,0,0
62.1162,0.25,0.25,0.25,0.25,0,0,0,0
62.1264,0.25,0.25,0.25,0.25,0,0,0,0
62.1366,0.25,0.25,0.25,0.25,0,0,0,0
62.1468,0.25,0.25,0.25,0.25,0,0,0,0
62.1571,0.25,0.25,0.25,0.25,0,0,0,0
62.1673,0.25,0.25,0.25,0.25,0,0,0,0
62.1775,0.25,0.25,0.25,0.25,0,0,0,0
62.1877,0.25,0.25,0.25,0.25,0,0,0,0
62.1979,0.25,0.25,0.25,0.25,0,0,0,0
62.2083,0.25,0.25,0.25,0.25,0,0,0,0
62.2185,0.25,0.25,0.25,0.25,0,0,0,0
62.2286,0.25,0.25,0.25,0.25,0,0,0,0
62.2388,0.25,0.25,0.25,0.25,0,0,0,0
62.249,0.25,0.25,0.25,0.25,0,0,0,0
62.2593,0.25,0.25,0.25,0.25,0,0,0,0
62.2694,0.25,0.25,0.25,0.25,0,0,0,0
62.2796,0.25,0.25,0.25,0.25,0,0,0,0
62.2898,0.25,0.25,0.25,0.25,0,0,0,0
62.3,0.25,0.25,0.25,0.25,0,0,0,0
62.3101,0.25,0.25,0.25,0.25,0,0,0,0
62.3203,0.25,0.25,0.25,0.25,0,0,0,0
62.3305,0.25,0.25,0.25,0.25,0,0,0,0
62.3407,0.25,0.25,0.25,0.25,0,0,0,0
62.3509,0.25,0.25,0.25,0.25,0,0,0,0
62.361,0.25,0.25,0.25,0.25,0,0,0,0
62.3712,0.25,0.25,0.25,0.25,0,0,0,0
62.3814,0.25,0.25,0.25,0.25,0,0,0,0
62.3916,0.25,0.25,0.25,0.25,0,0,0,0
62.4017,0.25,0.25,0.25,0.25,0,0,0,0
62.412,0.25,0.25,0.25,0.25,0,0,0,0
62.4223,0.25,0.25,0.25,0.25,0,0,0,0
62.4325,0.25,0.25,0.25,0.25,0,0,0,0
62.4427,0.25,0.25,0.25,0.25,0,0,0,0
62.453,0.25,0.25,0.25,0.25,0,0,0,0
62.4632,0.25,0.25,0.25,0.25,0,0,0,0
62.4734,0.25,0.25,0.25,0.25,0,0,0,0
62.4836,0.25,0.25,0.25,0.25,0,0,0,0
62.4938,0.25,0.25,0.25,0.25,0,0,0,0
62.5041,0.25,0.25,0.25,0.25,0,0,0,0
62.5143,0.25,0.25,0.25,0.25,0,0,0,0
62.5245,0.25,0.25,0.25,0.25,0,0,0,0
62.5347,0.25,0.25,0.25,0.25,0,0,0,0
62.545,0.25,0.25,0.25,0.25,0,0,0,0
62.5552,0.25,0.25,0.25,0.25,0,0,0,0
62.5654,0.25,0.25,0.25,0.25,0,0,0,0
62.5757,0.25,0.25,0.25,0.25,0,0,0,0
62.586,0.25,0.25,0.25,0.25,0,0,0,0
62.5962,0.25,0.25,0.25,0.25,0,0,0,0
62.6064,0.25,0.25,0.25,0.25,0,0,0,0
62.6166,0.25,0.25,0.25,0.25,0,0,0,0
62.6268,0.25,0.25,0.25,0.25,0,0,0,0
62.6371,0.25,0.25,0.25,0.25,0,0,0,0
62.6473,0.25,0.25,0.25,0.25,0,0,0,0
62.6575,0.25,0.25,0.25,0.25,0,0,0,0
62.6677,0.25,0.25,0.25,0.25,0,0,0,0
62.6779,0.25,0.25,0.25,0.25,0,0,0,0
62.6882,0.25,0.25,0.25,0.25,0,0,0,0
62.6984,0.25,0.25,0.25,0.25,0,0,0,0
62.7086,0.25,0.25,0.25,0.25,0,0,0,0
62.7188,0.25,0.25,0.25,0.25,0,0,0,0
62.729,0.25,0.25,0.25,0.25,0,0,0,0
62.7393,0.25,0.25,0.25,0.25,0,0,0,0
62.7495,0.25,0.25,0.25,0.25,0,0,0,0
62.7597,0.25,0.25,0.25,0.25,0,0,0,0
62.7699,0.25,0.25,0.25,0.25,0,0,0,0
62.7801,0.25,0.25,0.25,0.25,0,0,0,0
62.7904,0.25,0.25,0.25,0.25,0,0,0,0
62.8006,0.25,0.25,0.25,0.25,0,0,0,0
62.8108,0.25,0.25,0.25,0.25,0,0,0,0
62.821,0.25,0.25,0.25,0.25,0,0,0,0
62.8313,0.25,0.25,0.25,0.25,0,0,0,0
62.8415,0.25,0.25,0.25,0.25,0,0,0,0
62.8517,0.25,0.25,0.25,0.25,0,0,0,0
62.8619,0.25,0.25,0.25,0.25,0,0,0,0
62.8721,0.25,0.25,0.25,0.25,0,0,0,0
62.8824,0.25,0.25,0.25,0.25,0,0,0,0
62.8926,0.25,0.25,0.25,0.25,0,0,0,0
62.9028,0.25,0.25,0.25,0.25,0,0,0,0
62.9131,0.25,0.25,0.25,0.25,0,0,0,0
62.9233,0.25,0.25,0.25,0.25,0,0,0,0
62.9335,0.25,0.25,0.25,0.25,0,0,0,0
62.9437,0.25,0.25,0.25,0.25,0,0,0,0
62.954,0.25,0.25,0.25,0.25,0,0,0,0
62.9642,0.25,0.25,0.25,0.25,0,0,0,0
62.9745,0.25,0.25,0.25,0.25,0,0,0,0
62.9847,0.25,0.25,0.25,0.25,0,0,0,0
62.9949,0.25,0.25,0.25,0.25,0,0,0,0
63.0051,0.25,0.25,0.25,0.25,0,0,0,0
63.0153,0.25,0.25,0.25,0.25,0,0,0,0
63.0255,0.25,0.25,0.25,0.25,0,0,0,0
63.0358,0.25,0.25,0.25,0.25,0,0,0,0
63.046,0.25,0.25,0.25,0.25,0,0,0,0
63.0562,0.25,0.25,0.25,0.25,0,0,0,0
63.0665,0.25,0.25,0.25,0.25,0,0,0,0
63.0767,0.25,0.25,0.25,0.25,0,0,0,0
63.0869,0.25,0.25,0.25,0.25,0,0,0,0
63.0971,0.25,0.25,0.25,0.25,0,0,0,0
63.1073,0.25,0.25,0.25,0.25,0,0,0,0
63.1176,0.25,0.25,0.25,0.25,0,0,0,0
63.1278,0.25,0.25,0.25,0.25,0,0,0,0
63.138,0.25,0.25,0.25,0.25,0,0,0,0
63.1482,0.25,0.25,0.25,0.25,0,0,0,0
63.1585,0.25,0.25,0.25,0.25,0,0,0,0
63.1687,0.25,0.25,0.25,0.25,0,0,0,0
63.179,0.25,0.25,0.25,0.25,0,0,0,0
63.1893,0.25,0.25,0.25,0.25,0,0,0,0
63.1995,0.25,0.25,0.25,0.25,0,0,0,0
63.2097,0.25,0.25,0.25,0.25,0,0,0,0
63.2199,0.25,0.25,0.25,0.25,0,0,0,0
63.2302,0.25,0.25,0.25,0.25,0,0,0,0
63.2404,0.25,0.25,0.25,0.25,0,0,0,0
63.2506,0.25,0.25,0.25,0.25,0,0,0,0
63.2608,0.25,0.25,0.25,0.25,0,0,0,0
63.271,0.25,0.25,0.25,0.25,0,0,0,0
63.2813,0.25,0.25,0.25,0.25,0,0,0,0
63.2915,0.25,0.25,0.25,0.25,0,0,0,0
63.3017,0.25,0.25,0.25,0.25,0,0,0,0
63.3119,0.25,0.25,0.25,0.25,0,0,0,0
63.3221,0.25,0.25,0.25,0.25,0,0,0,0
63.3324,0.25,0.25,0.25,0.25,0,0,0,0
63.3427,0.25,0.25,0.25,0.25,0,0,0,0
63.353,0.25,0.25,0.25,0.25,0,0,0,0
63.3632,0.25,0.25,0.25,0.25,0,0,0,0
63.3733,0.25,0.25,0.25,0.25,0,0,0,0
63.3835,0.25,0.25,0.25,0.25,0,0,0,0
63.3938,0.25,0.25,0.25,0.25,0,0,0,0
63.4041,0.25,0.25,0.25,0.25,0,0,0,0
63.4144,0.25,0.25,0.25,0.25,0,0,0,0
63.4246,0.25,0.25,0.25,0.25,0,0,0,0
63.4349,0.25,0.25,0.25,0.25,0,0,0,0
63.4452,0.25,0.25,0.25,0.25,0,0,0,0
63.4554,0.25,0.25,0.25,0.25,0,0,0,0
63.4656,0.25,0.25,0.25,0.25,0,0,0,0
63.4759,0.25,0.25,0.25,0.25,0,0,0,0
63.4861,0.25,0.25,0.25,0.25,0,0,0,0
63.4963,0.25,0.25,0.25,0.25,0,0,0,0
63.5065,0.25,0.25,0.25,0.25,0,0,0,0
63.5168,0.25,0.25,0.25,0.25,0,0,0,0
63.527,0.25,0.25,0.25,0.25,0,0,0,0
63.5373,0.25,0.25,0.25,0.25,0,0,0,0
63.5475,0.25,0.25,0.25,0.25,0,0,0,0
63.5578,0.25,0.25,0.25,0.25,0,0,0,0
63.568,0.25,0.25,0.25,0.25,0,0,0,0
63.5783,0.25,0.25,0.25,0.25,0,0,0,0
63.5885,0.25,0.25,0.25,0.25,0,0,0,0
63.5988,0.25,0.25,0.25,0.25,0,0,0,0
63.6091,0.25,0.25,0.25,0.25,0,0,0,0
63.6193,0.25,0.25,0.25,0.25,0,0,0,0
63.6296,0.25,0.25,0.25,0.25,0,0,0,0
63.6398,0.25,0.25,0.25,0.25,0,0,0,0
63.6501,0.25,0.25,0.25,0.25,0,0,0,0
63.6603,0.25,0.25,0.25,0.25,0,0,0,0
63.6705,0.25,0.25,0.25,0.25,0,0,0,0
63.6808,0.25,0.25,0.25,0.25,0,0,0,0
63.691,0.25,0.25,0.25,0.25,0,0,0,0
63.7013,0.25,0.25,0.25,0.25,0,0,0,0
63.7115,0.25,0.25,0.25,0.25,0,0,0,0
63.7217,0.25,0.25,0.25,0.25,0,0,0,0
63.732,0.25,0.25,0.25,0.25,0,0,0,0
63.7423,0.25,0.25,0.25,0.25,0,0,0,0
63.7526,0.25,0.25,0.25,0.25,0,0,0,0
63.7628,0.25,0.25,0.25,0.25,0,0,0,0
63.773,0.25,0.25,0.25,0.25,0,0,0,0
63.7833,0.25,0.25,0.25,0.25,0,0,0,0
63.7935,0.25,0.25,0.25,0.25,0,0,0,0
63.8037,0.25,0.25,0.25,0.25,0,0,0,0
63.8139,0.25,0.25,0.25,0.25,0,0,0,0
63.8242,0.25,0.25,0.25,0.25,0,0,0,0
63.8344,0.25,0.25,0.25,0.25,0,0,0,0
63.8446,0.25,0.25,0.25,0.25,0,0,0,0
63.8548,0.25,0.25,0.25,0.25,0,0,0,0
63.865,0.25,0.25,0.25,0.25,0,0,0,0
63.8753,0.25,0.25,0.25,0.25,0,0,0,0
63.8855,0.25,0.25,0.25,0.25,0,0,0,0
63.8957,0.25,0.25,0.25,0.25,0,0,0,0
63.9058,0.25,0.25,0.25,0.25,0,0,0,0
63.9161,0.25,0.25,0.25,0.25,0,0,0,0
63.9263,0.25,0.25,0.25,0.25,0,0,0,0
63.9365,0.25,0.25,0.25,0.25,0,0,0,0
63.9467,0.25,0.25,0.25,0.25,0,0,0,0
63.957,0.25,0.25,0.25,0.25,0,0,0,0
63.9672,0.25,0.25,0.25,0.25,0,0,0,0
63.9774,0.25,0.25,0.25,0.25,0,0,0,0
63.9876,0.25,0.25,0.25,0.25,0,0,0,0
63.9978,0.25,0.25,0.25,0.25,0,0,0,0
64.0081,0.25,0.25,0.25,0.25,0,0,0,0
64.0183,0.25,0.25,0.25,0.25,0,0,0,0
64.0285,0.25,0.25,0.25,0.25,0,0,0,0
64.0387,0.25,0.25,0.25,0.25,0,0,0,0
64.049,0.25,0.25,0.25,0.25,0,0,0,0
64.0593,0.25,0.25,0.25,0.25,0,0,0,0
64.0695,0.25,0.25,0.25,0.25,0,0,0,0
64.0797,0.25,0.25,0.25,0.25,0,0,0,0
64.0899,0.25,0.25,0.25,0.25,0,0,0,0
64.1002,0.25,0.25,0.25,0.25,0,0,0,0
64.1104,0.25,0.25,0.25,0.25,0,0,0,0
64.1206,0.25,0.25,0.25,0.25,0,0,0,0
64.1308,0.25,0.25,0.25,0.25,0,0,0,0
64.141,0.25,0.25,0.25,0.25,0,0,0,0
64.1513,0.25,0.25,0.25,0.25,0,0,0,0
64.1615,0.25,0.25,0.25,0.25,0,0,0,0
64.1717,0.25,0.25,0.25,0.25,0,0,0,0
64.1819,0.25,0.25,0.25,0.25,0,0,0,0
64.1922,0.25,0.25,0.25,0.25,0,0,0,0
64.2024,0.25,0.25,0.25,0.25,0,0,0,0
64.2126,0.25,0.25,0.25,0.25,0,0,0,0
64.2229,0.25,0.25,0.25,0.25,0,0,0,0
64.2331,0.25,0.25,0.25,0.25,0,0,0,0
64.2433,0.25,0.25,0.25,0.25,0,0,0,0
64.2535,0.25,0.25,0.25,0.25,0,0,0,0
64.2637,0.25,0.25,0.25,0.25,0,0,0,0
64.274,0.25,0.25,0.25,0.25,0,0,0,0
64.2842,0.25,0.25,0.25,0.25,0,0,0,0
64.2944,0.25,0.25,0.25,0.25,0,0,0,0
64.3046,0.25,0.25,0.25,0.25,0,0,0,0
64.3149,0.25,0.25,0.25,0.25,0,0,0,0
64.3251,0.25,0.25,0.25,0.25,0,0,0,0
64.3353,0.25,0.25,0.25,0.25,0,0,0,0
64.3455,0.25,0.25,0.25,0.25,0,0,0,0
64.3557,0.25,0.25,0.25,0.25,0,0,0,0
64.366,0.25,0.25,0.25,0.25,0,0,0,0
64.3762,0.25,0.25,0.25,0.25,0,0,0,0
64.3864,0.25,0.25,0.25,0.25,0,0,0,0
64.3966,0.25,0.25,0.25,0.25,0,0,0,0
64.4069,0.25,0.25,0.25,0.25,0,0,0,0
64.4171,0.25,0.25,0.25,0.25,0,0,0,0
64.4273,0.25,0.25,0.25,0.25,0,0,0,0
64.4375,0.25,0.25,0.25,0.25,0,0,0,0
64.4477,0.25,0.25,0.25,0.25,0,0,0,0
64.458,0.25,0.25,0.25,0.25,0,0,0,0
64.4682,0.25,0.25,0.25,0.25,0,0,0,0
64.4784,0.25,0.25,0.25,0.25,0,0,0,0
64.4886,0.25,0.25,0.25,0.25,0,0,0,0
64.4988,0.25,0.25,0.25,0.25,0,0,0,0
64.5091,0.25,0.25,0.25,0.25,0,0,0,0
64.5193,0.25,0.25,0.25,0.25,0,0,0,0
64.5295,0.25,0.25,0.25,0.25,0,0,0,0
64.5397,0.25,0.25,0.25,0.25,0,0,0,0
64.5499,0.25,0.25,0.25,0.25,0,0,0,0
64.5602,0.25,0.25,0.25,0.25,0,0,0,0
64.5704,0.25,0.25,0.25,0.25,0,0,0,0
64.5806,0.25,0.25,0.25,0.25,0,0,0,0
64.5908,0.25,0.25,0.25,0.25,0,0,0,0
64.601,0.25,0.25,0.25,0.25,0,0,0,0
64.6113,0.25,0.25,0.25,0.25,0,0,0,0
64.6215,0.25,0.25,0.25,0.25,0,0,0,0
64.6317,0.25,0.25,0.25,0.25,0,0,0,0
64.6419,0.25,0.25,0.25,0.25,0,0,0,0
64.6521,0.25,0.25,0.25,0.25,0,0,0,0
64.6624,0.25,0.25,0.25,0.25,0,0,0,0
64.6726,0.25,0.25,0.25,0.25,0,0,0,0
64.6828,0.25,0.25,0.25,0.25,0,0,0,0
64.6931,0.25,0.25,0.25,0.25,0,0,0,0
64.7033,0.25,0.25,0.25,0.25,0,0,0,0
64.7135,0.25,0.25,0.25,0.25,0,0,0,0
64.7236,0.25,0.25,0.25,0.25,0,0,0,0
64.7338,0.25,0.25,0.25,0.25,0,0,0,0
64.7441,0.25,0.25,0.25,0.25,0,0,0,0
64.7543,0.25,0.25,0.25,0.25,0,0,0,0
64.7645,0.25,0.25,0.25,0.25,0,0,0,0
64.7747,0.25,0.25,0.25,0.25,0,0,0,0
64.7849,0.25,0.25,0.25,0.25,0,0,0,0
64.7952,0.25,0.25,0.25,0.25,0,0,0,0
64.8054,0.25,0.25,0.25,0.25,0,0,0,0
64.8156,0.25,0.25,0.25,0.25,0,0,0,0
64.8259,0.25,0.25,0.25,0.25,0,0,0,0
64.8361,0.25,0.25,0.25,0.25,0,0,0,0
64.8463,0.25,0.25,0.25,0.25,0,0,0,0
64.8565,0.25,0.25,0.25,0.25,0,0,0,0
64.8668,0.25,0.25,0.25,0.25,0,0,0,0
64.877,0.25,0.25,0.25,0.25,0,0,0,0
64.8872,0.25,0.25,0.25,0.25,0,0,0,0
64.8974,0.25,0.25,0.25,0.25,0,0,0,0
64.9076,0.25,0.25,0.25,0.25,0,0,0,0
64.9178,0.25,0.25,0.25,0.25,0,0,0,0
64.9281,0.25,0.25,0.25,0.25,0,0,0,0
64.9383,0.25,0.25,0.25,0.25,0,0,0,0
64.9485,0.25,0.25,0.25,0.25,0,0,0,0
64.9587,0.25,0.25,0.25,0.25,0,0,0,0
64.969,0.25,0.25,0.25,0.25,0,0,0,0
64.9793,0.25,0.25,0.25,0.25,0,0,0,0
64.9895,0.25,0.25,0.25,0.25,0,0,0,0
64.9997,0.25,0.25,0.25,0.25,0,0,0,0
65.01,0.25,0.25,0.25,0.25,0,0,0,0
65.0202,0.25,0.25,0.25,0.25,0,0,0,0
65.0304,0.25,0.25,0.25,0.25,0,0,0,0
65.0406,0.25,0.25,0.25,0.25,0,0,0,0
65.0509,0.25,0.25,0.25,0.25,0,0,0,0
65.0611,0.25,0.25,0.25,0.25,0,0,0,0
65.0713,0.25,0.25,0.25,0.25,0,0,0,0
65.0815,0.25,0.25,0.25,0.25,0,0,0,0
65.0918,0.25,0.25,0.25,0.25,0,0,0,0
65.102,0.25,0.25,0.25,0.25,0,0,0,0
65.1122,0.25,0.25,0.25,0.25,0,0,0,0
65.1224,0.25,0.25,0.25,0.25,0,0,0,0
65.1326,0.25,0.25,0.25,0.25,0,0,0,0
65.1429,0.25,0.25,0.25,0.25,0,0,0,0
65.1531,0.25,0.25,0.25,0.25,0,0,0,0
65.1633,0.25,0.25,0.25,0.25,0,0,0,0
65.1735,0.25,0.25,0.25,0.25,0,0,0,0
65.1838,0.25,0.25,0.25,0.25,0,0,0,0
65.194,0.25,0.25,0.25,0.25,0,0,0,0
65.2042,0.25,0.25,0.25,0.25,0,0,0,0
65.2144,0.25,0.25,0.25,0.25,0,0,0,0
65.2247,0.25,0.25,0.25,0.25,0,0,0,0
65.2349,0.25,0.25,0.25,0.25,0,0,0,0
65.2451,0.25,0.25,0.25,0.25,0,0,0,0
65.2553,0.25,0.25,0.25,0.25,0,0,0,0
65.2655,0.25,0.25,0.25,0.25,0,0,0,0
65.2758,0.25,0.25,0.25,0.25,0,0,0,0
65.286,0.25,0.25,0.25,0.25,0,0,0,0
65.2962,0.25,0.25,0.25,0.25,0,0,0,0
65.3064,0.25,0.25,0.25,0.25,0,0,0,0
65.3167,0.25,0.25,0.25,0.25,0,0,0,0
65.3269,0.25,0.25,0.25,0.25,0,0,0,0
65.3371,0.25,0.25,0.25,0.25,0,0,0,0
65.3473,0.25,0.25,0.25,0.25,0,0,0,0
65.3576,0.25,0.25,0.25,0.25,0,0,0,0
65.3678,0.25,0.25,0.25,0.25,0,0,0,0
65.378,0.25,0.25,0.25,0.25,0,0,0,0
65.3882,0.25,0.25,0.25,0.25,0,0,0,0
65.3984,0.25,0.25,0.25,0.25,0,0,0,0
65.4087,0.25,0.25,0.25,0.25,0,0,0,0
65.4189,0.25,0.25,0.25,0.25,0,0,0,0
65.4292,0.25,0.25,0.25,0.25,0,0,0,0
65.4394,0.25,0.25,0.25,0.25,0,0,0,0
65.4497,0.25,0.25,0.25,0.25,0,0,0,0
65.4599,0.25,0.25,0.25,0.25,0,0,0,0
65.4701,0.25,0.25,0.25,0.25,0,0,0,0
65.4803,0.25,0.25,0.25,0.25,0,0,0,0
65.4906,0.25,0.25,0.25,0.25,0,0,0,0
65.5008,0.25,0.25,0.25,0.25,0,0,0,0
65.511,0.25,0.25,0.25,0.25,0,0,0,0
65.5212,0.25,0.25,0.25,0.25,0,0,0,0
65.5314,0.25,0.25,0.25,0.25,0,0,0,0
65.5417,0.25,0.25,0.25,0.25,0,0,0,0
65.5519,0.25,0.25,0.25,0.25,0,0,0,0
65.5621,0.25,0.25,0.25,0.25,0,0,0,0
65.5723,0.25,0.25,0.25,0.25,0,0,0,0
65.5826,0.25,0.25,0.25,0.25,0,0,0,0
65.5929,0.25,0.25,0.25,0.25,0,0,0,0
65.6031,0.25,0.25,0.25,0.25,0,0,0,0
65.6133,0.25,0.25,0.25,0.25,0,0,0,0
65.6235,0.25,0.25,0.25,0.25,0,0,0,0
65.6338,0.25,0.25,0.25,0.25,0,0,0,0
65.644,0.25,0.25,0.25,0.25,0,0,0,0
65.6542,0.25,0.25,0.25,0.25,0,0,0,0
65.6644,0.25,0.25,0.25,0.25,0,0,0,0
65.6747,0.25,0.25,0.25,0.25,0,0,0,0
65.6849,0.25,0.25,0.25,0.25,0,0,0,0
65.6951,0.25,0.25,0.25,0.25,0,0,0,0
65.7053,0.25,0.25,0.25,0.25,0,0,0,0
65.7155,0.25,0.25,0.25,0.25,0,0,0,0
65.7258,0.25,0.25,0.25,0.25,0,0,0,0
65.736,0.25,0.25,0.25,0.25,0,0,0,0
65.7462,0.25,0.25,0.25,0.25,0,0,0,0
65.7564,0.25,0.25,0.25,0.25,0,0,0,0
65.7667,0.25,0.25,0.25,0.25,0,0,0,0
65.7769,0.25,0.25,0.25,0.25,0,0,0,0
65.7871,0.25,0.25,0.25,0.25,0,0,0,0
65.7973,0.25,0.25,0.25,0.25,0,0,0,0
65.8075,0.25,0.25,0.25,0.25,0,0,0,0
65.8178,0.25,0.25,0.25,0.25,0,0,0,0
65.828,0.25,0.25,0.25,0.25,0,0,0,0
65.8382,0.25,0.25,0.25,0.25,0,0,0,0
65.8483,0.25,0.25,0.25,0.25,0,0,0,0
65.8586,0.25,0.25,0.25,0.25,0,0,0,0
65.8688,0.25,0.25,0.25,0.25,0,0,0,0
65.879,0.25,0.25,0.25,0.25,0,0,0,0
65.8893,0.25,0.25,0.25,0.25,0,0,0,0
65.8996,0.25,0.25,0.25,0.25,0,0,0,0
65.9097,0.25,0.25,0.25,0.25,0,0,0,0
65.9198,0.25,0.25,0.25,0.25,0,0,0,0
65.9298,0.25,0.25,0.25,0.25,0,0,0,0
65.9399,0.25,0.25,0.25,0.25,0,0,0,0
65.95,0.25,0.25,0.25,0.25,0,0,0,0
65.9602,0.25,0.25,0.25,0.25,0,0,0,0
65.9704,0.25,0.25,0.25,0.25,0,0,0,0
65.9806,0.25,0.25,0.25,0.25,0,0,0,0
65.9907,0.25,0.25,0.25,0.25,0,0,0,0
66.0009,0.25,0.25,0.25,0.25,0,0,0,0
66.0111,0.25,0.25,0.25,0.25,0,0,0,0
66.0213,0.25,0.25,0.25,0.25,0,0,0,0
66.0315,0.25,0.25,0.25,0.25,0,0,0,0
66.0417,0.25,0.25,0.25,0.25,0,0,0,0
66.052,0.25,0.25,0.25,0.25,0,0,0,0
66.0622,0.25,0.25,0.25,0.25,0,0,0,0
66.0724,0.25,0.25,0.25,0.25,0,0,0,0
66.0827,0.25,0.25,0.25,0.25,0,0,0,0
66.093,0.25,0.25,0.25,0.25,0,0,0,0
66.1033,0.25,0.25,0.25,0.25,0,0,0,0
66.1134,0.25,0.25,0.25,0.25,0,0,0,0
66.1234,0.25,0.25,0.25,0.25,0,0,0,0
66.1337,0.25,0.25,0.25,0.25,0,0,0,0
66.1438,0.25,0.25,0.25,0.25,0,0,0,0
66.1541,0.25,0.25,0.25,0.25,0,0,0,0
66.1642,0.25,0.25,0.25,0.25,0,0,0,0
66.1745,0.25,0.25,0.25,0.25,0,0,0,0
66.1847,0.25,0.25,0.25,0.25,0,0,0,0
66.1949,0.25,0.25,0.25,0.25,0,0,0,0
66.2051,0.25,0.25,0.25,0.25,0,0,0,0
66.2153,0.25,0.25,0.25,0.25,0,0,0,0
66.2256,0.25,0.25,0.25,0.25,0,0,0,0
66.2358,0.25,0.25,0.25,0.25,0,0,0,0
66.246,0.25,0.25,0.25,0.25,0,0,0,0
66.2562,0.25,0.25,0.25,0.25,0,0,0,0
66.2665,0.25,0.25,0.25,0.25,0,0,0,0
66.2767,0.25,0.25,0.25,0.25,0,0,0,0
66.2869,0.25,0.25,0.25,0.25,0,0,0,0
66.2971,0.25,0.25,0.25,0.25,0,0,0,0
66.3073,0.25,0.25,0.25,0.25,0,0,0,0
66.3176,0.25,0.25,0.25,0.25,0,0,0,0
66.3278,0.25,0.25,0.25,0.25,0,0,0,0
66.338,0.25,0.25,0.25,0.25,0,0,0,0
66.3482,0.25,0.25,0.25,0.25,0,0,0,0
66.3584,0.25,0.25,0.25,0.25,0,0,0,0
66.3687,0.25,0.25,0.25,0.25,0,0,0,0
66.3789,0.25,0.25,0.25,0.25,0,0,0,0
66.3892,0.25,0.25,0.25,0.25,0,0,0,0
66.3994,0.25,0.25,0.25,0.25,0,0,0,0
66.4096,0.25,0.25,0.25,0.25,0,0,0,0
66.4198,0.25,0.25,0.25,0.25,0,0,0,0
66.43,0.25,0.25,0.25,0.25,0,0,0,0
66.4403,0.25,0.25,0.25,0.25,0,0,0,0
66.4505,0.25,0.25,0.25,0.25,0,0,0,0
66.4607,0.25,0.25,0.25,0.25,0,0,0,0
66.4709,0.25,0.25,0.25,0.25,0,0,0,0
66.4812,0.25,0.25,0.25,0.25,0,0,0,0
66.4914,0.25,0.25,0.25,0.25,0,0,0,0
66.5016,0.25,0.25,0.25,0.25,0,0,0,0
66.5118,0.25,0.25,0.25,0.25,0,0,0,0
66.522,0.25,0.25,0.25,0.25,0,0,0,0
66.5323,0.25,0.25,0.25,0.25,0,0,0,0
66.5425,0.25,0.25,0.25,0.25,0,0,0,0
66.5527,0.25,0.25,0.25,0.25,0,0,0,0
66.5629,0.25,0.25,0.25,0.25,0,0,0,0
66.5731,0.25,0.25,0.25,0.25,0,0,0,0
66.5834,0.25,0.25,0.25,0.25,0,0,0,0
66.5936,0.25,0.25,0.25,0.25,0,0,0,0
66.6038,0.25,0.25,0.25,0.25,0,0,0,0
66.614,0.25,0.25,0.25,0.25,0,0,0,0
66.6242,0.25,0.25,0.25,0.25,0,0,0,0
66.6345,0.25,0.25,0.25,0.25,0,0,0,0
66.6447,0.25,0.25,0.25,0.25,0,0,0,0
66.6549,0.25,0.25,0.25,0.25,0,0,0,0
66.6651,0.25,0.25,0.25,0.25,0,0,0,0
66.6753,0.25,0.25,0.25,0.25,0,0,0,0
66.6856,0.25,0.25,0.25,0.25,0,0,0,0
66.6958,0.25,0.25,0.25,0.25,0,0,0,0
66.706,0.25,0.25,0.25,0.25,0,0,0,0
66.7162,0.25,0.25,0.25,0.25,0,0,0,0
66.7265,0.25,0.25,0.25,0.25,0,0,0,0
66.7367,0.25,0.25,0.25,0.25,0,0,0,0
66.7469,0.25,0.25,0.25,0.25,0,0,0,0
66.7571,0.25,0.25,0.25,0.25,0,0,0,0
66.7674,0.25,0.25,0.25,0.25,0,0,0,0
66.7776,0.25,0.25,0.25,0.25,0,0,0,0
66.7878,0.25,0.25,0.25,0.25,0,0,0,0
66.7981,0.25,0.25,0.25,0.25,0,0,0,0
66.8083,0.25,0.25,0.25,0.25,0,0,0,0
66.8185,0.25,0.25,0.25,0.25,0,0,0,0
66.8287,0.25,0.25,0.25,0.25,0,0,0,0
66.8389,0.25,0.25,0.25,0.25,0,0,0,0
66.8492,0.25,0.25,0.25,0.25,0,0,0,0
66.8592,0.25,0.25,0.25,0.25,0,0,0,0
66.8694,0.25,0.25,0.25,0.25,0,0,0,0
66.8796,0.25,0.25,0.25,0.25,0,0,0,0
66.8897,0.25,0.25,0.25,0.25,0,0,0,0
66.8998,0.25,0.25,0.25,0.25,0,0,0,0
66.91,0.25,0.25,0.25,0.25,0,0,0,0
66.9202,0.25,0.25,0.25,0.25,0,0,0,0
66.9304,0.25,0.25,0.25,0.25,0,0,0,0
66.9406,0.25,0.25,0.25,0.25,0,0,0,0
66.9508,0.25,0.25,0.25,0.25,0,0,0,0
66.961,0.25,0.25,0.25,0.25,0,0,0,0
66.9712,0.25,0.25,0.25,0.25,0,0,0,0
66.9814,0.25,0.25,0.25,0.25,0,0,0,0
66.9916,0.25,0.25,0.25,0.25,0,0,0,0
67.0018,0.25,0.25,0.25,0.25,0,0,0,0
67.012,0.25,0.25,0.25,0.25,0,0,0,0
67.0223,0.25,0.25,0.25,0.25,0,0,0,0
67.0325,0.25,0.25,0.25,0.25,0,0,0,0
67.0427,0.25,0.25,0.25,0.25,0,0,0,0
67.0529,0.25,0.25,0.25,0.25,0,0,0,0
67.0632,0.25,0.25,0.25,0.25,0,0,0,0
67.0735,0.25,0.25,0.25,0.25,0,0,0,0
67.0837,0.25,0.25,0.25,0.25,0,0,0,0
67.094,0.25,0.25,0.25,0.25,0,0,0,0
67.1042,0.25,0.25,0.25,0.25,0,0,0,0
67.1145,0.25,0.25,0.25,0.25,0,0,0,0
67.1247,0.25,0.25,0.25,0.25,0,0,0,0
67.135,0.25,0.25,0.25,0.25,0,0,0,0
67.1453,0.25,0.25,0.25,0.25,0,0,0,0
67.1555,0.25,0.25,0.25,0.25,0,0,0,0
67.1658,0.25,0.25,0.25,0.25,0,0,0,0
67.1761,0.25,0.25,0.25,0.25,0,0,0,0
67.1863,0.25,0.25,0.25,0.25,0,0,0,0
67.1964,0.25,0.25,0.25,0.25,0,0,0,0
67.2067,0.25,0.25,0.25,0.25,0,0,0,0
67.2169,0.25,0.25,0.25,0.25,0,0,0,0
67.2272,0.25,0.25,0.25,0.25,0,0,0,0
67.2374,0.25,0.25,0.25,0.25,0,0,0,0
67.2476,0.25,0.25,0.25,0.25,0,0,0,0
67.2579,0.25,0.25,0.25,0.25,0,0,0,0
67.2681,0.25,0.25,0.25,0.25,0,0,0,0
67.2784,0.25,0.25,0.25,0.25,0,0,0,0
67.2886,0.25,0.25,0.25,0.25,0,0,0,0
67.2988,0.25,0.25,0.25,0.25,0,0,0,0
67.3091,0.25,0.25,0.25,0.25,0,0,0,0
67.3193,0.25,0.25,0.25,0.25,0,0,0,0
67.3295,0.25,0.25,0.25,0.25,0,0,0,0
67.3398,0.25,0.25,0.25,0.25,0,0,0,0
67.35,0.25,0.25,0.25,0.25,0,0,0,0
67.3603,0.25,0.25,0.25,0.25,0,0,0,0
67.3705,0.25,0.25,0.25,0.25,0,0,0,0
67.3807,0.25,0.25,0.25,0.25,0,0,0,0
67.391,0.25,0.25,0.25,0.25,0,0,0,0
67.4013,0.25,0.25,0.25,0.25,0,0,0,0
67.4115,0.25,0.25,0.25,0.25,0,0,0,0
67.4218,0.25,0.25,0.25,0.25,0,0,0,0
67.432,0.25,0.25,0.25,0.25,0,0,0,0
67.4423,0.25,0.25,0.25,0.25,0,0,0,0
67.4526,0.25,0.25,0.25,0.25,0,0,0,0
67.4629,0.25,0.25,0.25,0.25,0,0,0,0
67.4731,0.25,0.25,0.25,0.25,0,0,0,0
67.4834,0.25,0.25,0.25,0.25,0,0,0,0
67.4936,0.25,0.25,0.25,0.25,0,0,0,0
67.5038,0.25,0.25,0.25,0.25,0,0,0,0
67.5141,0.25,0.25,0.25,0.25,0,0,0,0
67.5243,0.25,0.25,0.25,0.25,0,0,0,0
67.5346,0.25,0.25,0.25,0.25,0,0,0,0
67.5448,0.25,0.25,0.25,0.25,0,0,0,0
67.5551,0.25,0.25,0.25,0.25,0,0,0,0
67.5653,0.25,0.25,0.25,0.25,0,0,0,0
67.5755,0.25,0.25,0.25,0.25,0,0,0,0
67.5857,0.25,0.25,0.25,0.25,0,0,0,0
67.596,0.25,0.25,0.25,0.25,0,0,0,0
67.6062,0.25,0.25,0.25,0.25,0,0,0,0
67.6164,0.25,0.25,0.25,0.25,0,0,0,0
67.6266,0.25,0.25,0.25,0.25,0,0,0,0
67.6369,0.25,0.25,0.25,0.25,0,0,0,0
67.6471,0.25,0.25,0.25,0.25,0,0,0,0
67.6573,0.25,0.25,0.25,0.25,0,0,0,0
67.6675,0.25,0.25,0.25,0.25,0,0,0,0
67.6777,0.25,0.25,0.25,0.25,0,0,0,0
67.688,0.25,0.25,0.25,0.25,0,0,0,0
67.6982,0.25,0.25,0.25,0.25,0,0,0,0
67.7084,0.25,0.25,0.25,0.25,0,0,0,0
67.7186,0.25,0.25,0.25,0.25,0,0,0,0
67.7289,0.25,0.25,0.25,0.25,0,0,0,0
67.7391,0.25,0.25,0.25,0.25,0,0,0,0
67.7494,0.25,0.25,0.25,0.25,0,0,0,0
67.7596,0.25,0.25,0.25,0.25,0,0,0,0
67.7698,0.25,0.25,0.25,0.25,0,0,0,0
67.78,0.25,0.25,0.25,0.25,0,0,0,0
67.7903,0.25,0.25,0.25,0.25,0,0,0,0
67.8005,0.25,0.25,0.25,0.25,0,0,0,0
67.8108,0.25,0.25,0.25,0.25,0,0,0,0
67.821,0.25,0.25,0.25,0.25,0,0,0,0
67.8313,0.25,0.25,0.25,0.25,0,0,0,0
67.8416,0.25,0.25,0.25,0.25,0,0,0,0
67.8519,0.25,0.25,0.25,0.25,0,0,0,0
67.8621,0.25,0.25,0.25,0.25,0,0,0,0
67.8724,0.25,0.25,0.25,0.25,0,0,0,0
67.8827,0.25,0.25,0.25,0.25,0,0,0,0
67.8928,0.25,0.25,0.25,0.25,0,0,0,0
67.9029,0.25,0.25,0.25,0.25,0,0,0,0
67.9132,0.25,0.25,0.25,0.25,0,0,0,0
67.9235,0.25,0.25,0.25,0.25,0,0,0,0
67.9338,0.25,0.25,0.25,0.25,0,0,0,0
67.944,0.25,0.25,0.25,0.25,0,0,0,0
67.9543,0.25,0.25,0.25,0.25,0,0,0,0
67.9645,0.25,0.25,0.25,0.25,0,0,0,0
67.9748,0.25,0.25,0.25,0.25,0,0,0,0
67.9851,0.25,0.25,0.25,0.25,0,0,0,0
67.9953,0.25,0.25,0.25,0.25,0,0,0,0
68.0055,0.25,0.25,0.25,0.25,0,0,0,0
68.0158,0.25,0.25,0.25,0.25,0,0,0,0
68.026,0.25,0.25,0.25,0.25,0,0,0,0
68.0363,0.25,0.25,0.25,0.25,0,0,0,0
68.0465,0.25,0.25,0.25,0.25,0,0,0,0
68.0567,0.25,0.25,0.25,0.25,0,0,0,0
68.067,0.25,0.25,0.25,0.25,0,0,0,0
68.0772,0.25,0.25,0.25,0.25,0,0,0,0
68.0875,0.25,0.25,0.25,0.25,0,0,0,0
68.0977,0.25,0.25,0.25,0.25,0,0,0,0
68.1079,0.25,0.25,0.25,0.25,0,0,0,0
68.1182,0.25,0.25,0.25,0.25,0,0,0,0
68.1285,0.25,0.25,0.25,0.25,0,0,0,0
68.1387,0.25,0.25,0.25,0.25,0,0,0,0
68.149,0.25,0.25,0.25,0.25,0,0,0,0
68.1592,0.25,0.25,0.25,0.25,0,0,0,0
68.1694,0.25,0.25,0.25,0.25,0,0,0,0
68.1797,0.25,0.25,0.25,0.25,0,0,0,0
68.1899,0.25,0.25,0.25,0.25,0,0,0,0
68.2001,0.25,0.25,0.25,0.25,0,0,0,0
68.2103,0.25,0.25,0.25,0.25,0,0,0,0
68.2206,0.25,0.25,0.25,0.25,0,0,0,0
68.2309,0.25,0.25,0.25,0.25,0,0,0,0
68.2412,0.25,0.25,0.25,0.25,0,0,0,0
68.2514,0.25,0.25,0.25,0.25,0,0,0,0
68.2616,0.25,0.25,0.25,0.25,0,0,0,0
68.2719,0.25,0.25,0.25,0.25,0,0,0,0
68.2821,0.25,0.25,0.25,0.25,0,0,0,0
68.2924,0.25,0.25,0.25,0.25,0,0,0,0
68.3027,0.25,0.25,0.25,0.25,0,0,0,0
68.3129,0.25,0.25,0.25,0.25,0,0,0,0
68.3232,0.25,0.25,0.25,0.25,0,0,0,0
68.3334,0.25,0.25,0.25,0.25,0,0,0,0
68.3436,0.25,0.25,0.25,0.25,0,0,0,0
68.3538,0.25,0.25,0.25,0.25,0,0,0,0
68.364,0.25,0.25,0.25,0.25,0,0,0,0
68.3743,0.25,0.25,0.25,0.25,0,0,0,0
68.3845,0.25,0.25,0.25,0.25,0,0,0,0
68.3947,0.25,0.25,0.25,0.25,0,0,0,0
68.405,0.25,0.25,0.25,0.25,0,0,0,0
68.4152,0.25,0.25,0.25,0.25,0,0,0,0
68.4254,0.25,0.25,0.25,0.25,0,0,0,0
68.4356,0.25,0.25,0.25,0.25,0,0,0,0
68.4458,0.25,0.25,0.25,0.25,0,0,0,0
68.4561,0.25,0.25,0.25,0.25,0,0,0,0
68.4663,0.25,0.25,0.25,0.25,0,0,0,0
68.4765,0.25,0.25,0.25,0.25,0,0,0,0
68.4867,0.25,0.25,0.25,0.25,0,0,0,0
68.497,0.25,0.25,0.25,0.25,0,0,0,0
68.5072,0.25,0.25,0.25,0.25,0,0,0,0
68.5174,0.25,0.25,0.25,0.25,0,0,0,0
68.5276,0.25,0.25,0.25,0.25,0,0,0,0
68.5379,0.25,0.25,0.25,0.25,0,0,0,0
68.5481,0.25,0.25,0.25,0.25,0,0,0,0
68.5583,0.25,0.25,0.25,0.25,0,0,0,0
68.5685,0.25,0.25,0.25,0.25,0,0,0,0
68.5788,0.25,0.25,0.25,0.25,0,0,0,0
68.589,0.25,0.25,0.25,0.25,0,0,0,0
68.5993,0.25,0.25,0.25,0.25,0,0,0,0
68.6095,0.25,0.25,0.25,0.25,0,0,0,0
68.6197,0.25,0.25,0.25,0.25,0,0,0,0
68.63,0.25,0.25,0.25,0.25,0,0,0,0
68.6402,0.25,0.25,0.25,0.25,0,0,0,0
68.6504,0.25,0.25,0.25,0.25,0,0,0,0
68.6607,0.25,0.25,0.25,0.25,0,0,0,0
68.6709,0.25,0.25,0.25,0.25,0,0,0,0
68.6811,0.25,0.25,0.25,0.25,0,0,0,0
68.6913,0.25,0.25,0.25,0.25,0,0,0,0
68.7015,0.25,0.25,0.25,0.25,0,0,0,0
68.7118,0.25,0.25,0.25,0.25,0,0,0,0
68.722,0.25,0.25,0.25,0.25,0,0,0,0
68.7322,0.25,0.25,0.25,0.25,0,0,0,0
68.7424,0.25,0.25,0.25,0.25,0,0,0,0
68.7527,0.25,0.25,0.25,0.25,0,0,0,0
68.7629,0.25,0.25,0.25,0.25,0,0,0,0
68.7731,0.25,0.25,0.25,0.25,0,0,0,0
68.7833,0.25,0.25,0.25,0.25,0,0,0,0
68.7935,0.25,0.25,0.25,0.25,0,0,0,0
68.8038,0.25,0.25,0.25,0.25,0,0,0,0
68.814,0.25,0.25,0.25,0.25,0,0,0,0
68.8242,0.25,0.25,0.25,0.25,0,0,0,0
68.8345,0.25,0.25,0.25,0.25,0,0,0,0
68.8447,0.25,0.25,0.25,0.25,0,0,0,0
68.8549,0.25,0.25,0.25,0.25,0,0,0,0
68.8651,0.25,0.25,0.25,0.25,0,0,0,0
68.8754,0.25,0.25,0.25,0.25,0,0,0,0
68.8856,0.25,0.25,0.25,0.25,0,0,0,0
68.8958,0.25,0.25,0.25,0.25,0,0,0,0
68.906,0.25,0.25,0.25,0.25,0,0,0,0
68.9163,0.25,0.25,0.25,0.25,0,0,0,0
68.9265,0.25,0.25,0.25,0.25,0,0,0,0
68.9367,0.25,0.25,0.25,0.25,0,0,0,0
68.9469,0.25,0.25,0.25,0.25,0,0,0,0
68.9572,0.25,0.25,0.25,0.25,0,0,0,0
68.9674,0.25,0.25,0.25,0.25,0,0,0,0
68.9776,0.25,0.25,0.25,0.25,0,0,0,0
68.9878,0.25,0.25,0.25,0.25,0,0,0,0
68.9981,0.25,0.25,0.25,0.25,0,0,0,0
69.0083,0.25,0.25,0.25,0.25,0,0,0,0
69.0185,0.25,0.25,0.25,0.25,0,0,0,0
69.0287,0.25,0.25,0.25,0.25,0,0,0,0
69.0389,0.25,0.25,0.25,0.25,0,0,0,0
69.0492,0.25,0.25,0.25,0.25,0,0,0,0
69.0594,0.25,0.25,0.25,0.25,0,0,0,0
69.0696,0.25,0.25,0.25,0.25,0,0,0,0
69.0798,0.25,0.25,0.25,0.25,0,0,0,0
69.09,0.25,0.25,0.25,0.25,0,0,0,0
69.1003,0.25,0.25,0.25,0.25,0,0,0,0
69.1105,0.25,0.25,0.25,0.25,0,0,0,0
69.1207,0.25,0.25,0.25,0.25,0,0,0,0
69.1309,0.25,0.25,0.25,0.25,0,0,0,0
69.1412,0.25,0.25,0.25,0.25,0,0,0,0
69.1514,0.25,0.25,0.25,0.25,0,0,0,0
69.1616,0.25,0.25,0.25,0.25,0,0,0,0
69.1718,0.25,0.25,0.25,0.25,0,0,0,0
69.182,0.25,0.25,0.25,0.25,0,0,0,0
69.1923,0.25,0.25,0.25,0.25,0,0,0,0
69.2025,0.25,0.25,0.25,0.25,0,0,0,0
69.2127,0.25,0.25,0.25,0.25,0,0,0,0
69.2229,0.25,0.25,0.25,0.25,0,0,0,0
69.2332,0.25,0.25,0.25,0.25,0,0,0,0
69.2434,0.25,0.25,0.25,0.25,0,0,0,0
69.2536,0.25,0.25,0.25,0.25,0,0,0,0
69.2639,0.25,0.25,0.25,0.25,0,0,0,0
69.2741,0.25,0.25,0.25,0.25,0,0,0,0
69.2844,0.25,0.25,0.25,0.25,0,0,0,0
69.2946,0.25,0.25,0.25,0.25,0,0,0,0
69.3048,0.25,0.25,0.25,0.25,0,0,0,0
69.315,0.25,0.25,0.25,0.25,0,0,0,0
69.3252,0.25,0.25,0.25,0.25,0,0,0,0
69.3355,0.25,0.25,0.25,0.25,0,0,0,0
69.3457,0.25,0.25,0.25,0.25,0,0,0,0
69.3559,0.25,0.25,0.25,0.25,0,0,0,0
69.3661,0.25,0.25,0.25,0.25,0,0,0,0
69.3764,0.25,0.25,0.25,0.25,0,0,0,0
69.3866,0.25,0.25,0.25,0.25,0,0,0,0
69.3968,0.25,0.25,0.25,0.25,0,0,0,0
69.407,0.25,0.25,0.25,0.25,0,0,0,0
69.4172,0.25,0.25,0.25,0.25,0,0,0,0
69.4275,0.25,0.25,0.25,0.25,0,0,0,0
69.4377,0.25,0.25,0.25,0.25,0,0,0,0
69.4479,0.25,0.25,0.25,0.25,0,0,0,0
69.4581,0.25,0.25,0.25,0.25,0,0,0,0
69.4684,0.25,0.25,0.25,0.25,0,0,0,0
69.4786,0.25,0.25,0.25,0.25,0,0,0,0
69.4888,0.25,0.25,0.25,0.25,0,0,0,0
69.4991,0.25,0.25,0.25,0.25,0,0,0,0
69.5093,0.25,0.25,0.25,0.25,0,0,0,0
69.5195,0.25,0.25,0.25,0.25,0,0,0,0
69.5298,0.25,0.25,0.25,0.25,0,0,0,0
69.54,0.25,0.25,0.25,0.25,0,0,0,0
69.5502,0.25,0.25,0.25,0.25,0,0,0,0
69.5604,0.25,0.25,0.25,0.25,0,0,0,0
69.5706,0.25,0.25,0.25,0.25,0,0,0,0
69.5809,0.25,0.25,0.25,0.25,0,0,0,0
69.5911,0.25,0.25,0.25,0.25,0,0,0,0
69.6013,0.25,0.25,0.25,0.25,0,0,0,0
69.6115,0.25,0.25,0.25,0.25,0,0,0,0
69.6217,0.25,0.25,0.25,0.25,0,0,0,0
69.632,0.25,0.25,0.25,0.25,0,0,0,0
69.6422,0.25,0.25,0.25,0.25,0,0,0,0
69.6524,0.25,0.25,0.25,0.25,0,0,0,0
69.6626,0.25,0.25,0.25,0.25,0,0,0,0
69.6729,0.25,0.25,0.25,0.25,0,0,0,0
69.6831,0.25,0.25,0.25,0.25,0,0,0,0
69.6933,0.25,0.25,0.25,0.25,0,0,0,0
69.7035,0.25,0.25,0.25,0.25,0,0,0,0
69.7138,0.25,0.25,0.25,0.25,0,0,0,0
69.724,0.25,0.25,0.25,0.25,0,0,0,0
69.7342,0.25,0.25,0.25,0.25,0,0,0,0
69.7444,0.25,0.25,0.25,0.25,0,0,0,0
69.7546,0.25,0.25,0.25,0.25,0,0,0,0
69.7649,0.25,0.25,0.25,0.25,0,0,0,0
69.7751,0.25,0.25,0.25,0.25,0,0,0,0
69.7853,0.25,0.25,0.25,0.25,0,0,0,0
69.7955,0.25,0.25,0.25,0.25,0,0,0,0
69.8057,0.25,0.25,0.25,0.25,0,0,0,0
69.816,0.25,0.25,0.25,0.25,0,0,0,0
69.8262,0.25,0.25,0.25,0.25,0,0,0,0
69.8364,0.25,0.25,0.25,0.25,0,0,0,0
69.8466,0.25,0.25,0.25,0.25,0,0,0,0
69.8569,0.25,0.25,0.25,0.25,0,0,0,0
69.8671,0.25,0.25,0.25,0.25,0,0,0,0
69.8773,0.25,0.25,0.25,0.25,0,0,0,0
69.8875,0.25,0.25,0.25,0.25,0,0,0,0
69.8977,0.25,0.25,0.25,0.25,0,0,0,0
69.908,0.25,0.25,0.25,0.25,0,0,0,0
69.9182,0.25,0.25,0.25,0.25,0,0,0,0
69.9284,0.25,0.25,0.25,0.25,0,0,0,0
69.9386,0.25,0.25,0.25,0.25,0,0,0,0
69.9488,0.25,0.25,0.25,0.25,0,0,0,0
69.9589,0.25,0.25,0.25,0.25,0,0,0,0
69.9691,0.25,0.25,0.25,0.25,0,0,0,0
69.9793,0.25,0.25,0.25,0.25,0,0,0,0
69.9895,0.25,0.25,0.25,0.25,0,0,0,0
69.9996,0.25,0.25,0.25,0.25,0,0,0,0
70.0099,0.25,0.25,0.25,0.25,0,0,0,0
70.0201,0.25,0.25,0.25,0.25,0,0,0,0
70.0303,0.25,0.25,0.25,0.25,0,0,0,0
70.0405,0.25,0.25,0.25,0.25,0,0,0,0
70.0507,0.25,0.25,0.25,0.25,0,0,0,0
70.061,0.25,0.25,0.25,0.25,0,0,0,0
70.0712,0.25,0.25,0.25,0.25,0,0,0,0
70.0814,0.25,0.25,0.25,0.25,0,0,0,0
70.0916,0.25,0.25,0.25,0.25,0,0,0,0
70.1018,0.25,0.25,0.25,0.25,0,0,0,0
70.1121,0.25,0.25,0.25,0.25,0,0,0,0
70.1223,0.25,0.25,0.25,0.25,0,0,0,0
70.1326,0.25,0.25,0.25,0.25,0,0,0,0
70.1429,0.25,0.25,0.25,0.25,0,0,0,0
70.1531,0.25,0.25,0.25,0.25,0,0,0,0
70.1632,0.25,0.25,0.25,0.25,0,0,0,0
70.1733,0.25,0.25,0.25,0.25,0,0,0,0
70.1834,0.25,0.25,0.25,0.25,0,0,0,0
70.1936,0.25,0.25,0.25,0.25,0,0,0,0
70.2037,0.25,0.25,0.25,0.25,0,0,0,0
70.2138,0.25,0.25,0.25,0.25,0,0,0,0
70.2239,0.25,0.25,0.25,0.25,0,0,0,0
70.234,0.25,0.25,0.25,0.25,0,0,0,0
70.2441,0.25,0.25,0.25,0.25,0,0,0,0
70.2542,0.25,0.25,0.25,0.25,0,0,0,0
70.2643,0.25,0.25,0.25,0.25,0,0,0,0
70.2745,0.25,0.25,0.25,0.25,0,0,0,0
70.2846,0.25,0.25,0.25,0.25,0,0,0,0
70.2947,0.25,0.25,0.25,0.25,0,0,0,0
70.3048,0.25,0.25,0.25,0.25,0,0,0,0
70.3149,0.25,0.25,0.25,0.25,0,0,0,0
70.325,0.25,0.25,0.25,0.25,0,0,0,0
70.3351,0.25,0.25,0.25,0.25,0,0,0,0
70.3453,0.25,0.25,0.25,0.25,0,0,0,0
70.3554,0.25,0.25,0.25,0.25,0,0,0,0
70.3655,0.25,0.25,0.25,0.25,0,0,0,0
70.3756,0.25,0.25,0.25,0.25,0,0,0,0
70.3857,0.25,0.25,0.25,0.25,0,0,0,0
70.3958,0.25,0.25,0.25,0.25,0,0,0,0
70.4059,0.25,0.25,0.25,0.25,0,0,0,0
70.416,0.25,0.25,0.25,0.25,0,0,0,0
70.4262,0.25,0.25,0.25,0.25,0,0,0,0
70.4363,0.25,0.25,0.25,0.25,0,0,0,0
70.4464,0.25,0.25,0.25,0.25,0,0,0,0
70.4565,0.25,0.25,0.25,0.25,0,0,0,0
70.4666,0.25,0.25,0.25,0.25,0,0,0,0
70.4767,0.25,0.25,0.25,0.25,0,0,0,0
70.4868,0.25,0.25,0.25,0.25,0,0,0,0
70.4969,0.25,0.25,0.25,0.25,0,0,0,0
70.5071,0.25,0.25,0.25,0.25,0,0,0,0
70.5172,0.25,0.25,0.25,0.25,0,0,0,0
70.5273,0.25,0.25,0.25,0.25,0,0,0,0
70.5374,0.25,0.25,0.25,0.25,0,0,0,0
70.5475,0.25,0.25,0.25,0.25,0,0,0,0
70.5576,0.25,0.25,0.25,0.25,0,0,0,0
70.5677,0.25,0.25,0.25,0.25,0,0,0,0
70.5778,0.25,0.25,0.25,0.25,0,0,0,0
70.5879,0.25,0.25,0.25,0.25,0,0,0,0
70.598,0.25,0.25,0.25,0.25,0,0,0,0
70.6081,0.25,0.25,0.25,0.25,0,0,0,0
70.6183,0.25,0.25,0.25,0.25,0,0,0,0
70.6284,0.25,0.25,0.25,0.25,0,0,0,0
70.6385,0.25,0.25,0.25,0.25,0,0,0,0
70.6486,0.25,0.25,0.25,0.25,0,0,0,0
70.6587,0.25,0.25,0.25,0.25,0,0,0,0
70.6688,0.25,0.25,0.25,0.25,0,0,0,0
70.6789,0.25,0.25,0.25,0.25,0,0,0,0
70.689,0.25,0.25,0.25,0.25,0,0,0,0
70.6992,0.25,0.25,0.25,0.25,0,0,0,0
70.7093,0.25,0.25,0.25,0.25,0,0,0,0
70.7194,0.25,0.25,0.25,0.25,0,0,0,0
70.7295,0.25,0.25,0.25,0.25,0,0,0,0
70.7396,0.25,0.25,0.25,0.25,0,0,0,0
70.7497,0.25,0.25,0.25,0.25,0,0,0,0
70.7598,0.25,0.25,0.25,0.25,0,0,0,0
70.77,0.25,0.25,0.25,0.25,0,0,0,0
70.7801,0.25,0.25,0.25,0.25,0,0,0,0
70.7902,0.25,0.25,0.25,0.25,0,0,0,0
70.8003,0.25,0.25,0.25,0.25,0,0,0,0
70.8104,0.25,0.25,0.25,0.25,0,0,0,0
70.8205,0.25,0.25,0.25,0.25,0,0,0,0
70.8306,0.25,0.25,0.25,0.25,0,0,0,0
70.8407,0.25,0.25,0.25,0.25,0,0,0,0
70.8509,0.25,0.25,0.25,0.25,0,0,0,0
70.861,0.25,0.25,0.25,0.25,0,0,0,0
70.8711,0.25,0.25,0.25,0.25,0,0,0,0
70.8812,0.25,0.25,0.25,0.25,0,0,0,0
70.8913,0.25,0.25,0.25,0.25,0,0,0,0
70.9014,0.25,0.25,0.25,0.25,0,0,0,0
70.9115,0.25,0.25,0.25,0.25,0,0,0,0
70.9216,0.25,0.25,0.25,0.25,0,0,0,0
70.9318,0.25,0.25,0.25,0.25,0,0,0,0
70.9419,0.25,0.25,0.25,0.25,0,0,0,0
70.952,0.25,0.25,0.25,0.25,0,0,0,0
70.9621,0.25,0.25,0.25,0.25,0,0,0,0
70.9722,0.25,0.25,0.25,0.25,0,0,0,0
70.9823,0.25,0.25,0.25,0.25,0,0,0,0
70.9925,0.25,0.25,0.25,0.25,0,0,0,0
71.0026,0.25,0.25,0.25,0.25,0,0,0,0
71.0127,0.25,0.25,0.25,0.25,0,0,0,0
71.0229,0.25,0.25,0.25,0.25,0,0,0,0
71.033,0.25,0.25,0.25,0.25,0,0,0,0
71.0431,0.25,0.25,0.25,0.25,0,0,0,0
71.0532,0.25,0.25,0.25,0.25,0,0,0,0
71.0633,0.25,0.25,0.25,0.25,0,0,0,0
71.0734,0.25,0.25,0.25,0.25,0,0,0,0
71.0835,0.25,0.25,0.25,0.25,0,0,0,0
71.0936,0.25,0.25,0.25,0.25,0,0,0,0
71.1038,0.25,0.25,0.25,0.25,0,0,0,0
71.1139,0.25,0.25,0.25,0.25,0,0,0,0
71.124,0.25,0.25,0.25,0.25,0,0,0,0
71.1341,0.25,0.25,0.25,0.25,0,0,0,0
71.1442,0.25,0.25,0.25,0.25,0,0,0,0
71.1543,0.25,0.25,0.25,0.25,0,0,0,0
71.1644,0.25,0.25,0.25,0.25,0,0,0,0
71.1745,0.25,0.25,0.25,0.25,0,0,0,0
71.1847,0.25,0.25,0.25,0.25,0,0,0,0
71.1948,0.25,0.25,0.25,0.25,0,0,0,0
71.2049,0.25,0.25,0.25,0.25,0,0,0,0
71.215,0.25,0.25,0.25,0.25,0,0,0,0
71.2251,0.25,0.25,0.25,0.25,0,0,0,0
71.2352,0.25,0.25,0.25,0.25,0,0,0,0
71.2454,0.25,0.25,0.25,0.25,0,0,0,0
71.2555,0.25,0.25,0.25,0.25,0,0,0,0
71.2656,0.25,0.25,0.25,0.25,0,0,0,0
71.2757,0.25,0.25,0.25,0.25,0,0,0,0
71.2858,0.25,0.25,0.25,0.25,0,0,0,0
71.2959,0.25,0.25,0.25,0.25,0,0,0,0
71.306,0.25,0.25,0.25,0.25,0,0,0,0
71.3162,0.25,0.25,0.25,0.25,0,0,0,0
71.3263,0.25,0.25,0.25,0.25,0,0,0,0
71.3364,0.25,0.25,0.25,0.25,0,0,0,0
71.3465,0.25,0.25,0.25,0.25,0,0,0,0
71.3566,0.25,0.25,0.25,0.25,0,0,0,0
71.3667,0.25,0.25,0.25,0.25,0,0,0,0
71.3768,0.25,0.25,0.25,0.25,0,0,0,0
71.3869,0.25,0.25,0.25,0.25,0,0,0,0
71.3971,0.25,0.25,0.25,0.25,0,0,0,0
71.4072,0.25,0.25,0.25,0.25,0,0,0,0
71.4173,0.25,0.25,0.25,0.25,0,0,0,0
71.4274,0.25,0.25,0.25,0.25,0,0,0,0
71.4375,0.25,0.25,0.25,0.25,0,0,0,0
71.4476,0.25,0.25,0.25,0.25,0,0,0,0
71.4577,0.25,0.25,0.25,0.25,0,0,0,0
71.4679,0.25,0.25,0.25,0.25,0,0,0,0
71.478,0.25,0.25,0.25,0.25,0,0,0,0
71.4881,0.25,0.25,0.25,0.25,0,0,0,0
71.4982,0.25,0.25,0.25,0.25,0,0,0,0
71.5083,0.25,0.25,0.25,0.25,0,0,0,0
71.5184,0.25,0.25,0.25,0.25,0,0,0,0
71.5285,0.25,0.25,0.25,0.25,0,0,0,0
71.5387,0.25,0.25,0.25,0.25,0,0,0,0
71.5488,0.25,0.25,0.25,0.25,0,0,0,0
71.5589,0.25,0.25,0.25,0.25,0,0,0,0
71.569,0.25,0.25,0.25,0.25,0,0,0,0
71.5792,0.25,0.25,0.25,0.25,0,0,0,0
71.5893,0.25,0.25,0.25,0.25,0,0,0,0
71.5994,0.25,0.25,0.25,0.25,0,0,0,0
71.6095,0.25,0.25,0.25,0.25,0,0,0,0
71.6196,0.25,0.25,0.25,0.25,0,0,0,0
71.6298,0.25,0.25,0.25,0.25,0,0,0,0
71.6399,0.25,0.25,0.25,0.25,0,0,0,0
71.65,0.25,0.25,0.25,0.25,0,0,0,0
71.6601,0.25,0.25,0.25,0.25,0,0,0,0
71.6702,0.25,0.25,0.25,0.25,0,0,0,0
71.6803,0.25,0.25,0.25,0.25,0,0,0,0
71.6904,0.25,0.25,0.25,0.25,0,0,0,0
71.7005,0.25,0.25,0.25,0.25,0,0,0,0
71.7107,0.25,0.25,0.25,0.25,0,0,0,0
71.7208,0.25,0.25,0.25,0.25,0,0,0,0
71.7309,0.25,0.25,0.25,0.25,0,0,0,0
71.741,0.25,0.25,0.25,0.25,0,0,0,0
71.7511,0.25,0.25,0.25,0.25,0,0,0,0
71.7612,0.25,0.25,0.25,0.25,0,0,0,0
71.7713,0.25,0.25,0.25,0.25,0,0,0,0
71.7815,0.25,0.25,0.25,0.25,0,0,0,0
71.7916,0.25,0.25,0.25,0.25,0,0,0,0
71.8017,0.25,0.25,0.25,0.25,0,0,0,0
71.8118,0.25,0.25,0.25,0.25,0,0,0,0
71.8219,0.25,0.25,0.25,0.25,0,0,0,0
71.832,0.25,0.25,0.25,0.25,0,0,0,0
71.8421,0.25,0.25,0.25,0.25,0,0,0,0
71.8522,0.25,0.25,0.25,0.25,0,0,0,0
71.8624,0.25,0.25,0.25,0.25,0,0,0,0
71.8725,0.25,0.25,0.25,0.25,0,0,0,0
71.8826,0.25,0.25,0.25,0.25,0,0,0,0
71.8927,0.25,0.25,0.25,0.25,0,0,0,0
71.9028,0.25,0.25,0.25,0.25,0,0,0,0
71.9129,0.25,0.25,0.25,0.25,0,0,0,0
71.923,0.25,0.25,0.25,0.25,0,0,0,0
71.9331,0.25,0.25,0.25,0.25,0,0,0,0
71.9433,0.25,0.25,0.25,0.25,0,0,0,0
71.9534,0.25,0.25,0.25,0.25,0,0,0,0
71.9635,0.25,0.25,0.25,0.25,0,0,0,0
71.9736,0.25,0.25,0.25,0.25,0,0,0,0
71.9837,0.25,0.25,0.25,0.25,0,0,0,0
71.9938,0.25,0.25,0.25,0.25,0,0,0,0
72.0039,0.25,0.25,0.25,0.25,0,0,0,0
72.014,0.25,0.25,0.25,0.25,0,0,0,0
72.0242,0.25,0.25,0.25,0.25,0,0,0,0
72.0343,0.25,0.25,0.25,0.25,0,0,0,0
72.0444,0.25,0.25,0.25,0.25,0,0,0,0
72.0545,0.25,0.25,0.25,0.25,0,0,0,0
72.0646,0.25,0.25,0.25,0.25,0,0,0,0
72.0747,0.25,0.25,0.25,0.25,0,0,0,0
72.0848,0.25,0.25,0.25,0.25,0,0,0,0
72.095,0.25,0.25,0.25,0.25,0,0,0,0
72.1051,0.25,0.25,0.25,0.25,0,0,0,0
72.1152,0.25,0.25,0.25,0.25,0,0,0,0
72.1253,0.25,0.25,0.25,0.25,0,0,0,0
72.1354,0.25,0.25,0.25,0.25,0,0,0,0
72.1455,0.25,0.25,0.25,0.25,0,0,0,0
72.1556,0.25,0.25,0.25,0.25,0,0,0,0
72.166,0.25,0.25,0.25,0.25,0,0,0,0
72.1762,0.25,0.25,0.25,0.25,0,0,0,0
72.1864,0.25,0.25,0.25,0.25,0,0,0,0
72.1966,0.25,0.25,0.25,0.25,0,0,0,0
72.2068,0.25,0.25,0.25,0.25,0,0,0,0
72.217,0.25,0.25,0.25,0.25,0,0,0,0
72.2272,0.25,0.25,0.25,0.25,0,0,0,0
72.2374,0.25,0.25,0.25,0.25,0,0,0,0
72.2476,0.25,0.25,0.25,0.25,0,0,0,0
72.2578,0.25,0.25,0.25,0.25,0,0,0,0
72.268,0.25,0.25,0.25,0.25,0,0,0,0
72.2782,0.25,0.25,0.25,0.25,0,0,0,0
72.2884,0.25,0.25,0.25,0.25,0,0,0,0
72.2987,0.25,0.25,0.25,0.25,0,0,0,0
72.3089,0.25,0.25,0.25,0.25,0,0,0,0
72.3192,0.25,0.25,0.25,0.25,0,0,0,0
72.3294,0.25,0.25,0.25,0.25,0,0,0,0
72.3396,0.25,0.25,0.25,0.25,0,0,0,0
72.3498,0.25,0.25,0.25,0.25,0,0,0,0
72.3601,0.25,0.25,0.25,0.25,0,0,0,0
72.3703,0.25,0.25,0.25,0.25,0,0,0,0
72.3806,0.25,0.25,0.25,0.25,0,0,0,0
72.3908,0.25,0.25,0.25,0.25,0,0,0,0
72.401,0.25,0.25,0.25,0.25,0,0,0,0
72.4112,0.25,0.25,0.25,0.25,0,0,0,0
72.4214,0.25,0.25,0.25,0.25,0,0,0,0
72.4316,0.25,0.25,0.25,0.25,0,0,0,0
72.4419,0.25,0.25,0.25,0.25,0,0,0,0
72.4521,0.25,0.25,0.25,0.25,0,0,0,0
72.4623,0.25,0.25,0.25,0.25,0,0,0,0
72.4726,0.25,0.25,0.25,0.25,0,0,0,0
72.4828,0.25,0.25,0.25,0.25,0,0,0,0
72.493,0.25,0.25,0.25,0.25,0,0,0,0
72.5033,0.25,0.25,0.25,0.25,0,0,0,0
72.5135,0.25,0.25,0.25,0.25,0,0,0,0
72.5237,0.25,0.25,0.25,0.25,0,0,0,0
72.5339,0.25,0.25,0.25,0.25,0,0,0,0
72.5441,0.25,0.25,0.25,0.25,0,0,0,0
72.5544,0.25,0.25,0.25,0.25,0,0,0,0
72.5646,0.25,0.25,0.25,0.25,0,0,0,0
72.5748,0.25,0.25,0.25,0.25,0,0,0,0
72.5851,0.25,0.25,0.25,0.25,0,0,0,0
72.5953,0.25,0.25,0.25,0.25,0,0,0,0
72.6055,0.25,0.25,0.25,0.25,0,0,0,0
72.6157,0.25,0.25,0.25,0.25,0,0,0,0
72.6259,0.25,0.25,0.25,0.25,0,0,0,0
72.6362,0.25,0.25,0.25,0.25,0,0,0,0
72.6464,0.25,0.25,0.25,0.25,0,0,0,0
72.6565,0.25,0.25,0.25,0.25,0,0,0,0
72.6667,0.25,0.25,0.25,0.25,0,0,0,0
72.677,0.25,0.25,0.25,0.25,0,0,0,0
72.6872,0.25,0.25,0.25,0.25,0,0,0,0
72.6974,0.25,0.25,0.25,0.25,0,0,0,0
72.7076,0.25,0.25,0.25,0.25,0,0,0,0
72.7178,0.25,0.25,0.25,0.25,0,0,0,0
72.7281,0.25,0.25,0.25,0.25,0,0,0,0
72.7383,0.25,0.25,0.25,0.25,0,0,0,0
72.7485,0.25,0.25,0.25,0.25,0,0,0,0
72.7587,0.25,0.25,0.25,0.25,0,0,0,0
72.7689,0.25,0.25,0.25,0.25,0,0,0,0
72.7792,0.25,0.25,0.25,0.25,0,0,0,0
72.7894,0.25,0.25,0.25,0.25,0,0,0,0
72.7997,0.25,0.25,0.25,0.25,0,0,0,0
72.8099,0.25,0.25,0.25,0.25,0,0,0,0
72.8201,0.25,0.25,0.25,0.25,0,0,0,0
72.8303,0.25,0.25,0.25,0.25,0,0,0,0
72.8405,0.25,0.25,0.25,0.25,0,0,0,0
72.8508,0.25,0.25,0.25,0.25,0,0,0,0
72.861,0.25,0.25,0.25,0.25,0,0,0,0
72.8712,0.25,0.25,0.25,0.25,0,0,0,0
72.8814,0.25,0.25,0.25,0.25,0,0,0,0
72.8916,0.25,0.25,0.25,0.25,0,0,0,0
72.9019,0.25,0.25,0.25,0.25,0,0,0,0
72.9121,0.25,0.25,0.25,0.25,0,0,0,0
72.9224,0.25,0.25,0.25,0.25,0,0,0,0
72.9326,0.25,0.25,0.25,0.25,0,0,0,0
72.9428,0.25,0.25,0.25,0.25,0,0,0,0
72.953,0.25,0.25,0.25,0.25,0,0,0,0
72.9633,0.25,0.25,0.25,0.25,0,0,0,0
72.9735,0.25,0.25,0.25,0.25,0,0,0,0
72.9838,0.25,0.25,0.25,0.25,0,0,0,0
72.994,0.25,0.25,0.25,0.25,0,0,0,0
73.0042,0.25,0.25,0.25,0.25,0,0,0,0
73.0144,0.25,0.25,0.25,0.25,0,0,0,0
73.0246,0.25,0.25,0.25,0.25,0,0,0,0
73.0349,0.25,0.25,0.25,0.25,0,0,0,0
73.0451,0.25,0.25,0.25,0.25,0,0,0,0
73.0553,0.25,0.25,0.25,0.25,0,0,0,0
73.0655,0.25,0.25,0.25,0.25,0,0,0,0
73.0758,0.25,0.25,0.25,0.25,0,0,0,0
73.086,0.25,0.25,0.25,0.25,0,0,0,0
73.0962,0.25,0.25,0.25,0.25,0,0,0,0
73.1064,0.25,0.25,0.25,0.25,0,0,0,0
73.1167,0.25,0.25,0.25,0.25,0,0,0,0
73.1269,0.25,0.25,0.25,0.25,0,0,0,0
73.1371,0.25,0.25,0.25,0.25,0,0,0,0
73.1473,0.25,0.25,0.25,0.25,0,0,0,0
73.1575,0.25,0.25,0.25,0.25,0,0,0,0
73.1678,0.25,0.25,0.25,0.25,0,0,0,0
73.178,0.25,0.25,0.25,0.25,0,0,0,0
73.1882,0.25,0.25,0.25,0.25,0,0,0,0
73.1985,0.25,0.25,0.25,0.25,0,0,0,0
73.2087,0.25,0.25,0.25,0.25,0,0,0,0
73.2189,0.25,0.25,0.25,0.25,0,0,0,0
73.2291,0.25,0.25,0.25,0.25,0,0,0,0
73.2393,0.25,0.25,0.25,0.25,0,0,0,0
73.2496,0.25,0.25,0.25,0.25,0,0,0,0
73.2598,0.25,0.25,0.25,0.25,0,0,0,0
73.27,0.25,0.25,0.25,0.25,0,0,0,0
73.2802,0.25,0.25,0.25,0.25,0,0,0,0
73.2904,0.25,0.25,0.25,0.25,0,0,0,0
73.3007,0.25,0.25,0.25,0.25,0,0,0,0
73.3109,0.25,0.25,0.25,0.25,0,0,0,0
73.3211,0.25,0.25,0.25,0.25,0,0,0,0
73.3313,0.25,0.25,0.25,0.25,0,0,0,0
73.3415,0.25,0.25,0.25,0.25,0,0,0,0
73.3518,0.25,0.25,0.25,0.25,0,0,0,0
73.362,0.25,0.25,0.25,0.25,0,0,0,0
73.3722,0.25,0.25,0.25,0.25,0,0,0,0
73.3824,0.25,0.25,0.25,0.25,0,0,0,0
73.3927,0.25,0.25,0.25,0.25,0,0,0,0
73.4029,0.25,0.25,0.25,0.25,0,0,0,0
73.4132,0.25,0.25,0.25,0.25,0,0,0,0
73.4234,0.25,0.25,0.25,0.25,0,0,0,0
73.4336,0.25,0.25,0.25,0.25,0,0,0,0
73.4438,0.25,0.25,0.25,0.25,0,0,0,0
73.4541,0.25,0.25,0.25,0.25,0,0,0,0
73.4643,0.25,0.25,0.25,0.25,0,0,0,0
73.4745,0.25,0.25,0.25,0.25,0,0,0,0
73.4847,0.25,0.25,0.25,0.25,0,0,0,0
73.4949,0.25,0.25,0.25,0.25,0,0,0,0
73.5052,0.25,0.25,0.25,0.25,0,0,0,0
73.5154,0.25,0.25,0.25,0.25,0,0,0,0
73.5256,0.25,0.25,0.25,0.25,0,0,0,0
73.5358,0.25,0.25,0.25,0.25,0,0,0,0
73.5459,0.25,0.25,0.25,0.25,0,0,0,0
73.5562,0.25,0.25,0.25,0.25,0,0,0,0
73.5664,0.25,0.25,0.25,0.25,0,0,0,0
73.5766,0.25,0.25,0.25,0.25,0,0,0,0
73.5868,0.25,0.25,0.25,0.25,0,0,0,0
73.5971,0.25,0.25,0.25,0.25,0,0,0,0
73.6073,0.25,0.25,0.25,0.25,0,0,0,0
73.6175,0.25,0.25,0.25,0.25,0,0,0,0
73.6277,0.25,0.25,0.25,0.25,0,0,0,0
73.6379,0.25,0.25,0.25,0.25,0,0,0,0
73.6482,0.25,0.25,0.25,0.25,0,0,0,0
73.6584,0.25,0.25,0.25,0.25,0,0,0,0
73.6686,0.25,0.25,0.25,0.25,0,0,0,0
73.6788,0.25,0.25,0.25,0.25,0,0,0,0
73.689,0.25,0.25,0.25,0.25,0,0,0,0
73.6993,0.25,0.25,0.25,0.25,0,0,0,0
73.7095,0.25,0.25,0.25,0.25,0,0,0,0
73.7196,0.25,0.25,0.25,0.25,0,0,0,0
73.7298,0.25,0.25,0.25,0.25,0,0,0,0
73.74,0.25,0.25,0.25,0.25,0,0,0,0
73.7503,0.25,0.25,0.25,0.25,0,0,0,0
73.7605,0.25,0.25,0.25,0.25,0,0,0,0
73.7707,0.25,0.25,0.25,0.25,0,0,0,0
73.7809,0.25,0.25,0.25,0.25,0,0,0,0
73.7911,0.25,0.25,0.25,0.25,0,0,0,0
73.8014,0.25,0.25,0.25,0.25,0,0,0,0
73.8116,0.25,0.25,0.25,0.25,0,0,0,0
73.8218,0.25,0.25,0.25,0.25,0,0,0,0
73.8321,0.25,0.25,0.25,0.25,0,0,0,0
73.8423,0.25,0.25,0.25,0.25,0,0,0,0
73.8525,0.25,0.25,0.25,0.25,0,0,0,0
73.8627,0.25,0.25,0.25,0.25,0,0,0,0
73.8728,0.25,0.25,0.25,0.25,0,0,0,0
73.883,0.25,0.25,0.25,0.25,0,0,0,0
73.8933,0.25,0.25,0.25,0.25,0,0,0,0
73.9035,0.25,0.25,0.25,0.25,0,0,0,0
73.9137,0.25,0.25,0.25,0.25,0,0,0,0
73.9239,0.25,0.25,0.25,0.25,0,0,0,0
73.9341,0.25,0.25,0.25,0.25,0,0,0,0
73.9444,0.25,0.25,0.25,0.25,0,0,0,0
73.9546,0.25,0.25,0.25,0.25,0,0,0,0
73.9648,0.25,0.25,0.25,0.25,0,0,0,0
73.975,0.25,0.25,0.25,0.25,0,0,0,0
73.9853,0.25,0.25,0.25,0.25,0,0,0,0
73.9955,0.25,0.25,0.25,0.25,0,0,0,0
74.0057,0.25,0.25,0.25,0.25,0,0,0,0
74.016,0.25,0.25,0.25,0.25,0,0,0,0
74.0263,0.25,0.25,0.25,0.25,0,0,0,0
74.0364,0.25,0.25,0.25,0.25,0,0,0,0
74.0465,0.25,0.25,0.25,0.25,0,0,0,0
74.0567,0.25,0.25,0.25,0.25,0,0,0,0
74.0669,0.25,0.25,0.25,0.25,0,0,0,0
74.0771,0.25,0.25,0.25,0.25,0,0,0,0
74.0873,0.25,0.25,0.25,0.25,0,0,0,0
74.0975,0.25,0.25,0.25,0.25,0,0,0,0
74.1077,0.25,0.25,0.25,0.25,0,0,0,0
74.1179,0.25,0.25,0.25,0.25,0,0,0,0
74.1281,0.25,0.25,0.25,0.25,0,0,0,0
74.1383,0.25,0.25,0.25,0.25,0,0,0,0
74.1485,0.25,0.25,0.25,0.25,0,0,0,0
74.1587,0.25,0.25,0.25,0.25,0,0,0,0
74.1689,0.25,0.25,0.25,0.25,0,0,0,0
74.1791,0.25,0.25,0.25,0.25,0,0,0,0
74.1893,0.25,0.25,0.25,0.25,0,0,0,0
74.1995,0.25,0.25,0.25,0.25,0,0,0,0
74.2097,0.25,0.25,0.25,0.25,0,0,0,0
74.2199,0.25,0.25,0.25,0.25,0,0,0,0
74.2301,0.25,0.25,0.25,0.25,0,0,0,0
74.2404,0.25,0.25,0.25,0.25,0,0,0,0
74.2506,0.25,0.25,0.25,0.25,0,0,0,0
74.2608,0.25,0.25,0.25,0.25,0,0,0,0
74.271,0.25,0.25,0.25,0.25,0,0,0,0
74.2812,0.25,0.25,0.25,0.25,0,0,0,0
74.2915,0.25,0.25,0.25,0.25,0,0,0,0
74.3016,0.25,0.25,0.25,0.25,0,0,0,0
74.3119,0.25,0.25,0.25,0.25,0,0,0,0
74.322,0.25,0.25,0.25,0.25,0,0,0,0
74.3323,0.25,0.25,0.25,0.25,0,0,0,0
74.3425,0.25,0.25,0.25,0.25,0,0,0,0
74.3527,0.25,0.25,0.25,0.25,0,0,0,0
74.363,0.25,0.25,0.25,0.25,0,0,0,0
74.3732,0.25,0.25,0.25,0.25,0,0,0,0
74.3834,0.25,0.25,0.25,0.25,0,0,0,0
74.3937,0.25,0.25,0.25,0.25,0,0,0,0
74.4039,0.25,0.25,0.25,0.25,0,0,0,0
74.4142,0.25,0.25,0.25,0.25,0,0,0,0
74.4244,0.25,0.25,0.25,0.25,0,0,0,0
74.4347,0.25,0.25,0.25,0.25,0,0,0,0
74.445,0.25,0.25,0.25,0.25,0,0,0,0
74.4552,0.25,0.25,0.25,0.25,0,0,0,0
74.4655,0.25,0.25,0.25,0.25,0,0,0,0
74.4758,0.25,0.25,0.25,0.25,0,0,0,0
74.486,0.25,0.25,0.25,0.25,0,0,0,0
74.4963,0.25,0.25,0.25,0.25,0,0,0,0
74.5065,0.25,0.25,0.25,0.25,0,0,0,0
74.5167,0.25,0.25,0.25,0.25,0,0,0,0
74.5269,0.25,0.25,0.25,0.25,0,0,0,0
74.5371,0.25,0.25,0.25,0.25,0,0,0,0
74.5473,0.25,0.25,0.25,0.25,0,0,0,0
74.5576,0.25,0.25,0.25,0.25,0,0,0,0
74.5678,0.25,0.25,0.25,0.25,0,0,0,0
74.578,0.25,0.25,0.25,0.25,0,0,0,0
74.5881,0.25,0.25,0.25,0.25,0,0,0,0
74.5984,0.25,0.25,0.25,0.25,0,0,0,0
74.6086,0.25,0.25,0.25,0.25,0,0,0,0
74.6188,0.25,0.25,0.25,0.25,0,0,0,0
74.6291,0.25,0.25,0.25,0.25,0,0,0,0
74.6393,0.25,0.25,0.25,0.25,0,0,0,0
74.6495,0.25,0.25,0.25,0.25,0,0,0,0
74.6596,0.25,0.25,0.25,0.25,0,0,0,0
74.6699,0.25,0.25,0.25,0.25,0,0,0,0
74.6801,0.25,0.25,0.25,0.25,0,0,0,0
74.6904,0.25,0.25,0.25,0.25,0,0,0,0
74.7006,0.25,0.25,0.25,0.25,0,0,0,0
74.7109,0.25,0.25,0.25,0.25,0,0,0,0
74.7211,0.25,0.25,0.25,0.25,0,0,0,0
74.7314,0.25,0.25,0.25,0.25,0,0,0,0
74.7416,0.25,0.25,0.25,0.25,0,0,0,0
74.7519,0.25,0.25,0.25,0.25,0,0,0,0
74.7621,0.25,0.25,0.25,0.25,0,0,0,0
74.7724,0.25,0.25,0.25,0.25,0,0,0,0
74.7827,0.25,0.25,0.25,0.25,0,0,0,0
74.7929,0.25,0.25,0.25,0.25,0,0,0,0
74.8032,0.25,0.25,0.25,0.25,0,0,0,0
74.8134,0.25,0.25,0.25,0.25,0,0,0,0
74.8237,0.25,0.25,0.25,0.25,0,0,0,0
74.8339,0.25,0.25,0.25,0.25,0,0,0,0
74.8442,0.25,0.25,0.25,0.25,0,0,0,0
74.8544,0.25,0.25,0.25,0.25,0,0,0,0
74.8647,0.25,0.25,0.25,0.25,0,0,0,0
74.8749,0.25,0.25,0.25,0.25,0,0,0,0
74.8852,0.25,0.25,0.25,0.25,0,0,0,0
74.8955,0.25,0.25,0.25,0.25,0,0,0,0
74.9058,0.25,0.25,0.25,0.25,0,0,0,0
74.916,0.25,0.25,0.25,0.25,0,0,0,0
74.9261,0.25,0.25,0.25,0.25,0,0,0,0
74.9363,0.25,0.25,0.25,0.25,0,0,0,0
74.9465,0.25,0.25,0.25,0.25,0,0,0,0
74.9567,0.25,0.25,0.25,0.25,0,0,0,0
74.9668,0.25,0.25,0.25,0.25,0,0,0,0
74.977,0.25,0.25,0.25,0.25,0,0,0,0
74.9872,0.25,0.25,0.25,0.25,0,0,0,0
74.9974,0.25,0.25,0.25,0.25,0,0,0,0
75.0076,0.25,0.25,0.25,0.25,0,0,0,0
75.0178,0.25,0.25,0.25,0.25,0,0,0,0
75.028,0.25,0.25,0.25,0.25,0,0,0,0
75.0382,0.25,0.25,0.25,0.25,0,0,0,0
75.0484,0.25,0.25,0.25,0.25,0,0,0,0
75.0586,0.25,0.25,0.25,0.25,0,0,0,0
75.0688,0.25,0.25,0.25,0.25,0,0,0,0
75.079,0.25,0.25,0.25,0.25,0,0,0,0
75.0892,0.25,0.25,0.25,0.25,0,0,0,0
75.0995,0.25,0.25,0.25,0.25,0,0,0,0
75.1097,0.25,0.25,0.25,0.25,0,0,0,0
75.1199,0.25,0.25,0.25,0.25,0,0,0,0
75.1301,0.25,0.25,0.25,0.25,0,0,0,0
75.1402,0.25,0.25,0.25,0.25,0,0,0,0
75.1503,0.25,0.25,0.25,0.25,0,0,0,0
75.1604,0.25,0.25,0.25,0.25,0,0,0,0
75.1706,0.25,0.25,0.25,0.25,0,0,0,0
75.1807,0.25,0.25,0.25,0.25,0,0,0,0
75.1909,0.25,0.25,0.25,0.25,0,0,0,0
75.2011,0.25,0.25,0.25,0.25,0,0,0,0
75.2113,0.25,0.25,0.25,0.25,0,0,0,0
75.2214,0.25,0.25,0.25,0.25,0,0,0,0
75.2315,0.25,0.25,0.25,0.25,0,0,0,0
75.2417,0.25,0.25,0.25,0.25,0,0,0,0
75.2519,0.25,0.25,0.25,0.25,0,0,0,0
75.2621,0.25,0.25,0.25,0.25,0,0,0,0
75.2723,0.25,0.25,0.25,0.25,0,0,0,0
75.2825,0.25,0.25,0.25,0.25,0,0,0,0
75.2927,0.25,0.25,0.25,0.25,0,0,0,0
75.3029,0.25,0.25,0.25,0.25,0,0,0,0
75.3131,0.25,0.25,0.25,0.25,0,0,0,0
75.3232,0.25,0.25,0.25,0.25,0,0,0,0
75.3333,0.25,0.25,0.25,0.25,0,0,0,0
75.3435,0.25,0.25,0.25,0.25,0,0,0,0
75.3537,0.25,0.25,0.25,0.25,0,0,0,0
75.3639,0.25,0.25,0.25,0.25,0,0,0,0
75.3741,0.25,0.25,0.25,0.25,0,0,0,0
75.3843,0.25,0.25,0.25,0.25,0,0,0,0
75.3945,0.25,0.25,0.25,0.25,0,0,0,0
75.4047,0.25,0.25,0.25,0.25,0,0,0,0
75.4149,0.25,0.25,0.25,0.25,0,0,0,0
75.4251,0.25,0.25,0.25,0.25,0,0,0,0
75.4352,0.25,0.25,0.25,0.25,0,0,0,0
75.4455,0.25,0.25,0.25,0.25,0,0,0,0
75.4556,0.25,0.25,0.25,0.25,0,0,0,0
75.466,0.25,0.25,0.25,0.25,0,0,0,0
75.4762,0.25,0.25,0.25,0.25,0,0,0,0
75.4863,0.25,0.25,0.25,0.25,0,0,0,0
75.4966,0.25,0.25,0.25,0.25,0,0,0,0
75.5068,0.25,0.25,0.25,0.25,0,0,0,0
75.517,0.25,0.25,0.25,0.25,0,0,0,0
75.5272,0.25,0.25,0.25,0.25,0,0,0,0
75.5375,0.25,0.25,0.25,0.25,0,0,0,0
75.5477,0.25,0.25,0.25,0.25,0,0,0,0
75.5579,0.25,0.25,0.25,0.25,0,0,0,0
75.5681,0.25,0.25,0.25,0.25,0,0,0,0
75.5784,0.25,0.25,0.25,0.25,0,0,0,0
75.5886,0.25,0.25,0.25,0.25,0,0,0,0
75.5988,0.25,0.25,0.25,0.25,0,0,0,0
75.6091,0.25,0.25,0.25,0.25,0,0,0,0
75.6193,0.25,0.25,0.25,0.25,0,0,0,0
75.6295,0.25,0.25,0.25,0.25,0,0,0,0
75.6397,0.25,0.25,0.25,0.25,0,0,0,0
75.6499,0.25,0.25,0.25,0.25,0,0,0,0
75.66,0.25,0.25,0.25,0.25,0,0,0,0
75.6701,0.25,0.25,0.25,0.25,0,0,0,0
75.6802,0.25,0.25,0.25,0.25,0,0,0,0
75.6905,0.25,0.25,0.25,0.25,0,0,0,0
75.7007,0.25,0.25,0.25,0.25,0,0,0,0
75.7109,0.25,0.25,0.25,0.25,0,0,0,0
75.7211,0.25,0.25,0.25,0.25,0,0,0,0
75.7313,0.25,0.25,0.25,0.25,0,0,0,0
75.7416,0.25,0.25,0.25,0.25,0,0,0,0
75.7518,0.25,0.25,0.25,0.25,0,0,0,0
75.762,0.25,0.25,0.25,0.25,0,0,0,0
75.7722,0.25,0.25,0.25,0.25,0,0,0,0
75.7825,0.25,0.25,0.25,0.25,0,0,0,0
75.7927,0.25,0.25,0.25,0.25,0,0,0,0
75.8029,0.25,0.25,0.25,0.25,0,0,0,0
75.8131,0.25,0.25,0.25,0.25,0,0,0,0
75.8234,0.25,0.25,0.25,0.25,0,0,0,0
75.8336,0.25,0.25,0.25,0.25,0,0,0,0
75.8438,0.25,0.25,0.25,0.25,0,0,0,0
75.8541,0.25,0.25,0.25,0.25,0,0,0,0
75.8643,0.25,0.25,0.25,0.25,0,0,0,0
75.8745,0.25,0.25,0.25,0.25,0,0,0,0
75.8847,0.25,0.25,0.25,0.25,0,0,0,0
75.8949,0.25,0.25,0.25,0.25,0,0,0,0
75.9052,0.25,0.25,0.25,0.25,0,0,0,0
75.9154,0.25,0.25,0.25,0.25,0,0,0,0
75.9256,0.25,0.25,0.25,0.25,0,0,0,0
75.9358,0.25,0.25,0.25,0.25,0,0,0,0
75.9461,0.25,0.25,0.25,0.25,0,0,0,0
75.9563,0.25,0.25,0.25,0.25,0,0,0,0
75.9665,0.25,0.25,0.25,0.25,0,0,0,0
75.9767,0.25,0.25,0.25,0.25,0,0,0,0
75.9869,0.25,0.25,0.25,0.25,0,0,0,0
75.9972,0.25,0.25,0.25,0.25,0,0,0,0
76.0074,0.25,0.25,0.25,0.25,0,0,0,0
76.0176,0.25,0.25,0.25,0.25,0,0,0,0
76.0278,0.25,0.25,0.25,0.25,0,0,0,0
76.0381,0.25,0.25,0.25,0.25,0,0,0,0
76.0483,0.25,0.25,0.25,0.25,0,0,0,0
76.0585,0.25,0.25,0.25,0.25,0,0,0,0
76.0687,0.25,0.25,0.25,0.25,0,0,0,0
76.079,0.25,0.25,0.25,0.25,0,0,0,0
76.0892,0.25,0.25,0.25,0.25,0,0,0,0
76.0994,0.25,0.25,0.25,0.25,0,0,0,0
76.1097,0.25,0.25,0.25,0.25,0,0,0,0
76.1199,0.25,0.25,0.25,0.25,0,0,0,0
76.1301,0.25,0.25,0.25,0.25,0,0,0,0
76.1402,0.25,0.25,0.25,0.25,0,0,0,0
76.1503,0.25,0.25,0.25,0.25,0,0,0,0
76.1606,0.25,0.25,0.25,0.25,0,0,0,0
76.1709,0.25,0.25,0.25,0.25,0,0,0,0
76.1811,0.25,0.25,0.25,0.25,0,0,0,0
76.1914,0.25,0.25,0.25,0.25,0,0,0,0
76.2017,0.25,0.25,0.25,0.25,0,0,0,0
76.2119,0.25,0.25,0.25,0.25,0,0,0,0
76.2222,0.25,0.25,0.25,0.25,0,0,0,0
76.2324,0.25,0.25,0.25,0.25,0,0,0,0
76.2428,0.25,0.25,0.25,0.25,0,0,0,0
76.253,0.25,0.25,0.25,0.25,0,0,0,0
76.2631,0.25,0.25,0.25,0.25,0,0,0,0
76.2732,0.25,0.25,0.25,0.25,0,0,0,0
76.2833,0.25,0.25,0.25,0.25,0,0,0,0
76.2935,0.25,0.25,0.25,0.25,0,0,0,0
76.3038,0.25,0.25,0.25,0.25,0,0,0,0
76.314,0.25,0.25,0.25,0.25,0,0,0,0
76.3242,0.25,0.25,0.25,0.25,0,0,0,0
76.3344,0.25,0.25,0.25,0.25,0,0,0,0
76.3447,0.25,0.25,0.25,0.25,0,0,0,0
76.3549,0.25,0.25,0.25,0.25,0,0,0,0
76.3651,0.25,0.25,0.25,0.25,0,0,0,0
76.3753,0.25,0.25,0.25,0.25,0,0,0,0
76.3856,0.25,0.25,0.25,0.25,0,0,0,0
76.3958,0.25,0.25,0.25,0.25,0,0,0,0
76.406,0.25,0.25,0.25,0.25,0,0,0,0
76.4162,0.25,0.25,0.25,0.25,0,0,0,0
76.4265,0.25,0.25,0.25,0.25,0,0,0,0
76.4367,0.25,0.25,0.25,0.25,0,0,0,0
76.4469,0.25,0.25,0.25,0.25,0,0,0,0
76.4572,0.25,0.25,0.25,0.25,0,0,0,0
76.4674,0.25,0.25,0.25,0.25,0,0,0,0
76.4776,0.25,0.25,0.25,0.25,0,0,0,0
76.4878,0.25,0.25,0.25,0.25,0,0,0,0
76.498,0.25,0.25,0.25,0.25,0,0,0,0
76.5082,0.25,0.25,0.25,0.25,0,0,0,0
76.5185,0.25,0.25,0.25,0.25,0,0,0,0
76.5287,0.25,0.25,0.25,0.25,0,0,0,0
76.5389,0.25,0.25,0.25,0.25,0,0,0,0
76.5491,0.25,0.25,0.25,0.25,0,0,0,0
76.5593,0.25,0.25,0.25,0.25,0,0,0,0
76.5696,0.25,0.25,0.25,0.25,0,0,0,0
76.5798,0.25,0.25,0.25,0.25,0,0,0,0
76.59,0.25,0.25,0.25,0.25,0,0,0,0
76.6002,0.25,0.25,0.25,0.25,0,0,0,0
76.6104,0.25,0.25,0.25,0.25,0,0,0,0
76.6207,0.25,0.25,0.25,0.25,0,0,0,0
76.6309,0.25,0.25,0.25,0.25,0,0,0,0
76.6411,0.25,0.25,0.25,0.25,0,0,0,0
76.6514,0.25,0.25,0.25,0.25,0,0,0,0
76.6615,0.25,0.25,0.25,0.25,0,0,0,0
76.6717,0.25,0.25,0.25,0.25,0,0,0,0
76.6819,0.25,0.25,0.25,0.25,0,0,0,0
76.6921,0.25,0.25,0.25,0.25,0,0,0,0
76.7024,0.25,0.25,0.25,0.25,0,0,0,0
76.7126,0.25,0.25,0.25,0.25,0,0,0,0
76.7229,0.25,0.25,0.25,0.25,0,0,0,0
76.7331,0.25,0.25,0.25,0.25,0,0,0,0
76.7433,0.25,0.25,0.25,0.25,0,0,0,0
76.7535,0.25,0.25,0.25,0.25,0,0,0,0
76.7637,0.25,0.25,0.25,0.25,0,0,0,0
76.774,0.25,0.25,0.25,0.25,0,0,0,0
76.7842,0.25,0.25,0.25,0.25,0,0,0,0
76.7944,0.25,0.25,0.25,0.25,0,0,0,0
76.8046,0.25,0.25,0.25,0.25,0,0,0,0
76.8149,0.25,0.25,0.25,0.25,0,0,0,0
76.8251,0.25,0.25,0.25,0.25,0,0,0,0
76.8353,0.25,0.25,0.25,0.25,0,0,0,0
76.8456,0.25,0.25,0.25,0.25,0,0,0,0
76.8558,0.25,0.25,0.25,0.25,0,0,0,0
76.8659,0.25,0.25,0.25,0.25,0,0,0,0
76.876,0.25,0.25,0.25,0.25,0,0,0,0
76.8861,0.25,0.25,0.25,0.25,0,0,0,0
76.8963,0.25,0.25,0.25,0.25,0,0,0,0
76.9065,0.25,0.25,0.25,0.25,0,0,0,0
76.9168,0.25,0.25,0.25,0.25,0,0,0,0
76.927,0.25,0.25,0.25,0.25,0,0,0,0
76.9372,0.25,0.25,0.25,0.25,0,0,0,0
76.9474,0.25,0.25,0.25,0.25,0,0,0,0
76.9577,0.25,0.25,0.25,0.25,0,0,0,0
76.9679,0.25,0.25,0.25,0.25,0,0,0,0
76.9781,0.25,0.25,0.25,0.25,0,0,0,0
76.9883,0.25,0.25,0.25,0.25,0,0,0,0
76.9986,0.25,0.25,0.25,0.25,0,0,0,0
77.0088,0.25,0.25,0.25,0.25,0,0,0,0
77.019,0.25,0.25,0.25,0.25,0,0,0,0
77.0293,0.25,0.25,0.25,0.25,0,0,0,0
77.0395,0.25,0.25,0.25,0.25,0,0,0,0
77.0497,0.25,0.25,0.25,0.25,0,0,0,0
77.06,0.25,0.25,0.25,0.25,0,0,0,0
77.0702,0.25,0.25,0.25,0.25,0,0,0,0
77.0805,0.25,0.25,0.25,0.25,0,0,0,0
77.0907,0.25,0.25,0.25,0.25,0,0,0,0
77.101,0.25,0.25,0.25,0.25,0,0,0,0
77.1112,0.25,0.25,0.25,0.25,0,0,0,0
77.1214,0.25,0.25,0.25,0.25,0,0,0,0
77.1317,0.25,0.25,0.25,0.25,0,0,0,0
77.1419,0.25,0.25,0.25,0.25,0,0,0,0
77.1521,0.25,0.25,0.25,0.25,0,0,0,0
77.1625,0.25,0.25,0.25,0.25,0,0,0,0
77.1727,0.25,0.25,0.25,0.25,0,0,0,0
77.1829,0.25,0.25,0.25,0.25,0,0,0,0
77.1931,0.25,0.25,0.25,0.25,0,0,0,0
77.2033,0.25,0.25,0.25,0.25,0,0,0,0
77.2136,0.25,0.25,0.25,0.25,0,0,0,0
77.2238,0.25,0.25,0.25,0.25,0,0,0,0
77.234,0.25,0.25,0.25,0.25,0,0,0,0
77.2442,0.25,0.25,0.25,0.25,0,0,0,0
77.2543,0.25,0.25,0.25,0.25,0,0,0,0
77.2645,0.25,0.25,0.25,0.25,0,0,0,0
77.2747,0.25,0.25,0.25,0.25,0,0,0,0
77.2849,0.25,0.25,0.25,0.25,0,0,0,0
77.295,0.25,0.25,0.25,0.25,0,0,0,0
77.3052,0.25,0.25,0.25,0.25,0,0,0,0
77.3154,0.25,0.25,0.25,0.25,0,0,0,0
77.3256,0.25,0.25,0.25,0.25,0,0,0,0
77.3357,0.25,0.25,0.25,0.25,0,0,0,0
77.3459,0.25,0.25,0.25,0.25,0,0,0,0
77.3561,0.25,0.25,0.25,0.25,0,0,0,0
77.3663,0.25,0.25,0.25,0.25,0,0,0,0
77.3765,0.25,0.25,0.25,0.25,0,0,0,0
77.3866,0.25,0.25,0.25,0.25,0,0,0,0
77.3968,0.25,0.25,0.25,0.25,0,0,0,0
77.407,0.25,0.25,0.25,0.25,0,0,0,0
77.4172,0.25,0.25,0.25,0.25,0,0,0,0
77.4273,0.25,0.25,0.25,0.25,0,0,0,0
77.4375,0.25,0.25,0.25,0.25,0,0,0,0
77.4478,0.25,0.25,0.25,0.25,0,0,0,0
77.4581,0.25,0.25,0.25,0.25,0,0,0,0
77.4683,0.25,0.25,0.25,0.25,0,0,0,0
77.4785,0.25,0.25,0.25,0.25,0,0,0,0
77.4887,0.25,0.25,0.25,0.25,0,0,0,0
77.4989,0.25,0.25,0.25,0.25,0,0,0,0
77.5092,0.25,0.25,0.25,0.25,0,0,0,0
77.5194,0.25,0.25,0.25,0.25,0,0,0,0
77.5296,0.25,0.25,0.25,0.25,0,0,0,0
77.5398,0.25,0.25,0.25,0.25,0,0,0,0
77.55,0.25,0.25,0.25,0.25,0,0,0,0
77.5603,0.25,0.25,0.25,0.25,0,0,0,0
77.5704,0.25,0.25,0.25,0.25,0,0,0,0
77.5805,0.25,0.25,0.25,0.25,0,0,0,0
77.5907,0.25,0.25,0.25,0.25,0,0,0,0
77.6009,0.25,0.25,0.25,0.25,0,0,0,0
77.6111,0.25,0.25,0.25,0.25,0,0,0,0
77.6213,0.25,0.25,0.25,0.25,0,0,0,0
77.6315,0.25,0.25,0.25,0.25,0,0,0,0
77.6417,0.25,0.25,0.25,0.25,0,0,0,0
77.6518,0.25,0.25,0.25,0.25,0,0,0,0
77.662,0.25,0.25,0.25,0.25,0,0,0,0
77.6722,0.25,0.25,0.25,0.25,0,0,0,0
77.6824,0.25,0.25,0.25,0.25,0,0,0,0
77.6926,0.25,0.25,0.25,0.25,0,0,0,0
77.7028,0.25,0.25,0.25,0.25,0,0,0,0
77.713,0.25,0.25,0.25,0.25,0,0,0,0
77.7231,0.25,0.25,0.25,0.25,0,0,0,0
77.7333,0.25,0.25,0.25,0.25,0,0,0,0
77.7435,0.25,0.25,0.25,0.25,0,0,0,0
77.7537,0.25,0.25,0.25,0.25,0,0,0,0
77.7639,0.25,0.25,0.25,0.25,0,0,0,0
77.774,0.25,0.25,0.25,0.25,0,0,0,0
77.7842,0.25,0.25,0.25,0.25,0,0,0,0
77.7944,0.25,0.25,0.25,0.25,0,0,0,0
77.8046,0.25,0.25,0.25,0.25,0,0,0,0
77.8148,0.25,0.25,0.25,0.25,0,0,0,0
77.8251,0.25,0.25,0.25,0.25,0,0,0,0
77.8353,0.25,0.25,0.25,0.25,0,0,0,0
77.8455,0.25,0.25,0.25,0.25,0,0,0,0
77.8557,0.25,0.25,0.25,0.25,0,0,0,0
77.8658,0.25,0.25,0.25,0.25,0,0,0,0
77.876,0.25,0.25,0.25,0.25,0,0,0,0
77.8861,0.25,0.25,0.25,0.25,0,0,0,0
77.8962,0.25,0.25,0.25,0.25,0,0,0,0
77.9064,0.25,0.25,0.25,0.25,0,0,0,0
77.9166,0.25,0.25,0.25,0.25,0,0,0,0
77.9268,0.25,0.25,0.25,0.25,0,0,0,0
77.9371,0.25,0.25,0.25,0.25,0,0,0,0
77.9473,0.25,0.25,0.25,0.25,0,0,0,0
77.9575,0.25,0.25,0.25,0.25,0,0,0,0
77.9677,0.25,0.25,0.25,0.25,0,0,0,0
77.9779,0.25,0.25,0.25,0.25,0,0,0,0
77.9882,0.25,0.25,0.25,0.25,0,0,0,0
77.9984,0.25,0.25,0.25,0.25,0,0,0,0
78.0086,0.25,0.25,0.25,0.25,0,0,0,0
78.0189,0.25,0.25,0.25,0.25,0,0,0,0
78.0291,0.25,0.25,0.25,0.25,0,0,0,0
78.0393,0.25,0.25,0.25,0.25,0,0,0,0
78.0496,0.25,0.25,0.25,0.25,0,0,0,0
78.0598,0.25,0.25,0.25,0.25,0,0,0,0
78.0699,0.25,0.25,0.25,0.25,0,0,0,0
78.08,0.25,0.25,0.25,0.25,0,0,0,0
78.0902,0.25,0.25,0.25,0.25,0,0,0,0
78.1004,0.25,0.25,0.25,0.25,0,0,0,0
78.1106,0.25,0.25,0.25,0.25,0,0,0,0
78.1209,0.25,0.25,0.25,0.25,0,0,0,0
78.1311,0.25,0.25,0.25,0.25,0,0,0,0
78.1414,0.25,0.25,0.25,0.25,0,0,0,0
78.1516,0.25,0.25,0.25,0.25,0,0,0,0
78.1618,0.25,0.25,0.25,0.25,0,0,0,0
78.172,0.25,0.25,0.25,0.25,0,0,0,0
78.1822,0.25,0.25,0.25,0.25,0,0,0,0
78.1925,0.25,0.25,0.25,0.25,0,0,0,0
78.2027,0.25,0.25,0.25,0.25,0,0,0,0
78.2129,0.25,0.25,0.25,0.25,0,0,0,0
78.2232,0.25,0.25,0.25,0.25,0,0,0,0
78.2334,0.25,0.25,0.25,0.25,0,0,0,0
78.2436,0.25,0.25,0.25,0.25,0,0,0,0
78.2538,0.25,0.25,0.25,0.25,0,0,0,0
78.2639,0.25,0.25,0.25,0.25,0,0,0,0
78.2742,0.25,0.25,0.25,0.25,0,0,0,0
78.2844,0.25,0.25,0.25,0.25,0,0,0,0
78.2946,0.25,0.25,0.25,0.25,0,0,0,0
78.3048,0.25,0.25,0.25,0.25,0,0,0,0
78.3151,0.25,0.25,0.25,0.25,0,0,0,0
78.3253,0.25,0.25,0.25,0.25,0,0,0,0
78.3355,0.25,0.25,0.25,0.25,0,0,0,0
78.3457,0.25,0.25,0.25,0.25,0,0,0,0
78.356,0.25,0.25,0.25,0.25,0,0,0,0
78.3662,0.25,0.25,0.25,0.25,0,0,0,0
78.3764,0.25,0.25,0.25,0.25,0,0,0,0
78.3866,0.25,0.25,0.25,0.25,0,0,0,0
78.3969,0.25,0.25,0.25,0.25,0,0,0,0
78.4071,0.25,0.25,0.25,0.25,0,0,0,0
78.4173,0.25,0.25,0.25,0.25,0,0,0,0
78.4274,0.25,0.25,0.25,0.25,0,0,0,0
78.4377,0.25,0.25,0.25,0.25,0,0,0,0
78.4479,0.25,0.25,0.25,0.25,0,0,0,0
78.4581,0.25,0.25,0.25,0.25,0,0,0,0
78.4683,0.25,0.25,0.25,0.25,0,0,0,0
78.4785,0.25,0.25,0.25,0.25,0,0,0,0
78.4888,0.25,0.25,0.25,0.25,0,0,0,0
78.499,0.25,0.25,0.25,0.25,0,0,0,0
78.5092,0.25,0.25,0.25,0.25,0,0,0,0
78.5194,0.25,0.25,0.25,0.25,0,0,0,0
78.5296,0.25,0.25,0.25,0.25,0,0,0,0
78.5397,0.25,0.25,0.25,0.25,0,0,0,0
78.55,0.25,0.25,0.25,0.25,0,0,0,0
78.5602,0.25,0.25,0.25,0.25,0,0,0,0
78.5704,0.25,0.25,0.25,0.25,0,0,0,0
78.5807,0.25,0.25,0.25,0.25,0,0,0,0
78.5909,0.25,0.25,0.25,0.25,0,0,0,0
78.6011,0.25,0.25,0.25,0.25,0,0,0,0
78.6113,0.25,0.25,0.25,0.25,0,0,0,0
78.6215,0.25,0.25,0.25,0.25,0,0,0,0
78.6317,0.25,0.25,0.25,0.25,0,0,0,0
78.6419,0.25,0.25,0.25,0.25,0,0,0,0
78.6521,0.25,0.25,0.25,0.25,0,0,0,0
78.6622,0.25,0.25,0.25,0.25,0,0,0,0
78.6724,0.25,0.25,0.25,0.25,0,0,0,0
78.6826,0.25,0.25,0.25,0.25,0,0,0,0
78.6928,0.25,0.25,0.25,0.25,0,0,0,0
78.703,0.25,0.25,0.25,0.25,0,0,0,0
78.7131,0.25,0.25,0.25,0.25,0,0,0,0
78.7233,0.25,0.25,0.25,0.25,0,0,0,0
78.7335,0.25,0.25,0.25,0.25,0,0,0,0
78.7437,0.25,0.25,0.25,0.25,0,0,0,0
78.7538,0.25,0.25,0.25,0.25,0,0,0,0
78.764,0.25,0.25,0.25,0.25,0,0,0,0
78.7742,0.25,0.25,0.25,0.25,0,0,0,0
78.7844,0.25,0.25,0.25,0.25,0,0,0,0
78.7945,0.25,0.25,0.25,0.25,0,0,0,0
78.8047,0.25,0.25,0.25,0.25,0,0,0,0
78.8149,0.25,0.25,0.25,0.25,0,0,0,0
78.8251,0.25,0.25,0.25,0.25,0,0,0,0
78.8353,0.25,0.25,0.25,0.25,0,0,0,0
78.8455,0.25,0.25,0.25,0.25,0,0,0,0
78.8557,0.25,0.25,0.25,0.25,0,0,0,0
78.866,0.25,0.25,0.25,0.25,0,0,0,0
78.8763,0.25,0.25,0.25,0.25,0,0,0,0
78.8865,0.25,0.25,0.25,0.25,0,0,0,0
78.8968,0.25,0.25,0.25,0.25,0,0,0,0
78.907,0.25,0.25,0.25,0.25,0,0,0,0
78.9172,0.25,0.25,0.25,0.25,0,0,0,0
78.9275,0.25,0.25,0.25,0.25,0,0,0,0
78.9377,0.25,0.25,0.25,0.25,0,0,0,0
78.9479,0.25,0.25,0.25,0.25,0,0,0,0
78.9582,0.25,0.25,0.25,0.25,0,0,0,0
78.9685,0.25,0.25,0.25,0.25,0,0,0,0
78.9787,0.25,0.25,0.25,0.25,0,0,0,0
78.989,0.25,0.25,0.25,0.25,0,0,0,0
78.9993,0.25,0.25,0.25,0.25,0,0,0,0
79.0094,0.25,0.25,0.25,0.25,0,0,0,0
79.0196,0.25,0.25,0.25,0.25,0,0,0,0
79.0298,0.25,0.25,0.25,0.25,0,0,0,0
79.04,0.25,0.25,0.25,0.25,0,0,0,0
79.0502,0.25,0.25,0.25,0.25,0,0,0,0
79.0605,0.25,0.25,0.25,0.25,0,0,0,0
79.0707,0.25,0.25,0.25,0.25,0,0,0,0
79.0809,0.25,0.25,0.25,0.25,0,0,0,0
79.0912,0.25,0.25,0.25,0.25,0,0,0,0
79.1015,0.25,0.25,0.25,0.25,0,0,0,0
79.1118,0.25,0.25,0.25,0.25,0,0,0,0
79.122,0.25,0.25,0.25,0.25,0,0,0,0
79.1323,0.25,0.25,0.25,0.25,0,0,0,0
79.1425,0.25,0.25,0.25,0.25,0,0,0,0
79.1526,0.25,0.25,0.25,0.25,0,0,0,0
79.1629,0.25,0.25,0.25,0.25,0,0,0,0
79.1732,0.25,0.25,0.25,0.25,0,0,0,0
79.1834,0.25,0.25,0.25,0.25,0,0,0,0
79.1936,0.25,0.25,0.25,0.25,0,0,0,0
79.2039,0.25,0.25,0.25,0.25,0,0,0,0
79.2142,0.25,0.25,0.25,0.25,0,0,0,0
79.2244,0.25,0.25,0.25,0.25,0,0,0,0
79.2347,0.25,0.25,0.25,0.25,0,0,0,0
79.2449,0.25,0.25,0.25,0.25,0,0,0,0
79.255,0.25,0.25,0.25,0.25,0,0,0,0
79.265,0.25,0.25,0.25,0.25,0,0,0,0
79.2753,0.25,0.25,0.25,0.25,0,0,0,0
79.2855,0.25,0.25,0.25,0.25,0,0,0,0
79.2957,0.25,0.25,0.25,0.25,0,0,0,0
79.3059,0.25,0.25,0.25,0.25,0,0,0,0
79.3162,0.25,0.25,0.25,0.25,0,0,0,0
79.3264,0.25,0.25,0.25,0.25,0,0,0,0
79.3366,0.25,0.25,0.25,0.25,0,0,0,0
79.3468,0.25,0.25,0.25,0.25,0,0,0,0
79.3571,0.25,0.25,0.25,0.25,0,0,0,0
79.3673,0.25,0.25,0.25,0.25,0,0,0,0
79.3775,0.25,0.25,0.25,0.25,0,0,0,0
79.3877,0.25,0.25,0.25,0.25,0,0,0,0
79.3979,0.25,0.25,0.25,0.25,0,0,0,0
79.4082,0.25,0.25,0.25,0.25,0,0,0,0
79.4184,0.25,0.25,0.25,0.25,0,0,0,0
79.4286,0.25,0.25,0.25,0.25,0,0,0,0
79.4388,0.25,0.25,0.25,0.25,0,0,0,0
79.4491,0.25,0.25,0.25,0.25,0,0,0,0
79.4593,0.25,0.25,0.25,0.25,0,0,0,0
79.4694,0.25,0.25,0.25,0.25,0,0,0,0
79.4795,0.25,0.25,0.25,0.25,0,0,0,0
79.4896,0.25,0.25,0.25,0.25,0,0,0,0
79.4998,0.25,0.25,0.25,0.25,0,0,0,0
79.51,0.25,0.25,0.25,0.25,0,0,0,0
79.5203,0.25,0.25,0.25,0.25,0,0,0,0
79.5305,0.25,0.25,0.25,0.25,0,0,0,0
79.5407,0.25,0.25,0.25,0.25,0,0,0,0
79.5509,0.25,0.25,0.25,0.25,0,0,0,0
79.5611,0.25,0.25,0.25,0.25,0,0,0,0
79.5713,0.25,0.25,0.25,0.25,0,0,0,0
79.5816,0.25,0.25,0.25,0.25,0,0,0,0
79.5918,0.25,0.25,0.25,0.25,0,0,0,0
79.602,0.25,0.25,0.25,0.25,0,0,0,0
79.6122,0.25,0.25,0.25,0.25,0,0,0,0
79.6225,0.25,0.25,0.25,0.25,0,0,0,0
79.6327,0.25,0.25,0.25,0.25,0,0,0,0
79.6428,0.25,0.25,0.25,0.25,0,0,0,0
79.6529,0.25,0.25,0.25,0.25,0,0,0,0
79.6631,0.25,0.25,0.25,0.25,0,0,0,0
79.6732,0.25,0.25,0.25,0.25,0,0,0,0
79.6833,0.25,0.25,0.25,0.25,0,0,0,0
79.6936,0.25,0.25,0.25,0.25,0,0,0,0
79.7038,0.25,0.25,0.25,0.25,0,0,0,0
79.714,0.25,0.25,0.25,0.25,0,0,0,0
79.7242,0.25,0.25,0.25,0.25,0,0,0,0
79.7344,0.25,0.25,0.25,0.25,0,0,0,0
79.7447,0.25,0.25,0.25,0.25,0,0,0,0
79.7549,0.25,0.25,0.25,0.25,0,0,0,0
79.7651,0.25,0.25,0.25,0.25,0,0,0,0
79.7753,0.25,0.25,0.25,0.25,0,0,0,0
79.7855,0.25,0.25,0.25,0.25,0,0,0,0
79.7958,0.25,0.25,0.25,0.25,0,0,0,0
79.806,0.25,0.25,0.25,0.25,0,0,0,0
79.8162,0.25,0.25,0.25,0.25,0,0,0,0
79.8265,0.25,0.25,0.25,0.25,0,0,0,0
79.8367,0.25,0.25,0.25,0.25,0,0,0,0
79.8469,0.25,0.25,0.25,0.25,0,0,0,0
79.8571,0.25,0.25,0.25,0.25,0,0,0,0
79.8673,0.25,0.25,0.25,0.25,0,0,0,0
79.8776,0.25,0.25,0.25,0.25,0,0,0,0
79.8878,0.25,0.25,0.25,0.25,0,0,0,0
79.898,0.25,0.25,0.25,0.25,0,0,0,0
79.9082,0.25,0.25,0.25,0.25,0,0,0,0
79.9184,0.25,0.25,0.25,0.25,0,0,0,0
79.9287,0.25,0.25,0.25,0.25,0,0,0,0
79.9389,0.25,0.25,0.25,0.25,0,0,0,0
79.9493,0.25,0.25,0.25,0.25,0,0,0,0
79.9595,0.25,0.25,0.25,0.25,0,0,0,0
79.9697,0.25,0.25,0.25,0.25,0,0,0,0
79.9799,0.25,0.25,0.25,0.25,0,0,0,0
79.9902,0.25,0.25,0.25,0.25,0,0,0,0
80.0004,0.25,0.25,0.25,0.25,0,0,0,0
80.0106,0.25,0.25,0.25,0.25,0,0,0,0
80.0208,0.25,0.25,0.25,0.25,0,0,0,0
80.0311,0.25,0.25,0.25,0.25,0,0,0,0
80.0413,0.25,0.25,0.25,0.25,0,0,0,0
80.0515,0.25,0.25,0.25,0.25,0,0,0,0
80.0617,0.25,0.25,0.25,0.25,0,0,0,0
80.0719,0.25,0.25,0.25,0.25,0,0,0,0
80.0822,0.25,0.25,0.25,0.25,0,0,0,0
80.0924,0.25,0.25,0.25,0.25,0,0,0,0
80.1026,0.25,0.25,0.25,0.25,0,0,0,0
80.1128,0.25,0.25,0.25,0.25,0,0,0,0
80.123,0.25,0.25,0.25,0.25,0,0,0,0
80.1333,0.25,0.25,0.25,0.25,0,0,0,0
80.1434,0.25,0.25,0.25,0.25,0,0,0,0
80.1535,0.25,0.25,0.25,0.25,0,0,0,0
80.1637,0.25,0.25,0.25,0.25,0,0,0,0
80.1739,0.25,0.25,0.25,0.25,0,0,0,0
80.1841,0.25,0.25,0.25,0.25,0,0,0,0
80.1944,0.25,0.25,0.25,0.25,0,0,0,0
80.2046,0.25,0.25,0.25,0.25,0,0,0,0
80.2148,0.25,0.25,0.25,0.25,0,0,0,0
80.225,0.25,0.25,0.25,0.25,0,0,0,0
80.2352,0.25,0.25,0.25,0.25,0,0,0,0
80.2455,0.25,0.25,0.25,0.25,0,0,0,0
80.2557,0.25,0.25,0.25,0.25,0,0,0,0
80.2658,0.25,0.25,0.25,0.25,0,0,0,0
80.276,0.25,0.25,0.25,0.25,0,0,0,0
80.2861,0.25,0.25,0.25,0.25,0,0,0,0
80.2962,0.25,0.25,0.25,0.25,0,0,0,0
80.3064,0.25,0.25,0.25,0.25,0,0,0,0
80.3166,0.25,0.25,0.25,0.25,0,0,0,0
80.3268,0.25,0.25,0.25,0.25,0,0,0,0
80.3371,0.25,0.25,0.25,0.25,0,0,0,0
80.3473,0.25,0.25,0.25,0.25,0,0,0,0
80.3575,0.25,0.25,0.25,0.25,0,0,0,0
80.3678,0.25,0.25,0.25,0.25,0,0,0,0
80.378,0.25,0.25,0.25,0.25,0,0,0,0
80.3882,0.25,0.25,0.25,0.25,0,0,0,0
80.3984,0.25,0.25,0.25,0.25,0,0,0,0
80.4086,0.25,0.25,0.25,0.25,0,0,0,0
80.4189,0.25,0.25,0.25,0.25,0,0,0,0
80.4291,0.25,0.25,0.25,0.25,0,0,0,0
80.4394,0.25,0.25,0.25,0.25,0,0,0,0
80.4496,0.25,0.25,0.25,0.25,0,0,0,0
80.4599,0.25,0.25,0.25,0.25,0,0,0,0
80.4701,0.25,0.25,0.25,0.25,0,0,0,0
80.4803,0.25,0.25,0.25,0.25,0,0,0,0
80.4905,0.25,0.25,0.25,0.25,0,0,0,0
80.5007,0.25,0.25,0.25,0.25,0,0,0,0
80.511,0.25,0.25,0.25,0.25,0,0,0,0
80.5212,0.25,0.25,0.25,0.25,0,0,0,0
80.5314,0.25,0.25,0.25,0.25,0,0,0,0
80.5416,0.25,0.25,0.25,0.25,0,0,0,0
80.5518,0.25,0.25,0.25,0.25,0,0,0,0
80.562,0.25,0.25,0.25,0.25,0,0,0,0
80.5723,0.25,0.25,0.25,0.25,0,0,0,0
80.5825,0.25,0.25,0.25,0.25,0,0,0,0
80.5927,0.25,0.25,0.25,0.25,0,0,0,0
80.6029,0.25,0.25,0.25,0.25,0,0,0,0
80.6132,0.25,0.25,0.25,0.25,0,0,0,0
80.6234,0.25,0.25,0.25,0.25,0,0,0,0
80.6336,0.25,0.25,0.25,0.25,0,0,0,0
80.6438,0.25,0.25,0.25,0.25,0,0,0,0
80.6541,0.25,0.25,0.25,0.25,0,0,0,0
80.6643,0.25,0.25,0.25,0.25,0,0,0,0
80.6745,0.25,0.25,0.25,0.25,0,0,0,0
80.6848,0.25,0.25,0.25,0.25,0,0,0,0
80.695,0.25,0.25,0.25,0.25,0,0,0,0
80.7052,0.25,0.25,0.25,0.25,0,0,0,0
80.7154,0.25,0.25,0.25,0.25,0,0,0,0
80.7256,0.25,0.25,0.25,0.25,0,0,0,0
80.7359,0.25,0.25,0.25,0.25,0,0,0,0
80.7461,0.25,0.25,0.25,0.25,0,0,0,0
80.7563,0.25,0.25,0.25,0.25,0,0,0,0
80.7665,0.25,0.25,0.25,0.25,0,0,0,0
80.7767,0.25,0.25,0.25,0.25,0,0,0,0
80.787,0.25,0.25,0.25,0.25,0,0,0,0
80.7972,0.25,0.25,0.25,0.25,0,0,0,0
80.8074,0.25,0.25,0.25,0.25,0,0,0,0
80.8176,0.25,0.25,0.25,0.25,0,0,0,0
80.8278,0.25,0.25,0.25,0.25,0,0,0,0
80.8381,0.25,0.25,0.25,0.25,0,0,0,0
80.8483,0.25,0.25,0.25,0.25,0,0,0,0
80.8585,0.25,0.25,0.25,0.25,0,0,0,0
80.8687,0.25,0.25,0.25,0.25,0,0,0,0
80.8789,0.25,0.25,0.25,0.25,0,0,0,0
80.8892,0.25,0.25,0.25,0.25,0,0,0,0
80.8994,0.25,0.25,0.25,0.25,0,0,0,0
80.9097,0.25,0.25,0.25,0.25,0,0,0,0
80.9199,0.25,0.25,0.25,0.25,0,0,0,0
80.9301,0.25,0.25,0.25,0.25,0,0,0,0
80.9403,0.25,0.25,0.25,0.25,0,0,0,0
80.9506,0.25,0.25,0.25,0.25,0,0,0,0
80.9608,0.25,0.25,0.25,0.25,0,0,0,0
80.971,0.25,0.25,0.25,0.25,0,0,0,0
80.9812,0.25,0.25,0.25,0.25,0,0,0,0
80.9915,0.25,0.25,0.25,0.25,0,0,0,0
81.0017,0.25,0.25,0.25,0.25,0,0,0,0
81.012,0.25,0.25,0.25,0.25,0,0,0,0
81.0222,0.25,0.25,0.25,0.25,0,0,0,0
81.0324,0.25,0.25,0.25,0.25,0,0,0,0
81.0427,0.25,0.25,0.25,0.25,0,0,0,0
81.0529,0.25,0.25,0.25,0.25,0,0,0,0
81.0631,0.25,0.25,0.25,0.25,0,0,0,0
81.0733,0.25,0.25,0.25,0.25,0,0,0,0
81.0836,0.25,0.25,0.25,0.25,0,0,0,0
81.0938,0.25,0.25,0.25,0.25,0,0,0,0
81.104,0.25,0.25,0.25,0.25,0,0,0,0
81.1142,0.25,0.25,0.25,0.25,0,0,0,0
81.1244,0.25,0.25,0.25,0.25,0,0,0,0
81.1347,0.25,0.25,0.25,0.25,0,0,0,0
81.1449,0.25,0.25,0.25,0.25,0,0,0,0
81.1551,0.25,0.25,0.25,0.25,0,0,0,0
81.1653,0.25,0.25,0.25,0.25,0,0,0,0
81.1755,0.25,0.25,0.25,0.25,0,0,0,0
81.1858,0.25,0.25,0.25,0.25,0,0,0,0
81.196,0.25,0.25,0.25,0.25,0,0,0,0
81.2062,0.25,0.25,0.25,0.25,0,0,0,0
81.2163,0.25,0.25,0.25,0.25,0,0,0,0
81.2266,0.25,0.25,0.25,0.25,0,0,0,0
81.2368,0.25,0.25,0.25,0.25,0,0,0,0
81.247,0.25,0.25,0.25,0.25,0,0,0,0
81.2572,0.25,0.25,0.25,0.25,0,0,0,0
81.2675,0.25,0.25,0.25,0.25,0,0,0,0
81.2777,0.25,0.25,0.25,0.25,0,0,0,0
81.288,0.25,0.25,0.25,0.25,0,0,0,0
81.2982,0.25,0.25,0.25,0.25,0,0,0,0
81.3085,0.25,0.25,0.25,0.25,0,0,0,0
81.3187,0.25,0.25,0.25,0.25,0,0,0,0
81.3289,0.25,0.25,0.25,0.25,0,0,0,0
81.3391,0.25,0.25,0.25,0.25,0,0,0,0
81.3494,0.25,0.25,0.25,0.25,0,0,0,0
81.3596,0.25,0.25,0.25,0.25,0,0,0,0
81.3698,0.25,0.25,0.25,0.25,0,0,0,0
81.38,0.25,0.25,0.25,0.25,0,0,0,0
81.3902,0.25,0.25,0.25,0.25,0,0,0,0
81.4003,0.25,0.25,0.25,0.25,0,0,0,0
81.4105,0.25,0.25,0.25,0.25,0,0,0,0
81.4206,0.25,0.25,0.25,0.25,0,0,0,0
81.4307,0.25,0.25,0.25,0.25,0,0,0,0
81.4409,0.25,0.25,0.25,0.25,0,0,0,0
81.4511,0.25,0.25,0.25,0.25,0,0,0,0
81.4613,0.25,0.25,0.25,0.25,0,0,0,0
81.4715,0.25,0.25,0.25,0.25,0,0,0,0
81.4818,0.25,0.25,0.25,0.25,0,0,0,0
81.492,0.25,0.25,0.25,0.25,0,0,0,0
81.5022,0.25,0.25,0.25,0.25,0,0,0,0
81.5124,0.25,0.25,0.25,0.25,0,0,0,0
81.5226,0.25,0.25,0.25,0.25,0,0,0,0
81.5329,0.25,0.25,0.25,0.25,0,0,0,0
81.5431,0.25,0.25,0.25,0.25,0,0,0,0
81.5533,0.25,0.25,0.25,0.25,0,0,0,0
81.5635,0.25,0.25,0.25,0.25,0,0,0,0
81.5738,0.25,0.25,0.25,0.25,0,0,0,0
81.584,0.25,0.25,0.25,0.25,0,0,0,0
81.5942,0.25,0.25,0.25,0.25,0,0,0,0
81.6044,0.25,0.25,0.25,0.25,0,0,0,0
81.6147,0.25,0.25,0.25,0.25,0,0,0,0
81.6249,0.25,0.25,0.25,0.25,0,0,0,0
81.6351,0.25,0.25,0.25,0.25,0,0,0,0
81.6452,0.25,0.25,0.25,0.25,0,0,0,0
81.6553,0.25,0.25,0.25,0.25,0,0,0,0
81.6654,0.25,0.25,0.25,0.25,0,0,0,0
81.6756,0.25,0.25,0.25,0.25,0,0,0,0
81.6857,0.25,0.25,0.25,0.25,0,0,0,0
81.6959,0.25,0.25,0.25,0.25,0,0,0,0
81.706,0.25,0.25,0.25,0.25,0,0,0,0
81.7161,0.25,0.25,0.25,0.25,0,0,0,0
81.7262,0.25,0.25,0.25,0.25,0,0,0,0
81.7363,0.25,0.25,0.25,0.25,0,0,0,0
81.7464,0.25,0.25,0.25,0.25,0,0,0,0
81.7565,0.25,0.25,0.25,0.25,0,0,0,0
81.7666,0.25,0.25,0.25,0.25,0,0,0,0
81.7768,0.25,0.25,0.25,0.25,0,0,0,0
81.7869,0.25,0.25,0.25,0.25,0,0,0,0
81.797,0.25,0.25,0.25,0.25,0,0,0,0
81.8071,0.25,0.25,0.25,0.25,0,0,0,0
81.8172,0.25,0.25,0.25,0.25,0,0,0,0
81.8273,0.25,0.25,0.25,0.25,0,0,0,0
81.8374,0.25,0.25,0.25,0.25,0,0,0,0
81.8475,0.25,0.25,0.25,0.25,0,0,0,0
81.8577,0.25,0.25,0.25,0.25,0,0,0,0
81.8678,0.25,0.25,0.25,0.25,0,0,0,0
81.878,0.25,0.25,0.25,0.25,0,0,0,0
81.8881,0.25,0.25,0.25,0.25,0,0,0,0
81.8983,0.25,0.25,0.25,0.25,0,0,0,0
81.9085,0.25,0.25,0.25,0.25,0,0,0,0
81.9187,0.25,0.25,0.25,0.25,0,0,0,0
81.9288,0.25,0.25,0.25,0.25,0,0,0,0
81.939,0.25,0.25,0.25,0.25,0,0,0,0
81.9492,0.25,0.25,0.25,0.25,0,0,0,0
81.9594,0.25,0.25,0.25,0.25,0,0,0,0
81.9696,0.25,0.25,0.25,0.25,0,0,0,0
81.9798,0.25,0.25,0.25,0.25,0,0,0,0
81.9899,0.25,0.25,0.25,0.25,0,0,0,0
82.0004,0.25,0.25,0.25,0.25,0,0,0,0
82.0105,0.25,0.25,0.25,0.25,0,0,0,0
82.0207,0.25,0.25,0.25,0.25,0,0,0,0
82.0309,0.25,0.25,0.25,0.25,0,0,0,0
82.0411,0.25,0.25,0.25,0.25,0,0,0,0
82.0512,0.25,0.25,0.25,0.25,0,0,0,0
82.0614,0.25,0.25,0.25,0.25,0,0,0,0
82.0716,0.25,0.25,0.25,0.25,0,0,0,0
82.0818,0.25,0.25,0.25,0.25,0,0,0,0
82.0921,0.25,0.25,0.25,0.25,0,0,0,0
82.1023,0.25,0.25,0.25,0.25,0,0,0,0
82.1126,0.25,0.25,0.25,0.25,0,0,0,0
82.1229,0.25,0.25,0.25,0.25,0,0,0,0
82.1331,0.25,0.25,0.25,0.25,0,0,0,0
82.1433,0.25,0.25,0.25,0.25,0,0,0,0
82.1535,0.25,0.25,0.25,0.25,0,0,0,0
82.1637,0.25,0.25,0.25,0.25,0,0,0,0
82.174,0.25,0.25,0.25,0.25,0,0,0,0
82.1842,0.25,0.25,0.25,0.25,0,0,0,0
82.1944,0.25,0.25,0.25,0.25,0,0,0,0
82.2046,0.25,0.25,0.25,0.25,0,0,0,0
82.2149,0.25,0.25,0.25,0.25,0,0,0,0
82.2251,0.25,0.25,0.25,0.25,0,0,0,0
82.2353,0.25,0.25,0.25,0.25,0,0,0,0
82.2456,0.25,0.25,0.25,0.25,0,0,0,0
82.2558,0.25,0.25,0.25,0.25,0,0,0,0
82.266,0.25,0.25,0.25,0.25,0,0,0,0
82.2762,0.25,0.25,0.25,0.25,0,0,0,0
82.2865,0.25,0.25,0.25,0.25,0,0,0,0
82.2967,0.25,0.25,0.25,0.25,0,0,0,0
82.3069,0.25,0.25,0.25,0.25,0,0,0,0
82.3171,0.25,0.25,0.25,0.25,0,0,0,0
82.3273,0.25,0.25,0.25,0.25,0,0,0,0
82.3376,0.25,0.25,0.25,0.25,0,0,0,0
82.3479,0.25,0.25,0.25,0.25,0,0,0,0
82.3581,0.25,0.25,0.25,0.25,0,0,0,0
82.3683,0.25,0.25,0.25,0.25,0,0,0,0
82.3785,0.25,0.25,0.25,0.25,0,0,0,0
82.3888,0.25,0.25,0.25,0.25,0,0,0,0
82.399,0.25,0.25,0.25,0.25,0,0,0,0
82.4092,0.25,0.25,0.25,0.25,0,0,0,0
82.4194,0.25,0.25,0.25,0.25,0,0,0,0
82.4297,0.25,0.25,0.25,0.25,0,0,0,0
82.4399,0.25,0.25,0.25,0.25,0,0,0,0
82.4501,0.25,0.25,0.25,0.25,0,0,0,0
82.4603,0.25,0.25,0.25,0.25,0,0,0,0
82.4706,0.25,0.25,0.25,0.25,0,0,0,0
82.481,0.25,0.25,0.25,0.25,0,0,0,0
82.4912,0.25,0.25,0.25,0.25,0,0,0,0
82.5014,0.25,0.25,0.25,0.25,0,0,0,0
82.5117,0.25,0.25,0.25,0.25,0,0,0,0
82.5219,0.25,0.25,0.25,0.25,0,0,0,0
82.5321,0.25,0.25,0.25,0.25,0,0,0,0
82.5423,0.25,0.25,0.25,0.25,0,0,0,0
82.5526,0.25,0.25,0.25,0.25,0,0,0,0
82.5629,0.25,0.25,0.25,0.25,0,0,0,0
82.5731,0.25,0.25,0.25,0.25,0,0,0,0
82.5833,0.25,0.25,0.25,0.25,0,0,0,0
82.5935,0.25,0.25,0.25,0.25,0,0,0,0
82.6038,0.25,0.25,0.25,0.25,0,0,0,0
82.614,0.25,0.25,0.25,0.25,0,0,0,0
82.6242,0.25,0.25,0.25,0.25,0,0,0,0
82.6344,0.25,0.25,0.25,0.25,0,0,0,0
82.6445,0.25,0.25,0.25,0.25,0,0,0,0
82.6547,0.25,0.25,0.25,0.25,0,0,0,0
82.6649,0.25,0.25,0.25,0.25,0,0,0,0
82.6752,0.25,0.25,0.25,0.25,0,0,0,0
82.6854,0.25,0.25,0.25,0.25,0,0,0,0
82.6956,0.25,0.25,0.25,0.25,0,0,0,0
82.7058,0.25,0.25,0.25,0.25,0,0,0,0
82.716,0.25,0.25,0.25,0.25,0,0,0,0
82.7263,0.25,0.25,0.25,0.25,0,0,0,0
82.7365,0.25,0.25,0.25,0.25,0,0,0,0
82.7467,0.25,0.25,0.25,0.25,0,0,0,0
82.7569,0.25,0.25,0.25,0.25,0,0,0,0
82.7671,0.25,0.25,0.25,0.25,0,0,0,0
82.7774,0.25,0.25,0.25,0.25,0,0,0,0
82.7876,0.25,0.25,0.25,0.25,0,0,0,0
82.7978,0.25,0.25,0.25,0.25,0,0,0,0
82.808,0.25,0.25,0.25,0.25,0,0,0,0
82.8183,0.25,0.25,0.25,0.25,0,0,0,0
82.8285,0.25,0.25,0.25,0.25,0,0,0,0
82.8387,0.25,0.25,0.25,0.25,0,0,0,0
82.8489,0.25,0.25,0.25,0.25,0,0,0,0
82.8592,0.25,0.25,0.25,0.25,0,0,0,0
82.8694,0.25,0.25,0.25,0.25,0,0,0,0
82.8796,0.25,0.25,0.25,0.25,0,0,0,0
82.8898,0.25,0.25,0.25,0.25,0,0,0,0
82.9001,0.25,0.25,0.25,0.25,0,0,0,0
82.9103,0.25,0.25,0.25,0.25,0,0,0,0
82.9205,0.25,0.25,0.25,0.25,0,0,0,0
82.9307,0.25,0.25,0.25,0.25,0,0,0,0
82.941,0.25,0.25,0.25,0.25,0,0,0,0
82.9512,0.25,0.25,0.25,0.25,0,0,0,0
82.9614,0.25,0.25,0.25,0.25,0,0,0,0
82.9716,0.25,0.25,0.25,0.25,0,0,0,0
82.9818,0.25,0.25,0.25,0.25,0,0,0,0
82.992,0.25,0.25,0.25,0.25,0,0,0,0
83.0023,0.25,0.25,0.25,0.25,0,0,0,0
83.0125,0.25,0.25,0.25,0.25,0,0,0,0
83.0227,0.25,0.25,0.25,0.25,0,0,0,0
83.0329,0.25,0.25,0.25,0.25,0,0,0,0
83.0431,0.25,0.25,0.25,0.25,0,0,0,0
83.0534,0.25,0.25,0.25,0.25,0,0,0,0
83.0636,0.25,0.25,0.25,0.25,0,0,0,0
83.0738,0.25,0.25,0.25,0.25,0,0,0,0
83.084,0.25,0.25,0.25,0.25,0,0,0,0
83.0942,0.25,0.25,0.25,0.25,0,0,0,0
83.1045,0.25,0.25,0.25,0.25,0,0,0,0
83.1147,0.25,0.25,0.25,0.25,0,0,0,0
83.1249,0.25,0.25,0.25,0.25,0,0,0,0
83.1351,0.25,0.25,0.25,0.25,0,0,0,0
83.1454,0.25,0.25,0.25,0.25,0,0,0,0
83.1556,0.25,0.25,0.25,0.25,0,0,0,0
83.1659,0.25,0.25,0.25,0.25,0,0,0,0
83.1762,0.25,0.25,0.25,0.25,0,0,0,0
83.1864,0.25,0.25,0.25,0.25,0,0,0,0
83.1966,0.25,0.25,0.25,0.25,0,0,0,0
83.2068,0.25,0.25,0.25,0.25,0,0,0,0
83.217,0.25,0.25,0.25,0.25,0,0,0,0
83.2273,0.25,0.25,0.25,0.25,0,0,0,0
83.2375,0.25,0.25,0.25,0.25,0,0,0,0
83.2477,0.25,0.25,0.25,0.25,0,0,0,0
83.2579,0.25,0.25,0.25,0.25,0,0,0,0
83.2681,0.25,0.25,0.25,0.25,0,0,0,0
83.2784,0.25,0.25,0.25,0.25,0,0,0,0
83.2886,0.25,0.25,0.25,0.25,0,0,0,0
83.2988,0.25,0.25,0.25,0.25,0,0,0,0
83.3091,0.25,0.25,0.25,0.25,0,0,0,0
83.3193,0.25,0.25,0.25,0.25,0,0,0,0
83.3295,0.25,0.25,0.25,0.25,0,0,0,0
83.3397,0.25,0.25,0.25,0.25,0,0,0,0
83.35,0.25,0.25,0.25,0.25,0,0,0,0
83.3602,0.25,0.25,0.25,0.25,0,0,0,0
83.3704,0.25,0.25,0.25,0.25,0,0,0,0
83.3806,0.25,0.25,0.25,0.25,0,0,0,0
83.3908,0.25,0.25,0.25,0.25,0,0,0,0
83.4011,0.25,0.25,0.25,0.25,0,0,0,0
83.4113,0.25,0.25,0.25,0.25,0,0,0,0
83.4215,0.25,0.25,0.25,0.25,0,0,0,0
83.4317,0.25,0.25,0.25,0.25,0,0,0,0
83.442,0.25,0.25,0.25,0.25,0,0,0,0
83.4522,0.25,0.25,0.25,0.25,0,0,0,0
83.4624,0.25,0.25,0.25,0.25,0,0,0,0
83.4726,0.25,0.25,0.25,0.25,0,0,0,0
83.4829,0.25,0.25,0.25,0.25,0,0,0,0
83.4931,0.25,0.25,0.25,0.25,0,0,0,0
83.5033,0.25,0.25,0.25,0.25,0,0,0,0
83.5135,0.25,0.25,0.25,0.25,0,0,0,0
83.5237,0.25,0.25,0.25,0.25,0,0,0,0
83.534,0.25,0.25,0.25,0.25,0,0,0,0
83.5442,0.25,0.25,0.25,0.25,0,0,0,0
83.5544,0.25,0.25,0.25,0.25,0,0,0,0
83.5646,0.25,0.25,0.25,0.25,0,0,0,0
83.5749,0.25,0.25,0.25,0.25,0,0,0,0
83.5851,0.25,0.25,0.25,0.25,0,0,0,0
83.5954,0.25,0.25,0.25,0.25,0,0,0,0
83.6057,0.25,0.25,0.25,0.25,0,0,0,0
83.6159,0.25,0.25,0.25,0.25,0,0,0,0
83.6261,0.25,0.25,0.25,0.25,0,0,0,0
83.6363,0.25,0.25,0.25,0.25,0,0,0,0
83.6466,0.25,0.25,0.25,0.25,0,0,0,0
83.6568,0.25,0.25,0.25,0.25,0,0,0,0
83.667,0.25,0.25,0.25,0.25,0,0,0,0
83.6772,0.25,0.25,0.25,0.25,0,0,0,0
83.6874,0.25,0.25,0.25,0.25,0,0,0,0
83.6976,0.25,0.25,0.25,0.25,0,0,0,0
83.7079,0.25,0.25,0.25,0.25,0,0,0,0
83.7181,0.25,0.25,0.25,0.25,0,0,0,0
83.7283,0.25,0.25,0.25,0.25,0,0,0,0
83.7385,0.25,0.25,0.25,0.25,0,0,0,0
83.7487,0.25,0.25,0.25,0.25,0,0,0,0
83.759,0.25,0.25,0.25,0.25,0,0,0,0
83.7693,0.25,0.25,0.25,0.25,0,0,0,0
83.7795,0.25,0.25,0.25,0.25,0,0,0,0
83.7898,0.25,0.25,0.25,0.25,0,0,0,0
83.8,0.25,0.25,0.25,0.25,0,0,0,0
83.8102,0.25,0.25,0.25,0.25,0,0,0,0
83.8205,0.25,0.25,0.25,0.25,0,0,0,0
83.8307,0.25,0.25,0.25,0.25,0,0,0,0
83.8409,0.25,0.25,0.25,0.25,0,0,0,0
83.8512,0.25,0.25,0.25,0.25,0,0,0,0
83.8613,0.25,0.25,0.25,0.25,0,0,0,0
83.8714,0.25,0.25,0.25,0.25,0,0,0,0
83.8815,0.25,0.25,0.25,0.25,0,0,0,0
83.8916,0.25,0.25,0.25,0.25,0,0,0,0
83.9017,0.25,0.25,0.25,0.25,0,0,0,0
83.9119,0.25,0.25,0.25,0.25,0,0,0,0
83.922,0.25,0.25,0.25,0.25,0,0,0,0
83.9321,0.25,0.25,0.25,0.25,0,0,0,0
83.9422,0.25,0.25,0.25,0.25,0,0,0,0
83.9523,0.25,0.25,0.25,0.25,0,0,0,0
83.9625,0.25,0.25,0.25,0.25,0,0,0,0
83.9726,0.25,0.25,0.25,0.25,0,0,0,0
83.9828,0.25,0.25,0.25,0.25,0,0,0,0
83.9931,0.25,0.25,0.25,0.25,0,0,0,0
84.0033,0.25,0.25,0.25,0.25,0,0,0,0
84.0135,0.25,0.25,0.25,0.25,0,0,0,0
84.0237,0.25,0.25,0.25,0.25,0,0,0,0
84.0339,0.25,0.25,0.25,0.25,0,0,0,0
84.0442,0.25,0.25,0.25,0.25,0,0,0,0
84.0544,0.25,0.25,0.25,0.25,0,0,0,0
84.0646,0.25,0.25,0.25,0.25,0,0,0,0
84.0748,0.25,0.25,0.25,0.25,0,0,0,0
84.0852,0.25,0.25,0.25,0.25,0,0,0,0
84.0954,0.25,0.25,0.25,0.25,0,0,0,0
84.1056,0.25,0.25,0.25,0.25,0,0,0,0
84.1158,0.25,0.25,0.25,0.25,0,0,0,0
84.126,0.25,0.25,0.25,0.25,0,0,0,0
84.1363,0.25,0.25,0.25,0.25,0,0,0,0
84.1465,0.25,0.25,0.25,0.25,0,0,0,0
84.1567,0.25,0.25,0.25,0.25,0,0,0,0
84.1669,0.25,0.25,0.25,0.25,0,0,0,0
84.1771,0.25,0.25,0.25,0.25,0,0,0,0
84.1874,0.25,0.25,0.25,0.25,0,0,0,0
84.1976,0.25,0.25,0.25,0.25,0,0,0,0
84.2078,0.25,0.25,0.25,0.25,0,0,0,0
84.218,0.25,0.25,0.25,0.25,0,0,0,0
84.2283,0.25,0.25,0.25,0.25,0,0,0,0
84.2385,0.25,0.25,0.25,0.25,0,0,0,0
84.2487,0.25,0.25,0.25,0.25,0,0,0,0
84.2589,0.25,0.25,0.25,0.25,0,0,0,0
84.2691,0.25,0.25,0.25,0.25,0,0,0,0
84.2794,0.25,0.25,0.25,0.25,0,0,0,0
84.2896,0.25,0.25,0.25,0.25,0,0,0,0
84.2998,0.25,0.25,0.25,0.25,0,0,0,0
84.31,0.25,0.25,0.25,0.25,0,0,0,0
84.3202,0.25,0.25,0.25,0.25,0,0,0,0
84.3305,0.25,0.25,0.25,0.25,0,0,0,0
84.3407,0.25,0.25,0.25,0.25,0,0,0,0
84.3509,0.25,0.25,0.25,0.25,0,0,0,0
84.3611,0.25,0.25,0.25,0.25,0,0,0,0
84.3713,0.25,0.25,0.25,0.25,0,0,0,0
84.3816,0.25,0.25,0.25,0.25,0,0,0,0
84.3918,0.25,0.25,0.25,0.25,0,0,0,0
84.402,0.25,0.25,0.25,0.25,0,0,0,0
84.4122,0.25,0.25,0.25,0.25,0,0,0,0
84.4225,0.25,0.25,0.25,0.25,0,0,0,0
84.4327,0.25,0.25,0.25,0.25,0,0,0,0
84.443,0.25,0.25,0.25,0.25,0,0,0,0
84.4531,0.25,0.25,0.25,0.25,0,0,0,0
84.4634,0.25,0.25,0.25,0.25,0,0,0,0
84.4736,0.25,0.25,0.25,0.25,0,0,0,0
84.4838,0.25,0.25,0.25,0.25,0,0,0,0
84.4941,0.25,0.25,0.25,0.25,0,0,0,0
84.5044,0.25,0.25,0.25,0.25,0,0,0,0
84.5146,0.25,0.25,0.25,0.25,0,0,0,0
84.5249,0.25,0.25,0.25,0.25,0,0,0,0
84.5352,0.25,0.25,0.25,0.25,0,0,0,0
84.5454,0.25,0.25,0.25,0.25,0,0,0,0
84.5557,0.25,0.25,0.25,0.25,0,0,0,0
84.5658,0.25,0.25,0.25,0.25,0,0,0,0
84.5759,0.25,0.25,0.25,0.25,0,0,0,0
84.586,0.25,0.25,0.25,0.25,0,0,0,0
84.5961,0.25,0.25,0.25,0.25,0,0,0,0
84.6063,0.25,0.25,0.25,0.25,0,0,0,0
84.6166,0.25,0.25,0.25,0.25,0,0,0,0
84.6269,0.25,0.25,0.25,0.25,0,0,0,0
84.6371,0.25,0.25,0.25,0.25,0,0,0,0
84.6473,0.25,0.25,0.25,0.25,0,0,0,0
84.6574,0.25,0.25,0.25,0.25,0,0,0,0
84.6677,0.25,0.25,0.25,0.25,0,0,0,0
84.6778,0.25,0.25,0.25,0.25,0,0,0,0
84.688,0.25,0.25,0.25,0.25,0,0,0,0
84.6983,0.25,0.25,0.25,0.25,0,0,0,0
84.7084,0.25,0.25,0.25,0.25,0,0,0,0
84.7186,0.25,0.25,0.25,0.25,0,0,0,0
84.7288,0.25,0.25,0.25,0.25,0,0,0,0
84.739,0.25,0.25,0.25,0.25,0,0,0,0
84.7493,0.25,0.25,0.25,0.25,0,0,0,0
84.7594,0.25,0.25,0.25,0.25,0,0,0,0
84.7697,0.25,0.25,0.25,0.25,0,0,0,0
84.7798,0.25,0.25,0.25,0.25,0,0,0,0
84.7901,0.25,0.25,0.25,0.25,0,0,0,0
84.8001,0.25,0.25,0.25,0.25,0,0,0,0
84.8104,0.25,0.25,0.25,0.25,0,0,0,0
84.8206,0.25,0.25,0.25,0.25,0,0,0,0
84.8307,0.25,0.25,0.25,0.25,0,0,0,0
84.8409,0.25,0.25,0.25,0.25,0,0,0,0
84.851,0.25,0.25,0.25,0.25,0,0,0,0
84.8612,0.25,0.25,0.25,0.25,0,0,0,0
84.8714,0.25,0.25,0.25,0.25,0,0,0,0
84.8817,0.25,0.25,0.25,0.25,0,0,0,0
84.8919,0.25,0.25,0.25,0.25,0,0,0,0
84.9021,0.25,0.25,0.25,0.25,0,0,0,0
84.9123,0.25,0.25,0.25,0.25,0,0,0,0
84.9226,0.25,0.25,0.25,0.25,0,0,0,0
84.9329,0.25,0.25,0.25,0.25,0,0,0,0
84.9431,0.25,0.25,0.25,0.25,0,0,0,0
84.9533,0.25,0.25,0.25,0.25,0,0,0,0
84.9635,0.25,0.25,0.25,0.25,0,0,0,0
84.9737,0.25,0.25,0.25,0.25,0,0,0,0
84.984,0.25,0.25,0.25,0.25,0,0,0,0
84.9942,0.25,0.25,0.25,0.25,0,0,0,0
85.0044,0.25,0.25,0.25,0.25,0,0,0,0
85.0146,0.25,0.25,0.25,0.25,0,0,0,0
85.0249,0.25,0.25,0.25,0.25,0,0,0,0
85.035,0.25,0.25,0.25,0.25,0,0,0,0
85.0451,0.25,0.25,0.25,0.25,0,0,0,0
85.0554,0.25,0.25,0.25,0.25,0,0,0,0
85.0657,0.25,0.25,0.25,0.25,0,0,0,0
85.0759,0.25,0.25,0.25,0.25,0,0,0,0
85.086,0.25,0.25,0.25,0.25,0,0,0,0
85.0961,0.25,0.25,0.25,0.25,0,0,0,0
85.1062,0.25,0.25,0.25,0.25,0,0,0,0
85.1163,0.25,0.25,0.25,0.25,0,0,0,0
85.1263,0.25,0.25,0.25,0.25,0,0,0,0
85.1365,0.25,0.25,0.25,0.25,0,0,0,0
85.1466,0.25,0.25,0.25,0.25,0,0,0,0
85.1567,0.25,0.25,0.25,0.25,0,0,0,0
85.1667,0.25,0.25,0.25,0.25,0,0,0,0
85.1768,0.25,0.25,0.25,0.25,0,0,0,0
85.187,0.25,0.25,0.25,0.25,0,0,0,0
85.1975,0.25,0.25,0.25,0.25,0,0,0,0
85.2075,0.25,0.25,0.25,0.25,0,0,0,0
85.2177,0.25,0.25,0.25,0.25,0,0,0,0
85.228,0.25,0.25,0.25,0.25,0,0,0,0
85.2381,0.25,0.25,0.25,0.25,0,0,0,0
85.2483,0.25,0.25,0.25,0.25,0,0,0,0
85.2586,0.25,0.25,0.25,0.25,0,0,0,0
85.2691,0.25,0.25,0.25,0.25,0,0,0,0
85.2792,0.25,0.25,0.25,0.25,0,0,0,0
85.2893,0.25,0.25,0.25,0.25,0,0,0,0
85.2994,0.25,0.25,0.25,0.25,0,0,0,0
85.3095,0.25,0.25,0.25,0.25,0,0,0,0
85.3197,0.25,0.25,0.25,0.25,0,0,0,0
85.3297,0.25,0.25,0.25,0.25,0,0,0,0
85.3398,0.25,0.25,0.25,0.25,0,0,0,0
85.35,0.25,0.25,0.25,0.25,0,0,0,0
85.3601,0.25,0.25,0.25,0.25,0,0,0,0
85.3703,0.25,0.25,0.25,0.25,0,0,0,0
85.3804,0.25,0.25,0.25,0.25,0,0,0,0
85.3906,0.25,0.25,0.25,0.25,0,0,0,0
85.4007,0.25,0.25,0.25,0.25,0,0,0,0
85.4109,0.25,0.25,0.25,0.25,0,0,0,0
85.421,0.25,0.25,0.25,0.25,0,0,0,0
85.4313,0.25,0.25,0.25,0.25,0,0,0,0
85.4415,0.25,0.25,0.25,0.25,0,0,0,0
85.4517,0.25,0.25,0.25,0.25,0,0,0,0
85.462,0.25,0.25,0.25,0.25,0,0,0,0
85.4722,0.25,0.25,0.25,0.25,0,0,0,0
85.4825,0.25,0.25,0.25,0.25,0,0,0,0
85.4927,0.25,0.25,0.25,0.25,0,0,0,0
85.503,0.25,0.25,0.25,0.25,0,0,0,0
85.5132,0.25,0.25,0.25,0.25,0,0,0,0
85.5233,0.25,0.25,0.25,0.25,0,0,0,0
85.5336,0.25,0.25,0.25,0.25,0,0,0,0
85.5438,0.25,0.25,0.25,0.25,0,0,0,0
85.554,0.25,0.25,0.25,0.25,0,0,0,0
85.5641,0.25,0.25,0.25,0.25,0,0,0,0
85.5743,0.25,0.25,0.25,0.25,0,0,0,0
85.5845,0.25,0.25,0.25,0.25,0,0,0,0
85.5948,0.25,0.25,0.25,0.25,0,0,0,0
85.605,0.25,0.25,0.25,0.25,0,0,0,0
85.6153,0.25,0.25,0.25,0.25,0,0,0,0
85.6255,0.25,0.25,0.25,0.25,0,0,0,0
85.6358,0.25,0.25,0.25,0.25,0,0,0,0
85.6459,0.25,0.25,0.25,0.25,0,0,0,0
85.656,0.25,0.25,0.25,0.25,0,0,0,0
85.6661,0.25,0.25,0.25,0.25,0,0,0,0
85.6764,0.25,0.25,0.25,0.25,0,0,0,0
85.6866,0.25,0.25,0.25,0.25,0,0,0,0
85.6968,0.25,0.25,0.25,0.25,0,0,0,0
85.707,0.25,0.25,0.25,0.25,0,0,0,0
85.7172,0.25,0.25,0.25,0.25,0,0,0,0
85.7274,0.25,0.25,0.25,0.25,0,0,0,0
85.7377,0.25,0.25,0.25,0.25,0,0,0,0
85.7479,0.25,0.25,0.25,0.25,0,0,0,0
85.7581,0.25,0.25,0.25,0.25,0,0,0,0
85.7684,0.25,0.25,0.25,0.25,0,0,0,0
85.7786,0.25,0.25,0.25,0.25,0,0,0,0
85.7889,0.25,0.25,0.25,0.25,0,0,0,0
85.7991,0.25,0.25,0.25,0.25,0,0,0,0
85.8094,0.25,0.25,0.25,0.25,0,0,0,0
85.8195,0.25,0.25,0.25,0.25,0,0,0,0
85.8296,0.25,0.25,0.25,0.25,0,0,0,0
85.8399,0.25,0.25,0.25,0.25,0,0,0,0
85.85,0.25,0.25,0.25,0.25,0,0,0,0
85.8603,0.25,0.25,0.25,0.25,0,0,0,0
85.8706,0.25,0.25,0.25,0.25,0,0,0,0
85.8808,0.25,0.25,0.25,0.25,0,0,0,0
85.8911,0.25,0.25,0.25,0.25,0,0,0,0
85.9013,0.25,0.25,0.25,0.25,0,0,0,0
85.9116,0.25,0.25,0.25,0.25,0,0,0,0
85.9218,0.25,0.25,0.25,0.25,0,0,0,0
85.9321,0.25,0.25,0.25,0.25,0,0,0,0
85.9424,0.25,0.25,0.25,0.25,0,0,0,0
85.9526,0.25,0.25,0.25,0.25,0,0,0,0
85.9629,0.25,0.25,0.25,0.25,0,0,0,0
85.9732,0.25,0.25,0.25,0.25,0,0,0,0
85.9834,0.25,0.25,0.25,0.25,0,0,0,0
85.9937,0.25,0.25,0.25,0.25,0,0,0,0
86.0039,0.25,0.25,0.25,0.25,0,0,0,0
86.0142,0.25,0.25,0.25,0.25,0,0,0,0
86.0244,0.25,0.25,0.25,0.25,0,0,0,0
86.0347,0.25,0.25,0.25,0.25,0,0,0,0
86.045,0.25,0.25,0.25,0.25,0,0,0,0
86.0552,0.25,0.25,0.25,0.25,0,0,0,0
86.0655,0.25,0.25,0.25,0.25,0,0,0,0
86.0757,0.25,0.25,0.25,0.25,0,0,0,0
86.086,0.25,0.25,0.25,0.25,0,0,0,0
86.0961,0.25,0.25,0.25,0.25,0,0,0,0
86.1062,0.25,0.25,0.25,0.25,0,0,0,0
86.1165,0.25,0.25,0.25,0.25,0,0,0,0
86.1268,0.25,0.25,0.25,0.25,0,0,0,0
86.1371,0.25,0.25,0.25,0.25,0,0,0,0
86.1473,0.25,0.25,0.25,0.25,0,0,0,0
86.1576,0.25,0.25,0.25,0.25,0,0,0,0
86.1678,0.25,0.25,0.25,0.25,0,0,0,0
86.178,0.25,0.25,0.25,0.25,0,0,0,0
86.1883,0.25,0.25,0.25,0.25,0,0,0,0
86.1986,0.25,0.25,0.25,0.25,0,0,0,0
86.2089,0.25,0.25,0.25,0.25,0,0,0,0
86.2191,0.25,0.25,0.25,0.25,0,0,0,0
86.2293,0.25,0.25,0.25,0.25,0,0,0,0
86.2395,0.25,0.25,0.25,0.25,0,0,0,0
86.2498,0.25,0.25,0.25,0.25,0,0,0,0
86.26,0.25,0.25,0.25,0.25,0,0,0,0
86.2702,0.25,0.25,0.25,0.25,0,0,0,0
86.2804,0.25,0.25,0.25,0.25,0,0,0,0
86.2907,0.25,0.25,0.25,0.25,0,0,0,0
86.301,0.25,0.25,0.25,0.25,0,0,0,0
86.3112,0.25,0.25,0.25,0.25,0,0,0,0
86.3215,0.25,0.25,0.25,0.25,0,0,0,0
86.3318,0.25,0.25,0.25,0.25,0,0,0,0
86.342,0.25,0.25,0.25,0.25,0,0,0,0
86.3523,0.25,0.25,0.25,0.25,0,0,0,0
86.3625,0.25,0.25,0.25,0.25,0,0,0,0
86.3727,0.25,0.25,0.25,0.25,0,0,0,0
86.3829,0.25,0.25,0.25,0.25,0,0,0,0
86.3932,0.25,0.25,0.25,0.25,0,0,0,0
86.4034,0.25,0.25,0.25,0.25,0,0,0,0
86.4137,0.25,0.25,0.25,0.25,0,0,0,0
86.4239,0.25,0.25,0.25,0.25,0,0,0,0
86.4342,0.25,0.25,0.25,0.25,0,0,0,0
86.4444,0.25,0.25,0.25,0.25,0,0,0,0
86.4546,0.25,0.25,0.25,0.25,0,0,0,0
86.4649,0.25,0.25,0.25,0.25,0,0,0,0
86.4751,0.25,0.25,0.25,0.25,0,0,0,0
86.4854,0.25,0.25,0.25,0.25,0,0,0,0
86.4956,0.25,0.25,0.25,0.25,0,0,0,0
86.5059,0.25,0.25,0.25,0.25,0,0,0,0
86.5162,0.25,0.25,0.25,0.25,0,0,0,0
86.5264,0.25,0.25,0.25,0.25,0,0,0,0
86.5364,0.25,0.25,0.25,0.25,0,0,0,0
86.5465,0.25,0.25,0.25,0.25,0,0,0,0
86.5567,0.25,0.25,0.25,0.25,0,0,0,0
86.5668,0.25,0.25,0.25,0.25,0,0,0,0
86.5769,0.25,0.25,0.25,0.25,0,0,0,0
86.587,0.25,0.25,0.25,0.25,0,0,0,0
86.5972,0.25,0.25,0.25,0.25,0,0,0,0
86.6075,0.25,0.25,0.25,0.25,0,0,0,0
86.6177,0.25,0.25,0.25,0.25,0,0,0,0
86.6279,0.25,0.25,0.25,0.25,0,0,0,0
86.6381,0.25,0.25,0.25,0.25,0,0,0,0
86.6483,0.25,0.25,0.25,0.25,0,0,0,0
86.6585,0.25,0.25,0.25,0.25,0,0,0,0
86.6688,0.25,0.25,0.25,0.25,0,0,0,0
86.6791,0.25,0.25,0.25,0.25,0,0,0,0
86.6892,0.25,0.25,0.25,0.25,0,0,0,0
86.6994,0.25,0.25,0.25,0.25,0,0,0,0
86.7097,0.25,0.25,0.25,0.25,0,0,0,0
86.7199,0.25,0.25,0.25,0.25,0,0,0,0
86.7301,0.25,0.25,0.25,0.25,0,0,0,0
86.7404,0.25,0.25,0.25,0.25,0,0,0,0
86.7507,0.25,0.25,0.25,0.25,0,0,0,0
86.761,0.25,0.25,0.25,0.25,0,0,0,0
86.7712,0.25,0.25,0.25,0.25,0,0,0,0
86.7814,0.25,0.25,0.25,0.25,0,0,0,0
86.7917,0.25,0.25,0.25,0.25,0,0,0,0
86.802,0.25,0.25,0.25,0.25,0,0,0,0
86.8122,0.25,0.25,0.25,0.25,0,0,0,0
86.8225,0.25,0.25,0.25,0.25,0,0,0,0
86.8327,0.25,0.25,0.25,0.25,0,0,0,0
86.8429,0.25,0.25,0.25,0.25,0,0,0,0
86.8532,0.25,0.25,0.25,0.25,0,0,0,0
86.8634,0.25,0.25,0.25,0.25,0,0,0,0
86.8735,0.25,0.25,0.25,0.25,0,0,0,0
86.8837,0.25,0.25,0.25,0.25,0,0,0,0
86.8939,0.25,0.25,0.25,0.25,0,0,0,0
86.9041,0.25,0.25,0.25,0.25,0,0,0,0
86.9143,0.25,0.25,0.25,0.25,0,0,0,0
86.9245,0.25,0.25,0.25,0.25,0,0,0,0
86.9347,0.25,0.25,0.25,0.25,0,0,0,0
86.9449,0.25,0.25,0.25,0.25,0,0,0,0
86.9551,0.25,0.25,0.25,0.25,0,0,0,0
86.9653,0.25,0.25,0.25,0.25,0,0,0,0
86.9754,0.25,0.25,0.25,0.25,0,0,0,0
86.9857,0.25,0.25,0.25,0.25,0,0,0,0
86.996,0.25,0.25,0.25,0.25,0,0,0,0
87.0062,0.25,0.25,0.25,0.25,0,0,0,0
87.0165,0.25,0.25,0.25,0.25,0,0,0,0
87.0267,0.25,0.25,0.25,0.25,0,0,0,0
87.0368,0.25,0.25,0.25,0.25,0,0,0,0
87.0469,0.25,0.25,0.25,0.25,0,0,0,0
87.0572,0.25,0.25,0.25,0.25,0,0,0,0
87.0675,0.25,0.25,0.25,0.25,0,0,0,0
87.0776,0.25,0.25,0.25,0.25,0,0,0,0
87.0879,0.25,0.25,0.25,0.25,0,0,0,0
87.0981,0.25,0.25,0.25,0.25,0,0,0,0
87.1084,0.25,0.25,0.25,0.25,0,0,0,0
87.1187,0.25,0.25,0.25,0.25,0,0,0,0
87.1289,0.25,0.25,0.25,0.25,0,0,0,0
87.1391,0.25,0.25,0.25,0.25,0,0,0,0
87.1494,0.25,0.25,0.25,0.25,0,0,0,0
87.1597,0.25,0.25,0.25,0.25,0,0,0,0
87.1699,0.25,0.25,0.25,0.25,0,0,0,0
87.1802,0.25,0.25,0.25,0.25,0,0,0,0
87.1904,0.25,0.25,0.25,0.25,0,0,0,0
87.2007,0.25,0.25,0.25,0.25,0,0,0,0
87.2109,0.25,0.25,0.25,0.25,0,0,0,0
87.2211,0.25,0.25,0.25,0.25,0,0,0,0
87.2313,0.25,0.25,0.25,0.25,0,0,0,0
87.2416,0.25,0.25,0.25,0.25,0,0,0,0
87.2519,0.25,0.25,0.25,0.25,0,0,0,0
87.2622,0.25,0.25,0.25,0.25,0,0,0,0
87.2724,0.25,0.25,0.25,0.25,0,0,0,0
87.2827,0.25,0.25,0.25,0.25,0,0,0,0
87.2929,0.25,0.25,0.25,0.25,0,0,0,0
87.3032,0.25,0.25,0.25,0.25,0,0,0,0
87.3134,0.25,0.25,0.25,0.25,0,0,0,0
87.3236,0.25,0.25,0.25,0.25,0,0,0,0
87.3338,0.25,0.25,0.25,0.25,0,0,0,0
87.3441,0.25,0.25,0.25,0.25,0,0,0,0
87.3543,0.25,0.25,0.25,0.25,0,0,0,0
87.3646,0.25,0.25,0.25,0.25,0,0,0,0
87.3748,0.25,0.25,0.25,0.25,0,0,0,0
87.385,0.25,0.25,0.25,0.25,0,0,0,0
87.3953,0.25,0.25,0.25,0.25,0,0,0,0
87.4056,0.25,0.25,0.25,0.25,0,0,0,0
87.4159,0.25,0.25,0.25,0.25,0,0,0,0
87.4261,0.25,0.25,0.25,0.25,0,0,0,0
87.4363,0.25,0.25,0.25,0.25,0,0,0,0
87.4466,0.25,0.25,0.25,0.25,0,0,0,0
87.4568,0.25,0.25,0.25,0.25,0,0,0,0
87.467,0.25,0.25,0.25,0.25,0,0,0,0
87.4773,0.25,0.25,0.25,0.25,0,0,0,0
87.4876,0.25,0.25,0.25,0.25,0,0,0,0
87.4979,0.25,0.25,0.25,0.25,0,0,0,0
87.5081,0.25,0.25,0.25,0.25,0,0,0,0
87.5184,0.25,0.25,0.25,0.25,0,0,0,0
87.5286,0.25,0.25,0.25,0.25,0,0,0,0
87.5388,0.25,0.25,0.25,0.25,0,0,0,0
87.5491,0.25,0.25,0.25,0.25,0,0,0,0
87.5594,0.25,0.25,0.25,0.25,0,0,0,0
87.5695,0.25,0.25,0.25,0.25,0,0,0,0
87.5796,0.25,0.25,0.25,0.25,0,0,0,0
87.5899,0.25,0.25,0.25,0.25,0,0,0,0
87.6,0.25,0.25,0.25,0.25,0,0,0,0
87.6101,0.25,0.25,0.25,0.25,0,0,0,0
87.6203,0.25,0.25,0.25,0.25,0,0,0,0
87.6305,0.25,0.25,0.25,0.25,0,0,0,0
87.6407,0.25,0.25,0.25,0.25,0,0,0,0
87.6509,0.25,0.25,0.25,0.25,0,0,0,0
87.6611,0.25,0.25,0.25,0.25,0,0,0,0
87.6713,0.25,0.25,0.25,0.25,0,0,0,0
87.6815,0.25,0.25,0.25,0.25,0,0,0,0
87.6917,0.25,0.25,0.25,0.25,0,0,0,0
87.702,0.25,0.25,0.25,0.25,0,0,0,0
87.7123,0.25,0.25,0.25,0.25,0,0,0,0
87.7225,0.25,0.25,0.25,0.25,0,0,0,0
87.7327,0.25,0.25,0.25,0.25,0,0,0,0
87.743,0.25,0.25,0.25,0.25,0,0,0,0
87.7532,0.25,0.25,0.25,0.25,0,0,0,0
87.7634,0.25,0.25,0.25,0.25,0,0,0,0
87.7737,0.25,0.25,0.25,0.25,0,0,0,0
87.7839,0.25,0.25,0.25,0.25,0,0,0,0
87.7942,0.25,0.25,0.25,0.25,0,0,0,0
87.8044,0.25,0.25,0.25,0.25,0,0,0,0
87.8147,0.25,0.25,0.25,0.25,0,0,0,0
87.825,0.25,0.25,0.25,0.25,0,0,0,0
87.8352,0.25,0.25,0.25,0.25,0,0,0,0
87.8455,0.25,0.25,0.25,0.25,0,0,0,0
87.8558,0.25,0.25,0.25,0.25,0,0,0,0
87.8661,0.25,0.25,0.25,0.25,0,0,0,0
87.8763,0.25,0.25,0.25,0.25,0,0,0,0
87.8866,0.25,0.25,0.25,0.25,0,0,0,0
87.8968,0.25,0.25,0.25,0.25,0,0,0,0
87.9069,0.25,0.25,0.25,0.25,0,0,0,0
87.9171,0.25,0.25,0.25,0.25,0,0,0,0
87.9273,0.25,0.25,0.25,0.25,0,0,0,0
87.9375,0.25,0.25,0.25,0.25,0,0,0,0
87.9477,0.25,0.25,0.25,0.25,0,0,0,0
87.9579,0.25,0.25,0.25,0.25,0,0,0,0
87.9681,0.25,0.25,0.25,0.25,0,0,0,0
87.9784,0.25,0.25,0.25,0.25,0,0,0,0
87.9887,0.25,0.25,0.25,0.25,0,0,0,0
87.9989,0.25,0.25,0.25,0.25,0,0,0,0
88.0092,0.25,0.25,0.25,0.25,0,0,0,0
88.0195,0.25,0.25,0.25,0.25,0,0,0,0
88.0298,0.25,0.25,0.25,0.25,0,0,0,0
88.04,0.25,0.25,0.25,0.25,0,0,0,0
88.0503,0.25,0.25,0.25,0.25,0,0,0,0
88.0605,0.25,0.25,0.25,0.25,0,0,0,0
88.0708,0.25,0.25,0.25,0.25,0,0,0,0
88.0811,0.25,0.25,0.25,0.25,0,0,0,0
88.0914,0.25,0.25,0.25,0.25,0,0,0,0
88.1016,0.25,0.25,0.25,0.25,0,0,0,0
88.1119,0.25,0.25,0.25,0.25,0,0,0,0
88.1221,0.25,0.25,0.25,0.25,0,0,0,0
88.1324,0.25,0.25,0.25,0.25,0,0,0,0
88.1427,0.25,0.25,0.25,0.25,0,0,0,0
88.1529,0.25,0.25,0.25,0.25,0,0,0,0
88.1631,0.25,0.25,0.25,0.25,0,0,0,0
88.1734,0.25,0.25,0.25,0.25,0,0,0,0
88.1837,0.25,0.25,0.25,0.25,0,0,0,0
88.1939,0.25,0.25,0.25,0.25,0,0,0,0
88.2042,0.25,0.25,0.25,0.25,0,0,0,0
88.2145,0.25,0.25,0.25,0.25,0,0,0,0
88.2247,0.25,0.25,0.25,0.25,0,0,0,0
88.2349,0.25,0.25,0.25,0.25,0,0,0,0
88.2451,0.25,0.25,0.25,0.25,0,0,0,0
88.2554,0.25,0.25,0.25,0.25,0,0,0,0
88.2657,0.25,0.25,0.25,0.25,0,0,0,0
88.276,0.25,0.25,0.25,0.25,0,0,0,0
88.2862,0.25,0.25,0.25,0.25,0,0,0,0
88.2965,0.25,0.25,0.25,0.25,0,0,0,0
88.3068,0.25,0.25,0.25,0.25,0,0,0,0
88.3171,0.25,0.25,0.25,0.25,0,0,0,0
88.3273,0.25,0.25,0.25,0.25,0,0,0,0
88.3375,0.25,0.25,0.25,0.25,0,0,0,0
88.3478,0.25,0.25,0.25,0.25,0,0,0,0
88.358,0.25,0.25,0.25,0.25,0,0,0,0
88.3683,0.25,0.25,0.25,0.25,0,0,0,0
88.3786,0.25,0.25,0.25,0.25,0,0,0,0
88.3889,0.25,0.25,0.25,0.25,0,0,0,0
88.3991,0.25,0.25,0.25,0.25,0,0,0,0
88.4094,0.25,0.25,0.25,0.25,0,0,0,0
88.4196,0.25,0.25,0.25,0.25,0,0,0,0
88.4298,0.25,0.25,0.25,0.25,0,0,0,0
88.4401,0.25,0.25,0.25,0.25,0,0,0,0
88.4503,0.25,0.25,0.25,0.25,0,0,0,0
88.4606,0.25,0.25,0.25,0.25,0,0,0,0
88.4709,0.25,0.25,0.25,0.25,0,0,0,0
88.4811,0.25,0.25,0.25,0.25,0,0,0,0
88.4914,0.25,0.25,0.25,0.25,0,0,0,0
88.5017,0.25,0.25,0.25,0.25,0,0,0,0
88.5119,0.25,0.25,0.25,0.25,0,0,0,0
88.5222,0.25,0.25,0.25,0.25,0,0,0,0
88.5325,0.25,0.25,0.25,0.25,0,0,0,0
88.5426,0.25,0.25,0.25,0.25,0,0,0,0
88.5528,0.25,0.25,0.25,0.25,0,0,0,0
88.5631,0.25,0.25,0.25,0.25,0,0,0,0
88.5733,0.25,0.25,0.25,0.25,0,0,0,0
88.5836,0.25,0.25,0.25,0.25,0,0,0,0
88.5939,0.25,0.25,0.25,0.25,0,0,0,0
88.6041,0.25,0.25,0.25,0.25,0,0,0,0
88.6144,0.25,0.25,0.25,0.25,0,0,0,0
88.6246,0.25,0.25,0.25,0.25,0,0,0,0
88.6349,0.25,0.25,0.25,0.25,0,0,0,0
88.6452,0.25,0.25,0.25,0.25,0,0,0,0
88.6555,0.25,0.25,0.25,0.25,0,0,0,0
88.6657,0.25,0.25,0.25,0.25,0,0,0,0
88.676,0.25,0.25,0.25,0.25,0,0,0,0
88.6863,0.25,0.25,0.25,0.25,0,0,0,0
88.6965,0.25,0.25,0.25,0.25,0,0,0,0
88.7068,0.25,0.25,0.25,0.25,0,0,0,0
88.717,0.25,0.25,0.25,0.25,0,0,0,0
88.7273,0.25,0.25,0.25,0.25,0,0,0,0
88.7375,0.25,0.25,0.25,0.25,0,0,0,0
88.7478,0.25,0.25,0.25,0.25,0,0,0,0
88.7581,0.25,0.25,0.25,0.25,0,0,0,0
88.7683,0.25,0.25,0.25,0.25,0,0,0,0
88.7786,0.25,0.25,0.25,0.25,0,0,0,0
88.7888,0.25,0.25,0.25,0.25,0,0,0,0
88.7991,0.25,0.25,0.25,0.25,0,0,0,0
88.8094,0.25,0.25,0.25,0.25,0,0,0,0
88.8197,0.25,0.25,0.25,0.25,0,0,0,0
88.8299,0.25,0.25,0.25,0.25,0,0,0,0
88.84,0.25,0.25,0.25,0.25,0,0,0,0
88.8502,0.25,0.25,0.25,0.25,0,0,0,0
88.8604,0.25,0.25,0.25,0.25,0,0,0,0
88.8706,0.25,0.25,0.25,0.25,0,0,0,0
88.8808,0.25,0.25,0.25,0.25,0,0,0,0
88.891,0.25,0.25,0.25,0.25,0,0,0,0
88.9012,0.25,0.25,0.25,0.25,0,0,0,0
88.9114,0.25,0.25,0.25,0.25,0,0,0,0
88.9216,0.25,0.25,0.25,0.25,0,0,0,0
88.9318,0.25,0.25,0.25,0.25,0,0,0,0
88.942,0.25,0.25,0.25,0.25,0,0,0,0
88.9522,0.25,0.25,0.25,0.25,0,0,0,0
88.9624,0.25,0.25,0.25,0.25,0,0,0,0
88.9727,0.25,0.25,0.25,0.25,0,0,0,0
88.9829,0.25,0.25,0.25,0.25,0,0,0,0
88.9931,0.25,0.25,0.25,0.25,0,0,0,0
89.0033,0.25,0.25,0.25,0.25,0,0,0,0
89.0135,0.25,0.25,0.25,0.25,0,0,0,0
89.0237,0.25,0.25,0.25,0.25,0,0,0,0
89.0339,0.25,0.25,0.25,0.25,0,0,0,0
89.0441,0.25,0.25,0.25,0.25,0,0,0,0
89.0542,0.25,0.25,0.25,0.25,0,0,0,0
89.0644,0.25,0.25,0.25,0.25,0,0,0,0
89.0747,0.25,0.25,0.25,0.25,0,0,0,0
89.085,0.25,0.25,0.25,0.25,0,0,0,0
89.0952,0.25,0.25,0.25,0.25,0,0,0,0
89.1055,0.25,0.25,0.25,0.25,0,0,0,0
89.1157,0.25,0.25,0.25,0.25,0,0,0,0
89.1259,0.25,0.25,0.25,0.25,0,0,0,0
89.1359,0.25,0.25,0.25,0.25,0,0,0,0
89.146,0.25,0.25,0.25,0.25,0,0,0,0
89.1561,0.25,0.25,0.25,0.25,0,0,0,0
89.1662,0.25,0.25,0.25,0.25,0,0,0,0
89.1762,0.25,0.25,0.25,0.25,0,0,0,0
89.1863,0.25,0.25,0.25,0.25,0,0,0,0
89.1964,0.25,0.25,0.25,0.25,0,0,0,0
89.2065,0.25,0.25,0.25,0.25,0,0,0,0
89.2167,0.25,0.25,0.25,0.25,0,0,0,0
89.2267,0.25,0.25,0.25,0.25,0,0,0,0
89.2369,0.25,0.25,0.25,0.25,0,0,0,0
89.2472,0.25,0.25,0.25,0.25,0,0,0,0
89.2573,0.25,0.25,0.25,0.25,0,0,0,0
89.2676,0.25,0.25,0.25,0.25,0,0,0,0
89.2777,0.25,0.25,0.25,0.25,0,0,0,0
89.2879,0.25,0.25,0.25,0.25,0,0,0,0
89.2981,0.25,0.25,0.25,0.25,0,0,0,0
89.3083,0.25,0.25,0.25,0.25,0,0,0,0
89.3185,0.25,0.25,0.25,0.25,0,0,0,0
89.3287,0.25,0.25,0.25,0.25,0,0,0,0
89.3389,0.25,0.25,0.25,0.25,0,0,0,0
89.3491,0.25,0.25,0.25,0.25,0,0,0,0
89.3592,0.25,0.25,0.25,0.25,0,0,0,0
89.3693,0.25,0.25,0.25,0.25,0,0,0,0
89.3795,0.25,0.25,0.25,0.25,0,0,0,0
89.3897,0.25,0.25,0.25,0.25,0,0,0,0
89.3999,0.25,0.25,0.25,0.25,0,0,0,0
89.4101,0.25,0.25,0.25,0.25,0,0,0,0
89.4204,0.25,0.25,0.25,0.25,0,0,0,0
89.4305,0.25,0.25,0.25,0.25,0,0,0,0
89.4407,0.25,0.25,0.25,0.25,0,0,0,0
89.451,0.25,0.25,0.25,0.25,0,0,0,0
89.4613,0.25,0.25,0.25,0.25,0,0,0,0
89.4715,0.25,0.25,0.25,0.25,0,0,0,0
89.4818,0.25,0.25,0.25,0.25,0,0,0,0
89.4921,0.25,0.25,0.25,0.25,0,0,0,0
89.5023,0.25,0.25,0.25,0.25,0,0,0,0
89.5126,0.25,0.25,0.25,0.25,0,0,0,0
89.5228,0.25,0.25,0.25,0.25,0,0,0,0
89.533,0.25,0.25,0.25,0.25,0,0,0,0
89.5433,0.25,0.25,0.25,0.25,0,0,0,0
89.5535,0.25,0.25,0.25,0.25,0,0,0,0
89.5637,0.25,0.25,0.25,0.25,0,0,0,0
89.574,0.25,0.25,0.25,0.25,0,0,0,0
89.5842,0.25,0.25,0.25,0.25,0,0,0,0
89.5944,0.25,0.25,0.25,0.25,0,0,0,0
89.6047,0.25,0.25,0.25,0.25,0,0,0,0
89.6149,0.25,0.25,0.25,0.25,0,0,0,0
89.6251,0.25,0.25,0.25,0.25,0,0,0,0
89.6354,0.25,0.25,0.25,0.25,0,0,0,0
89.6456,0.25,0.25,0.25,0.25,0,0,0,0
89.6559,0.25,0.25,0.25,0.25,0,0,0,0
89.6659,0.25,0.25,0.25,0.25,0,0,0,0
89.6761,0.25,0.25,0.25,0.25,0,0,0,0
89.6862,0.25,0.25,0.25,0.25,0,0,0,0
89.6964,0.25,0.25,0.25,0.25,0,0,0,0
89.7066,0.25,0.25,0.25,0.25,0,0,0,0
89.7168,0.25,0.25,0.25,0.25,0,0,0,0
89.727,0.25,0.25,0.25,0.25,0,0,0,0
89.7372,0.25,0.25,0.25,0.25,0,0,0,0
89.7474,0.25,0.25,0.25,0.25,0,0,0,0
89.7577,0.25,0.25,0.25,0.25,0,0,0,0
89.7679,0.25,0.25,0.25,0.25,0,0,0,0
89.7781,0.25,0.25,0.25,0.25,0,0,0,0
89.7883,0.25,0.25,0.25,0.25,0,0,0,0
89.7985,0.25,0.25,0.25,0.25,0,0,0,0
89.8087,0.25,0.25,0.25,0.25,0,0,0,0
89.8189,0.25,0.25,0.25,0.25,0,0,0,0
89.8291,0.25,0.25,0.25,0.25,0,0,0,0
89.8393,0.25,0.25,0.25,0.25,0,0,0,0
89.8495,0.25,0.25,0.25,0.25,0,0,0,0
89.8597,0.25,0.25,0.25,0.25,0,0,0,0
89.87,0.25,0.25,0.25,0.25,0,0,0,0
89.8802,0.25,0.25,0.25,0.25,0,0,0,0
89.8904,0.25,0.25,0.25,0.25,0,0,0,0
89.9006,0.25,0.25,0.25,0.25,0,0,0,0
89.9108,0.25,0.25,0.25,0.25,0,0,0,0
89.921,0.25,0.25,0.25,0.25,0,0,0,0
89.9313,0.25,0.25,0.25,0.25,0,0,0,0
89.9414,0.25,0.25,0.25,0.25,0,0,0,0
89.9516,0.25,0.25,0.25,0.25,0,0,0,0
89.9617,0.25,0.25,0.25,0.25,0,0,0,0
89.9719,0.25,0.25,0.25,0.25,0,0,0,0
89.9821,0.25,0.25,0.25,0.25,0,0,0,0
89.9923,0.25,0.25,0.25,0.25,0,0,0,0
90.0025,0.25,0.25,0.25,0.25,0,0,0,0
90.0129,0.25,0.25,0.25,0.25,0,0,0,0
90.0231,0.25,0.25,0.25,0.25,0,0,0,0
90.0334,0.25,0.25,0.25,0.25,0,0,0,0
90.0435,0.25,0.25,0.25,0.25,0,0,0,0
90.0538,0.25,0.25,0.25,0.25,0,0,0,0
90.064,0.25,0.25,0.25,0.25,0,0,0,0
90.0742,0.25,0.25,0.25,0.25,0,0,0,0
90.0845,0.25,0.25,0.25,0.25,0,0,0,0
90.0947,0.25,0.25,0.25,0.25,0,0,0,0
90.1049,0.25,0.25,0.25,0.25,0,0,0,0
90.1152,0.25,0.25,0.25,0.25,0,0,0,0
90.1254,0.25,0.25,0.25,0.25,0,0,0,0
90.1357,0.25,0.25,0.25,0.25,0,0,0,0
90.1459,0.25,0.25,0.25,0.25,0,0,0,0
90.1561,0.25,0.25,0.25,0.25,0,0,0,0
90.1664,0.25,0.25,0.25,0.25,0,0,0,0
90.1766,0.25,0.25,0.25,0.25,0,0,0,0
90.1869,0.25,0.25,0.25,0.25,0,0,0,0
90.1972,0.25,0.25,0.25,0.25,0,0,0,0
90.2074,0.25,0.25,0.25,0.25,0,0,0,0
90.2176,0.25,0.25,0.25,0.25,0,0,0,0
90.228,0.25,0.25,0.25,0.25,0,0,0,0
90.2382,0.25,0.25,0.25,0.25,0,0,0,0
90.2485,0.25,0.25,0.25,0.25,0,0,0,0
90.2588,0.25,0.25,0.25,0.25,0,0,0,0
90.2691,0.25,0.25,0.25,0.25,0,0,0,0
90.2793,0.25,0.25,0.25,0.25,0,0,0,0
90.2895,0.25,0.25,0.25,0.25,0,0,0,0
90.2997,0.25,0.25,0.25,0.25,0,0,0,0
90.31,0.25,0.25,0.25,0.25,0,0,0,0
90.3202,0.25,0.25,0.25,0.25,0,0,0,0
90.3304,0.25,0.25,0.25,0.25,0,0,0,0
90.3407,0.25,0.25,0.25,0.25,0,0,0,0
90.3509,0.25,0.25,0.25,0.25,0,0,0,0
90.3612,0.25,0.25,0.25,0.25,0,0,0,0
90.3714,0.25,0.25,0.25,0.25,0,0,0,0
90.3816,0.25,0.25,0.25,0.25,0,0,0,0
90.3919,0.25,0.25,0.25,0.25,0,0,0,0
90.4021,0.25,0.25,0.25,0.25,0,0,0,0
90.4124,0.25,0.25,0.25,0.25,0,0,0,0
90.4226,0.25,0.25,0.25,0.25,0,0,0,0
90.4329,0.25,0.25,0.25,0.25,0,0,0,0
90.4431,0.25,0.25,0.25,0.25,0,0,0,0
90.4534,0.25,0.25,0.25,0.25,0,0,0,0
90.4636,0.25,0.25,0.25,0.25,0,0,0,0
90.4738,0.25,0.25,0.25,0.25,0,0,0,0
90.4841,0.25,0.25,0.25,0.25,0,0,0,0
90.4943,0.25,0.25,0.25,0.25,0,0,0,0
90.5046,0.25,0.25,0.25,0.25,0,0,0,0
90.5148,0.25,0.25,0.25,0.25,0,0,0,0
90.525,0.25,0.25,0.25,0.25,0,0,0,0
90.5353,0.25,0.25,0.25,0.25,0,0,0,0
90.5455,0.25,0.25,0.25,0.25,0,0,0,0
90.5558,0.25,0.25,0.25,0.25,0,0,0,0
90.566,0.25,0.25,0.25,0.25,0,0,0,0
90.5762,0.25,0.25,0.25,0.25,0,0,0,0
90.5865,0.25,0.25,0.25,0.25,0,0,0,0
90.5967,0.25,0.25,0.25,0.25,0,0,0,0
90.6069,0.25,0.25,0.25,0.25,0,0,0,0
90.6172,0.25,0.25,0.25,0.25,0,0,0,0
90.6274,0.25,0.25,0.25,0.25,0,0,0,0
90.6376,0.25,0.25,0.25,0.25,0,0,0,0
90.6479,0.25,0.25,0.25,0.25,0,0,0,0
90.6581,0.25,0.25,0.25,0.25,0,0,0,0
90.6684,0.25,0.25,0.25,0.25,0,0,0,0
90.6787,0.25,0.25,0.25,0.25,0,0,0,0
90.6889,0.25,0.25,0.25,0.25,0,0,0,0
90.6991,0.25,0.25,0.25,0.25,0,0,0,0
90.7094,0.25,0.25,0.25,0.25,0,0,0,0
90.7197,0.25,0.25,0.25,0.25,0,0,0,0
90.7299,0.25,0.25,0.25,0.25,0,0,0,0
90.7402,0.25,0.25,0.25,0.25,0,0,0,0
90.7504,0.25,0.25,0.25,0.25,0,0,0,0
90.7607,0.25,0.25,0.25,0.25,0,0,0,0
90.771,0.25,0.25,0.25,0.25,0,0,0,0
90.7813,0.25,0.25,0.25,0.25,0,0,0,0
90.7915,0.25,0.25,0.25,0.25,0,0,0,0
90.8018,0.25,0.25,0.25,0.25,0,0,0,0
90.812,0.25,0.25,0.25,0.25,0,0,0,0
90.8223,0.25,0.25,0.25,0.25,0,0,0,0
90.8326,0.25,0.25,0.25,0.25,0,0,0,0
90.8429,0.25,0.25,0.25,0.25,0,0,0,0
90.8531,0.25,0.25,0.25,0.25,0,0,0,0
90.8634,0.25,0.25,0.25,0.25,0,0,0,0
90.8736,0.25,0.25,0.25,0.25,0,0,0,0
90.8838,0.25,0.25,0.25,0.25,0,0,0,0
90.8941,0.25,0.25,0.25,0.25,0,0,0,0
90.9043,0.25,0.25,0.25,0.25,0,0,0,0
90.9145,0.25,0.25,0.25,0.25,0,0,0,0
90.9248,0.25,0.25,0.25,0.25,0,0,0,0
90.9351,0.25,0.25,0.25,0.25,0,0,0,0
90.9454,0.25,0.25,0.25,0.25,0,0,0,0
90.9556,0.25,0.25,0.25,0.25,0,0,0,0
90.9659,0.25,0.25,0.25,0.25,0,0,0,0
90.9761,0.25,0.25,0.25,0.25,0,0,0,0
90.9863,0.25,0.25,0.25,0.25,0,0,0,0
90.9966,0.25,0.25,0.25,0.25,0,0,0,0
91.0068,0.25,0.25,0.25,0.25,0,0,0,0
91.0171,0.25,0.25,0.25,0.25,0,0,0,0
91.0273,0.25,0.25,0.25,0.25,0,0,0,0
91.0375,0.25,0.25,0.25,0.25,0,0,0,0
91.0478,0.25,0.25,0.25,0.25,0,0,0,0
91.058,0.25,0.25,0.25,0.25,0,0,0,0
91.0682,0.25,0.25,0.25,0.25,0,0,0,0
91.0785,0.25,0.25,0.25,0.25,0,0,0,0
91.0887,0.25,0.25,0.25,0.25,0,0,0,0
91.099,0.25,0.25,0.25,0.25,0,0,0,0
91.1093,0.25,0.25,0.25,0.25,0,0,0,0
91.1195,0.25,0.25,0.25,0.25,0,0,0,0
91.1298,0.25,0.25,0.25,0.25,0,0,0,0
91.14,0.25,0.25,0.25,0.25,0,0,0,0
91.1502,0.25,0.25,0.25,0.25,0,0,0,0
91.1604,0.25,0.25,0.25,0.25,0,0,0,0
91.1707,0.25,0.25,0.25,0.25,0,0,0,0
91.1809,0.25,0.25,0.25,0.25,0,0,0,0
91.1911,0.25,0.25,0.25,0.25,0,0,0,0
91.2013,0.25,0.25,0.25,0.25,0,0,0,0
91.2115,0.25,0.25,0.25,0.25,0,0,0,0
91.2218,0.25,0.25,0.25,0.25,0,0,0,0
91.232,0.25,0.25,0.25,0.25,0,0,0,0
91.2423,0.25,0.25,0.25,0.25,0,0,0,0
91.2526,0.25,0.25,0.25,0.25,0,0,0,0
91.2628,0.25,0.25,0.25,0.25,0,0,0,0
91.2731,0.25,0.25,0.25,0.25,0,0,0,0
91.2834,0.25,0.25,0.25,0.25,0,0,0,0
91.2934,0.25,0.25,0.25,0.25,0,0,0,0
91.3036,0.25,0.25,0.25,0.25,0,0,0,0
91.3138,0.25,0.25,0.25,0.25,0,0,0,0
91.324,0.25,0.25,0.25,0.25,0,0,0,0
91.3342,0.25,0.25,0.25,0.25,0,0,0,0
91.3444,0.25,0.25,0.25,0.25,0,0,0,0
91.3546,0.25,0.25,0.25,0.25,0,0,0,0
91.3648,0.25,0.25,0.25,0.25,0,0,0,0
91.375,0.25,0.25,0.25,0.25,0,0,0,0
91.3852,0.25,0.25,0.25,0.25,0,0,0,0
91.3954,0.25,0.25,0.25,0.25,0,0,0,0
91.4056,0.25,0.25,0.25,0.25,0,0,0,0
91.4158,0.25,0.25,0.25,0.25,0,0,0,0
91.426,0.25,0.25,0.25,0.25,0,0,0,0
91.4362,0.25,0.25,0.25,0.25,0,0,0,0
91.4464,0.25,0.25,0.25,0.25,0,0,0,0
91.4567,0.25,0.25,0.25,0.25,0,0,0,0
91.4669,0.25,0.25,0.25,0.25,0,0,0,0
91.4771,0.25,0.25,0.25,0.25,0,0,0,0
91.4874,0.25,0.25,0.25,0.25,0,0,0,0
91.4977,0.25,0.25,0.25,0.25,0,0,0,0
91.508,0.25,0.25,0.25,0.25,0,0,0,0
91.5182,0.25,0.25,0.25,0.25,0,0,0,0
91.5285,0.25,0.25,0.25,0.25,0,0,0,0
91.5387,0.25,0.25,0.25,0.25,0,0,0,0
91.549,0.25,0.25,0.25,0.25,0,0,0,0
91.5593,0.25,0.25,0.25,0.25,0,0,0,0
91.5695,0.25,0.25,0.25,0.25,0,0,0,0
91.5798,0.25,0.25,0.25,0.25,0,0,0,0
91.5899,0.25,0.25,0.25,0.25,0,0,0,0
91.6001,0.25,0.25,0.25,0.25,0,0,0,0
91.6103,0.25,0.25,0.25,0.25,0,0,0,0
91.6206,0.25,0.25,0.25,0.25,0,0,0,0
91.6309,0.25,0.25,0.25,0.25,0,0,0,0
91.6411,0.25,0.25,0.25,0.25,0,0,0,0
91.6514,0.25,0.25,0.25,0.25,0,0,0,0
91.6617,0.25,0.25,0.25,0.25,0,0,0,0
91.672,0.25,0.25,0.25,0.25,0,0,0,0
91.6822,0.25,0.25,0.25,0.25,0,0,0,0
91.6925,0.25,0.25,0.25,0.25,0,0,0,0
91.7026,0.25,0.25,0.25,0.25,0,0,0,0
91.7128,0.25,0.25,0.25,0.25,0,0,0,0
91.723,0.25,0.25,0.25,0.25,0,0,0,0
91.7333,0.25,0.25,0.25,0.25,0,0,0,0
91.7434,0.25,0.25,0.25,0.25,0,0,0,0
91.7535,0.25,0.25,0.25,0.25,0,0,0,0
91.7638,0.25,0.25,0.25,0.25,0,0,0,0
91.774,0.25,0.25,0.25,0.25,0,0,0,0
91.7843,0.25,0.25,0.25,0.25,0,0,0,0
91.7946,0.25,0.25,0.25,0.25,0,0,0,0
91.8048,0.25,0.25,0.25,0.25,0,0,0,0
91.8151,0.25,0.25,0.25,0.25,0,0,0,0
91.8254,0.25,0.25,0.25,0.25,0,0,0,0
91.8356,0.25,0.25,0.25,0.25,0,0,0,0
91.8458,0.25,0.25,0.25,0.25,0,0,0,0
91.8561,0.25,0.25,0.25,0.25,0,0,0,0
91.8664,0.25,0.25,0.25,0.25,0,0,0,0
91.8766,0.25,0.25,0.25,0.25,0,0,0,0
91.8869,0.25,0.25,0.25,0.25,0,0,0,0
91.8972,0.25,0.25,0.25,0.25,0,0,0,0
91.9074,0.25,0.25,0.25,0.25,0,0,0,0
91.9176,0.25,0.25,0.25,0.25,0,0,0,0
91.9279,0.25,0.25,0.25,0.25,0,0,0,0
91.9381,0.25,0.25,0.25,0.25,0,0,0,0
91.9484,0.25,0.25,0.25,0.25,0,0,0,0
91.9586,0.25,0.25,0.25,0.25,0,0,0,0
91.9689,0.25,0.25,0.25,0.25,0,0,0,0
91.9792,0.25,0.25,0.25,0.25,0,0,0,0
91.9893,0.25,0.25,0.25,0.25,0,0,0,0
91.9995,0.25,0.25,0.25,0.25,0,0,0,0
92.0097,0.25,0.25,0.25,0.25,0,0,0,0
92.02,0.25,0.25,0.25,0.25,0,0,0,0
92.0301,0.25,0.25,0.25,0.25,0,0,0,0
92.0403,0.25,0.25,0.25,0.25,0,0,0,0
92.0506,0.25,0.25,0.25,0.25,0,0,0,0
92.0609,0.25,0.25,0.25,0.25,0,0,0,0
92.0711,0.25,0.25,0.25,0.25,0,0,0,0
92.0813,0.25,0.25,0.25,0.25,0,0,0,0
92.0916,0.25,0.25,0.25,0.25,0,0,0,0
92.1019,0.25,0.25,0.25,0.25,0,0,0,0
92.1122,0.25,0.25,0.25,0.25,0,0,0,0
92.1224,0.25,0.25,0.25,0.25,0,0,0,0
92.1327,0.25,0.25,0.25,0.25,0,0,0,0
92.1429,0.25,0.25,0.25,0.25,0,0,0,0
92.153,0.25,0.25,0.25,0.25,0,0,0,0
92.1632,0.25,0.25,0.25,0.25,0,0,0,0
92.1734,0.25,0.25,0.25,0.25,0,0,0,0
92.1836,0.25,0.25,0.25,0.25,0,0,0,0
92.1938,0.25,0.25,0.25,0.25,0,0,0,0
92.204,0.25,0.25,0.25,0.25,0,0,0,0
92.2142,0.25,0.25,0.25,0.25,0,0,0,0
92.2244,0.25,0.25,0.25,0.25,0,0,0,0
92.2346,0.25,0.25,0.25,0.25,0,0,0,0
92.2448,0.25,0.25,0.25,0.25,0,0,0,0
92.255,0.25,0.25,0.25,0.25,0,0,0,0
92.2652,0.25,0.25,0.25,0.25,0,0,0,0
92.2754,0.25,0.25,0.25,0.25,0,0,0,0
92.2856,0.25,0.25,0.25,0.25,0,0,0,0
92.296,0.25,0.25,0.25,0.25,0,0,0,0
92.3061,0.25,0.25,0.25,0.25,0,0,0,0
92.3164,0.25,0.25,0.25,0.25,0,0,0,0
92.3266,0.25,0.25,0.25,0.25,0,0,0,0
92.3368,0.25,0.25,0.25,0.25,0,0,0,0
92.347,0.25,0.25,0.25,0.25,0,0,0,0
92.357,0.25,0.25,0.25,0.25,0,0,0,0
92.3672,0.25,0.25,0.25,0.25,0,0,0,0
92.3774,0.25,0.25,0.25,0.25,0,0,0,0
92.3876,0.25,0.25,0.25,0.25,0,0,0,0
92.3978,0.25,0.25,0.25,0.25,0,0,0,0
92.408,0.25,0.25,0.25,0.25,0,0,0,0
92.4183,0.25,0.25,0.25,0.25,0,0,0,0
92.4285,0.25,0.25,0.25,0.25,0,0,0,0
92.4387,0.25,0.25,0.25,0.25,0,0,0,0
92.449,0.25,0.25,0.25,0.25,0,0,0,0
92.4593,0.25,0.25,0.25,0.25,0,0,0,0
92.4695,0.25,0.25,0.25,0.25,0,0,0,0
92.4796,0.25,0.25,0.25,0.25,0,0,0,0
92.4897,0.25,0.25,0.25,0.25,0,0,0,0
92.4998,0.25,0.25,0.25,0.25,0,0,0,0
92.5098,0.25,0.25,0.25,0.25,0,0,0,0
92.5199,0.25,0.25,0.25,0.25,0,0,0,0
92.5302,0.25,0.25,0.25,0.25,0,0,0,0
92.5405,0.25,0.25,0.25,0.25,0,0,0,0
92.5507,0.25,0.25,0.25,0.25,0,0,0,0
92.5609,0.25,0.25,0.25,0.25,0,0,0,0
92.571,0.25,0.25,0.25,0.25,0,0,0,0
92.5812,0.25,0.25,0.25,0.25,0,0,0,0
92.5914,0.25,0.25,0.25,0.25,0,0,0,0
92.6016,0.25,0.25,0.25,0.25,0,0,0,0
92.6118,0.25,0.25,0.25,0.25,0,0,0,0
92.622,0.25,0.25,0.25,0.25,0,0,0,0
92.6322,0.25,0.25,0.25,0.25,0,0,0,0
92.6424,0.25,0.25,0.25,0.25,0,0,0,0
92.6526,0.25,0.25,0.25,0.25,0,0,0,0
92.6628,0.25,0.25,0.25,0.25,0,0,0,0
92.673,0.25,0.25,0.25,0.25,0,0,0,0
92.6831,0.25,0.25,0.25,0.25,0,0,0,0
92.6931,0.25,0.25,0.25,0.25,0,0,0,0
92.7032,0.25,0.25,0.25,0.25,0,0,0,0
92.7134,0.25,0.25,0.25,0.25,0,0,0,0
92.7236,0.25,0.25,0.25,0.25,0,0,0,0
92.7338,0.25,0.25,0.25,0.25,0,0,0,0
92.7441,0.25,0.25,0.25,0.25,0,0,0,0
92.7543,0.25,0.25,0.25,0.25,0,0,0,0
92.7645,0.25,0.25,0.25,0.25,0,0,0,0
92.7747,0.25,0.25,0.25,0.25,0,0,0,0
92.7849,0.25,0.25,0.25,0.25,0,0,0,0
92.7951,0.25,0.25,0.25,0.25,0,0,0,0
92.8053,0.25,0.25,0.25,0.25,0,0,0,0
92.8155,0.25,0.25,0.25,0.25,0,0,0,0
92.8258,0.25,0.25,0.25,0.25,0,0,0,0
92.836,0.25,0.25,0.25,0.25,0,0,0,0
92.8462,0.25,0.25,0.25,0.25,0,0,0,0
92.8563,0.25,0.25,0.25,0.25,0,0,0,0
92.8665,0.25,0.25,0.25,0.25,0,0,0,0
92.8768,0.25,0.25,0.25,0.25,0,0,0,0
92.8868,0.25,0.25,0.25,0.25,0,0,0,0
92.897,0.25,0.25,0.25,0.25,0,0,0,0
92.9073,0.25,0.25,0.25,0.25,0,0,0,0
92.9176,0.25,0.25,0.25,0.25,0,0,0,0
92.9278,0.25,0.25,0.25,0.25,0,0,0,0
92.9381,0.25,0.25,0.25,0.25,0,0,0,0
92.9483,0.25,0.25,0.25,0.25,0,0,0,0
92.9585,0.25,0.25,0.25,0.25,0,0,0,0
92.9687,0.25,0.25,0.25,0.25,0,0,0,0
92.9789,0.25,0.25,0.25,0.25,0,0,0,0
92.9892,0.25,0.25,0.25,0.25,0,0,0,0
92.9995,0.25,0.25,0.25,0.25,0,0,0,0
93.0098,0.25,0.25,0.25,0.25,0,0,0,0
93.02,0.25,0.25,0.25,0.25,0,0,0,0
93.0302,0.25,0.25,0.25,0.25,0,0,0,0
93.0404,0.25,0.25,0.25,0.25,0,0,0,0
93.0507,0.25,0.25,0.25,0.25,0,0,0,0
93.061,0.25,0.25,0.25,0.25,0,0,0,0
93.0712,0.25,0.25,0.25,0.25,0,0,0,0
93.0815,0.25,0.25,0.25,0.25,0,0,0,0
93.0918,0.25,0.25,0.25,0.25,0,0,0,0
93.102,0.25,0.25,0.25,0.25,0,0,0,0
93.1123,0.25,0.25,0.25,0.25,0,0,0,0
93.1225,0.25,0.25,0.25,0.25,0,0,0,0
93.1328,0.25,0.25,0.25,0.25,0,0,0,0
93.143,0.25,0.25,0.25,0.25,0,0,0,0
93.1533,0.25,0.25,0.25,0.25,0,0,0,0
93.1634,0.25,0.25,0.25,0.25,0,0,0,0
93.1737,0.25,0.25,0.25,0.25,0,0,0,0
93.184,0.25,0.25,0.25,0.25,0,0,0,0
93.1943,0.25,0.25,0.25,0.25,0,0,0,0
93.2045,0.25,0.25,0.25,0.25,0,0,0,0
93.2147,0.25,0.25,0.25,0.25,0,0,0,0
93.225,0.25,0.25,0.25,0.25,0,0,0,0
93.2353,0.25,0.25,0.25,0.25,0,0,0,0
93.2455,0.25,0.25,0.25,0.25,0,0,0,0
93.2558,0.25,0.25,0.25,0.25,0,0,0,0
93.2661,0.25,0.25,0.25,0.25,0,0,0,0
93.2763,0.25,0.25,0.25,0.25,0,0,0,0
93.2866,0.25,0.25,0.25,0.25,0,0,0,0
93.2967,0.25,0.25,0.25,0.25,0,0,0,0
93.3069,0.25,0.25,0.25,0.25,0,0,0,0
93.3172,0.25,0.25,0.25,0.25,0,0,0,0
93.3275,0.25,0.25,0.25,0.25,0,0,0,0
93.3377,0.25,0.25,0.25,0.25,0,0,0,0
93.3479,0.25,0.25,0.25,0.25,0,0,0,0
93.3582,0.25,0.25,0.25,0.25,0,0,0,0
93.3685,0.25,0.25,0.25,0.25,0,0,0,0
93.3787,0.25,0.25,0.25,0.25,0,0,0,0
93.3889,0.25,0.25,0.25,0.25,0,0,0,0
93.3992,0.25,0.25,0.25,0.25,0,0,0,0
93.4094,0.25,0.25,0.25,0.25,0,0,0,0
93.4197,0.25,0.25,0.25,0.25,0,0,0,0
93.4298,0.25,0.25,0.25,0.25,0,0,0,0
93.44,0.25,0.25,0.25,0.25,0,0,0,0
93.4502,0.25,0.25,0.25,0.25,0,0,0,0
93.4604,0.25,0.25,0.25,0.25,0,0,0,0
93.4706,0.25,0.25,0.25,0.25,0,0,0,0
93.4808,0.25,0.25,0.25,0.25,0,0,0,0
93.491,0.25,0.25,0.25,0.25,0,0,0,0
93.5012,0.25,0.25,0.25,0.25,0,0,0,0
93.5114,0.25,0.25,0.25,0.25,0,0,0,0
93.5216,0.25,0.25,0.25,0.25,0,0,0,0
93.5319,0.25,0.25,0.25,0.25,0,0,0,0
93.5421,0.25,0.25,0.25,0.25,0,0,0,0
93.5524,0.25,0.25,0.25,0.25,0,0,0,0
93.5625,0.25,0.25,0.25,0.25,0,0,0,0
93.5728,0.25,0.25,0.25,0.25,0,0,0,0
93.5831,0.25,0.25,0.25,0.25,0,0,0,0
93.5934,0.25,0.25,0.25,0.25,0,0,0,0
93.6035,0.25,0.25,0.25,0.25,0,0,0,0
93.6137,0.25,0.25,0.25,0.25,0,0,0,0
93.624,0.25,0.25,0.25,0.25,0,0,0,0
93.6342,0.25,0.25,0.25,0.25,0,0,0,0
93.6445,0.25,0.25,0.25,0.25,0,0,0,0
93.6548,0.25,0.25,0.25,0.25,0,0,0,0
93.665,0.25,0.25,0.25,0.25,0,0,0,0
93.6753,0.25,0.25,0.25,0.25,0,0,0,0
93.6856,0.25,0.25,0.25,0.25,0,0,0,0
93.6959,0.25,0.25,0.25,0.25,0,0,0,0
93.7061,0.25,0.25,0.25,0.25,0,0,0,0
93.7163,0.25,0.25,0.25,0.25,0,0,0,0
93.7266,0.25,0.25,0.25,0.25,0,0,0,0
93.7368,0.25,0.25,0.25,0.25,0,0,0,0
93.7471,0.25,0.25,0.25,0.25,0,0,0,0
93.7574,0.25,0.25,0.25,0.25,0,0,0,0
93.7677,0.25,0.25,0.25,0.25,0,0,0,0
93.7779,0.25,0.25,0.25,0.25,0,0,0,0
93.7882,0.25,0.25,0.25,0.25,0,0,0,0
93.7984,0.25,0.25,0.25,0.25,0,0,0,0
93.8086,0.25,0.25,0.25,0.25,0,0,0,0
93.8189,0.25,0.25,0.25,0.25,0,0,0,0
93.8292,0.25,0.25,0.25,0.25,0,0,0,0
93.8394,0.25,0.25,0.25,0.25,0,0,0,0
93.8497,0.25,0.25,0.25,0.25,0,0,0,0
93.8599,0.25,0.25,0.25,0.25,0,0,0,0
93.8702,0.25,0.25,0.25,0.25,0,0,0,0
93.8805,0.25,0.25,0.25,0.25,0,0,0,0
93.8908,0.25,0.25,0.25,0.25,0,0,0,0
93.901,0.25,0.25,0.25,0.25,0,0,0,0
93.9113,0.25,0.25,0.25,0.25,0,0,0,0
93.9215,0.25,0.25,0.25,0.25,0,0,0,0
93.9318,0.25,0.25,0.25,0.25,0,0,0,0
93.9421,0.25,0.25,0.25,0.25,0,0,0,0
93.9524,0.25,0.25,0.25,0.25,0,0,0,0
93.9626,0.25,0.25,0.25,0.25,0,0,0,0
93.9728,0.25,0.25,0.25,0.25,0,0,0,0
93.9831,0.25,0.25,0.25,0.25,0,0,0,0
93.9934,0.25,0.25,0.25,0.25,0,0,0,0
94.0036,0.25,0.25,0.25,0.25,0,0,0,0
94.0137,0.25,0.25,0.25,0.25,0,0,0,0
94.024,0.25,0.25,0.25,0.25,0,0,0,0
94.0342,0.25,0.25,0.25,0.25,0,0,0,0
94.0444,0.25,0.25,0.25,0.25,0,0,0,0
94.0547,0.25,0.25,0.25,0.25,0,0,0,0
94.065,0.25,0.25,0.25,0.25,0,0,0,0
94.0752,0.25,0.25,0.25,0.25,0,0,0,0
94.0855,0.25,0.25,0.25,0.25,0,0,0,0
94.0958,0.25,0.25,0.25,0.25,0,0,0,0
94.1061,0.25,0.25,0.25,0.25,0,0,0,0
94.1161,0.25,0.25,0.25,0.25,0,0,0,0
94.1263,0.25,0.25,0.25,0.25,0,0,0,0
94.1365,0.25,0.25,0.25,0.25,0,0,0,0
94.1467,0.25,0.25,0.25,0.25,0,0,0,0
94.1569,0.25,0.25,0.25,0.25,0,0,0,0
94.1671,0.25,0.25,0.25,0.25,0,0,0,0
94.1773,0.25,0.25,0.25,0.25,0,0,0,0
94.1875,0.25,0.25,0.25,0.25,0,0,0,0
94.1977,0.25,0.25,0.25,0.25,0,0,0,0
94.2079,0.25,0.25,0.25,0.25,0,0,0,0
94.2181,0.25,0.25,0.25,0.25,0,0,0,0
94.2282,0.25,0.25,0.25,0.25,0,0,0,0
94.2385,0.25,0.25,0.25,0.25,0,0,0,0
94.2487,0.25,0.25,0.25,0.25,0,0,0,0
94.2588,0.25,0.25,0.25,0.25,0,0,0,0
94.2688,0.25,0.25,0.25,0.25,0,0,0,0
94.2789,0.25,0.25,0.25,0.25,0,0,0,0
94.2891,0.25,0.25,0.25,0.25,0,0,0,0
94.2993,0.25,0.25,0.25,0.25,0,0,0,0
94.3095,0.25,0.25,0.25,0.25,0,0,0,0
94.3198,0.25,0.25,0.25,0.25,0,0,0,0
94.3299,0.25,0.25,0.25,0.25,0,0,0,0
94.3402,0.25,0.25,0.25,0.25,0,0,0,0
94.3504,0.25,0.25,0.25,0.25,0,0,0,0
94.3607,0.25,0.25,0.25,0.25,0,0,0,0
94.371,0.25,0.25,0.25,0.25,0,0,0,0
94.3812,0.25,0.25,0.25,0.25,0,0,0,0
94.3915,0.25,0.25,0.25,0.25,0,0,0,0
94.4017,0.25,0.25,0.25,0.25,0,0,0,0
94.4118,0.25,0.25,0.25,0.25,0,0,0,0
94.4219,0.25,0.25,0.25,0.25,0,0,0,0
94.432,0.25,0.25,0.25,0.25,0,0,0,0
94.4422,0.25,0.25,0.25,0.25,0,0,0,0
94.4523,0.25,0.25,0.25,0.25,0,0,0,0
94.4623,0.25,0.25,0.25,0.25,0,0,0,0
94.4724,0.25,0.25,0.25,0.25,0,0,0,0
94.4824,0.25,0.25,0.25,0.25,0,0,0,0
94.4925,0.25,0.25,0.25,0.25,0,0,0,0
94.5025,0.25,0.25,0.25,0.25,0,0,0,0
94.5126,0.25,0.25,0.25,0.25,0,0,0,0
94.5227,0.25,0.25,0.25,0.25,0,0,0,0
94.5327,0.25,0.25,0.25,0.25,0,0,0,0
94.5428,0.25,0.25,0.25,0.25,0,0,0,0
94.5528,0.25,0.25,0.25,0.25,0,0,0,0
94.5629,0.25,0.25,0.25,0.25,0,0,0,0
94.5729,0.25,0.25,0.25,0.25,0,0,0,0
94.583,0.25,0.25,0.25,0.25,0,0,0,0
94.593,0.25,0.25,0.25,0.25,0,0,0,0
94.6031,0.25,0.25,0.25,0.25,0,0,0,0
94.6132,0.25,0.25,0.25,0.25,0,0,0,0
94.6232,0.25,0.25,0.25,0.25,0,0,0,0
94.6333,0.25,0.25,0.25,0.25,0,0,0,0
94.6433,0.25,0.25,0.25,0.25,0,0,0,0
94.6534,0.25,0.25,0.25,0.25,0,0,0,0
94.6634,0.25,0.25,0.25,0.25,0,0,0,0
94.6735,0.25,0.25,0.25,0.25,0,0,0,0
94.6835,0.25,0.25,0.25,0.25,0,0,0,0
94.6938,0.25,0.25,0.25,0.25,0,0,0,0
94.7041,0.25,0.25,0.25,0.25,0,0,0,0
94.7143,0.25,0.25,0.25,0.25,0,0,0,0
94.7247,0.25,0.25,0.25,0.25,0,0,0,0
94.7349,0.25,0.25,0.25,0.25,0,0,0,0
94.7451,0.25,0.25,0.25,0.25,0,0,0,0
94.7554,0.25,0.25,0.25,0.25,0,0,0,0
94.7656,0.25,0.25,0.25,0.25,0,0,0,0
94.7758,0.25,0.25,0.25,0.25,0,0,0,0
94.7862,0.25,0.25,0.25,0.25,0,0,0,0
94.7965,0.25,0.25,0.25,0.25,0,0,0,0
94.8067,0.25,0.25,0.25,0.25,0,0,0,0
94.8169,0.25,0.25,0.25,0.25,0,0,0,0
94.8272,0.25,0.25,0.25,0.25,0,0,0,0
94.8376,0.25,0.25,0.25,0.25,0,0,0,0
94.8477,0.25,0.25,0.25,0.25,0,0,0,0
94.858,0.25,0.25,0.25,0.25,0,0,0,0
94.8683,0.25,0.25,0.25,0.25,0,0,0,0
94.8785,0.25,0.25,0.25,0.25,0,0,0,0
94.8888,0.25,0.25,0.25,0.25,0,0,0,0
94.8991,0.25,0.25,0.25,0.25,0,0,0,0
94.9093,0.25,0.25,0.25,0.25,0,0,0,0
94.9196,0.25,0.25,0.25,0.25,0,0,0,0
94.9299,0.25,0.25,0.25,0.25,0,0,0,0
94.9401,0.25,0.25,0.25,0.25,0,0,0,0
94.9502,0.25,0.25,0.25,0.25,0,0,0,0
94.9604,0.25,0.25,0.25,0.25,0,0,0,0
94.9706,0.25,0.25,0.25,0.25,0,0,0,0
94.9808,0.25,0.25,0.25,0.25,0,0,0,0
94.9909,0.25,0.25,0.25,0.25,0,0,0,0
95.0011,0.25,0.25,0.25,0.25,0,0,0,0
95.0114,0.25,0.25,0.25,0.25,0,0,0,0
95.0216,0.25,0.25,0.25,0.25,0,0,0,0
95.0318,0.25,0.25,0.25,0.25,0,0,0,0
95.0419,0.25,0.25,0.25,0.25,0,0,0,0
95.0521,0.25,0.25,0.25,0.25,0,0,0,0
95.0622,0.25,0.25,0.25,0.25,0,0,0,0
95.0724,0.25,0.25,0.25,0.25,0,0,0,0
95.0824,0.25,0.25,0.25,0.25,0,0,0,0
95.0925,0.25,0.25,0.25,0.25,0,0,0,0
95.1026,0.25,0.25,0.25,0.25,0,0,0,0
95.1127,0.25,0.25,0.25,0.25,0,0,0,0
95.1229,0.25,0.25,0.25,0.25,0,0,0,0
95.133,0.25,0.25,0.25,0.25,0,0,0,0
95.1432,0.25,0.25,0.25,0.25,0,0,0,0
95.1533,0.25,0.25,0.25,0.25,0,0,0,0
95.1635,0.25,0.25,0.25,0.25,0,0,0,0
95.1737,0.25,0.25,0.25,0.25,0,0,0,0
95.1839,0.25,0.25,0.25,0.25,0,0,0,0
95.1941,0.25,0.25,0.25,0.25,0,0,0,0
95.2043,0.25,0.25,0.25,0.25,0,0,0,0
95.2144,0.25,0.25,0.25,0.25,0,0,0,0
95.2246,0.25,0.25,0.25,0.25,0,0,0,0
95.2348,0.25,0.25,0.25,0.25,0,0,0,0
95.245,0.25,0.25,0.25,0.25,0,0,0,0
95.2552,0.25,0.25,0.25,0.25,0,0,0,0
95.2654,0.25,0.25,0.25,0.25,0,0,0,0
95.2756,0.25,0.25,0.25,0.25,0,0,0,0
95.2858,0.25,0.25,0.25,0.25,0,0,0,0
95.296,0.25,0.25,0.25,0.25,0,0,0,0
95.3063,0.25,0.25,0.25,0.25,0,0,0,0
95.3165,0.25,0.25,0.25,0.25,0,0,0,0
95.3266,0.25,0.25,0.25,0.25,0,0,0,0
95.3367,0.25,0.25,0.25,0.25,0,0,0,0
95.3468,0.25,0.25,0.25,0.25,0,0,0,0
95.357,0.25,0.25,0.25,0.25,0,0,0,0
95.3672,0.25,0.25,0.25,0.25,0,0,0,0
95.3775,0.25,0.25,0.25,0.25,0,0,0,0
95.3877,0.25,0.25,0.25,0.25,0,0,0,0
95.398,0.25,0.25,0.25,0.25,0,0,0,0
95.4082,0.25,0.25,0.25,0.25,0,0,0,0
95.4184,0.25,0.25,0.25,0.25,0,0,0,0
95.4286,0.25,0.25,0.25,0.25,0,0,0,0
95.4388,0.25,0.25,0.25,0.25,0,0,0,0
95.449,0.25,0.25,0.25,0.25,0,0,0,0
95.4593,0.25,0.25,0.25,0.25,0,0,0,0
95.4696,0.25,0.25,0.25,0.25,0,0,0,0
95.4798,0.25,0.25,0.25,0.25,0,0,0,0
95.4901,0.25,0.25,0.25,0.25,0,0,0,0
95.5003,0.25,0.25,0.25,0.25,0,0,0,0
95.5106,0.25,0.25,0.25,0.25,0,0,0,0
95.5209,0.25,0.25,0.25,0.25,0,0,0,0
95.5311,0.25,0.25,0.25,0.25,0,0,0,0
95.5413,0.25,0.25,0.25,0.25,0,0,0,0
95.5515,0.25,0.25,0.25,0.25,0,0,0,0
95.5617,0.25,0.25,0.25,0.25,0,0,0,0
95.5719,0.25,0.25,0.25,0.25,0,0,0,0
95.5822,0.25,0.25,0.25,0.25,0,0,0,0
95.5923,0.25,0.25,0.25,0.25,0,0,0,0
95.6024,0.25,0.25,0.25,0.25,0,0,0,0
95.6126,0.25,0.25,0.25,0.25,0,0,0,0
95.6228,0.25,0.25,0.25,0.25,0,0,0,0
95.633,0.25,0.25,0.25,0.25,0,0,0,0
95.6432,0.25,0.25,0.25,0.25,0,0,0,0
95.6535,0.25,0.25,0.25,0.25,0,0,0,0
95.6638,0.25,0.25,0.25,0.25,0,0,0,0
95.674,0.25,0.25,0.25,0.25,0,0,0,0
95.6843,0.25,0.25,0.25,0.25,0,0,0,0
95.6945,0.25,0.25,0.25,0.25,0,0,0,0
95.7049,0.25,0.25,0.25,0.25,0,0,0,0
95.7151,0.25,0.25,0.25,0.25,0,0,0,0
95.7254,0.25,0.25,0.25,0.25,0,0,0,0
95.7356,0.25,0.25,0.25,0.25,0,0,0,0
95.7459,0.25,0.25,0.25,0.25,0,0,0,0
95.7562,0.25,0.25,0.25,0.25,0,0,0,0
95.7665,0.25,0.25,0.25,0.25,0,0,0,0
95.7767,0.25,0.25,0.25,0.25,0,0,0,0
95.787,0.25,0.25,0.25,0.25,0,0,0,0
95.7973,0.25,0.25,0.25,0.25,0,0,0,0
95.8075,0.25,0.25,0.25,0.25,0,0,0,0
95.8178,0.25,0.25,0.25,0.25,0,0,0,0
95.828,0.25,0.25,0.25,0.25,0,0,0,0
95.8383,0.25,0.25,0.25,0.25,0,0,0,0
95.8485,0.25,0.25,0.25,0.25,0,0,0,0
95.8587,0.25,0.25,0.25,0.25,0,0,0,0
95.869,0.25,0.25,0.25,0.25,0,0,0,0
95.8792,0.25,0.25,0.25,0.25,0,0,0,0
95.8894,0.25,0.25,0.25,0.25,0,0,0,0
95.8997,0.25,0.25,0.25,0.25,0,0,0,0
95.9099,0.25,0.25,0.25,0.25,0,0,0,0
95.9202,0.25,0.25,0.25,0.25,0,0,0,0
95.9304,0.25,0.25,0.25,0.25,0,0,0,0
95.9407,0.25,0.25,0.25,0.25,0,0,0,0
95.951,0.25,0.25,0.25,0.25,0,0,0,0
95.9612,0.25,0.25,0.25,0.25,0,0,0,0
95.9714,0.25,0.25,0.25,0.25,0,0,0,0
95.9817,0.25,0.25,0.25,0.25,0,0,0,0
95.9919,0.25,0.25,0.25,0.25,0,0,0,0
96.0021,0.25,0.25,0.25,0.25,0,0,0,0
96.0124,0.25,0.25,0.25,0.25,0,0,0,0
96.0226,0.25,0.25,0.25,0.25,0,0,0,0
96.0328,0.25,0.25,0.25,0.25,0,0,0,0
96.0432,0.25,0.25,0.25,0.25,0,0,0,0
96.0534,0.25,0.25,0.25,0.25,0,0,0,0
96.0636,0.25,0.25,0.25,0.25,0,0,0,0
96.0739,0.25,0.25,0.25,0.25,0,0,0,0
96.0842,0.25,0.25,0.25,0.25,0,0,0,0
96.0944,0.25,0.25,0.25,0.25,0,0,0,0
96.1047,0.25,0.25,0.25,0.25,0,0,0,0
96.1149,0.25,0.25,0.25,0.25,0,0,0,0
96.1253,0.25,0.25,0.25,0.25,0,0,0,0
96.1355,0.25,0.25,0.25,0.25,0,0,0,0
96.1458,0.25,0.25,0.25,0.25,0,0,0,0
96.1561,0.25,0.25,0.25,0.25,0,0,0,0
96.1664,0.25,0.25,0.25,0.25,0,0,0,0
96.1767,0.25,0.25,0.25,0.25,0,0,0,0
96.187,0.25,0.25,0.25,0.25,0,0,0,0
96.1971,0.25,0.25,0.25,0.25,0,0,0,0
96.2074,0.25,0.25,0.25,0.25,0,0,0,0
96.2177,0.25,0.25,0.25,0.25,0,0,0,0
96.2279,0.25,0.25,0.25,0.25,0,0,0,0
96.2382,0.25,0.25,0.25,0.25,0,0,0,0
96.2484,0.25,0.25,0.25,0.25,0,0,0,0
96.2587,0.25,0.25,0.25,0.25,0,0,0,0
96.2689,0.25,0.25,0.25,0.25,0,0,0,0
96.2793,0.25,0.25,0.25,0.25,0,0,0,0
96.2895,0.25,0.25,0.25,0.25,0,0,0,0
96.2997,0.25,0.25,0.25,0.25,0,0,0,0
96.3098,0.25,0.25,0.25,0.25,0,0,0,0
96.3198,0.25,0.25,0.25,0.25,0,0,0,0
96.3299,0.25,0.25,0.25,0.25,0,0,0,0
96.34,0.25,0.25,0.25,0.25,0,0,0,0
96.3502,0.25,0.25,0.25,0.25,0,0,0,0
96.3604,0.25,0.25,0.25,0.25,0,0,0,0
96.3705,0.25,0.25,0.25,0.25,0,0,0,0
96.3806,0.25,0.25,0.25,0.25,0,0,0,0
96.3908,0.25,0.25,0.25,0.25,0,0,0,0
96.401,0.25,0.25,0.25,0.25,0,0,0,0
96.4112,0.25,0.25,0.25,0.25,0,0,0,0
96.4214,0.25,0.25,0.25,0.25,0,0,0,0
96.4316,0.25,0.25,0.25,0.25,0,0,0,0
96.4417,0.25,0.25,0.25,0.25,0,0,0,0
96.452,0.25,0.25,0.25,0.25,0,0,0,0
96.4622,0.25,0.25,0.25,0.25,0,0,0,0
96.4723,0.25,0.25,0.25,0.25,0,0,0,0
96.4826,0.25,0.25,0.25,0.25,0,0,0,0
96.4928,0.25,0.25,0.25,0.25,0,0,0,0
96.5029,0.25,0.25,0.25,0.25,0,0,0,0
96.5129,0.25,0.25,0.25,0.25,0,0,0,0
96.5231,0.25,0.25,0.25,0.25,0,0,0,0
96.5333,0.25,0.25,0.25,0.25,0,0,0,0
96.5435,0.25,0.25,0.25,0.25,0,0,0,0
96.5537,0.25,0.25,0.25,0.25,0,0,0,0
96.5639,0.25,0.25,0.25,0.25,0,0,0,0
96.5741,0.25,0.25,0.25,0.25,0,0,0,0
96.5843,0.25,0.25,0.25,0.25,0,0,0,0
96.5945,0.25,0.25,0.25,0.25,0,0,0,0
96.6047,0.25,0.25,0.25,0.25,0,0,0,0
96.6149,0.25,0.25,0.25,0.25,0,0,0,0
96.6251,0.25,0.25,0.25,0.25,0,0,0,0
96.6353,0.25,0.25,0.25,0.25,0,0,0,0
96.6454,0.25,0.25,0.25,0.25,0,0,0,0
96.6556,0.25,0.25,0.25,0.25,0,0,0,0
96.6658,0.25,0.25,0.25,0.25,0,0,0,0
96.676,0.25,0.25,0.25,0.25,0,0,0,0
96.6862,0.25,0.25,0.25,0.25,0,0,0,0
96.6964,0.25,0.25,0.25,0.25,0,0,0,0
96.7066,0.25,0.25,0.25,0.25,0,0,0,0
96.7168,0.25,0.25,0.25,0.25,0,0,0,0
96.727,0.25,0.25,0.25,0.25,0,0,0,0
96.7372,0.25,0.25,0.25,0.25,0,0,0,0
96.7475,0.25,0.25,0.25,0.25,0,0,0,0
96.7577,0.25,0.25,0.25,0.25,0,0,0,0
96.7679,0.25,0.25,0.25,0.25,0,0,0,0
96.7781,0.25,0.25,0.25,0.25,0,0,0,0
96.7883,0.25,0.25,0.25,0.25,0,0,0,0
96.7985,0.25,0.25,0.25,0.25,0,0,0,0
96.8088,0.25,0.25,0.25,0.25,0,0,0,0
96.819,0.25,0.25,0.25,0.25,0,0,0,0
96.8293,0.25,0.25,0.25,0.25,0,0,0,0
96.8395,0.25,0.25,0.25,0.25,0,0,0,0
96.8497,0.25,0.25,0.25,0.25,0,0,0,0
96.8599,0.25,0.25,0.25,0.25,0,0,0,0
96.8701,0.25,0.25,0.25,0.25,0,0,0,0
96.8803,0.25,0.25,0.25,0.25,0,0,0,0
96.8905,0.25,0.25,0.25,0.25,0,0,0,0
96.9008,0.25,0.25,0.25,0.25,0,0,0,0
96.911,0.25,0.25,0.25,0.25,0,0,0,0
96.9212,0.25,0.25,0.25,0.25,0,0,0,0
96.9312,0.25,0.25,0.25,0.25,0,0,0,0
96.9414,0.25,0.25,0.25,0.25,0,0,0,0
96.9516,0.25,0.25,0.25,0.25,0,0,0,0
96.9618,0.25,0.25,0.25,0.25,0,0,0,0
96.972,0.25,0.25,0.25,0.25,0,0,0,0
96.9822,0.25,0.25,0.25,0.25,0,0,0,0
96.9924,0.25,0.25,0.25,0.25,0,0,0,0
97.0026,0.25,0.25,0.25,0.25,0,0,0,0
97.0128,0.25,0.25,0.25,0.25,0,0,0,0
97.0229,0.25,0.25,0.25,0.25,0,0,0,0
97.0329,0.25,0.25,0.25,0.25,0,0,0,0
97.0432,0.25,0.25,0.25,0.25,0,0,0,0
97.0533,0.25,0.25,0.25,0.25,0,0,0,0
97.0634,0.25,0.25,0.25,0.25,0,0,0,0
97.0737,0.25,0.25,0.25,0.25,0,0,0,0
97.0839,0.25,0.25,0.25,0.25,0,0,0,0
97.0941,0.25,0.25,0.25,0.25,0,0,0,0
97.1043,0.25,0.25,0.25,0.25,0,0,0,0
97.1145,0.25,0.25,0.25,0.25,0,0,0,0
97.1247,0.25,0.25,0.25,0.25,0,0,0,0
97.1348,0.25,0.25,0.25,0.25,0,0,0,0
97.1451,0.25,0.25,0.25,0.25,0,0,0,0
97.1552,0.25,0.25,0.25,0.25,0,0,0,0
97.1655,0.25,0.25,0.25,0.25,0,0,0,0
97.1758,0.25,0.25,0.25,0.25,0,0,0,0
97.186,0.25,0.25,0.25,0.25,0,0,0,0
97.1963,0.25,0.25,0.25,0.25,0,0,0,0
97.2064,0.25,0.25,0.25,0.25,0,0,0,0
97.2164,0.25,0.25,0.25,0.25,0,0,0,0
97.2266,0.25,0.25,0.25,0.25,0,0,0,0
97.2368,0.25,0.25,0.25,0.25,0,0,0,0
97.2471,0.25,0.25,0.25,0.25,0,0,0,0
97.2573,0.25,0.25,0.25,0.25,0,0,0,0
97.2675,0.25,0.25,0.25,0.25,0,0,0,0
97.2777,0.25,0.25,0.25,0.25,0,0,0,0
97.2879,0.25,0.25,0.25,0.25,0,0,0,0
97.2981,0.25,0.25,0.25,0.25,0,0,0,0
97.3083,0.25,0.25,0.25,0.25,0,0,0,0
97.3185,0.25,0.25,0.25,0.25,0,0,0,0
97.3287,0.25,0.25,0.25,0.25,0,0,0,0
97.339,0.25,0.25,0.25,0.25,0,0,0,0
97.3492,0.25,0.25,0.25,0.25,0,0,0,0
97.3595,0.25,0.25,0.25,0.25,0,0,0,0
97.3697,0.25,0.25,0.25,0.25,0,0,0,0
97.3799,0.25,0.25,0.25,0.25,0,0,0,0
97.3902,0.25,0.25,0.25,0.25,0,0,0,0
97.4004,0.25,0.25,0.25,0.25,0,0,0,0
97.4107,0.25,0.25,0.25,0.25,0,0,0,0
97.421,0.25,0.25,0.25,0.25,0,0,0,0
97.4311,0.25,0.25,0.25,0.25,0,0,0,0
97.4413,0.25,0.25,0.25,0.25,0,0,0,0
97.4516,0.25,0.25,0.25,0.25,0,0,0,0
97.4618,0.25,0.25,0.25,0.25,0,0,0,0
97.472,0.25,0.25,0.25,0.25,0,0,0,0
97.4822,0.25,0.25,0.25,0.25,0,0,0,0
97.4924,0.25,0.25,0.25,0.25,0,0,0,0
97.5026,0.25,0.25,0.25,0.25,0,0,0,0
97.5129,0.25,0.25,0.25,0.25,0,0,0,0
97.5232,0.25,0.25,0.25,0.25,0,0,0,0
97.5335,0.25,0.25,0.25,0.25,0,0,0,0
97.5437,0.25,0.25,0.25,0.25,0,0,0,0
97.554,0.25,0.25,0.25,0.25,0,0,0,0
97.5643,0.25,0.25,0.25,0.25,0,0,0,0
97.5745,0.25,0.25,0.25,0.25,0,0,0,0
97.5847,0.25,0.25,0.25,0.25,0,0,0,0
97.595,0.25,0.25,0.25,0.25,0,0,0,0
97.6053,0.25,0.25,0.25,0.25,0,0,0,0
97.6155,0.25,0.25,0.25,0.25,0,0,0,0
97.6258,0.25,0.25,0.25,0.25,0,0,0,0
97.6361,0.25,0.25,0.25,0.25,0,0,0,0
97.6463,0.25,0.25,0.25,0.25,0,0,0,0
97.6565,0.25,0.25,0.25,0.25,0,0,0,0
97.6668,0.25,0.25,0.25,0.25,0,0,0,0
97.6771,0.25,0.25,0.25,0.25,0,0,0,0
97.6873,0.25,0.25,0.25,0.25,0,0,0,0
97.6975,0.25,0.25,0.25,0.25,0,0,0,0
97.7078,0.25,0.25,0.25,0.25,0,0,0,0
97.7181,0.25,0.25,0.25,0.25,0,0,0,0
97.7283,0.25,0.25,0.25,0.25,0,0,0,0
97.7386,0.25,0.25,0.25,0.25,0,0,0,0
97.7488,0.25,0.25,0.25,0.25,0,0,0,0
97.7591,0.25,0.25,0.25,0.25,0,0,0,0
97.7694,0.25,0.25,0.25,0.25,0,0,0,0
97.7796,0.25,0.25,0.25,0.25,0,0,0,0
97.7899,0.25,0.25,0.25,0.25,0,0,0,0
97.8001,0.25,0.25,0.25,0.25,0,0,0,0
97.8104,0.25,0.25,0.25,0.25,0,0,0,0
97.8206,0.25,0.25,0.25,0.25,0,0,0,0
97.8309,0.25,0.25,0.25,0.25,0,0,0,0
97.8411,0.25,0.25,0.25,0.25,0,0,0,0
97.8513,0.25,0.25,0.25,0.25,0,0,0,0
97.8616,0.25,0.25,0.25,0.25,0,0,0,0
97.8718,0.25,0.25,0.25,0.25,0,0,0,0
97.8821,0.25,0.25,0.25,0.25,0,0,0,0
97.8923,0.25,0.25,0.25,0.25,0,0,0,0
97.9026,0.25,0.25,0.25,0.25,0,0,0,0
97.9129,0.25,0.25,0.25,0.25,0,0,0,0
97.9232,0.25,0.25,0.25,0.25,0,0,0,0
97.9334,0.25,0.25,0.25,0.25,0,0,0,0
97.9437,0.25,0.25,0.25,0.25,0,0,0,0
97.954,0.25,0.25,0.25,0.25,0,0,0,0
97.9642,0.25,0.25,0.25,0.25,0,0,0,0
97.9744,0.25,0.25,0.25,0.25,0,0,0,0
97.9847,0.25,0.25,0.25,0.25,0,0,0,0
97.995,0.25,0.25,0.25,0.25,0,0,0,0
98.0053,0.25,0.25,0.25,0.25,0,0,0,0
98.0155,0.25,0.25,0.25,0.25,0,0,0,0
98.0257,0.25,0.25,0.25,0.25,0,0,0,0
98.036,0.25,0.25,0.25,0.25,0,0,0,0
98.0463,0.25,0.25,0.25,0.25,0,0,0,0
98.0565,0.25,0.25,0.25,0.25,0,0,0,0
98.0667,0.25,0.25,0.25,0.25,0,0,0,0
98.077,0.25,0.25,0.25,0.25,0,0,0,0
98.0873,0.25,0.25,0.25,0.25,0,0,0,0
98.0975,0.25,0.25,0.25,0.25,0,0,0,0
98.1078,0.25,0.25,0.25,0.25,0,0,0,0
98.118,0.25,0.25,0.25,0.25,0,0,0,0
98.1282,0.25,0.25,0.25,0.25,0,0,0,0
98.1385,0.25,0.25,0.25,0.25,0,0,0,0
98.1488,0.25,0.25,0.25,0.25,0,0,0,0
98.1591,0.25,0.25,0.25,0.25,0,0,0,0
98.1693,0.25,0.25,0.25,0.25,0,0,0,0
98.1796,0.25,0.25,0.25,0.25,0,0,0,0
98.1898,0.25,0.25,0.25,0.25,0,0,0,0
98.2,0.25,0.25,0.25,0.25,0,0,0,0
98.2101,0.25,0.25,0.25,0.25,0,0,0,0
98.2202,0.25,0.25,0.25,0.25,0,0,0,0
98.2305,0.25,0.25,0.25,0.25,0,0,0,0
98.2407,0.25,0.25,0.25,0.25,0,0,0,0
98.251,0.25,0.25,0.25,0.25,0,0,0,0
98.2613,0.25,0.25,0.25,0.25,0,0,0,0
98.2715,0.25,0.25,0.25,0.25,0,0,0,0
98.2818,0.25,0.25,0.25,0.25,0,0,0,0
98.2921,0.25,0.25,0.25,0.25,0,0,0,0
98.3023,0.25,0.25,0.25,0.25,0,0,0,0
98.3127,0.25,0.25,0.25,0.25,0,0,0,0
98.3229,0.25,0.25,0.25,0.25,0,0,0,0
98.3332,0.25,0.25,0.25,0.25,0,0,0,0
98.3434,0.25,0.25,0.25,0.25,0,0,0,0
98.3537,0.25,0.25,0.25,0.25,0,0,0,0
98.364,0.25,0.25,0.25,0.25,0,0,0,0
98.3742,0.25,0.25,0.25,0.25,0,0,0,0
98.3845,0.25,0.25,0.25,0.25,0,0,0,0
98.3947,0.25,0.25,0.25,0.25,0,0,0,0
98.4049,0.25,0.25,0.25,0.25,0,0,0,0
98.4152,0.25,0.25,0.25,0.25,0,0,0,0
98.4255,0.25,0.25,0.25,0.25,0,0,0,0
98.4357,0.25,0.25,0.25,0.25,0,0,0,0
98.446,0.25,0.25,0.25,0.25,0,0,0,0
98.4563,0.25,0.25,0.25,0.25,0,0,0,0
98.4665,0.25,0.25,0.25,0.25,0,0,0,0
98.4768,0.25,0.25,0.25,0.25,0,0,0,0
98.4869,0.25,0.25,0.25,0.25,0,0,0,0
98.4971,0.25,0.25,0.25,0.25,0,0,0,0
98.5073,0.25,0.25,0.25,0.25,0,0,0,0
98.5176,0.25,0.25,0.25,0.25,0,0,0,0
98.5278,0.25,0.25,0.25,0.25,0,0,0,0
98.538,0.25,0.25,0.25,0.25,0,0,0,0
98.5483,0.25,0.25,0.25,0.25,0,0,0,0
98.5586,0.25,0.25,0.25,0.25,0,0,0,0
98.5689,0.25,0.25,0.25,0.25,0,0,0,0
98.5791,0.25,0.25,0.25,0.25,0,0,0,0
98.5893,0.25,0.25,0.25,0.25,0,0,0,0
98.5995,0.25,0.25,0.25,0.25,0,0,0,0
98.6097,0.25,0.25,0.25,0.25,0,0,0,0
98.6199,0.25,0.25,0.25,0.25,0,0,0,0
98.6301,0.25,0.25,0.25,0.25,0,0,0,0
98.6403,0.25,0.25,0.25,0.25,0,0,0,0
98.6506,0.25,0.25,0.25,0.25,0,0,0,0
98.6609,0.25,0.25,0.25,0.25,0,0,0,0
98.6712,0.25,0.25,0.25,0.25,0,0,0,0
98.6814,0.25,0.25,0.25,0.25,0,0,0,0
98.6917,0.25,0.25,0.25,0.25,0,0,0,0
98.7019,0.25,0.25,0.25,0.25,0,0,0,0
98.7122,0.25,0.25,0.25,0.25,0,0,0,0
98.7224,0.25,0.25,0.25,0.25,0,0,0,0
98.7326,0.25,0.25,0.25,0.25,0,0,0,0
98.7429,0.25,0.25,0.25,0.25,0,0,0,0
98.7531,0.25,0.25,0.25,0.25,0,0,0,0
98.7633,0.25,0.25,0.25,0.25,0,0,0,0
98.7736,0.25,0.25,0.25,0.25,0,0,0,0
98.7838,0.25,0.25,0.25,0.25,0,0,0,0
98.794,0.25,0.25,0.25,0.25,0,0,0,0
98.8043,0.25,0.25,0.25,0.25,0,0,0,0
98.8146,0.25,0.25,0.25,0.25,0,0,0,0
98.8248,0.25,0.25,0.25,0.25,0,0,0,0
98.835,0.25,0.25,0.25,0.25,0,0,0,0
98.8453,0.25,0.25,0.25,0.25,0,0,0,0
98.8555,0.25,0.25,0.25,0.25,0,0,0,0
98.8658,0.25,0.25,0.25,0.25,0,0,0,0
98.8761,0.25,0.25,0.25,0.25,0,0,0,0
98.8863,0.25,0.25,0.25,0.25,0,0,0,0
98.8966,0.25,0.25,0.25,0.25,0,0,0,0
98.9066,0.25,0.25,0.25,0.25,0,0,0,0
98.9167,0.25,0.25,0.25,0.25,0,0,0,0
98.9268,0.25,0.25,0.25,0.25,0,0,0,0
98.937,0.25,0.25,0.25,0.25,0,0,0,0
98.9472,0.25,0.25,0.25,0.25,0,0,0,0
98.9574,0.25,0.25,0.25,0.25,0,0,0,0
98.9676,0.25,0.25,0.25,0.25,0,0,0,0
98.9778,0.25,0.25,0.25,0.25,0,0,0,0
98.988,0.25,0.25,0.25,0.25,0,0,0,0
98.9982,0.25,0.25,0.25,0.25,0,0,0,0
99.0084,0.25,0.25,0.25,0.25,0,0,0,0
99.0186,0.25,0.25,0.25,0.25,0,0,0,0
99.0288,0.25,0.25,0.25,0.25,0,0,0,0
99.039,0.25,0.25,0.25,0.25,0,0,0,0
99.0492,0.25,0.25,0.25,0.25,0,0,0,0
99.0595,0.25,0.25,0.25,0.25,0,0,0,0
99.0697,0.25,0.25,0.25,0.25,0,0,0,0
99.0799,0.25,0.25,0.25,0.25,0,0,0,0
99.0902,0.25,0.25,0.25,0.25,0,0,0,0
99.1004,0.25,0.25,0.25,0.25,0,0,0,0
99.1107,0.25,0.25,0.25,0.25,0,0,0,0
99.1209,0.25,0.25,0.25,0.25,0,0,0,0
99.1311,0.25,0.25,0.25,0.25,0,0,0,0
99.1414,0.25,0.25,0.25,0.25,0,0,0,0
99.1517,0.25,0.25,0.25,0.25,0,0,0,0
99.1619,0.25,0.25,0.25,0.25,0,0,0,0
99.1722,0.25,0.25,0.25,0.25,0,0,0,0
99.1825,0.25,0.25,0.25,0.25,0,0,0,0
99.1927,0.25,0.25,0.25,0.25,0,0,0,0
99.203,0.25,0.25,0.25,0.25,0,0,0,0
99.2131,0.25,0.25,0.25,0.25,0,0,0,0
99.2231,0.25,0.25,0.25,0.25,0,0,0,0
99.2333,0.25,0.25,0.25,0.25,0,0,0,0
99.2435,0.25,0.25,0.25,0.25,0,0,0,0
99.2537,0.25,0.25,0.25,0.25,0,0,0,0
99.2639,0.25,0.25,0.25,0.25,0,0,0,0
99.2741,0.25,0.25,0.25,0.25,0,0,0,0
99.2843,0.25,0.25,0.25,0.25,0,0,0,0
99.2945,0.25,0.25,0.25,0.25,0,0,0,0
99.3047,0.25,0.25,0.25,0.25,0,0,0,0
99.3149,0.25,0.25,0.25,0.25,0,0,0,0
99.3251,0.25,0.25,0.25,0.25,0,0,0,0
99.3353,0.25,0.25,0.25,0.25,0,0,0,0
99.3455,0.25,0.25,0.25,0.25,0,0,0,0
99.3557,0.25,0.25,0.25,0.25,0,0,0,0
99.3659,0.25,0.25,0.25,0.25,0,0,0,0
99.3761,0.25,0.25,0.25,0.25,0,0,0,0
99.3863,0.25,0.25,0.25,0.25,0,0,0,0
99.3965,0.25,0.25,0.25,0.25,0,0,0,0
99.4068,0.25,0.25,0.25,0.25,0,0,0,0
99.417,0.25,0.25,0.25,0.25,0,0,0,0
99.4272,0.25,0.25,0.25,0.25,0,0,0,0
99.4374,0.25,0.25,0.25,0.25,0,0,0,0
99.4476,0.25,0.25,0.25,0.25,0,0,0,0
99.4578,0.25,0.25,0.25,0.25,0,0,0,0
99.468,0.25,0.25,0.25,0.25,0,0,0,0
99.4782,0.25,0.25,0.25,0.25,0,0,0,0
99.4884,0.25,0.25,0.25,0.25,0,0,0,0
99.4986,0.25,0.25,0.25,0.25,0,0,0,0
99.5088,0.25,0.25,0.25,0.25,0,0,0,0
99.5191,0.25,0.25,0.25,0.25,0,0,0,0
99.5292,0.25,0.25,0.25,0.25,0,0,0,0
99.5393,0.25,0.25,0.25,0.25,0,0,0,0
99.5493,0.25,0.25,0.25,0.25,0,0,0,0
99.5595,0.25,0.25,0.25,0.25,0,0,0,0
99.5697,0.25,0.25,0.25,0.25,0,0,0,0
99.5799,0.25,0.25,0.25,0.25,0,0,0,0
99.5901,0.25,0.25,0.25,0.25,0,0,0,0
99.6003,0.25,0.25,0.25,0.25,0,0,0,0
99.6105,0.25,0.25,0.25,0.25,0,0,0,0
99.6208,0.25,0.25,0.25,0.25,0,0,0,0
99.631,0.25,0.25,0.25,0.25,0,0,0,0
99.6412,0.25,0.25,0.25,0.25,0,0,0,0
99.6514,0.25,0.25,0.25,0.25,0,0,0,0
99.6616,0.25,0.25,0.25,0.25,0,0,0,0
99.6718,0.25,0.25,0.25,0.25,0,0,0,0
99.682,0.25,0.25,0.25,0.25,0,0,0,0
99.6922,0.25,0.25,0.25,0.25,0,0,0,0
99.7025,0.25,0.25,0.25,0.25,0,0,0,0
99.7127,0.25,0.25,0.25,0.25,0,0,0,0
99.7229,0.25,0.25,0.25,0.25,0,0,0,0
99.7332,0.25,0.25,0.25,0.25,0,0,0,0
99.7434,0.25,0.25,0.25,0.25,0,0,0,0
99.7536,0.25,0.25,0.25,0.25,0,0,0,0
99.7638,0.25,0.25,0.25,0.25,0,0,0,0
99.7741,0.25,0.25,0.25,0.25,0,0,0,0
99.7843,0.25,0.25,0.25,0.25,0,0,0,0
99.7946,0.25,0.25,0.25,0.25,0,0,0,0
99.8048,0.25,0.25,0.25,0.25,0,0,0,0
99.8151,0.25,0.25,0.25,0.25,0,0,0,0
99.8254,0.25,0.25,0.25,0.25,0,0,0,0
99.8357,0.25,0.25,0.25,0.25,0,0,0,0
99.8459,0.25,0.25,0.25,0.25,0,0,0,0
99.8562,0.25,0.25,0.25,0.25,0,0,0,0
99.8664,0.25,0.25,0.25,0.25,0,0,0,0
99.8767,0.25,0.25,0.25,0.25,0,0,0,0
99.8869,0.25,0.25,0.25,0.25,0,0,0,0
99.897,0.25,0.25,0.25,0.25,0,0,0,0
99.9073,0.25,0.25,0.25,0.25,0,0,0,0
99.9174,0.25,0.25,0.25,0.25,0,0,0,0
99.9274,0.25,0.25,0.25,0.25,0,0,0,0
99.9377,0.25,0.25,0.25,0.25,0,0,0,0
99.948,0.25,0.25,0.25,0.25,0,0,0,0
99.9582,0.25,0.25,0.25,0.25,0,0,0,0
99.9684,0.25,0.25,0.25,0.25,0,0,0,0
99.9786,0.25,0.25,0.25,0.25,0,0,0,0
99.9889,0.25,0.25,0.25,0.25,0,0,0,0
99.9992,0.25,0.25,0.25,0.25,0,0,0,0
100.009,0.25,0.25,0.25,0.25,0,0,0,0
100.02,0.25,0.25,0.25,0.25,0,0,0,0
100.03,0.25,0.25,0.25,0.25,0,0,0,0
100.04,0.25,0.25,0.25,0.25,0,0,0,0
100.051,0.25,0.25,0.25,0.25,0,0,0,0
100.061,0.25,0.25,0.25,0.25,0,0,0,0
100.071,0.25,0.25,0.25,0.25,0,0,0,0
100.081,0.25,0.25,0.25,0.25,0,0,0,0
100.091,0.25,0.25,0.25,0.25,0,0,0,0
100.102,0.25,0.25,0.25,0.25,0,0,0,0
100.112,0.25,0.25,0.25,0.25,0,0,0,0
100.122,0.25,0.25,0.25,0.25,0,0,0,0
100.132,0.25,0.25,0.25,0.25,0,0,0,0
100.143,0.25,0.25,0.25,0.25,0,0,0,0
100.153,0.25,0.25,0.25,0.25,0,0,0,0
100.163,0.25,0.25,0.25,0.25,0,0,0,0
100.173,0.25,0.25,0.25,0.25,0,0,0,0
100.183,0.25,0.25,0.25,0.25,0,0,0,0
100.194,0.25,0.25,0.25,0.25,0,0,0,0
100.204,0.25,0.25,0.25,0.25,0,0,0,0
100.214,0.25,0.25,0.25,0.25,0,0,0,0
100.224,0.25,0.25,0.25,0.25,0,0,0,0
100.235,0.25,0.25,0.25,0.25,0,0,0,0
100.245,0.25,0.25,0.25,0.25,0,0,0,0
100.255,0.25,0.25,0.25,0.25,0,0,0,0
100.265,0.25,0.25,0.25,0.25,0,0,0,0
100.275,0.25,0.25,0.25,0.25,0,0,0,0
100.286,0.25,0.25,0.25,0.25,0,0,0,0
100.296,0.25,0.25,0.25,0.25,0,0,0,0
100.306,0.25,0.25,0.25,0.25,0,0,0,0
100.316,0.25,0.25,0.25,0.25,0,0,0,0
100.327,0.25,0.25,0.25,0.25,0,0,0,0
100.337,0.25,0.25,0.25,0.25,0,0,0,0
100.347,0.25,0.25,0.25,0.25,0,0,0,0
100.357,0.25,0.25,0.25,0.25,0,0,0,0
100.368,0.25,0.25,0.25,0.25,0,0,0,0
100.378,0.25,0.25,0.25,0.25,0,0,0,0
100.388,0.25,0.25,0.25,0.25,0,0,0,0
100.398,0.25,0.25,0.25,0.25,0,0,0,0
100.408,0.25,0.25,0.25,0.25,0,0,0,0
100.419,0.25,0.25,0.25,0.25,0,0,0,0
100.429,0.25,0.25,0.25,0.25,0,0,0,0
100.439,0.25,0.25,0.25,0.25,0,0,0,0
100.449,0.25,0.25,0.25,0.25,0,0,0,0
100.459,0.25,0.25,0.25,0.25,0,0,0,0
100.469,0.25,0.25,0.25,0.25,0,0,0,0
100.479,0.25,0.25,0.25,0.25,0,0,0,0
100.49,0.25,0.25,0.25,0.25,0,0,0,0
100.5,0.25,0.25,0.25,0.25,0,0,0,0
100.51,0.25,0.25,0.25,0.25,0,0,0,0
100.52,0.25,0.25,0.25,0.25,0,0,0,0
100.53,0.25,0.25,0.25,0.25,0,0,0,0
100.54,0.25,0.25,0.25,0.25,0,0,0,0
100.55,0.25,0.25,0.25,0.25,0,0,0,0
100.561,0.25,0.25,0.25,0.25,0,0,0,0
100.571,0.25,0.25,0.25,0.25,0,0,0,0
100.581,0.25,0.25,0.25,0.25,0,0,0,0
100.591,0.25,0.25,0.25,0.25,0,0,0,0
100.601,0.25,0.25,0.25,0.25,0,0,0,0
100.612,0.25,0.25,0.25,0.25,0,0,0,0
100.622,0.25,0.25,0.25,0.25,0,0,0,0
100.632,0.25,0.25,0.25,0.25,0,0,0,0
100.642,0.25,0.25,0.25,0.25,0,0,0,0
100.652,0.25,0.25,0.25,0.25,0,0,0,0
100.663,0.25,0.25,0.25,0.25,0,0,0,0
100.673,0.25,0.25,0.25,0.25,0,0,0,0
100.683,0.25,0.25,0.25,0.25,0,0,0,0
100.693,0.25,0.25,0.25,0.25,0,0,0,0
100.703,0.25,0.25,0.25,0.25,0,0,0,0
100.714,0.25,0.25,0.25,0.25,0,0,0,0
100.724,0.25,0.25,0.25,0.25,0,0,0,0
100.734,0.25,0.25,0.25,0.25,0,0,0,0
100.744,0.25,0.25,0.25,0.25,0,0,0,0
100.754,0.25,0.25,0.25,0.25,0,0,0,0
100.765,0.25,0.25,0.25,0.25,0,0,0,0
100.775,0.25,0.25,0.25,0.25,0,0,0,0
100.785,0.25,0.25,0.25,0.25,0,0,0,0
100.795,0.25,0.25,0.25,0.25,0,0,0,0
100.806,0.25,0.25,0.25,0.25,0,0,0,0
100.816,0.25,0.25,0.25,0.25,0,0,0,0
100.826,0.25,0.25,0.25,0.25,0,0,0,0
100.836,0.25,0.25,0.25,0.25,0,0,0,0
100.846,0.25,0.25,0.25,0.25,0,0,0,0
100.857,0.25,0.25,0.25,0.25,0,0,0,0
100.867,0.25,0.25,0.25,0.25,0,0,0,0
100.877,0.25,0.25,0.25,0.25,0,0,0,0
100.887,0.25,0.25,0.25,0.25,0,0,0,0
100.898,0.25,0.25,0.25,0.25,0,0,0,0
100.908,0.25,0.25,0.25,0.25,0,0,0,0
100.918,0.25,0.25,0.25,0.25,0,0,0,0
100.928,0.25,0.25,0.25,0.25,0,0,0,0
100.939,0.25,0.25,0.25,0.25,0,0,0,0
100.949,0.25,0.25,0.25,