t_s,ch1_cmd,ch2_cmd,ch3_cmd,ch4_cmd,ch5_cmd,ch6_cmd,ch7_cmd,ch8_cmd,ch1_applied,ch2_applied,ch3_applied,ch4_applied,ch5_applied,ch6_applied,ch7_applied,ch8_applied
0.010058,0,0,0,0,0,0,0,0,0,0,0,0,0,0,0,0
0.0200648,0,0,0,0,0,0,0,0,0,0,0,0,0,0,0,0
0.0300596,0,0,0,0,0,0,0,0,0,0,0,0,0,0,0,0
0.0400592,0,0,0,0,0,0,0,0,0,0,0,0,0,0,0,0
0.0500587,0,0,0,0,0,0,0,0,0,0,0,0,0,0,0,0
0.0600591,0,0,0,0,0,0,0,0,0,0,0,0,0,0,0,0
0.0700578,0,0,0,0,0,0,0,0,0,0,0,0,0,0,0,0
0.080062,0,0,0,0,0,0,0,0,0,0,0,0,0,0,0,0
0.0900591,0,0,0,0,0,0,0,0,0,0,0,0,0,0,0,0
0.100058,0,0,0,0,0,0,0,0,0,0,0,0,0,0,0,0
0.110058,0,0,0,0,0,0,0,0,0,0,0,0,0,0,0,0
0.120058,0,0,0,0,0,0,0,0,0,0,0,0,0,0,0,0
0.130058,0,0,0,0,0,0,0,0,0,0,0,0,0,0,0,0
0.140058,0,0,0,0,0,0,0,0,0,0,0,0,0,0,0,0
0.150064,0,0,0,0,0,0,0,0,0,0,0,0,0,0,0,0
0.160058,0,0,0,0,0,0,0,0,0,0,0,0,0,0,0,0
0.170058,0,0,0,0,0,0,0,0,0,0,0,0,0,0,0,0
0.180058,0,0,0,0,0,0,0,0,0,0,0,0,0,0,0,0
0.190058,0,0,0,0,0,0,0,0,0,0,0,0,0,0,0,0
0.200058,0,0,0,0,0,0,0,0,0,0,0,0,0,0,0,0
0.210058,0,0,0,0,0,0,0,0,0,0,0,0,0,0,0,0
0.220059,0,0,0,0,0,0,0,0,0,0,0,0,0,0,0,0
0.230058,0,0,0,0,0,0,0,0,0,0,0,0,0,0,0,0
0.240063,0,0,0,0,0,0,0,0,0,0,0,0,0,0,0,0
0.250031,0,0,0,0,0,0,0,0,0,0,0,0,0,0,0,0
0.260068,0,0,0,0,0,0,0,0,0,0,0,0,0,0,0,0
0.270061,0,0,0,0,0,0,0,0,0,0,0,0,0,0,0,0
0.280062,0,0,0,0,0,0,0,0,0,0,0,0,0,0,0,0
0.290059,0,0,0,0,0,0,0,0,0,0,0,0,0,0,0,0
0.30006,0,0,0,0,0,0,0,0,0,0,0,0,0,0,0,0
0.310058,0,0,0,0,0,0,0,0,0,0,0,0,0,0,0,0
0.320061,0,0,0,0,0,0,0,0,0,0,0,0,0,0,0,0
0.330059,0,0,0,0,0,0,0,0,0,0,0,0,0,0,0,0
0.340067,0,0,0,0,0,0,0,0,0,0,0,0,0,0,0,0
0.35006,0,0,0,0,0,0,0,0,0,0,0,0,0,0,0,0
0.360059,0,0,0,0,0,0,0,0,0,0,0,0,0,0,0,0
0.370054,0,0,0,0,0,0,0,0,0,0,0,0,0,0,0,0
0.380056,0,0,0,0,0,0,0,0,0,0,0,0,0,0,0,0
0.390055,0,0,0,0,0,0,0,0,0,0,0,0,0,0,0,0
0.40006,0,0,0,0,0,0,0,0,0,0,0,0,0,0,0,0
0.410057,0,0,0,0,0,0,0,0,0,0,0,0,0,0,0,0
0.420056,0,0,0,0,0,0,0,0,0,0,0,0,0,0,0,0
0.430061,0,0,0,0,0,0,0,0,0,0,0,0,0,0,0,0
0.440057,0,0,0,0,0,0,0,0,0,0,0,0,0,0,0,0
0.450058,0,0,0,0,0,0,0,0,0,0,0,0,0,0,0,0
0.460068,0,0,0,0,0,0,0,0,0,0,0,0,0,0,0,0
0.470057,0,0,0,0,0,0,0,0,0,0,0,0,0,0,0,0
0.480061,0,0,0,0,0,0,0,0,0,0,0,0,0,0,0,0
0.490056,0,0,0,0,0,0,0,0,0,0,0,0,0,0,0,0
0.500057,0,0,0,0,0,0,0,0,0,0,0,0,0,0,0,0
0.51006,0,0,0,0,0,0,0,0,0,0,0,0,0,0,0,0
0.520057,0,0,0,0,0,0,0,0,0,0,0,0,0,0,0,0
0.530057,0,0,0,0,0,0,0,0,0,0,0,0,0,0,0,0
0.54006,0,0,0,0,0,0,0,0,0,0,0,0,0,0,0,0
0.55006,0,0,0,0,0,0,0,0,0,0,0,0,0,0,0,0
0.560057,0,0,0,0,0,0,0,0,0,0,0,0,0,0,0,0
0.570059,0,0,0,0,0,0,0,0,0,0,0,0,0,0,0,0
0.580065,0,0,0,0,0,0,0,0,0,0,0,0,0,0,0,0
0.590065,0,0,0,0,0,0,0,0,0,0,0,0,0,0,0,0
0.600068,0,0,0,0,0,0,0,0,0,0,0,0,0,0,0,0
0.610068,0,0,0,0,0,0,0,0,0,0,0,0,0,0,0,0
0.620062,0,0,0,0,0,0,0,0,0,0,0,0,0,0,0,0
0.630071,0,0,0,0,0,0,0,0,0,0,0,0,0,0,0,0
0.64008,0,0,0,0,0,0,0,0,0,0,0,0,0,0,0,0
0.650069,0,0,0,0,0,0,0,0,0,0,0,0,0,0,0,0
0.660061,0,0,0,0,0,0,0,0,0,0,0,0,0,0,0,0
0.67006,0,0,0,0,0,0,0,0,0,0,0,0,0,0,0,0
0.680065,0,0,0,0,0,0,0,0,0,0,0,0,0,0,0,0
0.69006,0,0,0,0,0,0,0,0,0,0,0,0,0,0,0,0
0.700062,0,0,0,0,0,0,0,0,0,0,0,0,0,0,0,0
0.710038,0,0,0,0,0,0,0,0,0,0,0,0,0,0,0,0
0.720061,0,0,0,0,0,0,0,0,0,0,0,0,0,0,0,0
0.730063,0,0,0,0,0,0,0,0,0,0,0,0,0,0,0,0
0.740059,0,0,0,0,0,0,0,0,0,0,0,0,0,0,0,0
0.75007,0,0,0,0,0,0,0,0,0,0,0,0,0,0,0,0
0.760064,0,0,0,0,0,0,0,0,0,0,0,0,0,0,0,0
0.770058,0,0,0,0,0,0,0,0,0,0,0,0,0,0,0,0
0.78006,0,0,0,0,0,0,0,0,0,0,0,0,0,0,0,0
0.790061,0,0,0,0,0,0,0,0,0,0,0,0,0,0,0,0
0.800066,0,0,0,0,0,0,0,0,0,0,0,0,0,0,0,0
0.810067,0,0,0,0,0,0,0,0,0,0,0,0,0,0,0,0
0.820062,0,0,0,0,0,0,0,0,0,0,0,0,0,0,0,0
0.830062,0,0,0,0,0,0,0,0,0,0,0,0,0,0,0,0
0.840065,0,0,0,0,0,0,0,0,0,0,0,0,0,0,0,0
0.850064,0,0,0,0,0,0,0,0,0,0,0,0,0,0,0,0
0.86006,0,0,0,0,0,0,0,0,0,0,0,0,0,0,0,0
0.870059,0,0,0,0,0,0,0,0,0,0,0,0,0,0,0,0
0.880059,0,0,0,0,0,0,0,0,0,0,0,0,0,0,0,0
0.890058,0,0,0,0,0,0,0,0,0,0,0,0,0,0,0,0
0.900063,0,0,0,0,0,0,0,0,0,0,0,0,0,0,0,0
0.910058,0,0,0,0,0,0,0,0,0,0,0,0,0,0,0,0
0.920059,0,0,0,0,0,0,0,0,0,0,0,0,0,0,0,0
0.930059,0,0,0,0,0,0,0,0,0,0,0,0,0,0,0,0
0.940059,0,0,0,0,0,0,0,0,0,0,0,0,0,0,0,0
0.950059,0,0,0,0,0,0,0,0,0,0,0,0,0,0,0,0
0.960058,0,0,0,0,0,0,0,0,0,0,0,0,0,0,0,0
0.970059,0,0,0,0,0,0,0,0,0,0,0,0,0,0,0,0
0.980059,0,0,0,0,0,0,0,0,0,0,0,0,0,0,0,0
0.990059,0,0,0,0,0,0,0,0,0,0,0,0,0,0,0,0
1.00006,0,0,0,0,0,0,0,0,0,0,0,0,0,0,0,0
1.01006,0,0,0,0,0,0,0,0,0,0,0,0,0,0,0,0
1.02007,0,0,0,0,0,0,0,0,0,0,0,0,0,0,0,0
1.03006,0,0,0,0,0,0,0,0,0,0,0,0,0,0,0,0
1.04007,0,0,0,0,0,0,0,0,0,0,0,0,0,0,0,0
1.05006,0,0,0,0,0,0,0,0,0,0,0,0,0,0,0,0
1.06007,0,0,0,0,0,0,0,0,0,0,0,0,0,0,0,0
1.07006,0,0,0,0,0,0,0,0,0,0,0,0,0,0,0,0
1.08006,0,0,0,0,0,0,0,0,0,0,0,0,0,0,0,0
1.09006,0,0,0,0,0,0,0,0,0,0,0,0,0,0,0,0
1.10006,0,0,0,0,0,0,0,0,0,0,0,0,0,0,0,0
1.11006,0,0,0,0,0,0,0,0,0,0,0,0,0,0,0,0
1.12006,0,0,0,0,0,0,0,0,0,0,0,0,0,0,0,0
1.13006,0,0,0,0,0,0,0,0,0,0,0,0,0,0,0,0
1.14006,0,0,0,0,0,0,0,0,0,0,0,0,0,0,0,0
1.15006,0,0,0,0,0,0,0,0,0,0,0,0,0,0,0,0
1.16006,0,0,0,0,0,0,0,0,0,0,0,0,0,0,0,0
1.17006,0,0,0,0,0,0,0,0,0,0,0,0,0,0,0,0
1.18006,0,0,0,0,0,0,0,0,0,0,0,0,0,0,0,0
1.19006,0,0,0,0,0,0,0,0,0,0,0,0,0,0,0,0
1.20006,0,0,0,0,0,0,0,0,0,0,0,0,0,0,0,0
1.21006,0,0,0,0,0,0,0,0,0,0,0,0,0,0,0,0
1.22006,0,0,0,0,0,0,0,0,0,0,0,0,0,0,0,0
1.23006,0,0,0,0,0,0,0,0,0,0,0,0,0,0,0,0
1.24006,0,0,0,0,0,0,0,0,0,0,0,0,0,0,0,0
1.25006,0,0,0,0,0,0,0,0,0,0,0,0,0,0,0,0
1.26006,0,0,0,0,0,0,0,0,0,0,0,0,0,0,0,0
1.27006,0,0,0,0,0,0,0,0,0,0,0,0,0,0,0,0
1.28007,0,0,0,0,0,0,0,0,0,0,0,0,0,0,0,0
1.29006,0,0,0,0,0,0,0,0,0,0,0,0,0,0,0,0
1.30007,0,0,0,0,0,0,0,0,0,0,0,0,0,0,0,0
1.31006,0,0,0,0,0,0,0,0,0,0,0,0,0,0,0,0
1.32006,0,0,0,0,0,0,0,0,0,0,0,0,0,0,0,0
1.33006,0,0,0,0,0,0,0,0,0,0,0,0,0,0,0,0
1.34007,0,0,0,0,0,0,0,0,0,0,0,0,0,0,0,0
1.35006,0,0,0,0,0,0,0,0,0,0,0,0,0,0,0,0
1.36006,0,0,0,0,0,0,0,0,0,0,0,0,0,0,0,0
1.37006,0,0,0,0,0,0,0,0,0,0,0,0,0,0,0,0
1.38006,0,0,0,0,0,0,0,0,0,0,0,0,0,0,0,0
1.39006,0,0,0,0,0,0,0,0,0,0,0,0,0,0,0,0
1.40006,0,0,0,0,0,0,0,0,0,0,0,0,0,0,0,0
1.41006,0,0,0,0,0,0,0,0,0,0,0,0,0,0,0,0
1.42006,0,0,0,0,0,0,0,0,0,0,0,0,0,0,0,0
1.43006,0,0,0,0,0,0,0,0,0,0,0,0,0,0,0,0
1.44006,0,0,0,0,0,0,0,0,0,0,0,0,0,0,0,0
1.45006,0,0,0,0,0,0,0,0,0,0,0,0,0,0,0,0
1.46007,0,0,0,0,0,0,0,0,0,0,0,0,0,0,0,0
1.47006,0,0,0,0,0,0,0,0,0,0,0,0,0,0,0,0
1.48006,0,0,0,0,0,0,0,0,0,0,0,0,0,0,0,0
1.49006,0,0,0,0,0,0,0,0,0,0,0,0,0,0,0,0
1.50006,0,0,0,0,0,0,0,0,0,0,0,0,0,0,0,0
1.51006,0,0,0,0,0,0,0,0,0,0,0,0,0,0,0,0
1.52006,0,0,0,0,0,0,0,0,0,0,0,0,0,0,0,0
1.53006,0,0,0,0,0,0,0,0,0,0,0,0,0,0,0,0
1.54007,0,0,0,0,0,0,0,0,0,0,0,0,0,0,0,0
1.55006,0,0,0,0,0,0,0,0,0,0,0,0,0,0,0,0
1.56006,0,0,0,0,0,0,0,0,0,0,0,0,0,0,0,0
1.57006,0,0,0,0,0,0,0,0,0,0,0,0,0,0,0,0
1.58006,0,0,0,0,0,0,0,0,0,0,0,0,0,0,0,0
1.59006,0,0,0,0,0,0,0,0,0,0,0,0,0,0,0,0
1.60007,0,0,0,0,0,0,0,0,0,0,0,0,0,0,0,0
1.61006,0,0,0,0,0,0,0,0,0,0,0,0,0,0,0,0
1.62007,0,0,0,0,0,0,0,0,0,0,0,0,0,0,0,0
1.63006,0,0,0,0,0,0,0,0,0,0,0,0,0,0,0,0
1.64006,0,0,0,0,0,0,0,0,0,0,0,0,0,0,0,0
1.65006,0,0,0,0,0,0,0,0,0,0,0,0,0,0,0,0
1.66006,0,0,0,0,0,0,0,0,0,0,0,0,0,0,0,0
1.67006,0,0,0,0,0,0,0,0,0,0,0,0,0,0,0,0
1.68006,0,0,0,0,0,0,0,0,0,0,0,0,0,0,0,0
1.69006,0,0,0,0,0,0,0,0,0,0,0,0,0,0,0,0
1.70002,0,0,0,0,0,0,0,0,0,0,0,0,0,0,0,0
1.71006,0,0,0,0,0,0,0,0,0,0,0,0,0,0,0,0
1.72001,0,0,0,0,0,0,0,0,0,0,0,0,0,0,0,0
1.73006,0,0,0,0,0,0,0,0,0,0,0,0,0,0,0,0
1.74006,0,0,0,0,0,0,0,0,0,0,0,0,0,0,0,0
1.75006,0,0,0,0,0,0,0,0,0,0,0,0,0,0,0,0
1.76006,0,0,0,0,0,0,0,0,0,0,0,0,0,0,0,0
1.77006,0,0,0,0,0,0,0,0,0,0,0,0,0,0,0,0
1.78006,0,0,0,0,0,0,0,0,0,0,0,0,0,0,0,0
1.79006,0,0,0,0,0,0,0,0,0,0,0,0,0,0,0,0
1.80006,0,0,0,0,0,0,0,0,0,0,0,0,0,0,0,0
1.81007,0,0,0,0,0,0,0,0,0,0,0,0,0,0,0,0
1.82006,0,0,0,0,0,0,0,0,0,0,0,0,0,0,0,0
1.83006,0,0,0,0,0,0,0,0,0,0,0,0,0,0,0,0
1.84006,0,0,0,0,0,0,0,0,0,0,0,0,0,0,0,0
1.85006,0,0,0,0,0,0,0,0,0,0,0,0,0,0,0,0
1.86006,0,0,0,0,0,0,0,0,0,0,0,0,0,0,0,0
1.87006,0,0,0,0,0,0,0,0,0,0,0,0,0,0,0,0
1.88007,0,0,0,0,0,0,0,0,0,0,0,0,0,0,0,0
1.89006,0,0,0,0,0,0,0,0,0,0,0,0,0,0,0,0
1.90006,0,0,0,0,0,0,0,0,0,0,0,0,0,0,0,0
1.91006,0,0,0,0,0,0,0,0,0,0,0,0,0,0,0,0
1.92006,0,0,0,0,0,0,0,0,0,0,0,0,0,0,0,0
1.93006,0,0,0,0,0,0,0,0,0,0,0,0,0,0,0,0
1.94006,0,0,0,0,0,0,0,0,0,0,0,0,0,0,0,0
1.95006,0,0,0,0,0,0,0,0,0,0,0,0,0,0,0,0
1.96006,0,0,0,0,0,0,0,0,0,0,0,0,0,0,0,0
1.97006,0,0,0,0,0,0,0,0,0,0,0,0,0,0,0,0
1.98007,0,0,0,0,0,0,0,0,0,0,0,0,0,0,0,0
1.99006,0,0,0,0,0,0,0,0,0,0,0,0,0,0,0,0
2.00006,0,0,0,0,0,0,0,0,0,0,0,0,0,0,0,0
2.01006,0,0,0,0,0,0,0,0,0,0,0,0,0,0,0,0
2.02007,0,0,0,0,0,0,0,0,0,0,0,0,0,0,0,0
2.03006,0,0,0,0,0,0,0,0,0,0,0,0,0,0,0,0
2.04006,0,0,0,0,0,0,0,0,0,0,0,0,0,0,0,0
2.05006,0,0,0,0,0,0,0,0,0,0,0,0,0,0,0,0
2.06006,0,0,0,0,0,0,0,0,0,0,0,0,0,0,0,0
2.07006,0,0,0,0,0,0,0,0,0,0,0,0,0,0,0,0
2.08006,0,0,0,0,0,0,0,0,0,0,0,0,0,0,0,0
2.09006,0,0,0,0,0,0,0,0,0,0,0,0,0,0,0,0
2.10006,0,0,0,0,0,0,0,0,0,0,0,0,0,0,0,0
2.11006,0,0,0,0,0,0,0,0,0,0,0,0,0,0,0,0
2.12006,0,0,0,0,0,0,0,0,0,0,0,0,0,0,0,0
2.13006,0,0,0,0,0,0,0,0,0,0,0,0,0,0,0,0
2.14006,0,0,0,0,0,0,0,0,0,0,0,0,0,0,0,0
2.15006,0,0,0,0,0,0,0,0,0,0,0,0,0,0,0,0
2.16006,0,0,0,0,0,0,0,0,0,0,0,0,0,0,0,0
2.17006,0,0,0,0,0,0,0,0,0,0,0,0,0,0,0,0
2.18006,0,0,0,0,0,0,0,0,0,0,0,0,0,0,0,0
2.19006,0,0,0,0,0,0,0,0,0,0,0,0,0,0,0,0
2.20006,0,0,0,0,0,0,0,0,0,0,0,0,0,0,0,0
2.21006,0,0,0,0,0,0,0,0,0,0,0,0,0,0,0,0
2.22006,0,0,0,0,0,0,0,0,0,0,0,0,0,0,0,0
2.23006,0,0,0,0,0,0,0,0,0,0,0,0,0,0,0,0
2.24006,0,0,0,0,0,0,0,0,0,0,0,0,0,0,0,0
2.25006,0,0,0,0,0,0,0,0,0,0,0,0,0,0,0,0
2.26007,0,0,0,0,0,0,0,0,0,0,0,0,0,0,0,0
2.27006,0,0,0,0,0,0,0,0,0,0,0,0,0,0,0,0
2.28006,0,0,0,0,0,0,0,0,0,0,0,0,0,0,0,0
2.29006,0,0,0,0,0,0,0,0,0,0,0,0,0,0,0,0
2.30006,0,0,0,0,0,0,0,0,0,0,0,0,0,0,0,0
2.31006,0,0,0,0,0,0,0,0,0,0,0,0,0,0,0,0
2.32007,0,0,0,0,0,0,0,0,0,0,0,0,0,0,0,0
2.33006,0,0,0,0,0,0,0,0,0,0,0,0,0,0,0,0
2.34007,0,0,0,0,0,0,0,0,0,0,0,0,0,0,0,0
2.35006,0,0,0,0,0,0,0,0,0,0,0,0,0,0,0,0
2.36007,0,0,0,0,0,0,0,0,0,0,0,0,0,0,0,0
2.37006,0,0,0,0,0,0,0,0,0,0,0,0,0,0,0,0
2.38006,0,0,0,0,0,0,0,0,0,0,0,0,0,0,0,0
2.39005,0,0,0,0,0,0,0,0,0,0,0,0,0,0,0,0
2.40006,0,0,0,0,0,0,0,0,0,0,0,0,0,0,0,0
2.41006,0,0,0,0,0,0,0,0,0,0,0,0,0,0,0,0
2.42006,0,0,0,0,0,0,0,0,0,0,0,0,0,0,0,0
2.43006,0,0,0,0,0,0,0,0,0,0,0,0,0,0,0,0
2.44006,0,0,0,0,0,0,0,0,0,0,0,0,0,0,0,0
2.45006,0,0,0,0,0,0,0,0,0,0,0,0,0,0,0,0
2.46006,0,0,0,0,0,0,0,0,0,0,0,0,0,0,0,0
2.47006,0,0,0,0,0,0,0,0,0,0,0,0,0,0,0,0
2.48006,0,0,0,0,0,0,0,0,0,0,0,0,0,0,0,0
2.49006,0,0,0,0,0,0,0,0,0,0,0,0,0,0,0,0
2.50006,0,0,0,0,0,0,0,0,0,0,0,0,0,0,0,0
2.51006,0,0,0,0,0,0,0,0,0,0,0,0,0,0,0,0
2.52006,0,0,0,0,0,0,0,0,0,0,0,0,0,0,0,0
2.53006,0,0,0,0,0,0,0,0,0,0,0,0,0,0,0,0
2.54006,0,0,0,0,0,0,0,0,0,0,0,0,0,0,0,0
2.55006,0,0,0,0,0,0,0,0,0,0,0,0,0,0,0,0
2.56006,0,0,0,0,0,0,0,0,0,0,0,0,0,0,0,0
2.57006,0,0,0,0,0,0,0,0,0,0,0,0,0,0,0,0
2.58007,0,0,0,0,0,0,0,0,0,0,0,0,0,0,0,0
2.59006,0,0,0,0,0,0,0,0,0,0,0,0,0,0,0,0
2.60006,0,0,0,0,0,0,0,0,0,0,0,0,0,0,0,0
2.61006,0,0,0,0,0,0,0,0,0,0,0,0,0,0,0,0
2.62006,0,0,0,0,0,0,0,0,0,0,0,0,0,0,0,0
2.63006,0,0,0,0,0,0,0,0,0,0,0,0,0,0,0,0
2.64006,0,0,0,0,0,0,0,0,0,0,0,0,0,0,0,0
2.65006,0,0,0,0,0,0,0,0,0,0,0,0,0,0,0,0
2.66006,0,0,0,0,0,0,0,0,0,0,0,0,0,0,0,0
2.67006,0,0,0,0,0,0,0,0,0,0,0,0,0,0,0,0
2.68006,0,0,0,0,0,0,0,0,0,0,0,0,0,0,0,0
2.69006,0,0,0,0,0,0,0,0,0,0,0,0,0,0,0,0
2.70006,0,0,0,0,0,0,0,0,0,0,0,0,0,0,0,0
2.71006,0,0,0,0,0,0,0,0,0,0,0,0,0,0,0,0
2.72006,0,0,0,0,0,0,0,0,0,0,0,0,0,0,0,0
2.73006,0,0,0,0,0,0,0,0,0,0,0,0,0,0,0,0
2.74006,0,0,0,0,0,0,0,0,0,0,0,0,0,0,0,0
2.75006,0,0,0,0,0,0,0,0,0,0,0,0,0,0,0,0
2.76006,0,0,0,0,0,0,0,0,0,0,0,0,0,0,0,0
2.77006,0,0,0,0,0,0,0,0,0,0,0,0,0,0,0,0
2.78006,0,0,0,0,0,0,0,0,0,0,0,0,0,0,0,0
2.79006,0,0,0,0,0,0,0,0,0,0,0,0,0,0,0,0
2.80006,0,0,0,0,0,0,0,0,0,0,0,0,0,0,0,0
2.81006,0,0,0,0,0,0,0,0,0,0,0,0,0,0,0,0
2.82006,0,0,0,0,0,0,0,0,0,0,0,0,0,0,0,0
2.83006,0,0,0,0,0,0,0,0,0,0,0,0,0,0,0,0
2.84006,0,0,0,0,0,0,0,0,0,0,0,0,0,0,0,0
2.85006,0,0,0,0,0,0,0,0,0,0,0,0,0,0,0,0
2.86006,0,0,0,0,0,0,0,0,0,0,0,0,0,0,0,0
2.87006,0,0,0,0,0,0,0,0,0,0,0,0,0,0,0,0
2.88006,0,0,0,0,0,0,0,0,0,0,0,0,0,0,0,0
2.89006,0,0,0,0,0,0,0,0,0,0,0,0,0,0,0,0
2.90006,0,0,0,0,0,0,0,0,0,0,0,0,0,0,0,0
2.91006,0,0,0,0,0,0,0,0,0,0,0,0,0,0,0,0
2.92006,0,0,0,0,0,0,0,0,0,0,0,0,0,0,0,0
2.93006,0,0,0,0,0,0,0,0,0,0,0,0,0,0,0,0
2.94006,0,0,0,0,0,0,0,0,0,0,0,0,0,0,0,0
2.95006,0,0,0,0,0,0,0,0,0,0,0,0,0,0,0,0
2.96006,0,0,0,0,0,0,0,0,0,0,0,0,0,0,0,0
2.97006,0,0,0,0,0,0,0,0,0,0,0,0,0,0,0,0
2.98007,0,0,0,0,0,0,0,0,0,0,0,0,0,0,0,0
2.99006,0,0,0,0,0,0,0,0,0,0,0,0,0,0,0,0
3.00007,0,0,0,0,0,0,0,0,0,0,0,0,0,0,0,0
3.01006,0,0,0,0,0,0,0,0,0,0,0,0,0,0,0,0
3.02006,0,0,0,0,0,0,0,0,0,0,0,0,0,0,0,0
3.03006,0,0,0,0,0,0,0,0,0,0,0,0,0,0,0,0
3.04006,0,0,0,0,0,0,0,0,0,0,0,0,0,0,0,0
3.05006,0,0,0,0,0,0,0,0,0,0,0,0,0,0,0,0
3.06007,0,0,0,0,0,0,0,0,0,0,0,0,0,0,0,0
3.07006,0,0,0,0,0,0,0,0,0,0,0,0,0,0,0,0
3.08006,0,0,0,0,0,0,0,0,0,0,0,0,0,0,0,0
3.09006,0,0,0,0,0,0,0,0,0,0,0,0,0,0,0,0
3.10007,0,0,0,0,0,0,0,0,0,0,0,0,0,0,0,0
3.11006,0,0,0,0,0,0,0,0,0,0,0,0,0,0,0,0
3.12006,0,0,0,0,0,0,0,0,0,0,0,0,0,0,0,0
3.13006,0,0,0,0,0,0,0,0,0,0,0,0,0,0,0,0
3.14006,0,0,0,0,0,0,0,0,0,0,0,0,0,0,0,0
3.15006,0,0,0,0,0,0,0,0,0,0,0,0,0,0,0,0
3.16006,0,0,0,0,0,0,0,0,0,0,0,0,0,0,0,0
3.17006,0,0,0,0,0,0,0,0,0,0,0,0,0,0,0,0
3.18006,0,0,0,0,0,0,0,0,0,0,0,0,0,0,0,0
3.19006,0,0,0,0,0,0,0,0,0,0,0,0,0,0,0,0
3.20006,0,0,0,0,0,0,0,0,0,0,0,0,0,0,0,0
3.21007,0,0,0,0,0,0,0,0,0,0,0,0,0,0,0,0
3.22006,0,0,0,0,0,0,0,0,0,0,0,0,0,0,0,0
3.23006,0,0,0,0,0,0,0,0,0,0,0,0,0,0,0,0
3.24006,0,0,0,0,0,0,0,0,0,0,0,0,0,0,0,0
3.25006,0,0,0,0,0,0,0,0,0,0,0,0,0,0,0,0
3.26006,0,0,0,0,0,0,0,0,0,0,0,0,0,0,0,0
3.27006,0,0,0,0,0,0,0,0,0,0,0,0,0,0,0,0
3.28006,0,0,0,0,0,0,0,0,0,0,0,0,0,0,0,0
3.29006,0,0,0,0,0,0,0,0,0,0,0,0,0,0,0,0
3.30007,0,0,0,0,0,0,0,0,0,0,0,0,0,0,0,0
3.31006,0,0,0,0,0,0,0,0,0,0,0,0,0,0,0,0
3.32006,0,0,0,0,0,0,0,0,0,0,0,0,0,0,0,0
3.33006,0,0,0,0,0,0,0,0,0,0,0,0,0,0,0,0
3.34006,0,0,0,0,0,0,0,0,0,0,0,0,0,0,0,0
3.35006,0,0,0,0,0,0,0,0,0,0,0,0,0,0,0,0
3.36006,0,0,0,0,0,0,0,0,0,0,0,0,0,0,0,0
3.37006,0,0,0,0,0,0,0,0,0,0,0,0,0,0,0,0
3.38006,0,0,0,0,0,0,0,0,0,0,0,0,0,0,0,0
3.39006,0,0,0,0,0,0,0,0,0,0,0,0,0,0,0,0
3.40006,0,0,0,0,0,0,0,0,0,0,0,0,0,0,0,0
3.41006,0,0,0,0,0,0,0,0,0,0,0,0,0,0,0,0
3.42006,0,0,0,0,0,0,0,0,0,0,0,0,0,0,0,0
3.43006,0,0,0,0,0,0,0,0,0,0,0,0,0,0,0,0
3.44006,0,0,0,0,0,0,0,0,0,0,0,0,0,0,0,0
3.45006,0,0,0,0,0,0,0,0,0,0,0,0,0,0,0,0
3.46006,0,0,0,0,0,0,0,0,0,0,0,0,0,0,0,0
3.47006,0,0,0,0,0,0,0,0,0,0,0,0,0,0,0,0
3.48006,0,0,0,0,0,0,0,0,0,0,0,0,0,0,0,0
3.49006,0,0,0,0,0,0,0,0,0,0,0,0,0,0,0,0
3.50006,0,0,0,0,0,0,0,0,0,0,0,0,0,0,0,0
3.51006,0,0,0,0,0,0,0,0,0,0,0,0,0,0,0,0
3.52006,0,0,0,0,0,0,0,0,0,0,0,0,0,0,0,0
3.53006,0,0,0,0,0,0,0,0,0,0,0,0,0,0,0,0
3.54006,0,0,0,0,0,0,0,0,0,0,0,0,0,0,0,0
3.55006,0,0,0,0,0,0,0,0,0,0,0,0,0,0,0,0
3.56006,0,0,0,0,0,0,0,0,0,0,0,0,0,0,0,0
3.57007,0,0,0,0,0,0,0,0,0,0,0,0,0,0,0,0
3.58006,0,0,0,0,0,0,0,0,0,0,0,0,0,0,0,0
3.59006,0,0,0,0,0,0,0,0,0,0,0,0,0,0,0,0
3.60006,0,0,0,0,0,0,0,0,0,0,0,0,0,0,0,0
3.61006,0,0,0,0,0,0,0,0,0,0,0,0,0,0,0,0
3.62006,0,0,0,0,0,0,0,0,0,0,0,0,0,0,0,0
3.63006,0,0,0,0,0,0,0,0,0,0,0,0,0,0,0,0
3.64006,0,0,0,0,0,0,0,0,0,0,0,0,0,0,0,0
3.65006,0,0,0,0,0,0,0,0,0,0,0,0,0,0,0,0
3.66006,0,0,0,0,0,0,0,0,0,0,0,0,0,0,0,0
3.67006,0,0,0,0,0,0,0,0,0,0,0,0,0,0,0,0
3.68006,0,0,0,0,0,0,0,0,0,0,0,0,0,0,0,0
3.69006,0,0,0,0,0,0,0,0,0,0,0,0,0,0,0,0
3.70006,0,0,0,0,0,0,0,0,0,0,0,0,0,0,0,0
3.71006,0,0,0,0,0,0,0,0,0,0,0,0,0,0,0,0
3.72006,0,0,0,0,0,0,0,0,0,0,0,0,0,0,0,0
3.73006,0,0,0,0,0,0,0,0,0,0,0,0,0,0,0,0
3.74006,0,0,0,0,0,0,0,0,0,0,0,0,0,0,0,0
3.75006,0,0,0,0,0,0,0,0,0,0,0,0,0,0,0,0
3.76006,0,0,0,0,0,0,0,0,0,0,0,0,0,0,0,0
3.77006,0,0,0,0,0,0,0,0,0,0,0,0,0,0,0,0
3.78006,0,0,0,0,0,0,0,0,0,0,0,0,0,0,0,0
3.79006,0,0,0,0,0,0,0,0,0,0,0,0,0,0,0,0
3.80006,0,0,0,0,0,0,0,0,0,0,0,0,0,0,0,0
3.81006,0,0,0,0,0,0,0,0,0,0,0,0,0,0,0,0
3.82006,0,0,0,0,0,0,0,0,0,0,0,0,0,0,0,0
3.83006,0,0,0,0,0,0,0,0,0,0,0,0,0,0,0,0
3.84006,0,0,0,0,0,0,0,0,0,0,0,0,0,0,0,0
3.85006,0,0,0,0,0,0,0,0,0,0,0,0,0,0,0,0
3.86006,0,0,0,0,0,0,0,0,0,0,0,0,0,0,0,0
3.87006,0,0,0,0,0,0,0,0,0,0,0,0,0,0,0,0
3.88007,0,0,0,0,0,0,0,0,0,0,0,0,0,0,0,0
3.89006,0,0,0,0,0,0,0,0,0,0,0,0,0,0,0,0
3.90006,0,0,0,0,0,0,0,0,0,0,0,0,0,0,0,0
3.91006,0,0,0,0,0,0,0,0,0,0,0,0,0,0,0,0
3.92007,0,0,0,0,0,0,0,0,0,0,0,0,0,0,0,0
3.93003,0,0,0,0,0,0,0,0,0,0,0,0,0,0,0,0
3.94006,0,0,0,0,0,0,0,0,0,0,0,0,0,0,0,0
3.95006,0,0,0,0,0,0,0,0,0,0,0,0,0,0,0,0
3.96007,0,0,0,0,0,0,0,0,0,0,0,0,0,0,0,0
3.97006,0,0,0,0,0,0,0,0,0,0,0,0,0,0,0,0
3.98006,0,0,0,0,0,0,0,0,0,0,0,0,0,0,0,0
3.99006,0,0,0,0,0,0,0,0,0,0,0,0,0,0,0,0
4.00006,0,0,0,0,0,0,0,0,0,0,0,0,0,0,0,0
4.01006,0,0,0,0,0,0,0,0,0,0,0,0,0,0,0,0
4.02002,0,0,0,0,0,0,0,0,0,0,0,0,0,0,0,0
4.03006,0,0,0,0,0,0,0,0,0,0,0,0,0,0,0,0
4.04006,0,0,0,0,0,0,0,0,0,0,0,0,0,0,0,0
4.05006,0,0,0,0,0,0,0,0,0,0,0,0,0,0,0,0
4.06006,0,0,0,0,0,0,0,0,0,0,0,0,0,0,0,0
4.07006,0,0,0,0,0,0,0,0,0,0,0,0,0,0,0,0
4.08006,0,0,0,0,0,0,0,0,0,0,0,0,0,0,0,0
4.09006,0,0,0,0,0,0,0,0,0,0,0,0,0,0,0,0
4.10006,0,0,0,0,0,0,0,0,0,0,0,0,0,0,0,0
4.11006,0,0,0,0,0,0,0,0,0,0,0,0,0,0,0,0
4.12006,0,0,0,0,0,0,0,0,0,0,0,0,0,0,0,0
4.13006,0,0,0,0,0,0,0,0,0,0,0,0,0,0,0,0
4.14006,0,0,0,0,0,0,0,0,0,0,0,0,0,0,0,0
4.15006,0,0,0,0,0,0,0,0,0,0,0,0,0,0,0,0
4.16006,0,0,0,0,0,0,0,0,0,0,0,0,0,0,0,0
4.17006,0,0,0,0,0,0,0,0,0,0,0,0,0,0,0,0
4.18006,0,0,0,0,0,0,0,0,0,0,0,0,0,0,0,0
4.19006,0,0,0,0,0,0,0,0,0,0,0,0,0,0,0,0
4.20006,0,0,0,0,0,0,0,0,0,0,0,0,0,0,0,0
4.21006,0,0,0,0,0,0,0,0,0,0,0,0,0,0,0,0
4.22007,0,0,0,0,0,0,0,0,0,0,0,0,0,0,0,0
4.23006,0,0,0,0,0,0,0,0,0,0,0,0,0,0,0,0
4.24006,0,0,0,0,0,0,0,0,0,0,0,0,0,0,0,0
4.25006,0,0,0,0,0,0,0,0,0,0,0,0,0,0,0,0
4.26005,0,0,0,0,0,0,0,0,0,0,0,0,0,0,0,0
4.27006,0,0,0,0,0,0,0,0,0,0,0,0,0,0,0,0
4.28006,0,0,0,0,0,0,0,0,0,0,0,0,0,0,0,0
4.29006,0,0,0,0,0,0,0,0,0,0,0,0,0,0,0,0
4.30006,0,0,0,0,0,0,0,0,0,0,0,0,0,0,0,0
4.31007,0,0,0,0,0,0,0,0,0,0,0,0,0,0,0,0
4.32007,0,0,0,0,0,0,0,0,0,0,0,0,0,0,0,0
4.33006,0,0,0,0,0,0,0,0,0,0,0,0,0,0,0,0
4.34006,0,0,0,0,0,0,0,0,0,0,0,0,0,0,0,0
4.35006,0,0,0,0,0,0,0,0,0,0,0,0,0,0,0,0
4.36006,0,0,0,0,0,0,0,0,0,0,0,0,0,0,0,0
4.37006,0,0,0,0,0,0,0,0,0,0,0,0,0,0,0,0
4.38006,0,0,0,0,0,0,0,0,0,0,0,0,0,0,0,0
4.39006,0,0,0,0,0,0,0,0,0,0,0,0,0,0,0,0
4.40006,0,0,0,0,0,0,0,0,0,0,0,0,0,0,0,0
4.41006,0,0,0,0,0,0,0,0,0,0,0,0,0,0,0,0
4.42007,0,0,0,0,0,0,0,0,0,0,0,0,0,0,0,0
4.43006,0,0,0,0,0,0,0,0,0,0,0,0,0,0,0,0
4.44007,0,0,0,0,0,0,0,0,0,0,0,0,0,0,0,0
4.45006,0,0,0,0,0,0,0,0,0,0,0,0,0,0,0,0
4.46006,0,0,0,0,0,0,0,0,0,0,0,0,0,0,0,0
4.47002,0,0,0,0,0,0,0,0,0,0,0,0,0,0,0,0
4.48006,0,0,0,0,0,0,0,0,0,0,0,0,0,0,0,0
4.49006,0,0,0,0,0,0,0,0,0,0,0,0,0,0,0,0
4.50006,0,0,0,0,0,0,0,0,0,0,0,0,0,0,0,0
4.51006,0,0,0,0,0,0,0,0,0,0,0,0,0,0,0,0
4.52006,0,0,0,0,0,0,0,0,0,0,0,0,0,0,0,0
4.53006,0,0,0,0,0,0,0,0,0,0,0,0,0,0,0,0
4.54006,0,0,0,0,0,0,0,0,0,0,0,0,0,0,0,0
4.55002,0,0,0,0,0,0,0,0,0,0,0,0,0,0,0,0
4.56007,0,0,0,0,0,0,0,0,0,0,0,0,0,0,0,0
4.57006,0,0,0,0,0,0,0,0,0,0,0,0,0,0,0,0
4.58006,0,0,0,0,0,0,0,0,0,0,0,0,0,0,0,0
4.59006,0,0,0,0,0,0,0,0,0,0,0,0,0,0,0,0
4.60006,0,0,0,0,0,0,0,0,0,0,0,0,0,0,0,0
4.61006,0,0,0,0,0,0,0,0,0,0,0,0,0,0,0,0
4.62006,0,0,0,0,0,0,0,0,0,0,0,0,0,0,0,0
4.63001,0,0,0,0,0,0,0,0,0,0,0,0,0,0,0,0
4.64006,0,0,0,0,0,0,0,0,0,0,0,0,0,0,0,0
4.65006,0,0,0,0,0,0,0,0,0,0,0,0,0,0,0,0
4.66006,0,0,0,0,0,0,0,0,0,0,0,0,0,0,0,0
4.67006,0,0,0,0,0,0,0,0,0,0,0,0,0,0,0,0
4.68006,0,0,0,0,0,0,0,0,0,0,0,0,0,0,0,0
4.69006,0,0,0,0,0,0,0,0,0,0,0,0,0,0,0,0
4.70006,0,0,0,0,0,0,0,0,0,0,0,0,0,0,0,0
4.71006,0,0,0,0,0,0,0,0,0,0,0,0,0,0,0,0
4.72007,0,0,0,0,0,0,0,0,0,0,0,0,0,0,0,0
4.73006,0,0,0,0,0,0,0,0,0,0,0,0,0,0,0,0
4.74006,0,0,0,0,0,0,0,0,0,0,0,0,0,0,0,0
4.75006,0,0,0,0,0,0,0,0,0,0,0,0,0,0,0,0
4.76006,0,0,0,0,0,0,0,0,0,0,0,0,0,0,0,0
4.77006,0,0,0,0,0,0,0,0,0,0,0,0,0,0,0,0
4.78006,0,0,0,0,0,0,0,0,0,0,0,0,0,0,0,0
4.79006,0,0,0,0,0,0,0,0,0,0,0,0,0,0,0,0
4.80007,0,0,0,0,0,0,0,0,0,0,0,0,0,0,0,0
4.81006,0,0,0,0,0,0,0,0,0,0,0,0,0,0,0,0
4.82001,0,0,0,0,0,0,0,0,0,0,0,0,0,0,0,0
4.83006,0,0,0,0,0,0,0,0,0,0,0,0,0,0,0,0
4.84006,0,0,0,0,0,0,0,0,0,0,0,0,0,0,0,0
4.85002,0,0,0,0,0,0,0,0,0,0,0,0,0,0,0,0
4.86006,0,0,0,0,0,0,0,0,0,0,0,0,0,0,0,0
4.87006,0,0,0,0,0,0,0,0,0,0,0,0,0,0,0,0
4.88001,0,0,0,0,0,0,0,0,0,0,0,0,0,0,0,0
4.89006,0,0,0,0,0,0,0,0,0,0,0,0,0,0,0,0
4.90006,0,0,0,0,0,0,0,0,0,0,0,0,0,0,0,0
4.91007,0,0,0,0,0,0,0,0,0,0,0,0,0,0,0,0
4.92007,0,0,0,0,0,0,0,0,0,0,0,0,0,0,0,0
4.93006,0,0,0,0,0,0,0,0,0,0,0,0,0,0,0,0
4.94006,0,0,0,0,0,0,0,0,0,0,0,0,0,0,0,0
4.95006,0,0,0,0,0,0,0,0,0,0,0,0,0,0,0,0
4.96006,0,0,0,0,0,0,0,0,0,0,0,0,0,0,0,0
4.97006,0,0,0,0,0,0,0,0,0,0,0,0,0,0,0,0
4.98006,0,0,0,0,0,0,0,0,0,0,0,0,0,0,0,0
4.99006,0,0,0,0,0,0,0,0,0,0,0,0,0,0,0,0
5.00006,0,0,0,0,0,0,0,0,0,0,0,0,0,0,0,0
5.01006,0,0,0,0,0,0,0,0,0,0,0,0,0,0,0,0
5.02006,0,0,0,0,0,0,0,0,0,0,0,0,0,0,0,0
5.03006,0,0,0,0,0,0,0,0,0,0,0,0,0,0,0,0
5.04006,0,0,0,0,0,0,0,0,0,0,0,0,0,0,0,0
5.05006,0,0,0,0,0,0,0,0,0,0,0,0,0,0,0,0
5.06006,0,0,0,0,0,0,0,0,0,0,0,0,0,0,0,0
5.07006,0,0,0,0,0,0,0,0,0,0,0,0,0,0,0,0
5.08006,0,0,0,0,0,0,0,0,0,0,0,0,0,0,0,0
5.09006,0,0,0,0,0,0,0,0,0,0,0,0,0,0,0,0
5.10006,0,0,0,0,0,0,0,0,0,0,0,0,0,0,0,0
5.11006,0,0,0,0,0,0,0,0,0,0,0,0,0,0,0,0
5.12006,0,0,0,0,0,0,0,0,0,0,0,0,0,0,0,0
5.13006,0,0,0,0,0,0,0,0,0,0,0,0,0,0,0,0
5.14006,0,0,0,0,0,0,0,0,0,0,0,0,0,0,0,0
5.15006,0,0,0,0,0,0,0,0,0,0,0,0,0,0,0,0
5.16006,0,0,0,0,0,0,0,0,0,0,0,0,0,0,0,0
5.17006,0,0,0,0,0,0,0,0,0,0,0,0,0,0,0,0
5.18006,0,0,0,0,0,0,0,0,0,0,0,0,0,0,0,0
5.19007,0,0,0,0,0,0,0,0,0,0,0,0,0,0,0,0
5.20006,0,0,0,0,0,0,0,0,0,0,0,0,0,0,0,0
5.21006,0,0,0,0,0,0,0,0,0,0,0,0,0,0,0,0
5.22006,0,0,0,0,0,0,0,0,0,0,0,0,0,0,0,0
5.23006,0,0,0,0,0,0,0,0,0,0,0,0,0,0,0,0
5.24007,0,0,0,0,0,0,0,0,0,0,0,0,0,0,0,0
5.25007,0,0,0,0,0,0,0,0,0,0,0,0,0,0,0,0
5.26007,0,0,0,0,0,0,0,0,0,0,0,0,0,0,0,0
5.27006,0,0,0,0,0,0,0,0,0,0,0,0,0,0,0,0
5.28006,0,0,0,0,0,0,0,0,0,0,0,0,0,0,0,0
5.29006,0,0,0,0,0,0,0,0,0,0,0,0,0,0,0,0
5.30006,0,0,0,0,0,0,0,0,0,0,0,0,0,0,0,0
5.31006,0,0,0,0,0,0,0,0,0,0,0,0,0,0,0,0
5.32007,0,0,0,0,0,0,0,0,0,0,0,0,0,0,0,0
5.33006,0,0,0,0,0,0,0,0,0,0,0,0,0,0,0,0
5.34006,0,0,0,0,0,0,0,0,0,0,0,0,0,0,0,0
5.35002,0,0,0,0,0,0,0,0,0,0,0,0,0,0,0,0
5.36006,0,0,0,0,0,0,0,0,0,0,0,0,0,0,0,0
5.37006,0,0,0,0,0,0,0,0,0,0,0,0,0,0,0,0
5.38006,0,0,0,0,0,0,0,0,0,0,0,0,0,0,0,0
5.39006,0,0,0,0,0,0,0,0,0,0,0,0,0,0,0,0
5.40007,0,0,0,0,0,0,0,0,0,0,0,0,0,0,0,0
5.41006,0,0,0,0,0,0,0,0,0,0,0,0,0,0,0,0
5.42002,0,0,0,0,0,0,0,0,0,0,0,0,0,0,0,0
5.43006,0,0,0,0,0,0,0,0,0,0,0,0,0,0,0,0
5.44006,0,0,0,0,0,0,0,0,0,0,0,0,0,0,0,0
5.45006,0,0,0,0,0,0,0,0,0,0,0,0,0,0,0,0
5.46006,0,0,0,0,0,0,0,0,0,0,0,0,0,0,0,0
5.47006,0,0,0,0,0,0,0,0,0,0,0,0,0,0,0,0
5.48006,0,0,0,0,0,0,0,0,0,0,0,0,0,0,0,0
5.49006,0,0,0,0,0,0,0,0,0,0,0,0,0,0,0,0
5.50006,0,0,0,0,0,0,0,0,0,0,0,0,0,0,0,0
5.51006,0,0,0,0,0,0,0,0,0,0,0,0,0,0,0,0
5.52007,0,0,0,0,0,0,0,0,0,0,0,0,0,0,0,0
5.53006,0,0,0,0,0,0,0,0,0,0,0,0,0,0,0,0
5.54007,0,0,0,0,0,0,0,0,0,0,0,0,0,0,0,0
5.55006,0,0,0,0,0,0,0,0,0,0,0,0,0,0,0,0
5.56006,0,0,0,0,0,0,0,0,0,0,0,0,0,0,0,0
5.57006,0,0,0,0,0,0,0,0,0,0,0,0,0,0,0,0
5.58007,0,0,0,0,0,0,0,0,0,0,0,0,0,0,0,0
5.59006,0,0,0,0,0,0,0,0,0,0,0,0,0,0,0,0
5.60006,0,0,0,0,0,0,0,0,0,0,0,0,0,0,0,0
5.61006,0,0,0,0,0,0,0,0,0,0,0,0,0,0,0,0
5.62006,0,0,0,0,0,0,0,0,0,0,0,0,0,0,0,0
5.63006,0,0,0,0,0,0,0,0,0,0,0,0,0,0,0,0
5.64006,0,0,0,0,0,0,0,0,0,0,0,0,0,0,0,0
5.65006,0,0,0,0,0,0,0,0,0,0,0,0,0,0,0,0
5.66006,0,0,0,0,0,0,0,0,0,0,0,0,0,0,0,0
5.67006,0,0,0,0,0,0,0,0,0,0,0,0,0,0,0,0
5.68006,0,0,0,0,0,0,0,0,0,0,0,0,0,0,0,0
5.69006,0,0,0,0,0,0,0,0,0,0,0,0,0,0,0,0
5.70006,0,0,0,0,0,0,0,0,0,0,0,0,0,0,0,0
5.71006,0,0,0,0,0,0,0,0,0,0,0,0,0,0,0,0
5.72006,0,0,0,0,0,0,0,0,0,0,0,0,0,0,0,0
5.73006,0,0,0,0,0,0,0,0,0,0,0,0,0,0,0,0
5.74006,0,0,0,0,0,0,0,0,0,0,0,0,0,0,0,0
5.75006,0,0,0,0,0,0,0,0,0,0,0,0,0,0,0,0
5.76006,0,0,0,0,0,0,0,0,0,0,0,0,0,0,0,0
5.77006,0,0,0,0,0,0,0,0,0,0,0,0,0,0,0,0
5.78006,0,0,0,0,0,0,0,0,0,0,0,0,0,0,0,0
5.79006,0,0,0,0,0,0,0,0,0,0,0,0,0,0,0,0
5.80006,0,0,0,0,0,0,0,0,0,0,0,0,0,0,0,0
5.81006,0,0,0,0,0,0,0,0,0,0,0,0,0,0,0,0
5.82006,0,0,0,0,0,0,0,0,0,0,0,0,0,0,0,0
5.83006,0,0,0,0,0,0,0,0,0,0,0,0,0,0,0,0
5.84006,0,0,0,0,0,0,0,0,0,0,0,0,0,0,0,0
5.85006,0,0,0,0,0,0,0,0,0,0,0,0,0,0,0,0
5.86007,0,0,0,0,0,0,0,0,0,0,0,0,0,0,0,0
5.87006,0,0,0,0,0,0,0,0,0,0,0,0,0,0,0,0
5.88006,0,0,0,0,0,0,0,0,0,0,0,0,0,0,0,0
5.89006,0,0,0,0,0,0,0,0,0,0,0,0,0,0,0,0
5.90006,0,0,0,0,0,0,0,0,0,0,0,0,0,0,0,0
5.91006,0,0,0,0,0,0,0,0,0,0,0,0,0,0,0,0
5.92006,0,0,0,0,0,0,0,0,0,0,0,0,0,0,0,0
5.93006,0,0,0,0,0,0,0,0,0,0,0,0,0,0,0,0
5.94006,0,0,0,0,0,0,0,0,0,0,0,0,0,0,0,0
5.95006,0,0,0,0,0,0,0,0,0,0,0,0,0,0,0,0
5.96006,0,0,0,0,0,0,0,0,0,0,0,0,0,0,0,0
5.97006,0,0,0,0,0,0,0,0,0,0,0,0,0,0,0,0
5.98006,0,0,0,0,0,0,0,0,0,0,0,0,0,0,0,0
5.99006,0,0,0,0,0,0,0,0,0,0,0,0,0,0,0,0
6.00006,0,0,0,0,0,0,0,0,0,0,0,0,0,0,0,0
6.01006,0,0,0,0,0,0,0,0,0,0,0,0,0,0,0,0
6.02006,0,0,0,0,0,0,0,0,0,0,0,0,0,0,0,0
6.03006,0,0,0,0,0,0,0,0,0,0,0,0,0,0,0,0
6.04006,0,0,0,0,0,0,0,0,0,0,0,0,0,0,0,0
6.05006,0,0,0,0,0,0,0,0,0,0,0,0,0,0,0,0
6.06006,0,0,0,0,0,0,0,0,0,0,0,0,0,0,0,0
6.07006,0,0,0,0,0,0,0,0,0,0,0,0,0,0,0,0
6.08006,0,0,0,0,0,0,0,0,0,0,0,0,0,0,0,0
6.09006,0,0,0,0,0,0,0,0,0,0,0,0,0,0,0,0
6.10006,0,0,0,0,0,0,0,0,0,0,0,0,0,0,0,0
6.11006,0,0,0,0,0,0,0,0,0,0,0,0,0,0,0,0
6.12006,0,0,0,0,0,0,0,0,0,0,0,0,0,0,0,0
6.13006,0,0,0,0,0,0,0,0,0,0,0,0,0,0,0,0
6.14006,0,0,0,0,0,0,0,0,0,0,0,0,0,0,0,0
6.15007,0,0,0,0,0,0,0,0,0,0,0,0,0,0,0,0
6.16006,0,0,0,0,0,0,0,0,0,0,0,0,0,0,0,0
6.17006,0,0,0,0,0,0,0,0,0,0,0,0,0,0,0,0
6.18006,0,0,0,0,0,0,0,0,0,0,0,0,0,0,0,0
6.19006,0,0,0,0,0,0,0,0,0,0,0,0,0,0,0,0
6.20006,0,0,0,0,0,0,0,0,0,0,0,0,0,0,0,0
6.21006,0,0,0,0,0,0,0,0,0,0,0,0,0,0,0,0
6.22006,0,0,0,0,0,0,0,0,0,0,0,0,0,0,0,0
6.23006,0,0,0,0,0,0,0,0,0,0,0,0,0,0,0,0
6.24006,0,0,0,0,0,0,0,0,0,0,0,0,0,0,0,0
6.25006,0,0,0,0,0,0,0,0,0,0,0,0,0,0,0,0
6.26006,0,0,0,0,0,0,0,0,0,0,0,0,0,0,0,0
6.27006,0,0,0,0,0,0,0,0,0,0,0,0,0,0,0,0
6.28006,0,0,0,0,0,0,0,0,0,0,0,0,0,0,0,0
6.29006,0,0,0,0,0,0,0,0,0,0,0,0,0,0,0,0
6.30006,0,0,0,0,0,0,0,0,0,0,0,0,0,0,0,0
6.31006,0,0,0,0,0,0,0,0,0,0,0,0,0,0,0,0
6.32006,0,0,0,0,0,0,0,0,0,0,0,0,0,0,0,0
6.33006,0,0,0,0,0,0,0,0,0,0,0,0,0,0,0,0
6.34006,0,0,0,0,0,0,0,0,0,0,0,0,0,0,0,0
6.35006,0,0,0,0,0,0,0,0,0,0,0,0,0,0,0,0
6.36006,0,0,0,0,0,0,0,0,0,0,0,0,0,0,0,0
6.37006,0,0,0,0,0,0,0,0,0,0,0,0,0,0,0,0
6.38006,0,0,0,0,0,0,0,0,0,0,0,0,0,0,0,0
6.39006,0,0,0,0,0,0,0,0,0,0,0,0,0,0,0,0
6.40003,0,0,0,0,0,0,0,0,0,0,0,0,0,0,0,0
6.41006,0,0,0,0,0,0,0,0,0,0,0,0,0,0,0,0
6.42006,0,0,0,0,0,0,0,0,0,0,0,0,0,0,0,0
6.43006,0,0,0,0,0,0,0,0,0,0,0,0,0,0,0,0
6.44006,0,0,0,0,0,0,0,0,0,0,0,0,0,0,0,0
6.45006,0,0,0,0,0,0,0,0,0,0,0,0,0,0,0,0
6.46006,0,0,0,0,0,0,0,0,0,0,0,0,0,0,0,0
6.47006,0,0,0,0,0,0,0,0,0,0,0,0,0,0,0,0
6.48006,0,0,0,0,0,0,0,0,0,0,0,0,0,0,0,0
6.49006,0,0,0,0,0,0,0,0,0,0,0,0,0,0,0,0
6.50006,0,0,0,0,0,0,0,0,0,0,0,0,0,0,0,0
6.51006,0,0,0,0,0,0,0,0,0,0,0,0,0,0,0,0
6.52006,0,0,0,0,0,0,0,0,0,0,0,0,0,0,0,0
6.53006,0,0,0,0,0,0,0,0,0,0,0,0,0,0,0,0
6.54006,0,0,0,0,0,0,0,0,0,0,0,0,0,0,0,0
6.55006,0,0,0,0,0,0,0,0,0,0,0,0,0,0,0,0
6.56006,0,0,0,0,0,0,0,0,0,0,0,0,0,0,0,0
6.57007,0,0,0,0,0,0,0,0,0,0,0,0,0,0,0,0
6.58007,0,0,0,0,0,0,0,0,0,0,0,0,0,0,0,0
6.59006,0,0,0,0,0,0,0,0,0,0,0,0,0,0,0,0
6.60006,0,0,0,0,0,0,0,0,0,0,0,0,0,0,0,0
6.61006,0,0,0,0,0,0,0,0,0,0,0,0,0,0,0,0
6.62006,0,0,0,0,0,0,0,0,0,0,0,0,0,0,0,0
6.63006,0,0,0,0,0,0,0,0,0,0,0,0,0,0,0,0
6.64006,0,0,0,0,0,0,0,0,0,0,0,0,0,0,0,0
6.65006,0,0,0,0,0,0,0,0,0,0,0,0,0,0,0,0
6.66006,0,0,0,0,0,0,0,0,0,0,0,0,0,0,0,0
6.67006,0,0,0,0,0,0,0,0,0,0,0,0,0,0,0,0
6.68006,0,0,0,0,0,0,0,0,0,0,0,0,0,0,0,0
6.69007,0,0,0,0,0,0,0,0,0,0,0,0,0,0,0,0
6.70007,0,0,0,0,0,0,0,0,0,0,0,0,0,0,0,0
6.71006,0,0,0,0,0,0,0,0,0,0,0,0,0,0,0,0
6.72006,0,0,0,0,0,0,0,0,0,0,0,0,0,0,0,0
6.73006,0,0,0,0,0,0,0,0,0,0,0,0,0,0,0,0
6.74006,0,0,0,0,0,0,0,0,0,0,0,0,0,0,0,0
6.75006,0,0,0,0,0,0,0,0,0,0,0,0,0,0,0,0
6.76006,0,0,0,0,0,0,0,0,0,0,0,0,0,0,0,0
6.77006,0,0,0,0,0,0,0,0,0,0,0,0,0,0,0,0
6.78006,0,0,0,0,0,0,0,0,0,0,0,0,0,0,0,0
6.79006,0,0,0,0,0,0,0,0,0,0,0,0,0,0,0,0
6.80006,0,0,0,0,0,0,0,0,0,0,0,0,0,0,0,0
6.81006,0,0,0,0,0,0,0,0,0,0,0,0,0,0,0,0
6.82006,0,0,0,0,0,0,0,0,0,0,0,0,0,0,0,0
6.83006,0,0,0,0,0,0,0,0,0,0,0,0,0,0,0,0
6.84006,0,0,0,0,0,0,0,0,0,0,0,0,0,0,0,0
6.85006,0,0,0,0,0,0,0,0,0,0,0,0,0,0,0,0
6.86006,0,0,0,0,0,0,0,0,0,0,0,0,0,0,0,0
6.87006,0,0,0,0,0,0,0,0,0,0,0,0,0,0,0,0
6.88006,0,0,0,0,0,0,0,0,0,0,0,0,0,0,0,0
6.89006,0,0,0,0,0,0,0,0,0,0,0,0,0,0,0,0
6.90006,0,0,0,0,0,0,0,0,0,0,0,0,0,0,0,0
6.91006,0,0,0,0,0,0,0,0,0,0,0,0,0,0,0,0
6.92006,0,0,0,0,0,0,0,0,0,0,0,0,0,0,0,0
6.93006,0,0,0,0,0,0,0,0,0,0,0,0,0,0,0,0
6.94006,0,0,0,0,0,0,0,0,0,0,0,0,0,0,0,0
6.95006,0,0,0,0,0,0,0,0,0,0,0,0,0,0,0,0
6.96006,0,0,0,0,0,0,0,0,0,0,0,0,0,0,0,0
6.97006,0,0,0,0,0,0,0,0,0,0,0,0,0,0,0,0
6.98006,0,0,0,0,0,0,0,0,0,0,0,0,0,0,0,0
6.99006,0,0,0,0,0,0,0,0,0,0,0,0,0,0,0,0
7.00006,0,0,0,0,0,0,0,0,0,0,0,0,0,0,0,0
7.01006,0,0,0,0,0,0,0,0,0,0,0,0,0,0,0,0
7.02006,0,0,0,0,0,0,0,0,0,0,0,0,0,0,0,0
7.03006,0,0,0,0,0,0,0,0,0,0,0,0,0,0,0,0
7.04007,0,0,0,0,0,0,0,0,0,0,0,0,0,0,0,0
7.05006,0,0,0,0,0,0,0,0,0,0,0,0,0,0,0,0
7.06006,0,0,0,0,0,0,0,0,0,0,0,0,0,0,0,0
7.07006,0,0,0,0,0,0,0,0,0,0,0,0,0,0,0,0
7.08006,0,0,0,0,0,0,0,0,0,0,0,0,0,0,0,0
7.09006,0,0,0,0,0,0,0,0,0,0,0,0,0,0,0,0
7.10006,0,0,0,0,0,0,0,0,0,0,0,0,0,0,0,0
7.11006,0,0,0,0,0,0,0,0,0,0,0,0,0,0,0,0
7.12006,0,0,0,0,0,0,0,0,0,0,0,0,0,0,0,0
7.13006,0,0,0,0,0,0,0,0,0,0,0,0,0,0,0,0
7.14006,0,0,0,0,0,0,0,0,0,0,0,0,0,0,0,0
7.15006,0,0,0,0,0,0,0,0,0,0,0,0,0,0,0,0
7.16006,0,0,0,0,0,0,0,0,0,0,0,0,0,0,0,0
7.17006,0,0,0,0,0,0,0,0,0,0,0,0,0,0,0,0
7.18006,0,0,0,0,0,0,0,0,0,0,0,0,0,0,0,0
7.19008,0,0,0,0,0,0,0,0,0,0,0,0,0,0,0,0
7.20009,0,0,0,0,0,0,0,0,0,0,0,0,0,0,0,0
7.21008,0,0,0,0,0,0,0,0,0,0,0,0,0,0,0,0
7.22008,0,0,0,0,0,0,0,0,0,0,0,0,0,0,0,0
7.23008,0,0,0,0,0,0,0,0,0,0,0,0,0,0,0,0
7.24008,0,0,0,0,0,0,0,0,0,0,0,0,0,0,0,0
7.25008,0,0,0,0,0,0,0,0,0,0,0,0,0,0,0,0
7.26008,0,0,0,0,0,0,0,0,0,0,0,0,0,0,0,0
7.27008,0,0,0,0,0,0,0,0,0,0,0,0,0,0,0,0
7.28009,0,0,0,0,0,0,0,0,0,0,0,0,0,0,0,0
7.29008,0,0,0,0,0,0,0,0,0,0,0,0,0,0,0,0
7.30009,0,0,0,0,0,0,0,0,0,0,0,0,0,0,0,0
7.31008,0,0,0,0,0,0,0,0,0,0,0,0,0,0,0,0
7.32008,0,0,0,0,0,0,0,0,0,0,0,0,0,0,0,0
7.33008,0,0,0,0,0,0,0,0,0,0,0,0,0,0,0,0
7.34008,0,0,0,0,0,0,0,0,0,0,0,0,0,0,0,0
7.35008,0,0,0,0,0,0,0,0,0,0,0,0,0,0,0,0
7.36008,0,0,0,0,0,0,0,0,0,0,0,0,0,0,0,0
7.37008,0,0,0,0,0,0,0,0,0,0,0,0,0,0,0,0
7.38009,0,0,0,0,0,0,0,0,0,0,0,0,0,0,0,0
7.39008,0,0,0,0,0,0,0,0,0,0,0,0,0,0,0,0
7.40008,0,0,0,0,0,0,0,0,0,0,0,0,0,0,0,0
7.41008,0,0,0,0,0,0,0,0,0,0,0,0,0,0,0,0
7.42008,0,0,0,0,0,0,0,0,0,0,0,0,0,0,0,0
7.43008,0,0,0,0,0,0,0,0,0,0,0,0,0,0,0,0
7.44008,0,0,0,0,0,0,0,0,0,0,0,0,0,0,0,0
7.45008,0,0,0,0,0,0,0,0,0,0,0,0,0,0,0,0
7.46009,0,0,0,0,0,0,0,0,0,0,0,0,0,0,0,0
7.47008,0,0,0,0,0,0,0,0,0,0,0,0,0,0,0,0
7.48009,0,0,0,0,0,0,0,0,0,0,0,0,0,0,0,0
7.49008,0,0,0,0,0,0,0,0,0,0,0,0,0,0,0,0
7.50008,0,0,0,0,0,0,0,0,0,0,0,0,0,0,0,0
7.51008,0,0,0,0,0,0,0,0,0,0,0,0,0,0,0,0
7.52009,0,0,0,0,0,0,0,0,0,0,0,0,0,0,0,0
7.53008,0,0,0,0,0,0,0,0,0,0,0,0,0,0,0,0
7.54008,0,0,0,0,0,0,0,0,0,0,0,0,0,0,0,0
7.55008,0,0,0,0,0,0,0,0,0,0,0,0,0,0,0,0
7.56009,0,0,0,0,0,0,0,0,0,0,0,0,0,0,0,0
7.57008,0,0,0,0,0,0,0,0,0,0,0,0,0,0,0,0
7.58008,0,0,0,0,0,0,0,0,0,0,0,0,0,0,0,0
7.59008,0,0,0,0,0,0,0,0,0,0,0,0,0,0,0,0
7.60008,0,0,0,0,0,0,0,0,0,0,0,0,0,0,0,0
7.61008,0,0,0,0,0,0,0,0,0,0,0,0,0,0,0,0
7.62008,0,0,0,0,0,0,0,0,0,0,0,0,0,0,0,0
7.63008,0,0,0,0,0,0,0,0,0,0,0,0,0,0,0,0
7.64009,0,0,0,0,0,0,0,0,0,0,0,0,0,0,0,0
7.65008,0,0,0,0,0,0,0,0,0,0,0,0,0,0,0,0
7.66008,0,0,0,0,0,0,0,0,0,0,0,0,0,0,0,0
7.67008,0,0,0,0,0,0,0,0,0,0,0,0,0,0,0,0
7.68009,0,0,0,0,0,0,0,0,0,0,0,0,0,0,0,0
7.69008,0,0,0,0,0,0,0,0,0,0,0,0,0,0,0,0
7.70008,0,0,0,0,0,0,0,0,0,0,0,0,0,0,0,0
7.71008,0,0,0,0,0,0,0,0,0,0,0,0,0,0,0,0
7.72008,0,0,0,0,0,0,0,0,0,0,0,0,0,0,0,0
7.73008,0,0,0,0,0,0,0,0,0,0,0,0,0,0,0,0
7.74008,0,0,0,0,0,0,0,0,0,0,0,0,0,0,0,0
7.75008,0,0,0,0,0,0,0,0,0,0,0,0,0,0,0,0
7.76008,0,0,0,0,0,0,0,0,0,0,0,0,0,0,0,0
7.77008,0,0,0,0,0,0,0,0,0,0,0,0,0,0,0,0
7.78008,0,0,0,0,0,0,0,0,0,0,0,0,0,0,0,0
7.79008,0,0,0,0,0,0,0,0,0,0,0,0,0,0,0,0
7.80008,0,0,0,0,0,0,0,0,0,0,0,0,0,0,0,0
7.81008,0,0,0,0,0,0,0,0,0,0,0,0,0,0,0,0
7.82007,0,0,0,0,0,0,0,0,0,0,0,0,0,0,0,0
7.83006,0,0,0,0,0,0,0,0,0,0,0,0,0,0,0,0
7.84006,0,0,0,0,0,0,0,0,0,0,0,0,0,0,0,0
7.85006,0,0,0,0,0,0,0,0,0,0,0,0,0,0,0,0
7.86007,0,0,0,0,0,0,0,0,0,0,0,0,0,0,0,0
7.87006,0,0,0,0,0,0,0,0,0,0,0,0,0,0,0,0
7.88006,0,0,0,0,0,0,0,0,0,0,0,0,0,0,0,0
7.89006,0,0,0,0,0,0,0,0,0,0,0,0,0,0,0,0
7.90006,0,0,0,0,0,0,0,0,0,0,0,0,0,0,0,0
7.91006,0,0,0,0,0,0,0,0,0,0,0,0,0,0,0,0
7.92006,0,0,0,0,0,0,0,0,0,0,0,0,0,0,0,0
7.93006,0,0,0,0,0,0,0,0,0,0,0,0,0,0,0,0
7.94006,0,0,0,0,0,0,0,0,0,0,0,0,0,0,0,0
7.95006,0,0,0,0,0,0,0,0,0,0,0,0,0,0,0,0
7.96006,0,0,0,0,0,0,0,0,0,0,0,0,0,0,0,0
7.97007,0,0,0,0,0,0,0,0,0,0,0,0,0,0,0,0
7.98006,0,0,0,0,0,0,0,0,0,0,0,0,0,0,0,0
7.99006,0,0,0,0,0,0,0,0,0,0,0,0,0,0,0,0
8.00006,0,0,0,0,0,0,0,0,0,0,0,0,0,0,0,0
8.01006,0,0,0,0,0,0,0,0,0,0,0,0,0,0,0,0
8.02007,0,0,0,0,0,0,0,0,0,0,0,0,0,0,0,0
8.03006,0,0,0,0,0,0,0,0,0,0,0,0,0,0,0,0
8.04006,0,0,0,0,0,0,0,0,0,0,0,0,0,0,0,0
8.05006,0,0,0,0,0,0,0,0,0,0,0,0,0,0,0,0
8.06006,0,0,0,0,0,0,0,0,0,0,0,0,0,0,0,0
8.07006,0,0,0,0,0,0,0,0,0,0,0,0,0,0,0,0
8.08006,0,0,0,0,0,0,0,0,0,0,0,0,0,0,0,0
8.09006,0,0,0,0,0,0,0,0,0,0,0,0,0,0,0,0
8.10006,0,0,0,0,0,0,0,0,0,0,0,0,0,0,0,0
8.11006,0,0,0,0,0,0,0,0,0,0,0,0,0,0,0,0
8.12006,0,0,0,0,0,0,0,0,0,0,0,0,0,0,0,0
8.13006,0,0,0,0,0,0,0,0,0,0,0,0,0,0,0,0
8.14006,0,0,0,0,0,0,0,0,0,0,0,0,0,0,0,0
8.15006,0,0,0,0,0,0,0,0,0,0,0,0,0,0,0,0
8.16006,0,0,0,0,0,0,0,0,0,0,0,0,0,0,0,0
8.17006,0,0,0,0,0,0,0,0,0,0,0,0,0,0,0,0
8.18006,0,0,0,0,0,0,0,0,0,0,0,0,0,0,0,0
8.19006,0,0,0,0,0,0,0,0,0,0,0,0,0,0,0,0
8.20006,0,0,0,0,0,0,0,0,0,0,0,0,0,0,0,0
8.21006,0,0,0,0,0,0,0,0,0,0,0,0,0,0,0,0
8.22006,0,0,0,0,0,0,0,0,0,0,0,0,0,0,0,0
8.23006,0,0,0,0,0,0,0,0,0,0,0,0,0,0,0,0
8.24006,0,0,0,0,0,0,0,0,0,0,0,0,0,0,0,0
8.25006,0,0,0,0,0,0,0,0,0,0,0,0,0,0,0,0
8.26006,0,0,0,0,0,0,0,0,0,0,0,0,0,0,0,0
8.27006,0,0,0,0,0,0,0,0,0,0,0,0,0,0,0,0
8.28006,0,0,0,0,0,0,0,0,0,0,0,0,0,0,0,0
8.29006,0,0,0,0,0,0,0,0,0,0,0,0,0,0,0,0
8.30006,0,0,0,0,0,0,0,0,0,0,0,0,0,0,0,0
8.31006,0,0,0,0,0,0,0,0,0,0,0,0,0,0,0,0
8.32006,0,0,0,0,0,0,0,0,0,0,0,0,0,0,0,0
8.33006,0,0,0,0,0,0,0,0,0,0,0,0,0,0,0,0
8.34006,0,0,0,0,0,0,0,0,0,0,0,0,0,0,0,0
8.35006,0,0,0,0,0,0,0,0,0,0,0,0,0,0,0,0
8.36006,0,0,0,0,0,0,0,0,0,0,0,0,0,0,0,0
8.37006,0,0,0,0,0,0,0,0,0,0,0,0,0,0,0,0
8.38006,0,0,0,0,0,0,0,0,0,0,0,0,0,0,0,0
8.39006,0,0,0,0,0,0,0,0,0,0,0,0,0,0,0,0
8.40006,0,0,0,0,0,0,0,0,0,0,0,0,0,0,0,0
8.41006,0,0,0,0,0,0,0,0,0,0,0,0,0,0,0,0
8.42006,0,0,0,0,0,0,0,0,0,0,0,0,0,0,0,0
8.43006,0,0,0,0,0,0,0,0,0,0,0,0,0,0,0,0
8.44006,0,0,0,0,0,0,0,0,0,0,0,0,0,0,0,0
8.45006,0,0,0,0,0,0,0,0,0,0,0,0,0,0,0,0
8.46006,0,0,0,0,0,0,0,0,0,0,0,0,0,0,0,0
8.47006,0,0,0,0,0,0,0,0,0,0,0,0,0,0,0,0
8.48006,0,0,0,0,0,0,0,0,0,0,0,0,0,0,0,0
8.49006,0,0,0,0,0,0,0,0,0,0,0,0,0,0,0,0
8.50007,0,0,0,0,0,0,0,0,0,0,0,0,0,0,0,0
8.51006,0,0,0,0,0,0,0,0,0,0,0,0,0,0,0,0
8.52006,0,0,0,0,0,0,0,0,0,0,0,0,0,0,0,0
8.53006,0,0,0,0,0,0,0,0,0,0,0,0,0,0,0,0
8.54006,0,0,0,0,0,0,0,0,0,0,0,0,0,0,0,0
8.55006,0,0,0,0,0,0,0,0,0,0,0,0,0,0,0,0
8.56007,0,0,0,0,0,0,0,0,0,0,0,0,0,0,0,0
8.57006,0,0,0,0,0,0,0,0,0,0,0,0,0,0,0,0
8.58006,0,0,0,0,0,0,0,0,0,0,0,0,0,0,0,0
8.59006,0,0,0,0,0,0,0,0,0,0,0,0,0,0,0,0
8.60006,0,0,0,0,0,0,0,0,0,0,0,0,0,0,0,0
8.61007,0,0,0,0,0,0,0,0,0,0,0,0,0,0,0,0
8.62006,0,0,0,0,0,0,0,0,0,0,0,0,0,0,0,0
8.63006,0,0,0,0,0,0,0,0,0,0,0,0,0,0,0,0
8.64006,0,0,0,0,0,0,0,0,0,0,0,0,0,0,0,0
8.65006,0,0,0,0,0,0,0,0,0,0,0,0,0,0,0,0
8.66006,0,0,0,0,0,0,0,0,0,0,0,0,0,0,0,0
8.67006,0,0,0,0,0,0,0,0,0,0,0,0,0,0,0,0
8.68006,0,0,0,0,0,0,0,0,0,0,0,0,0,0,0,0
8.69006,0,0,0,0,0,0,0,0,0,0,0,0,0,0,0,0
8.70006,0,0,0,0,0,0,0,0,0,0,0,0,0,0,0,0
8.71006,0,0,0,0,0,0,0,0,0,0,0,0,0,0,0,0
8.72006,0,0,0,0,0,0,0,0,0,0,0,0,0,0,0,0
8.73006,0,0,0,0,0,0,0,0,0,0,0,0,0,0,0,0
8.74006,0,0,0,0,0,0,0,0,0,0,0,0,0,0,0,0
8.75006,0,0,0,0,0,0,0,0,0,0,0,0,0,0,0,0
8.76006,0,0,0,0,0,0,0,0,0,0,0,0,0,0,0,0
8.77006,0,0,0,0,0,0,0,0,0,0,0,0,0,0,0,0
8.78006,0,0,0,0,0,0,0,0,0,0,0,0,0,0,0,0
8.79006,0,0,0,0,0,0,0,0,0,0,0,0,0,0,0,0
8.80006,0,0,0,0,0,0,0,0,0,0,0,0,0,0,0,0
8.81006,0,0,0,0,0,0,0,0,0,0,0,0,0,0,0,0
8.82006,0,0,0,0,0,0,0,0,0,0,0,0,0,0,0,0
8.83006,0,0,0,0,0,0,0,0,0,0,0,0,0,0,0,0
8.84006,0,0,0,0,0,0,0,0,0,0,0,0,0,0,0,0
8.85006,0,0,0,0,0,0,0,0,0,0,0,0,0,0,0,0
8.86006,0,0,0,0,0,0,0,0,0,0,0,0,0,0,0,0
8.87006,0,0,0,0,0,0,0,0,0,0,0,0,0,0,0,0
8.88006,0,0,0,0,0,0,0,0,0,0,0,0,0,0,0,0
8.89006,0,0,0,0,0,0,0,0,0,0,0,0,0,0,0,0
8.90006,0,0,0,0,0,0,0,0,0,0,0,0,0,0,0,0
8.91006,0,0,0,0,0,0,0,0,0,0,0,0,0,0,0,0
8.92006,0,0,0,0,0,0,0,0,0,0,0,0,0,0,0,0
8.93006,0,0,0,0,0,0,0,0,0,0,0,0,0,0,0,0
8.94006,0,0,0,0,0,0,0,0,0,0,0,0,0,0,0,0
8.95006,0,0,0,0,0,0,0,0,0,0,0,0,0,0,0,0
8.96006,0,0,0,0,0,0,0,0,0,0,0,0,0,0,0,0
8.97006,0,0,0,0,0,0,0,0,0,0,0,0,0,0,0,0
8.98006,0,0,0,0,0,0,0,0,0,0,0,0,0,0,0,0
8.99006,0,0,0,0,0,0,0,0,0,0,0,0,0,0,0,0
9.00006,0,0,0,0,0,0,0,0,0,0,0,0,0,0,0,0
9.01006,0,0,0,0,0,0,0,0,0,0,0,0,0,0,0,0
9.02006,0,0,0,0,0,0,0,0,0,0,0,0,0,0,0,0
9.03006,0,0,0,0,0,0,0,0,0,0,0,0,0,0,0,0
9.04006,0,0,0,0,0,0,0,0,0,0,0,0,0,0,0,0
9.05006,0,0,0,0,0,0,0,0,0,0,0,0,0,0,0,0
9.06006,0,0,0,0,0,0,0,0,0,0,0,0,0,0,0,0
9.07006,0,0,0,0,0,0,0,0,0,0,0,0,0,0,0,0
9.08006,0,0,0,0,0,0,0,0,0,0,0,0,0,0,0,0
9.09006,0,0,0,0,0,0,0,0,0,0,0,0,0,0,0,0
9.10007,0,0,0,0,0,0,0,0,0,0,0,0,0,0,0,0
9.11006,0,0,0,0,0,0,0,0,0,0,0,0,0,0,0,0
9.12006,0,0,0,0,0,0,0,0,0,0,0,0,0,0,0,0
9.13007,0,0,0,0,0,0,0,0,0,0,0,0,0,0,0,0
9.14007,0,0,0,0,0,0,0,0,0,0,0,0,0,0,0,0
9.15006,0,0,0,0,0,0,0,0,0,0,0,0,0,0,0,0
9.16007,0,0,0,0,0,0,0,0,0,0,0,0,0,0,0,0
9.17006,0,0,0,0,0,0,0,0,0,0,0,0,0,0,0,0
9.18006,0,0,0,0,0,0,0,0,0,0,0,0,0,0,0,0
9.19006,0,0,0,0,0,0,0,0,0,0,0,0,0,0,0,0
9.20006,0,0,0,0,0,0,0,0,0,0,0,0,0,0,0,0
9.21006,0,0,0,0,0,0,0,0,0,0,0,0,0,0,0,0
9.22006,0,0,0,0,0,0,0,0,0,0,0,0,0,0,0,0
9.23006,0,0,0,0,0,0,0,0,0,0,0,0,0,0,0,0
9.24006,0,0,0,0,0,0,0,0,0,0,0,0,0,0,0,0
9.25006,0,0,0,0,0,0,0,0,0,0,0,0,0,0,0,0
9.26006,0,0,0,0,0,0,0,0,0,0,0,0,0,0,0,0
9.27006,0.0578,0.0578,0.0578,0.0578,0,0,0,0,0.0578,0.0578,0.0578,0.0578,0,0,0,0
9.28006,0.0578,0.0578,0.0578,0.0578,0,0,0,0,0.0578,0.0578,0.0578,0.0578,0,0,0,0
9.29006,0.04913,0.04913,0.04913,0.04913,0,0,0,0,0.04913,0.04913,0.04913,0.04913,0,0,0,0
9.30006,0.04913,0.04913,0.04913,0.04913,0,0,0,0,0.04913,0.04913,0.04913,0.04913,0,0,0,0
9.31006,0.04913,0.04913,0.04913,0.04913,0,0,0,0,0.04913,0.04913,0.04913,0.04913,0,0,0,0
9.32006,0.04913,0.04913,0.04913,0.04913,0,0,0,0,0.04913,0.04913,0.04913,0.04913,0,0,0,0
9.33006,0.04913,0.04913,0.04913,0.04913,0,0,0,0,0.04913,0.04913,0.04913,0.04913,0,0,0,0
9.34006,0.04913,0.04913,0.04913,0.04913,0,0,0,0,0.04913,0.04913,0.04913,0.04913,0,0,0,0
9.35006,0.04913,0.04913,0.04913,0.04913,0,0,0,0,0.04913,0.04913,0.04913,0.04913,0,0,0,0
9.36006,0.04913,0.04913,0.04913,0.04913,0,0,0,0,0.04913,0.04913,0.04913,0.04913,0,0,0,0
9.37006,0.030172,0.030172,0.030172,0.030172,0,0,0,0,0.030172,0.030172,0.030172,0.030172,0,0,0,0
9.38006,0.030172,0.030172,0.030172,0.030172,0,0,0,0,0.030172,0.030172,0.030172,0.030172,0,0,0,0
9.39006,0.0256462,0.0256462,0.0256462,0.0256462,0,0,0,0,0.0256462,0.0256462,0.0256462,0.0256462,0,0,0,0
9.40006,0.0256462,0.0256462,0.0256462,0.0256462,0,0,0,0,0.0256462,0.0256462,0.0256462,0.0256462,0,0,0,0
9.41006,0.0256462,0.0256462,0.0256462,0.0256462,0,0,0,0,0.0256462,0.0256462,0.0256462,0.0256462,0,0,0,0
9.42006,0.0256462,0.0256462,0.0256462,0.0256462,0,0,0,0,0.0256462,0.0256462,0.0256462,0.0256462,0,0,0,0
9.43006,0.0256462,0.0256462,0.0256462,0.0256462,0,0,0,0,0.0256462,0.0256462,0.0256462,0.0256462,0,0,0,0
9.44006,0.0256462,0.0256462,0.0256462,0.0256462,0,0,0,0,0.0256462,0.0256462,0.0256462,0.0256462,0,0,0,0
9.45006,0.0256462,0.0256462,0.0256462,0.0256462,0,0,0,0,0.0256462,0.0256462,0.0256462,0.0256462,0,0,0,0
9.46006,0.0256462,0.0256462,0.0256462,0.0256462,0,0,0,0,0.0256462,0.0256462,0.0256462,0.0256462,0,0,0,0
9.47006,0.01575,0.01575,0.01575,0.01575,0,0,0,0,0.01575,0.01575,0.01575,0.01575,0,0,0,0
9.48006,0.01575,0.01575,0.01575,0.01575,0,0,0,0,0.01575,0.01575,0.01575,0.01575,0,0,0,0
9.49006,0.0133875,0.0133875,0.0133875,0.0133875,0,0,0,0,0.0133875,0.0133875,0.0133875,0.0133875,0,0,0,0
9.50006,0.0133875,0.0133875,0.0133875,0.0133875,0,0,0,0,0.0133875,0.0133875,0.0133875,0.0133875,0,0,0,0
9.51006,0.0133875,0.0133875,0.0133875,0.0133875,0,0,0,0,0.0133875,0.0133875,0.0133875,0.0133875,0,0,0,0
9.52006,0.0133875,0.0133875,0.0133875,0.0133875,0,0,0,0,0.0133875,0.0133875,0.0133875,0.0133875,0,0,0,0
9.53006,0.0133875,0.0133875,0.0133875,0.0133875,0,0,0,0,0.0133875,0.0133875,0.0133875,0.0133875,0,0,0,0
9.54006,0.0133875,0.0133875,0.0133875,0.0133875,0,0,0,0,0.0133875,0.0133875,0.0133875,0.0133875,0,0,0,0
9.55006,0.0133875,0.0133875,0.0133875,0.0133875,0,0,0,0,0.0133875,0.0133875,0.0133875,0.0133875,0,0,0,0
9.56006,0.0133875,0.0133875,0.0133875,0.0133875,0,0,0,0,0.0133875,0.0133875,0.0133875,0.0133875,0,0,0,0
9.57006,0.00822157,0.00822157,0.00822157,0.00822157,0,0,0,0,0.00822157,0.00822157,0.00822157,0.00822157,0,0,0,0
9.58006,0.00822157,0.00822157,0.00822157,0.00822157,0,0,0,0,0.00822157,0.00822157,0.00822157,0.00822157,0,0,0,0
9.59006,0.00698834,0.00698834,0.00698834,0.00698834,0,0,0,0,0.00698834,0.00698834,0.00698834,0.00698834,0,0,0,0
9.60007,0.00698834,0.00698834,0.00698834,0.00698834,0,0,0,0,0.00698834,0.00698834,0.00698834,0.00698834,0,0,0,0
9.61006,0.00698834,0.00698834,0.00698834,0.00698834,0,0,0,0,0.00698834,0.00698834,0.00698834,0.00698834,0,0,0,0
9.62006,0.00698834,0.00698834,0.00698834,0.00698834,0,0,0,0,0.00698834,0.00698834,0.00698834,0.00698834,0,0,0,0
9.63006,0.00698834,0.00698834,0.00698834,0.00698834,0,0,0,0,0.00698834,0.00698834,0.00698834,0.00698834,0,0,0,0
9.64006,0.00698834,0.00698834,0.00698834,0.00698834,0,0,0,0,0.00698834,0.00698834,0.00698834,0.00698834,0,0,0,0
9.65006,0.00698834,0.00698834,0.00698834,0.00698834,0,0,0,0,0.00698834,0.00698834,0.00698834,0.00698834,0,0,0,0
9.66006,0,0,0,0,0,0,0,0,0,0,0,0,0,0,0,0
9.67006,0,0,0,0,0,0,0,0,0,0,0,0,0,0,0,0
9.68006,0,0,0,0,0,0,0,0,0,0,0,0,0,0,0,0
9.69006,0,0,0,0,0,0,0,0,0,0,0,0,0,0,0,0
9.70006,0,0,0,0,0,0,0,0,0,0,0,0,0,0,0,0
9.71006,0,0,0,0,0,0,0,0,0,0,0,0,0,0,0,0
9.72006,0,0,0,0,0,0,0,0,0,0,0,0,0,0,0,0
9.73006,0,0,0,0,0,0,0,0,0,0,0,0,0,0,0,0
9.74007,0,0,0,0,0,0,0,0,0,0,0,0,0,0,0,0
9.75006,0,0,0,0,0,0,0,0,0,0,0,0,0,0,0,0
9.76006,0,0,0,0,0,0,0,0,0,0,0,0,0,0,0,0
9.77006,0.243648,0.243648,0.243648,0.243648,0,0,0,0,0.243648,0.243648,0.243648,0.243648,0,0,0,0
9.78006,0.243648,0.243648,0.243648,0.243648,0,0,0,0,0.243648,0.243648,0.243648,0.243648,0,0,0,0
9.79006,0.323648,0.323648,0.323648,0.323648,0,0,0,0,0.323648,0.323648,0.323648,0.323648,0,0,0,0
9.80006,0.323648,0.323648,0.323648,0.323648,0,0,0,0,0.323648,0.323648,0.323648,0.323648,0,0,0,0
9.81006,0.323648,0.323648,0.323648,0.323648,0,0,0,0,0.323648,0.323648,0.323648,0.323648,0,0,0,0
9.82006,0.323648,0.323648,0.323648,0.323648,0,0,0,0,0.323648,0.323648,0.323648,0.323648,0,0,0,0
9.83006,0.323648,0.323648,0.323648,0.323648,0,0,0,0,0.323648,0.323648,0.323648,0.323648,0,0,0,0
9.84006,0.323648,0.323648,0.323648,0.323648,0,0,0,0,0.323648,0.323648,0.323648,0.323648,0,0,0,0
9.85006,0.323648,0.323648,0.323648,0.323648,0,0,0,0,0.323648,0.323648,0.323648,0.323648,0,0,0,0
9.86006,0.323648,0.323648,0.323648,0.323648,0,0,0,0,0.323648,0.323648,0.323648,0.323648,0,0,0,0
9.87006,0.301836,0.301836,0.301836,0.301836,0,0,0,0,0.301836,0.301836,0.301836,0.301836,0,0,0,0
9.88006,0.301836,0.301836,0.301836,0.301836,0,0,0,0,0.301836,0.301836,0.301836,0.301836,0,0,0,0
9.89006,0.381836,0.381836,0.381836,0.381836,0,0,0,0,0.381836,0.381836,0.381836,0.381836,0,0,0,0
9.90006,0.381836,0.381836,0.381836,0.381836,0,0,0,0,0.381836,0.381836,0.381836,0.381836,0,0,0,0
9.91006,0.381836,0.381836,0.381836,0.381836,0,0,0,0,0.381836,0.381836,0.381836,0.381836,0,0,0,0
9.92006,0.381836,0.381836,0.381836,0.381836,0,0,0,0,0.381836,0.381836,0.381836,0.381836,0,0,0,0
9.93006,0.381836,0.381836,0.381836,0.381836,0,0,0,0,0.381836,0.381836,0.381836,0.381836,0,0,0,0
9.94007,0.381836,0.381836,0.381836,0.381836,0,0,0,0,0.381836,0.381836,0.381836,0.381836,0,0,0,0
9.95006,0.381836,0.381836,0.381836,0.381836,0,0,0,0,0.381836,0.381836,0.381836,0.381836,0,0,0,0
9.96006,0.381836,0.381836,0.381836,0.381836,0,0,0,0,0.381836,0.381836,0.381836,0.381836,0,0,0,0
9.97006,0.621836,0.621836,0.621836,0.621836,0,0,0,0,0.621836,0.621836,0.621836,0.621836,0,0,0,0
9.98006,0.621836,0.621836,0.621836,0.621836,0,0,0,0,0.621836,0.621836,0.621836,0.621836,0,0,0,0
9.99006,0.52856,0.52856,0.52856,0.52856,0,0,0,0,0.52856,0.52856,0.52856,0.52856,0,0,0,0
10.0001,0.52856,0.52856,0.52856,0.52856,0,0,0,0,0.52856,0.52856,0.52856,0.52856,0,0,0,0
10.0101,0.52856,0.52856,0.52856,0.52856,0,0,0,0,0.52856,0.52856,0.52856,0.52856,0,0,0,0
10.0201,0.52856,0.52856,0.52856,0.52856,0,0,0,0,0.52856,0.52856,0.52856,0.52856,0,0,0,0
10.0301,0.52856,0.52856,0.52856,0.52856,0,0,0,0,0.52856,0.52856,0.52856,0.52856,0,0,0,0
10.0401,0.52856,0.52856,0.52856,0.52856,0,0,0,0,0.52856,0.52856,0.52856,0.52856,0,0,0,0
10.0501,0.52856,0.52856,0.52856,0.52856,0,0,0,0,0.52856,0.52856,0.52856,0.52856,0,0,0,0
10.0601,0.52856,0.52856,0.52856,0.52856,0,0,0,0,0.52856,0.52856,0.52856,0.52856,0,0,0,0
10.0701,0.76856,0.76856,0.76856,0.76856,0,0,0,0,0.76856,0.76856,0.76856,0.76856,0,0,0,0
10.08,0.76856,0.76856,0.76856,0.76856,0,0,0,0,0.76856,0.76856,0.76856,0.76856,0,0,0,0
10.0901,0.84856,0.84856,0.84856,0.84856,0,0,0,0,0.84856,0.84856,0.84856,0.84856,0,0,0,0
10.1001,0.84856,0.84856,0.84856,0.84856,0,0,0,0,0.84856,0.84856,0.84856,0.84856,0,0,0,0
10.1101,0.84856,0.84856,0.84856,0.84856,0,0,0,0,0.84856,0.84856,0.84856,0.84856,0,0,0,0
10.1201,0.84856,0.84856,0.84856,0.84856,0,0,0,0,0.84856,0.84856,0.84856,0.84856,0,0,0,0
10.1301,0.84856,0.84856,0.84856,0.84856,0,0,0,0,0.84856,0.84856,0.84856,0.84856,0,0,0,0
10.1401,0.84856,0.84856,0.84856,0.84856,0,0,0,0,0.84856,0.84856,0.84856,0.84856,0,0,0,0
10.1501,0.84856,0.84856,0.84856,0.84856,0,0,0,0,0.84856,0.84856,0.84856,0.84856,0,0,0,0
10.1601,0.84856,0.84856,0.84856,0.84856,0,0,0,0,0.84856,0.84856,0.84856,0.84856,0,0,0,0
10.1701,0.681085,0.681085,0.681085,0.681085,0,0,0,0,0.681085,0.681085,0.681085,0.681085,0,0,0,0
10.1801,0.681085,0.681085,0.681085,0.681085,0,0,0,0,0.681085,0.681085,0.681085,0.681085,0,0,0,0
10.1901,0.761085,0.761085,0.761085,0.761085,0,0,0,0,0.761085,0.761085,0.761085,0.761085,0,0,0,0
10.2001,0.761085,0.761085,0.761085,0.761085,0,0,0,0,0.761085,0.761085,0.761085,0.761085,0,0,0,0
10.2101,0.761085,0.761085,0.761085,0.761085,0,0,0,0,0.761085,0.761085,0.761085,0.761085,0,0,0,0
10.2201,0.761085,0.761085,0.761085,0.761085,0,0,0,0,0.761085,0.761085,0.761085,0.761085,0,0,0,0
10.2301,0.761085,0.761085,0.761085,0.761085,0,0,0,0,0.761085,0.761085,0.761085,0.761085,0,0,0,0
10.2401,0.761085,0.761085,0.761085,0.761085,0,0,0,0,0.761085,0.761085,0.761085,0.761085,0,0,0,0
10.2501,0.761085,0.761085,0.761085,0.761085,0,0,0,0,0.761085,0.761085,0.761085,0.761085,0,0,0,0
10.2601,0.761085,0.761085,0.761085,0.761085,0,0,0,0,0.761085,0.761085,0.761085,0.761085,0,0,0,0
10.2701,1,1,1,1,0,0,0,0,1,1,1,1,0,0,0,0
10.2801,1,1,1,1,0,0,0,0,1,1,1,1,0,0,0,0
10.2901,0.85,0.85,0.85,0.85,0,0,0,0,0.85,0.85,0.85,0.85,0,0,0,0
10.3001,0.85,0.85,0.85,0.85,0,0,0,0,0.85,0.85,0.85,0.85,0,0,0,0
10.3101,0.85,0.85,0.85,0.85,0,0,0,0,0.85,0.85,0.85,0.85,0,0,0,0
10.3201,0.85,0.85,0.85,0.85,0,0,0,0,0.85,0.85,0.85,0.85,0,0,0,0
10.3301,0.85,0.85,0.85,0.85,0,0,0,0,0.85,0.85,0.85,0.85,0,0,0,0
10.3401,0.85,0.85,0.85,0.85,0,0,0,0,0.85,0.85,0.85,0.85,0,0,0,0
10.3501,0.85,0.85,0.85,0.85,0,0,0,0,0.85,0.85,0.85,0.85,0,0,0,0
10.3601,0.85,0.85,0.85,0.85,0,0,0,0,0.85,0.85,0.85,0.85,0,0,0,0
10.3701,1,1,1,1,0,0,0,0,1,1,1,1,0,0,0,0
10.3801,1,1,1,1,0,0,0,0,1,1,1,1,0,0,0,0
10.3901,1,1,1,1,0,0,0,0,1,1,1,1,0,0,0,0
10.4001,1,1,1,1,0,0,0,0,1,1,1,1,0,0,0,0
10.4101,1,1,1,1,0,0,0,0,1,1,1,1,0,0,0,0
10.4201,1,1,1,1,0,0,0,0,1,1,1,1,0,0,0,0
10.4301,1,1,1,1,0,0,0,0,1,1,1,1,0,0,0,0
10.4401,1,1,1,1,0,0,0,0,1,1,1,1,0,0,0,0
10.4501,1,1,1,1,0,0,0,0,1,1,1,1,0,0,0,0
10.4601,1,1,1,1,0,0,0,0,1,1,1,1,0,0,0,0
10.4701,0.7905,0.7905,0.7905,0.7905,0,0,0,0,0.7905,0.7905,0.7905,0.7905,0,0,0,0
10.4801,0.7905,0.7905,0.7905,0.7905,0,0,0,0,0.7905,0.7905,0.7905,0.7905,0,0,0,0
10.4901,0.8705,0.8705,0.8705,0.8705,0,0,0,0,0.8705,0.8705,0.8705,0.8705,0,0,0,0
10.5001,0.8705,0.8705,0.8705,0.8705,0,0,0,0,0.8705,0.8705,0.8705,0.8705,0,0,0,0
10.5101,0.8705,0.8705,0.8705,0.8705,0,0,0,0,0.8705,0.8705,0.8705,0.8705,0,0,0,0
10.5201,0.8705,0.8705,0.8705,0.8705,0,0,0,0,0.8705,0.8705,0.8705,0.8705,0,0,0,0
10.5301,0.8705,0.8705,0.8705,0.8705,0,0,0,0,0.8705,0.8705,0.8705,0.8705,0,0,0,0
10.5401,0.8705,0.8705,0.8705,0.8705,0,0,0,0,0.8705,0.8705,0.8705,0.8705,0,0,0,0
10.5501,0.8705,0.8705,0.8705,0.8705,0,0,0,0,0.8705,0.8705,0.8705,0.8705,0,0,0,0
10.5601,0.8705,0.8705,0.8705,0.8705,0,0,0,0,0.8705,0.8705,0.8705,0.8705,0,0,0,0
10.5701,0.739925,0.875925,0.875925,0.739925,0,0,0,0,0.739925,0.875925,0.875925,0.739925,0,0,0,0
10.5801,0.739925,0.875925,0.875925,0.739925,0,0,0,0,0.739925,0.875925,0.875925,0.739925,0,0,0,0
10.5901,0.628936,0.744536,0.744536,0.628936,0,0,0,0,0.628936,0.744536,0.744536,0.628936,0,0,0,0
10.6001,0.628936,0.744536,0.744536,0.628936,0,0,0,0,0.628936,0.744536,0.744536,0.628936,0,0,0,0
10.6101,0.628936,0.744536,0.744536,0.628936,0,0,0,0,0.628936,0.744536,0.744536,0.628936,0,0,0,0
10.6201,0.628936,0.744536,0.744536,0.628936,0,0,0,0,0.628936,0.744536,0.744536,0.628936,0,0,0,0
10.6301,0.628936,0.744536,0.744536,0.628936,0,0,0,0,0.628936,0.744536,0.744536,0.628936,0,0,0,0
10.6401,0.628936,0.744536,0.744536,0.628936,0,0,0,0,0.628936,0.744536,0.744536,0.628936,0,0,0,0
10.6501,0.628936,0.744536,0.744536,0.628936,0,0,0,0,0.628936,0.744536,0.744536,0.628936,0,0,0,0
10.6601,0.628936,0.744536,0.744536,0.628936,0,0,0,0,0.628936,0.744536,0.744536,0.628936,0,0,0,0
10.6701,0.386245,0.457238,0.457238,0.386245,0,0,0,0,0.386245,0.457238,0.457238,0.386245,0,0,0,0
10.6801,0.386245,0.457238,0.457238,0.386245,0,0,0,0,0.386245,0.457238,0.457238,0.386245,0,0,0,0
10.6901,0.328309,0.388653,0.388653,0.328309,0,0,0,0,0.328309,0.388653,0.388653,0.328309,0,0,0,0
10.7001,0.328309,0.388653,0.388653,0.328309,0,0,0,0,0.328309,0.388653,0.388653,0.328309,0,0,0,0
10.7101,0.328309,0.388653,0.388653,0.328309,0,0,0,0,0.328309,0.388653,0.388653,0.328309,0,0,0,0
10.7201,0.328309,0.388653,0.388653,0.328309,0,0,0,0,0.328309,0.388653,0.388653,0.328309,0,0,0,0
10.7301,0.328309,0.388653,0.388653,0.328309,0,0,0,0,0.328309,0.388653,0.388653,0.328309,0,0,0,0
10.7401,0.328309,0.388653,0.388653,0.328309,0,0,0,0,0.328309,0.388653,0.388653,0.328309,0,0,0,0
10.7501,0.328309,0.388653,0.388653,0.328309,0,0,0,0,0.328309,0.388653,0.388653,0.328309,0,0,0,0
10.7601,0.328309,0.388653,0.388653,0.328309,0,0,0,0,0.328309,0.388653,0.388653,0.328309,0,0,0,0
10.7701,0.201623,0.238681,0.238681,0.201623,0,0,0,0,0.201623,0.238681,0.238681,0.201623,0,0,0,0
10.7801,0.201623,0.238681,0.238681,0.201623,0,0,0,0,0.201623,0.238681,0.238681,0.201623,0,0,0,0
10.7901,0.171379,0.202879,0.202879,0.171379,0,0,0,0,0.171379,0.202879,0.202879,0.171379,0,0,0,0
10.8001,0.171379,0.202879,0.202879,0.171379,0,0,0,0,0.171379,0.202879,0.202879,0.171379,0,0,0,0
10.8101,0.171379,0.202879,0.202879,0.171379,0,0,0,0,0.171379,0.202879,0.202879,0.171379,0,0,0,0
10.8201,0.171379,0.202879,0.202879,0.171379,0,0,0,0,0.171379,0.202879,0.202879,0.171379,0,0,0,0
10.8301,0.171379,0.202879,0.202879,0.171379,0,0,0,0,0.171379,0.202879,0.202879,0.171379,0,0,0,0
10.8401,0.171379,0.202879,0.202879,0.171379,0,0,0,0,0.171379,0.202879,0.202879,0.171379,0,0,0,0
10.8501,0.171379,0.202879,0.202879,0.171379,0,0,0,0,0.171379,0.202879,0.202879,0.171379,0,0,0,0
10.8601,0.171379,0.202879,0.202879,0.171379,0,0,0,0,0.171379,0.202879,0.202879,0.171379,0,0,0,0
10.8701,0.105248,0.124593,0.124593,0.105248,0,0,0,0,0.105248,0.124593,0.124593,0.105248,0,0,0,0
10.8801,0.105248,0.124593,0.124593,0.105248,0,0,0,0,0.105248,0.124593,0.124593,0.105248,0,0,0,0
10.8901,0.089461,0.105904,0.105904,0.089461,0,0,0,0,0.089461,0.105904,0.105904,0.089461,0,0,0,0
10.9001,0.089461,0.105904,0.105904,0.089461,0,0,0,0,0.089461,0.105904,0.105904,0.089461,0,0,0,0
10.9101,0.089461,0.105904,0.105904,0.089461,0,0,0,0,0.089461,0.105904,0.105904,0.089461,0,0,0,0
10.9201,0.089461,0.105904,0.105904,0.089461,0,0,0,0,0.089461,0.105904,0.105904,0.089461,0,0,0,0
10.9301,0.089461,0.105904,0.105904,0.089461,0,0,0,0,0.089461,0.105904,0.105904,0.089461,0,0,0,0
10.9401,0.089461,0.105904,0.105904,0.089461,0,0,0,0,0.089461,0.105904,0.105904,0.089461,0,0,0,0
10.9501,0.089461,0.105904,0.105904,0.089461,0,0,0,0,0.089461,0.105904,0.105904,0.089461,0,0,0,0
10.9601,0.089461,0.105904,0.105904,0.089461,0,0,0,0,0.089461,0.105904,0.105904,0.089461,0,0,0,0
10.9701,0.132636,0.144516,0.144516,0.132636,0,0,0,0,0.132636,0.144516,0.144516,0.132636,0,0,0,0
10.9801,0.132636,0.144516,0.144516,0.132636,0,0,0,0,0.132636,0.144516,0.144516,0.132636,0,0,0,0
10.9901,0.11274,0.122838,0.122838,0.11274,0,0,0,0,0.11274,0.122838,0.122838,0.11274,0,0,0,0
11.0001,0.11274,0.122838,0.122838,0.11274,0,0,0,0,0.11274,0.122838,0.122838,0.11274,0,0,0,0
11.0101,0.11274,0.122838,0.122838,0.11274,0,0,0,0,0.11274,0.122838,0.122838,0.11274,0,0,0,0
11.0201,0.11274,0.122838,0.122838,0.11274,0,0,0,0,0.11274,0.122838,0.122838,0.11274,0,0,0,0
11.0301,0.11274,0.122838,0.122838,0.11274,0,0,0,0,0.11274,0.122838,0.122838,0.11274,0,0,0,0
11.0401,0.11274,0.122838,0.122838,0.11274,0,0,0,0,0.11274,0.122838,0.122838,0.11274,0,0,0,0
11.0501,0.11274,0.122838,0.122838,0.11274,0,0,0,0,0.11274,0.122838,0.122838,0.11274,0,0,0,0
11.0601,0.11274,0.122838,0.122838,0.11274,0,0,0,0,0.11274,0.122838,0.122838,0.11274,0,0,0,0
11.0701,0.0692366,0.0754381,0.0754381,0.0692366,0,0,0,0,0.0692366,0.0754381,0.0754381,0.0692366,0,0,0,0
11.0801,0.0692366,0.0754381,0.0754381,0.0692366,0,0,0,0,0.0692366,0.0754381,0.0754381,0.0692366,0,0,0,0
11.0901,0.0588511,0.0641224,0.0641224,0.0588511,0,0,0,0,0.0588511,0.0641224,0.0641224,0.0588511,0,0,0,0
11.1001,0.0588511,0.0641224,0.0641224,0.0588511,0,0,0,0,0.0588511,0.0641224,0.0641224,0.0588511,0,0,0,0
11.1101,0.0588511,0.0641224,0.0641224,0.0588511,0,0,0,0,0.0588511,0.0641224,0.0641224,0.0588511,0,0,0,0
11.1201,0.0588511,0.0641224,0.0641224,0.0588511,0,0,0,0,0.0588511,0.0641224,0.0641224,0.0588511,0,0,0,0
11.1301,0.0588511,0.0641224,0.0641224,0.0588511,0,0,0,0,0.0588511,0.0641224,0.0641224,0.0588511,0,0,0,0
11.1401,0.0588511,0.0641224,0.0641224,0.0588511,0,0,0,0,0.0588511,0.0641224,0.0641224,0.0588511,0,0,0,0
11.1501,0.0588511,0.0641224,0.0641224,0.0588511,0,0,0,0,0.0588511,0.0641224,0.0641224,0.0588511,0,0,0,0
11.1601,0.0588511,0.0641224,0.0641224,0.0588511,0,0,0,0,0.0588511,0.0641224,0.0641224,0.0588511,0,0,0,0
11.1701,0.0361419,0.0393792,0.0393792,0.0361419,0,0,0,0,0.0361419,0.0393792,0.0393792,0.0361419,0,0,0,0
11.1801,0.0361419,0.0393792,0.0393792,0.0361419,0,0,0,0,0.0361419,0.0393792,0.0393792,0.0361419,0,0,0,0
11.1901,0.0307206,0.0334723,0.0334723,0.0307206,0,0,0,0,0.0307206,0.0334723,0.0334723,0.0307206,0,0,0,0
11.2001,0.0307206,0.0334723,0.0334723,0.0307206,0,0,0,0,0.0307206,0.0334723,0.0334723,0.0307206,0,0,0,0
11.2101,0.0307206,0.0334723,0.0334723,0.0307206,0,0,0,0,0.0307206,0.0334723,0.0334723,0.0307206,0,0,0,0
11.2201,0.0307206,0.0334723,0.0334723,0.0307206,0,0,0,0,0.0307206,0.0334723,0.0334723,0.0307206,0,0,0,0
11.2301,0.0307206,0.0334723,0.0334723,0.0307206,0,0,0,0,0.0307206,0.0334723,0.0334723,0.0307206,0,0,0,0
11.2401,0.0307206,0.0334723,0.0334723,0.0307206,0,0,0,0,0.0307206,0.0334723,0.0334723,0.0307206,0,0,0,0
11.2501,0.0307206,0.0334723,0.0334723,0.0307206,0,0,0,0,0.0307206,0.0334723,0.0334723,0.0307206,0,0,0,0
11.2601,0.0307206,0.0334723,0.0334723,0.0307206,0,0,0,0,0.0307206,0.0334723,0.0334723,0.0307206,0,0,0,0
11.2701,0.0188663,0.0205562,0.0205562,0.0188663,0,0,0,0,0.0188663,0.0205562,0.0205562,0.0188663,0,0,0,0
11.2801,0.0188663,0.0205562,0.0205562,0.0188663,0,0,0,0,0.0188663,0.0205562,0.0205562,0.0188663,0,0,0,0
11.2901,0.0160364,0.0174727,0.0174727,0.0160364,0,0,0,0,0.0160364,0.0174727,0.0174727,0.0160364,0,0,0,0
11.3001,0.0160364,0.0174727,0.0174727,0.0160364,0,0,0,0,0.0160364,0.0174727,0.0174727,0.0160364,0,0,0,0
11.3101,0.0160364,0.0174727,0.0174727,0.0160364,0,0,0,0,0.0160364,0.0174727,0.0174727,0.0160364,0,0,0,0
11.3201,0.0160364,0.0174727,0.0174727,0.0160364,0,0,0,0,0.0160364,0.0174727,0.0174727,0.0160364,0,0,0,0
11.3301,0.0160364,0.0174727,0.0174727,0.0160364,0,0,0,0,0.0160364,0.0174727,0.0174727,0.0160364,0,0,0,0
11.3401,0.0160364,0.0174727,0.0174727,0.0160364,0,0,0,0,0.0160364,0.0174727,0.0174727,0.0160364,0,0,0,0
11.3501,0.0160364,0.0174727,0.0174727,0.0160364,0,0,0,0,0.0160364,0.0174727,0.0174727,0.0160364,0,0,0,0
11.3601,0.0160364,0.0174727,0.0174727,0.0160364,0,0,0,0,0.0160364,0.0174727,0.0174727,0.0160364,0,0,0,0
11.3701,0.00984834,0.0107305,0.0107305,0.00984834,0,0,0,0,0.00984834,0.0107305,0.0107305,0.00984834,0,0,0,0
11.3801,0.00984834,0.0107305,0.0107305,0.00984834,0,0,0,0,0.00984834,0.0107305,0.0107305,0.00984834,0,0,0,0
11.3901,0.00837108,0.00912088,0.00912088,0.00837108,0,0,0,0,0.00837108,0.00912088,0.00912088,0.00837108,0,0,0,0
11.4001,0.00837108,0.00912088,0.00912088,0.00837108,0,0,0,0,0.00837108,0.00912088,0.00912088,0.00837108,0,0,0,0
11.4101,0.00837108,0.00912088,0.00912088,0.00837108,0,0,0,0,0.00837108,0.00912088,0.00912088,0.00837108,0,0,0,0
11.4201,0.00837108,0.00912088,0.00912088,0.00837108,0,0,0,0,0.00837108,0.00912088,0.00912088,0.00837108,0,0,0,0
11.4301,0.00837108,0.00912088,0.00912088,0.00837108,0,0,0,0,0.00837108,0.00912088,0.00912088,0.00837108,0,0,0,0
11.4401,0.00837108,0.00912088,0.00912088,0.00837108,0,0,0,0,0.00837108,0.00912088,0.00912088,0.00837108,0,0,0,0
11.4501,0.00837108,0.00912088,0.00912088,0.00837108,0,0,0,0,0.00837108,0.00912088,0.00912088,0.00837108,0,0,0,0
11.4601,0,0,0,0,0,0,0,0,0,0,0,0,0,0,0,0
11.4701,0.167115,0.167753,0.167753,0.167115,0,0,0,0,0.167115,0.167753,0.167753,0.167115,0,0,0,0
11.4801,0.167115,0.167753,0.167753,0.167115,0,0,0,0,0.167115,0.167753,0.167753,0.167115,0,0,0,0
11.4901,0.247115,0.247753,0.247753,0.247115,0,0,0,0,0.247115,0.247753,0.247753,0.247115,0,0,0,0
11.5001,0.247115,0.247753,0.247753,0.247115,0,0,0,0,0.247115,0.247753,0.247753,0.247115,0,0,0,0
11.5101,0.247115,0.247753,0.247753,0.247115,0,0,0,0,0.247115,0.247753,0.247753,0.247115,0,0,0,0
11.5201,0.247115,0.247753,0.247753,0.247115,0,0,0,0,0.247115,0.247753,0.247753,0.247115,0,0,0,0
11.5301,0.247115,0.247753,0.247753,0.247115,0,0,0,0,0.247115,0.247753,0.247753,0.247115,0,0,0,0
11.5401,0.247115,0.247753,0.247753,0.247115,0,0,0,0,0.247115,0.247753,0.247753,0.247115,0,0,0,0
11.5501,0.247115,0.247753,0.247753,0.247115,0,0,0,0,0.247115,0.247753,0.247753,0.247115,0,0,0,0
11.5601,0.247115,0.247753,0.247753,0.247115,0,0,0,0,0.247115,0.247753,0.247753,0.247115,0,0,0,0
11.5701,0.246541,0.247001,0.247001,0.246541,0,0,0,0,0.246541,0.247001,0.247001,0.246541,0,0,0,0
11.5801,0.246541,0.247001,0.247001,0.246541,0,0,0,0,0.246541,0.247001,0.247001,0.246541,0,0,0,0
11.5901,0.326541,0.327001,0.327001,0.326541,0,0,0,0,0.326541,0.327001,0.327001,0.326541,0,0,0,0
11.6001,0.326541,0.327001,0.327001,0.326541,0,0,0,0,0.326541,0.327001,0.327001,0.326541,0,0,0,0
11.6101,0.326541,0.327001,0.327001,0.326541,0,0,0,0,0.326541,0.327001,0.327001,0.326541,0,0,0,0
11.6201,0.326541,0.327001,0.327001,0.326541,0,0,0,0,0.326541,0.327001,0.327001,0.326541,0,0,0,0
11.6301,0.326541,0.327001,0.327001,0.326541,0,0,0,0,0.326541,0.327001,0.327001,0.326541,0,0,0,0
11.6401,0.326541,0.327001,0.327001,0.326541,0,0,0,0,0.326541,0.327001,0.327001,0.326541,0,0,0,0
11.6501,0.326541,0.327001,0.327001,0.326541,0,0,0,0,0.326541,0.327001,0.327001,0.326541,0,0,0,0
11.6601,0.326541,0.327001,0.327001,0.326541,0,0,0,0,0.326541,0.327001,0.327001,0.326541,0,0,0,0
11.6701,0.566541,0.567001,0.567001,0.566541,0,0,0,0,0.566541,0.567001,0.567001,0.566541,0,0,0,0
11.6801,0.566541,0.567001,0.567001,0.566541,0,0,0,0,0.566541,0.567001,0.567001,0.566541,0,0,0,0
11.6901,0.48156,0.481951,0.481951,0.48156,0,0,0,0,0.48156,0.481951,0.481951,0.48156,0,0,0,0
11.7001,0.48156,0.481951,0.481951,0.48156,0,0,0,0,0.48156,0.481951,0.481951,0.48156,0,0,0,0
11.7101,0.48156,0.481951,0.481951,0.48156,0,0,0,0,0.48156,0.481951,0.481951,0.48156,0,0,0,0
11.7201,0.48156,0.481951,0.481951,0.48156,0,0,0,0,0.48156,0.481951,0.481951,0.48156,0,0,0,0
11.7301,0.48156,0.481951,0.481951,0.48156,0,0,0,0,0.48156,0.481951,0.481951,0.48156,0,0,0,0
11.7401,0.48156,0.481951,0.481951,0.48156,0,0,0,0,0.48156,0.481951,0.481951,0.48156,0,0,0,0
11.7501,0.48156,0.481951,0.481951,0.48156,0,0,0,0,0.48156,0.481951,0.481951,0.48156,0,0,0,0
11.7601,0.48156,0.481951,0.481951,0.48156,0,0,0,0,0.48156,0.481951,0.481951,0.48156,0,0,0,0
11.7701,0.72156,0.721951,0.721951,0.72156,0,0,0,0,0.72156,0.721951,0.721951,0.72156,0,0,0,0
11.7801,0.72156,0.721951,0.721951,0.72156,0,0,0,0,0.72156,0.721951,0.721951,0.72156,0,0,0,0
11.7901,0.80156,0.801951,0.801951,0.80156,0,0,0,0,0.80156,0.801951,0.801951,0.80156,0,0,0,0
11.8001,0.80156,0.801951,0.801951,0.80156,0,0,0,0,0.80156,0.801951,0.801951,0.80156,0,0,0,0
11.8101,0.80156,0.801951,0.801951,0.80156,0,0,0,0,0.80156,0.801951,0.801951,0.80156,0,0,0,0
11.8201,0.80156,0.801951,0.801951,0.80156,0,0,0,0,0.80156,0.801951,0.801951,0.80156,0,0,0,0
11.8301,0.80156,0.801951,0.801951,0.80156,0,0,0,0,0.80156,0.801951,0.801951,0.80156,0,0,0,0
11.8401,0.80156,0.801951,0.801951,0.80156,0,0,0,0,0.80156,0.801951,0.801951,0.80156,0,0,0,0
11.8501,0.80156,0.801951,0.801951,0.80156,0,0,0,0,0.80156,0.801951,0.801951,0.80156,0,0,0,0
11.8601,0.80156,0.801951,0.801951,0.80156,0,0,0,0,0.80156,0.801951,0.801951,0.80156,0,0,0,0
11.8701,0.647127,0.64741,0.64741,0.647127,0,0,0,0,0.647127,0.64741,0.64741,0.647127,0,0,0,0
11.8801,0.647127,0.64741,0.64741,0.647127,0,0,0,0,0.647127,0.64741,0.64741,0.647127,0,0,0,0
11.8901,0.727127,0.72741,0.72741,0.727127,0,0,0,0,0.727127,0.72741,0.72741,0.727127,0,0,0,0
11.9001,0.727127,0.72741,0.72741,0.727127,0,0,0,0,0.727127,0.72741,0.72741,0.727127,0,0,0,0
11.9101,0.727127,0.72741,0.72741,0.727127,0,0,0,0,0.727127,0.72741,0.72741,0.727127,0,0,0,0
11.9201,0.727127,0.72741,0.72741,0.727127,0,0,0,0,0.727127,0.72741,0.72741,0.727127,0,0,0,0
11.9301,0.727127,0.72741,0.72741,0.727127,0,0,0,0,0.727127,0.72741,0.72741,0.727127,0,0,0,0
11.9401,0.727127,0.72741,0.72741,0.727127,0,0,0,0,0.727127,0.72741,0.72741,0.727127,0,0,0,0
11.9501,0.727127,0.72741,0.72741,0.727127,0,0,0,0,0.727127,0.72741,0.72741,0.727127,0,0,0,0
11.9601,0.727127,0.72741,0.72741,0.727127,0,0,0,0,0.727127,0.72741,0.72741,0.727127,0,0,0,0
11.9701,0.967127,0.96741,0.96741,0.967127,0,0,0,0,0.967127,0.96741,0.96741,0.967127,0,0,0,0
11.9801,0.967127,0.96741,0.96741,0.967127,0,0,0,0,0.967127,0.96741,0.96741,0.967127,0,0,0,0
11.9901,0.822058,0.822298,0.822298,0.822058,0,0,0,0,0.822058,0.822298,0.822298,0.822058,0,0,0,0
12.0001,0.822058,0.822298,0.822298,0.822058,0,0,0,0,0.822058,0.822298,0.822298,0.822058,0,0,0,0
12.0101,0.822058,0.822298,0.822298,0.822058,0,0,0,0,0.822058,0.822298,0.822298,0.822058,0,0,0,0
12.0201,0.822058,0.822298,0.822298,0.822058,0,0,0,0,0.822058,0.822298,0.822298,0.822058,0,0,0,0
12.0301,0.822058,0.822298,0.822298,0.822058,0,0,0,0,0.822058,0.822298,0.822298,0.822058,0,0,0,0
12.0401,0.822058,0.822298,0.822298,0.822058,0,0,0,0,0.822058,0.822298,0.822298,0.822058,0,0,0,0
12.0501,0.822058,0.822298,0.822298,0.822058,0,0,0,0,0.822058,0.822298,0.822298,0.822058,0,0,0,0
12.0601,0.822058,0.822298,0.822298,0.822058,0,0,0,0,0.822058,0.822298,0.822298,0.822058,0,0,0,0
12.0701,0.99988,1,1,0.99988,0,0,0,0,0.99988,1,1,0.99988,0,0,0,0
12.0801,0.99988,1,1,0.99988,0,0,0,0,0.99988,1,1,0.99988,0,0,0,0
12.0901,0.99988,1,1,0.99988,0,0,0,0,0.99988,1,1,0.99988,0,0,0,0
12.1001,0.99988,1,1,0.99988,0,0,0,0,0.99988,1,1,0.99988,0,0,0,0
12.1101,0.99988,1,1,0.99988,0,0,0,0,0.99988,1,1,0.99988,0,0,0,0
12.1201,0.99988,1,1,0.99988,0,0,0,0,0.99988,1,1,0.99988,0,0,0,0
12.1301,0.99988,1,1,0.99988,0,0,0,0,0.99988,1,1,0.99988,0,0,0,0
12.1401,0.99988,1,1,0.99988,0,0,0,0,0.99988,1,1,0.99988,0,0,0,0
12.1501,0.99988,1,1,0.99988,0,0,0,0,0.99988,1,1,0.99988,0,0,0,0
12.1601,0.99988,1,1,0.99988,0,0,0,0,0.99988,1,1,0.99988,0,0,0,0
12.1701,0.790413,0.790587,0.790587,0.790413,0,0,0,0,0.790413,0.790587,0.790587,0.790413,0,0,0,0
12.1801,0.790413,0.790587,0.790587,0.790413,0,0,0,0,0.790413,0.790587,0.790587,0.790413,0,0,0,0
12.1901,0.870413,0.870587,0.870587,0.870413,0,0,0,0,0.870413,0.870587,0.870587,0.870413,0,0,0,0
12.2001,0.870413,0.870587,0.870587,0.870413,0,0,0,0,0.870413,0.870587,0.870587,0.870413,0,0,0,0
12.2101,0.870413,0.870587,0.870587,0.870413,0,0,0,0,0.870413,0.870587,0.870587,0.870413,0,0,0,0
12.2201,0.870413,0.870587,0.870587,0.870413,0,0,0,0,0.870413,0.870587,0.870587,0.870413,0,0,0,0
12.2301,0.870413,0.870587,0.870587,0.870413,0,0,0,0,0.870413,0.870587,0.870587,0.870413,0,0,0,0
12.2401,0.870413,0.870587,0.870587,0.870413,0,0,0,0,0.870413,0.870587,0.870587,0.870413,0,0,0,0
12.2501,0.870413,0.870587,0.870587,0.870413,0,0,0,0,0.870413,0.870587,0.870587,0.870413,0,0,0,0
12.2601,0.870413,0.870587,0.870587,0.870413,0,0,0,0,0.870413,0.870587,0.870587,0.870413,0,0,0,0
12.2701,0.999913,1,1,0.999913,0,0,0,0,0.999913,1,1,0.999913,0,0,0,0
12.2801,0.999913,1,1,0.999913,0,0,0,0,0.999913,1,1,0.999913,0,0,0,0
12.2901,0.849926,0.850074,0.850074,0.849926,0,0,0,0,0.849926,0.850074,0.850074,0.849926,0,0,0,0
12.3001,0.849926,0.850074,0.850074,0.849926,0,0,0,0,0.849926,0.850074,0.850074,0.849926,0,0,0,0
12.3101,0.849926,0.850074,0.850074,0.849926,0,0,0,0,0.849926,0.850074,0.850074,0.849926,0,0,0,0
12.3201,0.849926,0.850074,0.850074,0.849926,0,0,0,0,0.849926,0.850074,0.850074,0.849926,0,0,0,0
12.3301,0.849926,0.850074,0.850074,0.849926,0,0,0,0,0.849926,0.850074,0.850074,0.849926,0,0,0,0
12.3401,0.849926,0.850074,0.850074,0.849926,0,0,0,0,0.849926,0.850074,0.850074,0.849926,0,0,0,0
12.3501,0.849926,0.850074,0.850074,0.849926,0,0,0,0,0.849926,0.850074,0.850074,0.849926,0,0,0,0
12.3601,0.849926,0.850074,0.850074,0.849926,0,0,0,0,0.849926,0.850074,0.850074,0.849926,0,0,0,0
12.3701,0.999926,1,1,0.999926,0,0,0,0,0.999926,1,1,0.999926,0,0,0,0
12.3801,0.999926,1,1,0.999926,0,0,0,0,0.999926,1,1,0.999926,0,0,0,0
12.3901,0.999926,1,1,0.999926,0,0,0,0,0.999926,1,1,0.999926,0,0,0,0
12.4001,0.999926,1,1,0.999926,0,0,0,0,0.999926,1,1,0.999926,0,0,0,0
12.4101,0.999926,1,1,0.999926,0,0,0,0,0.999926,1,1,0.999926,0,0,0,0
12.4201,0.999926,1,1,0.999926,0,0,0,0,0.999926,1,1,0.999926,0,0,0,0
12.4301,0.999926,1,1,0.999926,0,0,0,0,0.999926,1,1,0.999926,0,0,0,0
12.4401,0.999926,1,1,0.999926,0,0,0,0,0.999926,1,1,0.999926,0,0,0,0
12.4501,0.999926,1,1,0.999926,0,0,0,0,0.999926,1,1,0.999926,0,0,0,0
12.4601,0.999926,1,1,0.999926,0,0,0,0,0.999926,1,1,0.999926,0,0,0,0
12.4701,0.790447,0.790553,0.790553,0.790447,0,0,0,0,0.790447,0.790553,0.790553,0.790447,0,0,0,0
12.4801,0.790447,0.790553,0.790553,0.790447,0,0,0,0,0.790447,0.790553,0.790553,0.790447,0,0,0,0
12.4901,0.870447,0.870553,0.870553,0.870447,0,0,0,0,0.870447,0.870553,0.870553,0.870447,0,0,0,0
12.5001,0.870447,0.870553,0.870553,0.870447,0,0,0,0,0.870447,0.870553,0.870553,0.870447,0,0,0,0
12.5101,0.870447,0.870553,0.870553,0.870447,0,0,0,0,0.870447,0.870553,0.870553,0.870447,0,0,0,0
12.5201,0.870447,0.870553,0.870553,0.870447,0,0,0,0,0.870447,0.870553,0.870553,0.870447,0,0,0,0
12.5301,0.870447,0.870553,0.870553,0.870447,0,0,0,0,0.870447,0.870553,0.870553,0.870447,0,0,0,0
12.5401,0.870447,0.870553,0.870553,0.870447,0,0,0,0,0.870447,0.870553,0.870553,0.870447,0,0,0,0
12.5501,0.870447,0.870553,0.870553,0.870447,0,0,0,0,0.870447,0.870553,0.870553,0.870447,0,0,0,0
12.5601,0.870447,0.870553,0.870553,0.870447,0,0,0,0,0.870447,0.870553,0.870553,0.870447,0,0,0,0
12.5701,0.999947,1,1,0.999947,0,0,0,0,0.999947,1,1,0.999947,0,0,0,0
12.5801,0.999947,1,1,0.999947,0,0,0,0,0.999947,1,1,0.999947,0,0,0,0
12.5901,0.849955,0.850045,0.850045,0.849955,0,0,0,0,0.849955,0.850045,0.850045,0.849955,0,0,0,0
12.6001,0.849955,0.850045,0.850045,0.849955,0,0,0,0,0.849955,0.850045,0.850045,0.849955,0,0,0,0
12.6101,0.849955,0.850045,0.850045,0.849955,0,0,0,0,0.849955,0.850045,0.850045,0.849955,0,0,0,0
12.6201,0.849955,0.850045,0.850045,0.849955,0,0,0,0,0.849955,0.850045,0.850045,0.849955,0,0,0,0
12.6301,0.849955,0.850045,0.850045,0.849955,0,0,0,0,0.849955,0.850045,0.850045,0.849955,0,0,0,0
12.6401,0.849955,0.850045,0.850045,0.849955,0,0,0,0,0.849955,0.850045,0.850045,0.849955,0,0,0,0
12.6501,0.849955,0.850045,0.850045,0.849955,0,0,0,0,0.849955,0.850045,0.850045,0.849955,0,0,0,0
12.6601,0.849955,0.850045,0.850045,0.849955,0,0,0,0,0.849955,0.850045,0.850045,0.849955,0,0,0,0
12.6701,0.849962,0.850039,0.850039,0.849962,0,0,0,0,0.849962,0.850039,0.850039,0.849962,0,0,0,0
12.6801,0.849962,0.850039,0.850039,0.849962,0,0,0,0,0.849962,0.850039,0.850039,0.849962,0,0,0,0
12.6901,0.722467,0.722533,0.722533,0.722467,0,0,0,0,0.722467,0.722533,0.722533,0.722467,0,0,0,0
12.7001,0.722467,0.722533,0.722533,0.722467,0,0,0,0,0.722467,0.722533,0.722533,0.722467,0,0,0,0
12.7101,0.722467,0.722533,0.722533,0.722467,0,0,0,0,0.722467,0.722533,0.722533,0.722467,0,0,0,0
12.7201,0.722467,0.722533,0.722533,0.722467,0,0,0,0,0.722467,0.722533,0.722533,0.722467,0,0,0,0
12.7301,0.722467,0.722533,0.722533,0.722467,0,0,0,0,0.722467,0.722533,0.722533,0.722467,0,0,0,0
12.7401,0.722467,0.722533,0.722533,0.722467,0,0,0,0,0.722467,0.722533,0.722533,0.722467,0,0,0,0
12.7501,0.722467,0.722533,0.722533,0.722467,0,0,0,0,0.722467,0.722533,0.722533,0.722467,0,0,0,0
12.7601,0.722467,0.722533,0.722533,0.722467,0,0,0,0,0.722467,0.722533,0.722533,0.722467,0,0,0,0
12.7701,0.443685,0.443725,0.443725,0.443685,0,0,0,0,0.443685,0.443725,0.443725,0.443685,0,0,0,0
12.7801,0.443685,0.443725,0.443725,0.443685,0,0,0,0,0.443685,0.443725,0.443725,0.443685,0,0,0,0
12.7901,0.377132,0.377167,0.377167,0.377132,0,0,0,0,0.377132,0.377167,0.377167,0.377132,0,0,0,0
12.8001,0.377132,0.377167,0.377167,0.377132,0,0,0,0,0.377132,0.377167,0.377167,0.377132,0,0,0,0
12.8101,0.377132,0.377167,0.377167,0.377132,0,0,0,0,0.377132,0.377167,0.377167,0.377132,0,0,0,0
12.8201,0.377132,0.377167,0.377167,0.377132,0,0,0,0,0.377132,0.377167,0.377167,0.377132,0,0,0,0
12.8301,0.377132,0.377167,0.377167,0.377132,0,0,0,0,0.377132,0.377167,0.377167,0.377132,0,0,0,0
12.8401,0.377132,0.377167,0.377167,0.377132,0,0,0,0,0.377132,0.377167,0.377167,0.377132,0,0,0,0
12.8501,0.377132,0.377167,0.377167,0.377132,0,0,0,0,0.377132,0.377167,0.377167,0.377132,0,0,0,0
12.8601,0.377132,0.377167,0.377167,0.377132,0,0,0,0,0.377132,0.377167,0.377167,0.377132,0,0,0,0
12.8701,0.330278,0.214703,0.214703,0.330278,0,0,0,0,0.330278,0.214703,0.214703,0.330278,0,0,0,0
12.8801,0.330278,0.214703,0.214703,0.330278,0,0,0,0,0.330278,0.214703,0.214703,0.330278,0,0,0,0
12.8901,0.280736,0.182497,0.182497,0.280736,0,0,0,0,0.280736,0.182497,0.182497,0.280736,0,0,0,0
12.9001,0.280736,0.182497,0.182497,0.280736,0,0,0,0,0.280736,0.182497,0.182497,0.280736,0,0,0,0
12.9101,0.280736,0.182497,0.182497,0.280736,0,0,0,0,0.280736,0.182497,0.182497,0.280736,0,0,0,0
12.9201,0.280736,0.182497,0.182497,0.280736,0,0,0,0,0.280736,0.182497,0.182497,0.280736,0,0,0,0
12.9301,0.280736,0.182497,0.182497,0.280736,0,0,0,0,0.280736,0.182497,0.182497,0.280736,0,0,0,0
12.9401,0.280736,0.182497,0.182497,0.280736,0,0,0,0,0.280736,0.182497,0.182497,0.280736,0,0,0,0
12.9501,0.280736,0.182497,0.182497,0.280736,0,0,0,0,0.280736,0.182497,0.182497,0.280736,0,0,0,0
12.9601,0.280736,0.182497,0.182497,0.280736,0,0,0,0,0.280736,0.182497,0.182497,0.280736,0,0,0,0
12.9701,0.172407,0.112076,0.112076,0.172407,0,0,0,0,0.172407,0.112076,0.112076,0.172407,0,0,0,0
12.9801,0.172407,0.112076,0.112076,0.172407,0,0,0,0,0.172407,0.112076,0.112076,0.172407,0,0,0,0
12.9901,0.146546,0.0952648,0.0952648,0.146546,0,0,0,0,0.146546,0.0952648,0.0952648,0.146546,0,0,0,0
13.0001,0.146546,0.0952648,0.0952648,0.146546,0,0,0,0,0.146546,0.0952648,0.0952648,0.146546,0,0,0,0
13.0101,0.146546,0.0952648,0.0952648,0.146546,0,0,0,0,0.146546,0.0952648,0.0952648,0.146546,0,0,0,0
13.0201,0.146546,0.0952648,0.0952648,0.146546,0,0,0,0,0.146546,0.0952648,0.0952648,0.146546,0,0,0,0
13.0301,0.146546,0.0952648,0.0952648,0.146546,0,0,0,0,0.146546,0.0952648,0.0952648,0.146546,0,0,0,0
13.0401,0.146546,0.0952648,0.0952648,0.146546,0,0,0,0,0.146546,0.0952648,0.0952648,0.146546,0,0,0,0
13.0501,0.146546,0.0952648,0.0952648,0.146546,0,0,0,0,0.146546,0.0952648,0.0952648,0.146546,0,0,0,0
13.0601,0.146546,0.0952648,0.0952648,0.146546,0,0,0,0,0.146546,0.0952648,0.0952648,0.146546,0,0,0,0
13.0701,0.0899977,0.0585045,0.0585045,0.0899977,0,0,0,0,0.0899977,0.0585045,0.0585045,0.0899977,0,0,0,0
13.0801,0.0899977,0.0585045,0.0585045,0.0899977,0,0,0,0,0.0899977,0.0585045,0.0585045,0.0899977,0,0,0,0
13.0901,0.076498,0.0497288,0.0497288,0.076498,0,0,0,0,0.076498,0.0497288,0.0497288,0.076498,0,0,0,0
13.1001,0.076498,0.0497288,0.0497288,0.076498,0,0,0,0,0.076498,0.0497288,0.0497288,0.076498,0,0,0,0
13.1101,0.076498,0.0497288,0.0497288,0.076498,0,0,0,0,0.076498,0.0497288,0.0497288,0.076498,0,0,0,0
13.1201,0.076498,0.0497288,0.0497288,0.076498,0,0,0,0,0.076498,0.0497288,0.0497288,0.076498,0,0,0,0
13.1301,0.076498,0.0497288,0.0497288,0.076498,0,0,0,0,0.076498,0.0497288,0.0497288,0.076498,0,0,0,0
13.1401,0.076498,0.0497288,0.0497288,0.076498,0,0,0,0,0.076498,0.0497288,0.0497288,0.076498,0,0,0,0
13.1501,0.076498,0.0497288,0.0497288,0.076498,0,0,0,0,0.076498,0.0497288,0.0497288,0.076498,0,0,0,0
13.1601,0.076498,0.0497288,0.0497288,0.076498,0,0,0,0,0.076498,0.0497288,0.0497288,0.076498,0,0,0,0
13.1701,0.11307,0.0937291,0.0937291,0.11307,0,0,0,0,0.11307,0.0937291,0.0937291,0.11307,0,0,0,0
13.1801,0.11307,0.0937291,0.0937291,0.11307,0,0,0,0,0.11307,0.0937291,0.0937291,0.11307,0,0,0,0
13.1901,0.0961093,0.0796697,0.0796697,0.0961093,0,0,0,0,0.0961093,0.0796697,0.0796697,0.0961093,0,0,0,0
13.2001,0.0961093,0.0796697,0.0796697,0.0961093,0,0,0,0,0.0961093,0.0796697,0.0796697,0.0961093,0,0,0,0
13.2101,0.0961093,0.0796697,0.0796697,0.0961093,0,0,0,0,0.0961093,0.0796697,0.0796697,0.0961093,0,0,0,0
13.2201,0.0961093,0.0796697,0.0796697,0.0961093,0,0,0,0,0.0961093,0.0796697,0.0796697,0.0961093,0,0,0,0
13.2301,0.0961093,0.0796697,0.0796697,0.0961093,0,0,0,0,0.0961093,0.0796697,0.0796697,0.0961093,0,0,0,0
13.2401,0.0961093,0.0796697,0.0796697,0.0961093,0,0,0,0,0.0961093,0.0796697,0.0796697,0.0961093,0,0,0,0
13.2501,0.0961093,0.0796697,0.0796697,0.0961093,0,0,0,0,0.0961093,0.0796697,0.0796697,0.0961093,0,0,0,0
13.2601,0.0961093,0.0796697,0.0796697,0.0961093,0,0,0,0,0.0961093,0.0796697,0.0796697,0.0961093,0,0,0,0
13.2701,0.0590232,0.0489272,0.0489272,0.0590232,0,0,0,0,0.0590232,0.0489272,0.0489272,0.0590232,0,0,0,0
13.2801,0.0590232,0.0489272,0.0489272,0.0590232,0,0,0,0,0.0590232,0.0489272,0.0489272,0.0590232,0,0,0,0
13.2901,0.0501697,0.0415881,0.0415881,0.0501697,0,0,0,0,0.0501697,0.0415881,0.0415881,0.0501697,0,0,0,0
13.3001,0.0501697,0.0415881,0.0415881,0.0501697,0,0,0,0,0.0501697,0.0415881,0.0415881,0.0501697,0,0,0,0
13.3101,0.0501697,0.0415881,0.0415881,0.0501697,0,0,0,0,0.0501697,0.0415881,0.0415881,0.0501697,0,0,0,0
13.3201,0.0501697,0.0415881,0.0415881,0.0501697,0,0,0,0,0.0501697,0.0415881,0.0415881,0.0501697,0,0,0,0
13.3301,0.0501697,0.0415881,0.0415881,0.0501697,0,0,0,0,0.0501697,0.0415881,0.0415881,0.0501697,0,0,0,0
13.3401,0.0501697,0.0415881,0.0415881,0.0501697,0,0,0,0,0.0501697,0.0415881,0.0415881,0.0501697,0,0,0,0
13.3501,0.0501697,0.0415881,0.0415881,0.0501697,0,0,0,0,0.0501697,0.0415881,0.0415881,0.0501697,0,0,0,0
13.3601,0.0501697,0.0415881,0.0415881,0.0501697,0,0,0,0,0.0501697,0.0415881,0.0415881,0.0501697,0,0,0,0
13.3701,0.0308105,0.0255403,0.0255403,0.0308105,0,0,0,0,0.0308105,0.0255403,0.0255403,0.0308105,0,0,0,0
13.3801,0.0308105,0.0255403,0.0255403,0.0308105,0,0,0,0,0.0308105,0.0255403,0.0255403,0.0308105,0,0,0,0
13.3901,0.0261889,0.0217092,0.0217092,0.0261889,0,0,0,0,0.0261889,0.0217092,0.0217092,0.0261889,0,0,0,0
13.4001,0.0261889,0.0217092,0.0217092,0.0261889,0,0,0,0,0.0261889,0.0217092,0.0217092,0.0261889,0,0,0,0
13.4101,0.0261889,0.0217092,0.0217092,0.0261889,0,0,0,0,0.0261889,0.0217092,0.0217092,0.0261889,0,0,0,0
13.4201,0.0261889,0.0217092,0.0217092,0.0261889,0,0,0,0,0.0261889,0.0217092,0.0217092,0.0261889,0,0,0,0
13.4301,0.0261889,0.0217092,0.0217092,0.0261889,0,0,0,0,0.0261889,0.0217092,0.0217092,0.0261889,0,0,0,0
13.4401,0.0261889,0.0217092,0.0217092,0.0261889,0,0,0,0,0.0261889,0.0217092,0.0217092,0.0261889,0,0,0,0
13.4501,0.0261889,0.0217092,0.0217092,0.0261889,0,0,0,0,0.0261889,0.0217092,0.0217092,0.0261889,0,0,0,0
13.4601,0.0261889,0.0217092,0.0217092,0.0261889,0,0,0,0,0.0261889,0.0217092,0.0217092,0.0261889,0,0,0,0
13.4701,0.0160832,0.0133322,0.0133322,0.0160832,0,0,0,0,0.0160832,0.0133322,0.0133322,0.0160832,0,0,0,0
13.4801,0.0160832,0.0133322,0.0133322,0.0160832,0,0,0,0,0.0160832,0.0133322,0.0133322,0.0160832,0,0,0,0
13.4901,0.0136708,0.0113324,0.0113324,0.0136708,0,0,0,0,0.0136708,0.0113324,0.0113324,0.0136708,0,0,0,0
13.5001,0.0136708,0.0113324,0.0113324,0.0136708,0,0,0,0,0.0136708,0.0113324,0.0113324,0.0136708,0,0,0,0
13.5101,0.0136708,0.0113324,0.0113324,0.0136708,0,0,0,0,0.0136708,0.0113324,0.0113324,0.0136708,0,0,0,0
13.5201,0.0136708,0.0113324,0.0113324,0.0136708,0,0,0,0,0.0136708,0.0113324,0.0113324,0.0136708,0,0,0,0
13.5301,0.0136708,0.0113324,0.0113324,0.0136708,0,0,0,0,0.0136708,0.0113324,0.0113324,0.0136708,0,0,0,0
13.5401,0.0136708,0.0113324,0.0113324,0.0136708,0,0,0,0,0.0136708,0.0113324,0.0113324,0.0136708,0,0,0,0
13.5501,0.0136708,0.0113324,0.0113324,0.0136708,0,0,0,0,0.0136708,0.0113324,0.0113324,0.0136708,0,0,0,0
13.5601,0.0136708,0.0113324,0.0113324,0.0136708,0,0,0,0,0.0136708,0.0113324,0.0113324,0.0136708,0,0,0,0
13.5701,0.00839556,0.00695949,0.00695949,0.00839556,0,0,0,0,0.00839556,0.00695949,0.00695949,0.00839556,0,0,0,0
13.5801,0.00839556,0.00695949,0.00695949,0.00839556,0,0,0,0,0.00839556,0.00695949,0.00695949,0.00839556,0,0,0,0
13.5901,0.00713622,0.00591556,0.00591556,0.00713622,0,0,0,0,0.00713622,0.00591556,0.00591556,0.00713622,0,0,0,0
13.6001,0.00713622,0.00591556,0.00591556,0.00713622,0,0,0,0,0.00713622,0.00591556,0.00591556,0.00713622,0,0,0,0
13.6101,0.00713622,0.00591556,0.00591556,0.00713622,0,0,0,0,0.00713622,0.00591556,0.00591556,0.00713622,0,0,0,0
13.6201,0.00713622,0.00591556,0.00591556,0.00713622,0,0,0,0,0.00713622,0.00591556,0.00591556,0.00713622,0,0,0,0
13.6301,0.00713622,0.00591556,0.00591556,0.00713622,0,0,0,0,0.00713622,0.00591556,0.00591556,0.00713622,0,0,0,0
13.6401,0.00713622,0.00591556,0.00591556,0.00713622,0,0,0,0,0.00713622,0.00591556,0.00591556,0.00713622,0,0,0,0
13.6501,0.00713622,0.00591556,0.00591556,0.00713622,0,0,0,0,0.00713622,0.00591556,0.00591556,0.00713622,0,0,0,0
13.6601,0,0,0,0,0,0,0,0,0,0,0,0,0,0,0,0
13.6701,0.247136,0.245916,0.245916,0.247136,0,0,0,0,0.247136,0.245916,0.245916,0.247136,0,0,0,0
13.6801,0.247136,0.245916,0.245916,0.247136,0,0,0,0,0.247136,0.245916,0.245916,0.247136,0,0,0,0
13.6901,0.210066,0.209028,0.209028,0.210066,0,0,0,0,0.210066,0.209028,0.209028,0.210066,0,0,0,0
13.7001,0.210066,0.209028,0.209028,0.210066,0,0,0,0,0.210066,0.209028,0.209028,0.210066,0,0,0,0
13.7101,0.210066,0.209028,0.209028,0.210066,0,0,0,0,0.210066,0.209028,0.209028,0.210066,0,0,0,0
13.7201,0.210066,0.209028,0.209028,0.210066,0,0,0,0,0.210066,0.209028,0.209028,0.210066,0,0,0,0
13.7301,0.210066,0.209028,0.209028,0.210066,0,0,0,0,0.210066,0.209028,0.209028,0.210066,0,0,0,0
13.7401,0.210066,0.209028,0.209028,0.210066,0,0,0,0,0.210066,0.209028,0.209028,0.210066,0,0,0,0
13.7501,0.210066,0.209028,0.209028,0.210066,0,0,0,0,0.210066,0.209028,0.209028,0.210066,0,0,0,0
13.7601,0.210066,0.209028,0.209028,0.210066,0,0,0,0,0.210066,0.209028,0.209028,0.210066,0,0,0,0
13.7701,0.450066,0.449028,0.449028,0.450066,0,0,0,0,0.450066,0.449028,0.449028,0.450066,0,0,0,0
13.7801,0.450066,0.449028,0.449028,0.450066,0,0,0,0,0.450066,0.449028,0.449028,0.450066,0,0,0,0
13.7901,0.530066,0.529028,0.529028,0.530066,0,0,0,0,0.530066,0.529028,0.529028,0.530066,0,0,0,0
13.8001,0.530066,0.529028,0.529028,0.530066,0,0,0,0,0.530066,0.529028,0.529028,0.530066,0,0,0,0
13.8101,0.530066,0.529028,0.529028,0.530066,0,0,0,0,0.530066,0.529028,0.529028,0.530066,0,0,0,0
13.8201,0.530066,0.529028,0.529028,0.530066,0,0,0,0,0.530066,0.529028,0.529028,0.530066,0,0,0,0
13.8301,0.530066,0.529028,0.529028,0.530066,0,0,0,0,0.530066,0.529028,0.529028,0.530066,0,0,0,0
13.8401,0.530066,0.529028,0.529028,0.530066,0,0,0,0,0.530066,0.529028,0.529028,0.530066,0,0,0,0
13.8501,0.530066,0.529028,0.529028,0.530066,0,0,0,0,0.530066,0.529028,0.529028,0.530066,0,0,0,0
13.8601,0.530066,0.529028,0.529028,0.530066,0,0,0,0,0.530066,0.529028,0.529028,0.530066,0,0,0,0
13.8701,0.450973,0.450223,0.450223,0.450973,0,0,0,0,0.450973,0.450223,0.450223,0.450973,0,0,0,0
13.8801,0.450973,0.450223,0.450223,0.450973,0,0,0,0,0.450973,0.450223,0.450223,0.450973,0,0,0,0
13.8901,0.530972,0.530223,0.530223,0.530972,0,0,0,0,0.530972,0.530223,0.530223,0.530972,0,0,0,0
13.9001,0.530972,0.530223,0.530223,0.530972,0,0,0,0,0.530972,0.530223,0.530223,0.530972,0,0,0,0
13.9101,0.530972,0.530223,0.530223,0.530972,0,0,0,0,0.530972,0.530223,0.530223,0.530972,0,0,0,0
13.9201,0.530972,0.530223,0.530223,0.530972,0,0,0,0,0.530972,0.530223,0.530223,0.530972,0,0,0,0
13.9301,0.530972,0.530223,0.530223,0.530972,0,0,0,0,0.530972,0.530223,0.530223,0.530972,0,0,0,0
13.9401,0.530972,0.530223,0.530223,0.530972,0,0,0,0,0.530972,0.530223,0.530223,0.530972,0,0,0,0
13.9501,0.530972,0.530223,0.530223,0.530972,0,0,0,0,0.530972,0.530223,0.530223,0.530972,0,0,0,0
13.9601,0.530972,0.530223,0.530223,0.530972,0,0,0,0,0.530972,0.530223,0.530223,0.530972,0,0,0,0
13.9701,0.770972,0.770223,0.770223,0.770972,0,0,0,0,0.770972,0.770223,0.770223,0.770972,0,0,0,0
13.9801,0.770972,0.770223,0.770223,0.770972,0,0,0,0,0.770972,0.770223,0.770223,0.770972,0,0,0,0
13.9901,0.655327,0.654689,0.654689,0.655327,0,0,0,0,0.655327,0.654689,0.654689,0.655327,0,0,0,0
14.0001,0.655327,0.654689,0.654689,0.655327,0,0,0,0,0.655327,0.654689,0.654689,0.655327,0,0,0,0
14.0101,0.655327,0.654689,0.654689,0.655327,0,0,0,0,0.655327,0.654689,0.654689,0.655327,0,0,0,0
14.0201,0.655327,0.654689,0.654689,0.655327,0,0,0,0,0.655327,0.654689,0.654689,0.655327,0,0,0,0
14.0301,0.655327,0.654689,0.654689,0.655327,0,0,0,0,0.655327,0.654689,0.654689,0.655327,0,0,0,0
14.0401,0.655327,0.654689,0.654689,0.655327,0,0,0,0,0.655327,0.654689,0.654689,0.655327,0,0,0,0
14.0501,0.655327,0.654689,0.654689,0.655327,0,0,0,0,0.655327,0.654689,0.654689,0.655327,0,0,0,0
14.0601,0.655327,0.654689,0.654689,0.655327,0,0,0,0,0.655327,0.654689,0.654689,0.655327,0,0,0,0
14.0701,0.895327,0.894689,0.894689,0.895327,0,0,0,0,0.895327,0.894689,0.894689,0.895327,0,0,0,0
14.0801,0.895327,0.894689,0.894689,0.895327,0,0,0,0,0.895327,0.894689,0.894689,0.895327,0,0,0,0
14.0901,0.975327,0.974689,0.974689,0.975327,0,0,0,0,0.975327,0.974689,0.974689,0.975327,0,0,0,0
14.1001,0.975327,0.974689,0.974689,0.975327,0,0,0,0,0.975327,0.974689,0.974689,0.975327,0,0,0,0
14.1101,0.975327,0.974689,0.974689,0.975327,0,0,0,0,0.975327,0.974689,0.974689,0.975327,0,0,0,0
14.1201,0.975327,0.974689,0.974689,0.975327,0,0,0,0,0.975327,0.974689,0.974689,0.975327,0,0,0,0
14.1301,0.975327,0.974689,0.974689,0.975327,0,0,0,0,0.975327,0.974689,0.974689,0.975327,0,0,0,0
14.1401,0.975327,0.974689,0.974689,0.975327,0,0,0,0,0.975327,0.974689,0.974689,0.975327,0,0,0,0
14.1501,0.975327,0.974689,0.974689,0.975327,0,0,0,0,0.975327,0.974689,0.974689,0.975327,0,0,0,0
14.1601,0.975327,0.974689,0.974689,0.975327,0,0,0,0,0.975327,0.974689,0.974689,0.975327,0,0,0,0
14.1701,0.772673,0.772213,0.772213,0.772673,0,0,0,0,0.772673,0.772213,0.772213,0.772673,0,0,0,0
14.1801,0.772673,0.772213,0.772213,0.772673,0,0,0,0,0.772673,0.772213,0.772213,0.772673,0,0,0,0
14.1901,0.852674,0.852213,0.852213,0.852674,0,0,0,0,0.852674,0.852213,0.852213,0.852674,0,0,0,0
14.2001,0.852674,0.852213,0.852213,0.852674,0,0,0,0,0.852674,0.852213,0.852213,0.852674,0,0,0,0
14.2101,0.852674,0.852213,0.852213,0.852674,0,0,0,0,0.852674,0.852213,0.852213,0.852674,0,0,0,0
14.2201,0.852674,0.852213,0.852213,0.852674,0,0,0,0,0.852674,0.852213,0.852213,0.852674,0,0,0,0
14.2301,0.852674,0.852213,0.852213,0.852674,0,0,0,0,0.852674,0.852213,0.852213,0.852674,0,0,0,0
14.2401,0.852674,0.852213,0.852213,0.852674,0,0,0,0,0.852674,0.852213,0.852213,0.852674,0,0,0,0
14.2501,0.852674,0.852213,0.852213,0.852674,0,0,0,0,0.852674,0.852213,0.852213,0.852674,0,0,0,0
14.2601,0.852674,0.852213,0.852213,0.852674,0,0,0,0,0.852674,0.852213,0.852213,0.852674,0,0,0,0
14.2701,1,0.99977,0.99977,1,0,0,0,0,1,0.99977,0.99977,1,0,0,0,0
14.2801,1,0.99977,0.99977,1,0,0,0,0,1,0.99977,0.99977,1,0,0,0,0
14.2901,0.850196,0.849804,0.849804,0.850196,0,0,0,0,0.850196,0.849804,0.849804,0.850196,0,0,0,0
14.3001,0.850196,0.849804,0.849804,0.850196,0,0,0,0,0.850196,0.849804,0.849804,0.850196,0,0,0,0
14.3101,0.850196,0.849804,0.849804,0.850196,0,0,0,0,0.850196,0.849804,0.849804,0.850196,0,0,0,0
14.3201,0.850196,0.849804,0.849804,0.850196,0,0,0,0,0.850196,0.849804,0.849804,0.850196,0,0,0,0
14.3301,0.850196,0.849804,0.849804,0.850196,0,0,0,0,0.850196,0.849804,0.849804,0.850196,0,0,0,0
14.3401,0.850196,0.849804,0.849804,0.850196,0,0,0,0,0.850196,0.849804,0.849804,0.850196,0,0,0,0
14.3501,0.850196,0.849804,0.849804,0.850196,0,0,0,0,0.850196,0.849804,0.849804,0.850196,0,0,0,0
14.3601,0.850196,0.849804,0.849804,0.850196,0,0,0,0,0.850196,0.849804,0.849804,0.850196,0,0,0,0
14.3701,1,0.999804,0.999804,1,0,0,0,0,1,0.999804,0.999804,1,0,0,0,0
14.3801,1,0.999804,0.999804,1,0,0,0,0,1,0.999804,0.999804,1,0,0,0,0
14.3901,0.850166,0.849834,0.849834,0.850166,0,0,0,0,0.850166,0.849834,0.849834,0.850166,0,0,0,0
14.4001,0.850166,0.849834,0.849834,0.850166,0,0,0,0,0.850166,0.849834,0.849834,0.850166,0,0,0,0
14.4101,0.850166,0.849834,0.849834,0.850166,0,0,0,0,0.850166,0.849834,0.849834,0.850166,0,0,0,0
14.4201,0.850166,0.849834,0.849834,0.850166,0,0,0,0,0.850166,0.849834,0.849834,0.850166,0,0,0,0
14.4301,0.850166,0.849834,0.849834,0.850166,0,0,0,0,0.850166,0.849834,0.849834,0.850166,0,0,0,0
14.4401,0.850166,0.849834,0.849834,0.850166,0,0,0,0,0.850166,0.849834,0.849834,0.850166,0,0,0,0
14.4501,0.850166,0.849834,0.849834,0.850166,0,0,0,0,0.850166,0.849834,0.849834,0.850166,0,0,0,0
14.4601,0.850166,0.849834,0.849834,0.850166,0,0,0,0,0.850166,0.849834,0.849834,0.850166,0,0,0,0
14.4701,1,0.999834,0.999834,1,0,0,0,0,1,0.999834,0.999834,1,0,0,0,0
14.4801,1,0.999834,0.999834,1,0,0,0,0,1,0.999834,0.999834,1,0,0,0,0
14.4901,1,0.999834,0.999834,1,0,0,0,0,1,0.999834,0.999834,1,0,0,0,0
14.5001,1,0.999834,0.999834,1,0,0,0,0,1,0.999834,0.999834,1,0,0,0,0
14.5101,1,0.999834,0.999834,1,0,0,0,0,1,0.999834,0.999834,1,0,0,0,0
14.5201,1,0.999834,0.999834,1,0,0,0,0,1,0.999834,0.999834,1,0,0,0,0
14.5301,1,0.999834,0.999834,1,0,0,0,0,1,0.999834,0.999834,1,0,0,0,0
14.5401,1,0.999834,0.999834,1,0,0,0,0,1,0.999834,0.999834,1,0,0,0,0
14.5501,1,0.999834,0.999834,1,0,0,0,0,1,0.999834,0.999834,1,0,0,0,0
14.5601,1,0.999834,0.999834,1,0,0,0,0,1,0.999834,0.999834,1,0,0,0,0
14.5701,0.79062,0.79038,0.79038,0.79062,0,0,0,0,0.79062,0.79038,0.79038,0.79062,0,0,0,0
14.5801,0.79062,0.79038,0.79038,0.79062,0,0,0,0,0.79062,0.79038,0.79038,0.79062,0,0,0,0
14.5901,0.87062,0.87038,0.87038,0.87062,0,0,0,0,0.87062,0.87038,0.87038,0.87062,0,0,0,0
14.6001,0.87062,0.87038,0.87038,0.87062,0,0,0,0,0.87062,0.87038,0.87038,0.87062,0,0,0,0
14.6101,0.87062,0.87038,0.87038,0.87062,0,0,0,0,0.87062,0.87038,0.87038,0.87062,0,0,0,0
14.6201,0.87062,0.87038,0.87038,0.87062,0,0,0,0,0.87062,0.87038,0.87038,0.87062,0,0,0,0
14.6301,0.87062,0.87038,0.87038,0.87062,0,0,0,0,0.87062,0.87038,0.87038,0.87062,0,0,0,0
14.6401,0.87062,0.87038,0.87038,0.87062,0,0,0,0,0.87062,0.87038,0.87038,0.87062,0,0,0,0
14.6501,0.87062,0.87038,0.87038,0.87062,0,0,0,0,0.87062,0.87038,0.87038,0.87062,0,0,0,0
14.6601,0.87062,0.87038,0.87038,0.87062,0,0,0,0,0.87062,0.87038,0.87038,0.87062,0,0,0,0
14.6701,1,0.99988,0.99988,1,0,0,0,0,1,0.99988,0.99988,1,0,0,0,0
14.6801,1,0.99988,0.99988,1,0,0,0,0,1,0.99988,0.99988,1,0,0,0,0
14.6901,0.850102,0.849898,0.849898,0.850102,0,0,0,0,0.850102,0.849898,0.849898,0.850102,0,0,0,0
14.7001,0.850102,0.849898,0.849898,0.850102,0,0,0,0,0.850102,0.849898,0.849898,0.850102,0,0,0,0
14.7101,0.850102,0.849898,0.849898,0.850102,0,0,0,0,0.850102,0.849898,0.849898,0.850102,0,0,0,0
14.7201,0.850102,0.849898,0.849898,0.850102,0,0,0,0,0.850102,0.849898,0.849898,0.850102,0,0,0,0
14.7301,0.850102,0.849898,0.849898,0.850102,0,0,0,0,0.850102,0.849898,0.849898,0.850102,0,0,0,0
14.7401,0.850102,0.849898,0.849898,0.850102,0,0,0,0,0.850102,0.849898,0.849898,0.850102,0,0,0,0
14.7501,0.850102,0.849898,0.849898,0.850102,0,0,0,0,0.850102,0.849898,0.849898,0.850102,0,0,0,0
14.7601,0.850102,0.849898,0.849898,0.850102,0,0,0,0,0.850102,0.849898,0.849898,0.850102,0,0,0,0
14.7701,1,0.999898,0.999898,1,0,0,0,0,1,0.999898,0.999898,1,0,0,0,0
14.7801,1,0.999898,0.999898,1,0,0,0,0,1,0.999898,0.999898,1,0,0,0,0
14.7901,1,0.999898,0.999898,1,0,0,0,0,1,0.999898,0.999898,1,0,0,0,0
14.8001,1,0.999898,0.999898,1,0,0,0,0,1,0.999898,0.999898,1,0,0,0,0
14.8101,1,0.999898,0.999898,1,0,0,0,0,1,0.999898,0.999898,1,0,0,0,0
14.8201,1,0.999898,0.999898,1,0,0,0,0,1,0.999898,0.999898,1,0,0,0,0
14.8301,1,0.999898,0.999898,1,0,0,0,0,1,0.999898,0.999898,1,0,0,0,0
14.8401,1,0.999898,0.999898,1,0,0,0,0,1,0.999898,0.999898,1,0,0,0,0
14.8501,1,0.999898,0.999898,1,0,0,0,0,1,0.999898,0.999898,1,0,0,0,0
14.8601,1,0.999898,0.999898,1,0,0,0,0,1,0.999898,0.999898,1,0,0,0,0
14.8701,0.790574,0.790426,0.790426,0.790574,0,0,0,0,0.790574,0.790426,0.790426,0.790574,0,0,0,0
14.8801,0.790574,0.790426,0.790426,0.790574,0,0,0,0,0.790574,0.790426,0.790426,0.790574,0,0,0,0
14.8901,0.870574,0.870426,0.870426,0.870574,0,0,0,0,0.870574,0.870426,0.870426,0.870574,0,0,0,0
14.9001,0.870574,0.870426,0.870426,0.870574,0,0,0,0,0.870574,0.870426,0.870426,0.870574,0,0,0,0
14.9101,0.870574,0.870426,0.870426,0.870574,0,0,0,0,0.870574,0.870426,0.870426,0.870574,0,0,0,0
14.9201,0.870574,0.870426,0.870426,0.870574,0,0,0,0,0.870574,0.870426,0.870426,0.870574,0,0,0,0
14.9301,0.870574,0.870426,0.870426,0.870574,0,0,0,0,0.870574,0.870426,0.870426,0.870574,0,0,0,0
14.9401,0.870574,0.870426,0.870426,0.870574,0,0,0,0,0.870574,0.870426,0.870426,0.870574,0,0,0,0
14.9501,0.870574,0.870426,0.870426,0.870574,0,0,0,0,0.870574,0.870426,0.870426,0.870574,0,0,0,0
14.9601,0.870574,0.870426,0.870426,0.870574,0,0,0,0,0.870574,0.870426,0.870426,0.870574,0,0,0,0
14.9701,1,0.999926,0.999926,1,0,0,0,0,1,0.999926,0.999926,1,0,0,0,0
14.9801,1,0.999926,0.999926,1,0,0,0,0,1,0.999926,0.999926,1,0,0,0,0
14.9901,0.850063,0.849937,0.849937,0.850063,0,0,0,0,0.850063,0.849937,0.849937,0.850063,0,0,0,0
15.0001,0.850063,0.849937,0.849937,0.850063,0,0,0,0,0.850063,0.849937,0.849937,0.850063,0,0,0,0
15.0101,0.850063,0.849937,0.849937,0.850063,0,0,0,0,0.850063,0.849937,0.849937,0.850063,0,0,0,0
15.0201,0.850063,0.849937,0.849937,0.850063,0,0,0,0,0.850063,0.849937,0.849937,0.850063,0,0,0,0
15.0301,0.850063,0.849937,0.849937,0.850063,0,0,0,0,0.850063,0.849937,0.849937,0.850063,0,0,0,0
15.0401,0.850063,0.849937,0.849937,0.850063,0,0,0,0,0.850063,0.849937,0.849937,0.850063,0,0,0,0
15.0501,0.850063,0.849937,0.849937,0.850063,0,0,0,0,0.850063,0.849937,0.849937,0.850063,0,0,0,0
15.0601,0.850063,0.849937,0.849937,0.850063,0,0,0,0,0.850063,0.849937,0.849937,0.850063,0,0,0,0
15.0701,1,0.999937,0.999937,1,0,0,0,0,1,0.999937,0.999937,1,0,0,0,0
15.0801,1,0.999937,0.999937,1,0,0,0,0,1,0.999937,0.999937,1,0,0,0,0
15.0901,0.850053,0.849947,0.849947,0.850053,0,0,0,0,0.850053,0.849947,0.849947,0.850053,0,0,0,0
15.1001,0.850053,0.849947,0.849947,0.850053,0,0,0,0,0.850053,0.849947,0.849947,0.850053,0,0,0,0
15.1101,0.850053,0.849947,0.849947,0.850053,0,0,0,0,0.850053,0.849947,0.849947,0.850053,0,0,0,0
15.1201,0.850053,0.849947,0.849947,0.850053,0,0,0,0,0.850053,0.849947,0.849947,0.850053,0,0,0,0
15.1301,0.850053,0.849947,0.849947,0.850053,0,0,0,0,0.850053,0.849947,0.849947,0.850053,0,0,0,0
15.1401,0.850053,0.849947,0.849947,0.850053,0,0,0,0,0.850053,0.849947,0.849947,0.850053,0,0,0,0
15.1501,0.850053,0.849947,0.849947,0.850053,0,0,0,0,0.850053,0.849947,0.849947,0.850053,0,0,0,0
15.1601,0.850053,0.849947,0.849947,0.850053,0,0,0,0,0.850053,0.849947,0.849947,0.850053,0,0,0,0
15.1701,0.522039,0.521974,0.521974,0.522039,0,0,0,0,0.522039,0.521974,0.521974,0.522039,0,0,0,0
15.1801,0.522039,0.521974,0.521974,0.522039,0,0,0,0,0.522039,0.521974,0.521974,0.522039,0,0,0,0
15.1901,0.443733,0.443677,0.443677,0.443733,0,0,0,0,0.443733,0.443677,0.443677,0.443733,0,0,0,0
15.2001,0.443733,0.443677,0.443677,0.443733,0,0,0,0,0.443733,0.443677,0.443677,0.443733,0,0,0,0
15.2101,0.443733,0.443677,0.443677,0.443733,0,0,0,0,0.443733,0.443677,0.443677,0.443733,0,0,0,0
15.2201,0.443733,0.443677,0.443677,0.443733,0,0,0,0,0.443733,0.443677,0.443677,0.443733,0,0,0,0
15.2301,0.443733,0.443677,0.443677,0.443733,0,0,0,0,0.443733,0.443677,0.443677,0.443733,0,0,0,0
15.2401,0.443733,0.443677,0.443677,0.443733,0,0,0,0,0.443733,0.443677,0.443677,0.443733,0,0,0,0
15.2501,0.443733,0.443677,0.443677,0.443733,0,0,0,0,0.443733,0.443677,0.443677,0.443733,0,0,0,0
15.2601,0.443733,0.443677,0.443677,0.443733,0,0,0,0,0.443733,0.443677,0.443677,0.443733,0,0,0,0
15.2701,0.272508,0.272473,0.272473,0.272508,0,0,0,0,0.272508,0.272473,0.272473,0.272508,0,0,0,0
15.2801,0.272508,0.272473,0.272473,0.272508,0,0,0,0,0.272508,0.272473,0.272473,0.272508,0,0,0,0
15.2901,0.231631,0.231602,0.231602,0.231631,0,0,0,0,0.231631,0.231602,0.231602,0.231631,0,0,0,0
15.3001,0.231631,0.231602,0.231602,0.231631,0,0,0,0,0.231631,0.231602,0.231602,0.231631,0,0,0,0
15.3101,0.231631,0.231602,0.231602,0.231631,0,0,0,0,0.231631,0.231602,0.231602,0.231631,0,0,0,0
15.3201,0.231631,0.231602,0.231602,0.231631,0,0,0,0,0.231631,0.231602,0.231602,0.231631,0,0,0,0
15.3301,0.231631,0.231602,0.231602,0.231631,0,0,0,0,0.231631,0.231602,0.231602,0.231631,0,0,0,0
15.3401,0.231631,0.231602,0.231602,0.231631,0,0,0,0,0.231631,0.231602,0.231602,0.231631,0,0,0,0
15.3501,0.231631,0.231602,0.231602,0.231631,0,0,0,0,0.231631,0.231602,0.231602,0.231631,0,0,0,0
15.3601,0.231631,0.231602,0.231602,0.231631,0,0,0,0,0.231631,0.231602,0.231602,0.231631,0,0,0,0
15.3701,0.142251,0.142233,0.142233,0.142251,0,0,0,0,0.142251,0.142233,0.142233,0.142251,0,0,0,0
15.3801,0.142251,0.142233,0.142233,0.142251,0,0,0,0,0.142251,0.142233,0.142233,0.142251,0,0,0,0
15.3901,0.120913,0.120898,0.120898,0.120913,0,0,0,0,0.120913,0.120898,0.120898,0.120913,0,0,0,0
15.4001,0.120913,0.120898,0.120898,0.120913,0,0,0,0,0.120913,0.120898,0.120898,0.120913,0,0,0,0
15.4101,0.120913,0.120898,0.120898,0.120913,0,0,0,0,0.120913,0.120898,0.120898,0.120913,0,0,0,0
15.4201,0.120913,0.120898,0.120898,0.120913,0,0,0,0,0.120913,0.120898,0.120898,0.120913,0,0,0,0
15.4301,0.120913,0.120898,0.120898,0.120913,0,0,0,0,0.120913,0.120898,0.120898,0.120913,0,0,0,0
15.4401,0.120913,0.120898,0.120898,0.120913,0,0,0,0,0.120913,0.120898,0.120898,0.120913,0,0,0,0
15.4501,0.120913,0.120898,0.120898,0.120913,0,0,0,0,0.120913,0.120898,0.120898,0.120913,0,0,0,0
15.4601,0.120913,0.120898,0.120898,0.120913,0,0,0,0,0.120913,0.120898,0.120898,0.120913,0,0,0,0
15.4701,0.0742557,0.0742464,0.0742464,0.0742557,0,0,0,0,0.0742557,0.0742464,0.0742464,0.0742557,0,0,0,0
15.4801,0.0742557,0.0742464,0.0742464,0.0742557,0,0,0,0,0.0742557,0.0742464,0.0742464,0.0742557,0,0,0,0
15.4901,0.0631174,0.0631095,0.0631095,0.0631174,0,0,0,0,0.0631174,0.0631095,0.0631095,0.0631174,0,0,0,0
15.5,0.0631174,0.0631095,0.0631095,0.0631174,0,0,0,0,0.0631174,0.0631095,0.0631095,0.0631174,0,0,0,0
15.5101,0.0631174,0.0631095,0.0631095,0.0631174,0,0,0,0,0.0631174,0.0631095,0.0631095,0.0631174,0,0,0,0
15.52,0.0631174,0.0631095,0.0631095,0.0631174,0,0,0,0,0.0631174,0.0631095,0.0631095,0.0631174,0,0,0,0
15.5301,0.0631174,0.0631095,0.0631095,0.0631174,0,0,0,0,0.0631174,0.0631095,0.0631095,0.0631174,0,0,0,0
15.5401,0.0631174,0.0631095,0.0631095,0.0631174,0,0,0,0,0.0631174,0.0631095,0.0631095,0.0631174,0,0,0,0
15.5501,0.0631174,0.0631095,0.0631095,0.0631174,0,0,0,0,0.0631174,0.0631095,0.0631095,0.0631174,0,0,0,0
15.5601,0.0631174,0.0631095,0.0631095,0.0631174,0,0,0,0,0.0631174,0.0631095,0.0631095,0.0631174,0,0,0,0
15.5701,0.038762,0.0387571,0.0387571,0.038762,0,0,0,0,0.038762,0.0387571,0.0387571,0.038762,0,0,0,0
15.5801,0.038762,0.0387571,0.0387571,0.038762,0,0,0,0,0.038762,0.0387571,0.0387571,0.038762,0,0,0,0
15.5901,0.0329477,0.0329435,0.0329435,0.0329477,0,0,0,0,0.0329477,0.0329435,0.0329435,0.0329477,0,0,0,0
15.6001,0.0329477,0.0329435,0.0329435,0.0329477,0,0,0,0,0.0329477,0.0329435,0.0329435,0.0329477,0,0,0,0
15.6101,0.0329477,0.0329435,0.0329435,0.0329477,0,0,0,0,0.0329477,0.0329435,0.0329435,0.0329477,0,0,0,0
15.6201,0.0329477,0.0329435,0.0329435,0.0329477,0,0,0,0,0.0329477,0.0329435,0.0329435,0.0329477,0,0,0,0
15.6301,0.0329477,0.0329435,0.0329435,0.0329477,0,0,0,0,0.0329477,0.0329435,0.0329435,0.0329477,0,0,0,0
15.6401,0.0329477,0.0329435,0.0329435,0.0329477,0,0,0,0,0.0329477,0.0329435,0.0329435,0.0329477,0,0,0,0
15.6501,0.0329477,0.0329435,0.0329435,0.0329477,0,0,0,0,0.0329477,0.0329435,0.0329435,0.0329477,0,0,0,0
15.6601,0.0329477,0.0329435,0.0329435,0.0329477,0,0,0,0,0.0329477,0.0329435,0.0329435,0.0329477,0,0,0,0
15.6701,0.020234,0.0202314,0.0202314,0.020234,0,0,0,0,0.020234,0.0202314,0.0202314,0.020234,0,0,0,0
15.6801,0.020234,0.0202314,0.0202314,0.020234,0,0,0,0,0.020234,0.0202314,0.0202314,0.020234,0,0,0,0
15.6901,0.0171989,0.0171967,0.0171967,0.0171989,0,0,0,0,0.0171989,0.0171967,0.0171967,0.0171989,0,0,0,0
15.7001,0.0171989,0.0171967,0.0171967,0.0171989,0,0,0,0,0.0171989,0.0171967,0.0171967,0.0171989,0,0,0,0
15.7101,0.0171989,0.0171967,0.0171967,0.0171989,0,0,0,0,0.0171989,0.0171967,0.0171967,0.0171989,0,0,0,0
15.72,0.0171989,0.0171967,0.0171967,0.0171989,0,0,0,0,0.0171989,0.0171967,0.0171967,0.0171989,0,0,0,0
15.7301,0.0171989,0.0171967,0.0171967,0.0171989,0,0,0,0,0.0171989,0.0171967,0.0171967,0.0171989,0,0,0,0
15.7401,0.0171989,0.0171967,0.0171967,0.0171989,0,0,0,0,0.0171989,0.0171967,0.0171967,0.0171989,0,0,0,0
15.7501,0.0171989,0.0171967,0.0171967,0.0171989,0,0,0,0,0.0171989,0.0171967,0.0171967,0.0171989,0,0,0,0
15.7601,0.0171989,0.0171967,0.0171967,0.0171989,0,0,0,0,0.0171989,0.0171967,0.0171967,0.0171989,0,0,0,0
15.7701,0.0105623,0.0105609,0.0105609,0.0105623,0,0,0,0,0.0105623,0.0105609,0.0105609,0.0105623,0,0,0,0
15.7801,0.0105623,0.0105609,0.0105609,0.0105623,0,0,0,0,0.0105623,0.0105609,0.0105609,0.0105623,0,0,0,0
15.7901,0.00897793,0.0089768,0.0089768,0.00897793,0,0,0,0,0.00897793,0.0089768,0.0089768,0.00897793,0,0,0,0
15.8001,0.00897793,0.0089768,0.0089768,0.00897793,0,0,0,0,0.00897793,0.0089768,0.0089768,0.00897793,0,0,0,0
15.8101,0.00897793,0.0089768,0.0089768,0.00897793,0,0,0,0,0.00897793,0.0089768,0.0089768,0.00897793,0,0,0,0
15.8201,0.00897793,0.0089768,0.0089768,0.00897793,0,0,0,0,0.00897793,0.0089768,0.0089768,0.00897793,0,0,0,0
15.8301,0.00897793,0.0089768,0.0089768,0.00897793,0,0,0,0,0.00897793,0.0089768,0.0089768,0.00897793,0,0,0,0
15.8401,0.00897793,0.0089768,0.0089768,0.00897793,0,0,0,0,0.00897793,0.0089768,0.0089768,0.00897793,0,0,0,0
15.8501,0.00897793,0.0089768,0.0089768,0.00897793,0,0,0,0,0.00897793,0.0089768,0.0089768,0.00897793,0,0,0,0
15.8601,0.00897793,0.0089768,0.0089768,0.00897793,0,0,0,0,0.00897793,0.0089768,0.0089768,0.00897793,0,0,0,0
15.8701,0.00551357,0.00551288,0.00551288,0.00551357,0,0,0,0,0.00551357,0.00551288,0.00551288,0.00551357,0,0,0,0
15.8801,0,0,0,0,0,0,0,0,0,0,0,0,0,0,0,0
15.8901,0,0,0,0,0,0,0,0,0,0,0,0,0,0,0,0
15.9001,0,0,0,0,0,0,0,0,0,0,0,0,0,0,0,0
15.9101,0,0,0,0,0,0,0,0,0,0,0,0,0,0,0,0
15.9201,0,0,0,0,0,0,0,0,0,0,0,0,0,0,0,0
15.9301,0,0,0,0,0,0,0,0,0,0,0,0,0,0,0,0
15.9401,0,0,0,0,0,0,0,0,0,0,0,0,0,0,0,0
15.9501,0,0,0,0,0,0,0,0,0,0,0,0,0,0,0,0
15.9601,0,0,0,0,0,0,0,0,0,0,0,0,0,0,0,0
15.9701,0,0,0,0,0,0,0,0,0,0,0,0,0,0,0,0
15.9801,0,0,0,0,0,0,0,0,0,0,0,0,0,0,0,0
15.9901,0,0,0,0,0,0,0,0,0,0,0,0,0,0,0,0
16.0001,0,0,0,0,0,0,0,0,0,0,0,0,0,0,0,0
16.0101,0,0,0,0,0,0,0,0,0,0,0,0,0,0,0,0
16.0201,0,0,0,0,0,0,0,0,0,0,0,0,0,0,0,0
16.0301,0,0,0,0,0,0,0,0,0,0,0,0,0,0,0,0
16.0401,0,0,0,0,0,0,0,0,0,0,0,0,0,0,0,0
16.0501,0,0,0,0,0,0,0,0,0,0,0,0,0,0,0,0
16.0601,0,0,0,0,0,0,0,0,0,0,0,0,0,0,0,0
16.0701,0,0,0,0,0,0,0,0,0,0,0,0,0,0,0,0
16.0801,0,0,0,0,0,0,0,0,0,0,0,0,0,0,0,0
16.0901,0,0,0,0,0,0,0,0,0,0,0,0,0,0,0,0
16.1001,0,0,0,0,0,0,0,0,0,0,0,0,0,0,0,0
16.1101,0,0,0,0,0,0,0,0,0,0,0,0,0,0,0,0
16.1201,0,0,0,0,0,0,0,0,0,0,0,0,0,0,0,0
16.1301,0,0,0,0,0,0,0,0,0,0,0,0,0,0,0,0
16.1401,0,0,0,0,0,0,0,0,0,0,0,0,0,0,0,0
16.1501,0,0,0,0,0,0,0,0,0,0,0,0,0,0,0,0
16.1601,0,0,0,0,0,0,0,0,0,0,0,0,0,0,0,0
16.1701,0,0,0,0,0,0,0,0,0,0,0,0,0,0,0,0
16.1801,0,0,0,0,0,0,0,0,0,0,0,0,0,0,0,0
16.1901,0,0,0,0,0,0,0,0,0,0,0,0,0,0,0,0
16.2001,0,0,0,0,0,0,0,0,0,0,0,0,0,0,0,0
16.2101,0,0,0,0,0,0,0,0,0,0,0,0,0,0,0,0
16.2201,0,0,0,0,0,0,0,0,0,0,0,0,0,0,0,0
16.2301,0,0,0,0,0,0,0,0,0,0,0,0,0,0,0,0
16.2401,0,0,0,0,0,0,0,0,0,0,0,0,0,0,0,0
16.2501,0,0,0,0,0,0,0,0,0,0,0,0,0,0,0,0
16.2601,0,0,0,0,0,0,0,0,0,0,0,0,0,0,0,0
16.2701,0,0,0,0,0,0,0,0,0,0,0,0,0,0,0,0
16.2801,0,0,0,0,0,0,0,0,0,0,0,0,0,0,0,0
16.2901,0,0,0,0,0,0,0,0,0,0,0,0,0,0,0,0
16.3001,0,0,0,0,0,0,0,0,0,0,0,0,0,0,0,0
16.3101,0,0,0,0,0,0,0,0,0,0,0,0,0,0,0,0
16.3201,0,0,0,0,0,0,0,0,0,0,0,0,0,0,0,0
16.3301,0,0,0,0,0,0,0,0,0,0,0,0,0,0,0,0
16.3401,0,0,0,0,0,0,0,0,0,0,0,0,0,0,0,0
16.3501,0,0,0,0,0,0,0,0,0,0,0,0,0,0,0,0
16.3601,0,0,0,0,0,0,0,0,0,0,0,0,0,0,0,0
16.3701,0,0,0,0,0,0,0,0,0,0,0,0,0,0,0,0
16.3801,0,0,0,0,0,0,0,0,0,0,0,0,0,0,0,0
16.3901,0,0,0,0,0,0,0,0,0,0,0,0,0,0,0,0
16.4001,0,0,0,0,0,0,0,0,0,0,0,0,0,0,0,0
16.4101,0,0,0,0,0,0,0,0,0,0,0,0,0,0,0,0
16.4201,0,0,0,0,0,0,0,0,0,0,0,0,0,0,0,0
16.4301,0,0,0,0,0,0,0,0,0,0,0,0,0,0,0,0
16.4401,0,0,0,0,0,0,0,0,0,0,0,0,0,0,0,0
16.4501,0,0,0,0,0,0,0,0,0,0,0,0,0,0,0,0
16.4601,0,0,0,0,0,0,0,0,0,0,0,0,0,0,0,0
16.4701,0,0,0,0,0,0,0,0,0,0,0,0,0,0,0,0
16.4801,0,0,0,0,0,0,0,0,0,0,0,0,0,0,0,0
16.4901,0,0,0,0,0,0,0,0,0,0,0,0,0,0,0,0
16.5001,0,0,0,0,0,0,0,0,0,0,0,0,0,0,0,0
16.5101,0,0,0,0,0,0,0,0,0,0,0,0,0,0,0,0
16.5201,0,0,0,0,0,0,0,0,0,0,0,0,0,0,0,0
16.5301,0,0,0,0,0,0,0,0,0,0,0,0,0,0,0,0
16.5401,0,0,0,0,0,0,0,0,0,0,0,0,0,0,0,0
16.5501,0,0,0,0,0,0,0,0,0,0,0,0,0,0,0,0
16.5601,0,0,0,0,0,0,0,0,0,0,0,0,0,0,0,0
16.5701,0,0,0,0,0,0,0,0,0,0,0,0,0,0,0,0
16.5801,0,0,0,0,0,0,0,0,0,0,0,0,0,0,0,0
16.5901,0,0,0,0,0,0,0,0,0,0,0,0,0,0,0,0
16.6001,0,0,0,0,0,0,0,0,0,0,0,0,0,0,0,0
16.6101,0,0,0,0,0,0,0,0,0,0,0,0,0,0,0,0
16.6201,0,0,0,0,0,0,0,0,0,0,0,0,0,0,0,0
16.6301,0,0,0,0,0,0,0,0,0,0,0,0,0,0,0,0
16.6401,0,0,0,0,0,0,0,0,0,0,0,0,0,0,0,0
16.6501,0,0,0,0,0,0,0,0,0,0,0,0,0,0,0,0
16.6601,0,0,0,0,0,0,0,0,0,0,0,0,0,0,0,0
16.6701,0,0,0,0,0,0,0,0,0,0,0,0,0,0,0,0
16.6801,0,0,0,0,0,0,0,0,0,0,0,0,0,0,0,0
16.6901,0,0,0,0,0,0,0,0,0,0,0,0,0,0,0,0
16.7001,0,0,0,0,0,0,0,0,0,0,0,0,0,0,0,0
16.7101,0,0,0,0,0,0,0,0,0,0,0,0,0,0,0,0
16.7201,0,0,0,0,0,0,0,0,0,0,0,0,0,0,0,0
16.7301,0,0,0,0,0,0,0,0,0,0,0,0,0,0,0,0
16.7401,0,0,0,0,0,0,0,0,0,0,0,0,0,0,0,0
16.7501,0,0,0,0,0,0,0,0,0,0,0,0,0,0,0,0
16.7601,0,0,0,0,0,0,0,0,0,0,0,0,0,0,0,0
16.7701,0,0,0,0,0,0,0,0,0,0,0,0,0,0,0,0
16.7801,0,0,0,0,0,0,0,0,0,0,0,0,0,0,0,0
16.7901,0,0,0,0,0,0,0,0,0,0,0,0,0,0,0,0
16.8001,0,0,0,0,0,0,0,0,0,0,0,0,0,0,0,0
16.8101,0,0,0,0,0,0,0,0,0,0,0,0,0,0,0,0
16.8201,0,0,0,0,0,0,0,0,0,0,0,0,0,0,0,0
16.8301,0,0,0,0,0,0,0,0,0,0,0,0,0,0,0,0
16.8401,0,0,0,0,0,0,0,0,0,0,0,0,0,0,0,0
16.8501,0,0,0,0,0,0,0,0,0,0,0,0,0,0,0,0
16.8601,0,0,0,0,0,0,0,0,0,0,0,0,0,0,0,0
16.8701,0,0,0,0,0,0,0,0,0,0,0,0,0,0,0,0
16.8801,0,0,0,0,0,0,0,0,0,0,0,0,0,0,0,0
16.8901,0,0,0,0,0,0,0,0,0,0,0,0,0,0,0,0
16.9001,0,0,0,0,0,0,0,0,0,0,0,0,0,0,0,0
16.9101,0,0,0,0,0,0,0,0,0,0,0,0,0,0,0,0
16.9201,0,0,0,0,0,0,0,0,0,0,0,0,0,0,0,0
16.9301,0,0,0,0,0,0,0,0,0,0,0,0,0,0,0,0
16.9401,0,0,0,0,0,0,0,0,0,0,0,0,0,0,0,0
16.9501,0,0,0,0,0,0,0,0,0,0,0,0,0,0,0,0
16.9601,0,0,0,0,0,0,0,0,0,0,0,0,0,0,0,0
16.9701,0,0,0,0,0,0,0,0,0,0,0,0,0,0,0,0
16.9801,0,0,0,0,0,0,0,0,0,0,0,0,0,0,0,0
16.9901,0,0,0,0,0,0,0,0,0,0,0,0,0,0,0,0
17.0001,0,0,0,0,0,0,0,0,0,0,0,0,0,0,0,0
17.0101,0,0,0,0,0,0,0,0,0,0,0,0,0,0,0,0
17.0201,0,0,0,0,0,0,0,0,0,0,0,0,0,0,0,0
17.0301,0,0,0,0,0,0,0,0,0,0,0,0,0,0,0,0
17.0401,0,0,0,0,0,0,0,0,0,0,0,0,0,0,0,0
17.0501,0,0,0,0,0,0,0,0,0,0,0,0,0,0,0,0
17.0601,0,0,0,0,0,0,0,0,0,0,0,0,0,0,0,0
17.0701,0,0,0,0,0,0,0,0,0,0,0,0,0,0,0,0
17.0801,0,0,0,0,0,0,0,0,0,0,0,0,0,0,0,0
17.0901,0,0,0,0,0,0,0,0,0,0,0,0,0,0,0,0
17.1001,0,0,0,0,0,0,0,0,0,0,0,0,0,0,0,0
17.1101,0,0,0,0,0,0,0,0,0,0,0,0,0,0,0,0
17.1201,0,0,0,0,0,0,0,0,0,0,0,0,0,0,0,0
17.1301,0,0,0,0,0,0,0,0,0,0,0,0,0,0,0,0
17.1401,0,0,0,0,0,0,0,0,0,0,0,0,0,0,0,0
17.1501,0,0,0,0,0,0,0,0,0,0,0,0,0,0,0,0
17.1601,0,0,0,0,0,0,0,0,0,0,0,0,0,0,0,0
17.1701,0,0,0,0,0,0,0,0,0,0,0,0,0,0,0,0
17.1801,0,0,0,0,0,0,0,0,0,0,0,0,0,0,0,0
17.1901,0,0,0,0,0,0,0,0,0,0,0,0,0,0,0,0
17.2001,0,0,0,0,0,0,0,0,0,0,0,0,0,0,0,0
17.2101,0,0,0,0,0,0,0,0,0,0,0,0,0,0,0,0
17.2201,0,0,0,0,0,0,0,0,0,0,0,0,0,0,0,0
17.2301,0,0,0,0,0,0,0,0,0,0,0,0,0,0,0,0
17.2401,0,0,0,0,0,0,0,0,0,0,0,0,0,0,0,0
17.2501,0,0,0,0,0,0,0,0,0,0,0,0,0,0,0,0
17.2601,0,0,0,0,0,0,0,0,0,0,0,0,0,0,0,0
17.2701,0,0,0,0,0,0,0,0,0,0,0,0,0,0,0,0
17.2801,0,0,0,0,0,0,0,0,0,0,0,0,0,0,0,0
17.2901,0,0,0,0,0,0,0,0,0,0,0,0,0,0,0,0
17.3001,0,0,0,0,0,0,0,0,0,0,0,0,0,0,0,0
17.3101,0,0,0,0,0,0,0,0,0,0,0,0,0,0,0,0
17.3201,0,0,0,0,0,0,0,0,0,0,0,0,0,0,0,0
17.3301,0,0,0,0,0,0,0,0,0,0,0,0,0,0,0,0
17.3401,0,0,0,0,0,0,0,0,0,0,0,0,0,0,0,0
17.3501,0,0,0,0,0,0,0,0,0,0,0,0,0,0,0,0
17.3601,0,0,0,0,0,0,0,0,0,0,0,0,0,0,0,0
17.3701,0,0,0,0,0,0,0,0,0,0,0,0,0,0,0,0
17.3801,0,0,0,0,0,0,0,0,0,0,0,0,0,0,0,0
17.3901,0,0,0,0,0,0,0,0,0,0,0,0,0,0,0,0
17.4001,0,0,0,0,0,0,0,0,0,0,0,0,0,0,0,0
17.4101,0,0,0,0,0,0,0,0,0,0,0,0,0,0,0,0
17.42,0,0,0,0,0,0,0,0,0,0,0,0,0,0,0,0
17.4301,0,0,0,0,0,0,0,0,0,0,0,0,0,0,0,0
17.4401,0,0,0,0,0,0,0,0,0,0,0,0,0,0,0,0
17.4501,0,0,0,0,0,0,0,0,0,0,0,0,0,0,0,0
17.4601,0,0,0,0,0,0,0,0,0,0,0,0,0,0,0,0
17.4701,0,0,0,0,0,0,0,0,0,0,0,0,0,0,0,0
17.4801,0,0,0,0,0,0,0,0,0,0,0,0,0,0,0,0
17.4901,0,0,0,0,0,0,0,0,0,0,0,0,0,0,0,0
17.5001,0,0,0,0,0,0,0,0,0,0,0,0,0,0,0,0
17.5101,0,0,0,0,0,0,0,0,0,0,0,0,0,0,0,0
17.5201,0,0,0,0,0,0,0,0,0,0,0,0,0,0,0,0
17.5301,0,0,0,0,0,0,0,0,0,0,0,0,0,0,0,0
17.5401,0,0,0,0,0,0,0,0,0,0,0,0,0,0,0,0
17.5501,0,0,0,0,0,0,0,0,0,0,0,0,0,0,0,0
17.5601,0,0,0,0,0,0,0,0,0,0,0,0,0,0,0,0
17.5701,0,0,0,0,0,0,0,0,0,0,0,0,0,0,0,0
17.5801,0,0,0,0,0,0,0,0,0,0,0,0,0,0,0,0
17.5901,0,0,0,0,0,0,0,0,0,0,0,0,0,0,0,0
17.6001,0,0,0,0,0,0,0,0,0,0,0,0,0,0,0,0
17.6101,0,0,0,0,0,0,0,0,0,0,0,0,0,0,0,0
17.6201,0,0,0,0,0,0,0,0,0,0,0,0,0,0,0,0
17.6301,0,0,0,0,0,0,0,0,0,0,0,0,0,0,0,0
17.6401,0,0,0,0,0,0,0,0,0,0,0,0,0,0,0,0
17.6501,0,0,0,0,0,0,0,0,0,0,0,0,0,0,0,0
17.6601,0,0,0,0,0,0,0,0,0,0,0,0,0,0,0,0
17.6701,0,0,0,0,0,0,0,0,0,0,0,0,0,0,0,0
17.6801,0,0,0,0,0,0,0,0,0,0,0,0,0,0,0,0
17.6901,0,0,0,0,0,0,0,0,0,0,0,0,0,0,0,0
17.7001,0,0,0,0,0,0,0,0,0,0,0,0,0,0,0,0
17.7101,0,0,0,0,0,0,0,0,0,0,0,0,0,0,0,0
17.7201,0,0,0,0,0,0,0,0,0,0,0,0,0,0,0,0
17.7301,0,0,0,0,0,0,0,0,0,0,0,0,0,0,0,0
17.7401,0,0,0,0,0,0,0,0,0,0,0,0,0,0,0,0
17.7501,0,0,0,0,0,0,0,0,0,0,0,0,0,0,0,0
17.7601,0,0,0,0,0,0,0,0,0,0,0,0,0,0,0,0
17.7701,0,0,0,0,0,0,0,0,0,0,0,0,0,0,0,0
17.7801,0,0,0,0,0,0,0,0,0,0,0,0,0,0,0,0
17.7901,0,0,0,0,0,0,0,0,0,0,0,0,0,0,0,0
17.8001,0,0,0,0,0,0,0,0,0,0,0,0,0,0,0,0
17.8101,0,0,0,0,0,0,0,0,0,0,0,0,0,0,0,0
17.8201,0,0,0,0,0,0,0,0,0,0,0,0,0,0,0,0
17.8301,0,0,0,0,0,0,0,0,0,0,0,0,0,0,0,0
17.8401,0,0,0,0,0,0,0,0,0,0,0,0,0,0,0,0
17.8501,0,0,0,0,0,0,0,0,0,0,0,0,0,0,0,0
17.8601,0,0,0,0,0,0,0,0,0,0,0,0,0,0,0,0
17.8701,0,0,0,0,0,0,0,0,0,0,0,0,0,0,0,0
17.8801,0,0,0,0,0,0,0,0,0,0,0,0,0,0,0,0
17.8901,0,0,0,0,0,0,0,0,0,0,0,0,0,0,0,0
17.9001,0,0,0,0,0,0,0,0,0,0,0,0,0,0,0,0
17.9101,0,0,0,0,0,0,0,0,0,0,0,0,0,0,0,0
17.9201,0,0,0,0,0,0,0,0,0,0,0,0,0,0,0,0
17.9301,0,0,0,0,0,0,0,0,0,0,0,0,0,0,0,0
17.9401,0,0,0,0,0,0,0,0,0,0,0,0,0,0,0,0
17.9501,0,0,0,0,0,0,0,0,0,0,0,0,0,0,0,0
17.9601,0,0,0,0,0,0,0,0,0,0,0,0,0,0,0,0
17.9701,0,0,0,0,0,0,0,0,0,0,0,0,0,0,0,0
17.9801,0,0,0,0,0,0,0,0,0,0,0,0,0,0,0,0
17.9901,0,0,0,0,0,0,0,0,0,0,0,0,0,0,0,0
18.0001,0,0,0,0,0,0,0,0,0,0,0,0,0,0,0,0
18.0101,0,0,0,0,0,0,0,0,0,0,0,0,0,0,0,0
18.0201,0,0,0,0,0,0,0,0,0,0,0,0,0,0,0,0
18.0301,0,0,0,0,0,0,0,0,0,0,0,0,0,0,0,0
18.0401,0,0,0,0,0,0,0,0,0,0,0,0,0,0,0,0
18.0501,0,0,0,0,0,0,0,0,0,0,0,0,0,0,0,0
18.0601,0,0,0,0,0,0,0,0,0,0,0,0,0,0,0,0
18.0701,0,0,0,0,0,0,0,0,0,0,0,0,0,0,0,0
18.0801,0,0,0,0,0,0,0,0,0,0,0,0,0,0,0,0
18.0901,0,0,0,0,0,0,0,0,0,0,0,0,0,0,0,0
18.1001,0,0,0,0,0,0,0,0,0,0,0,0,0,0,0,0
18.1101,0,0,0,0,0,0,0,0,0,0,0,0,0,0,0,0
18.1201,0,0,0,0,0,0,0,0,0,0,0,0,0,0,0,0
18.1301,0,0,0,0,0,0,0,0,0,0,0,0,0,0,0,0
18.1401,0,0,0,0,0,0,0,0,0,0,0,0,0,0,0,0
18.1501,0,0,0,0,0,0,0,0,0,0,0,0,0,0,0,0
18.1601,0,0,0,0,0,0,0,0,0,0,0,0,0,0,0,0
18.1701,0,0,0,0,0,0,0,0,0,0,0,0,0,0,0,0
18.1801,0,0,0,0,0,0,0,0,0,0,0,0,0,0,0,0
18.1901,0,0,0,0,0,0,0,0,0,0,0,0,0,0,0,0
18.2001,0,0,0,0,0,0,0,0,0,0,0,0,0,0,0,0
18.2101,0,0,0,0,0,0,0,0,0,0,0,0,0,0,0,0
18.2201,0,0,0,0,0,0,0,0,0,0,0,0,0,0,0,0
18.2301,0,0,0,0,0,0,0,0,0,0,0,0,0,0,0,0
18.2401,0,0,0,0,0,0,0,0,0,0,0,0,0,0,0,0
18.2501,0,0,0,0,0,0,0,0,0,0,0,0,0,0,0,0
18.2601,0,0,0,0,0,0,0,0,0,0,0,0,0,0,0,0
18.2701,0,0,0,0,0,0,0,0,0,0,0,0,0,0,0,0
18.2801,0,0,0,0,0,0,0,0,0,0,0,0,0,0,0,0
18.2901,0,0,0,0,0,0,0,0,0,0,0,0,0,0,0,0
18.3001,0,0,0,0,0,0,0,0,0,0,0,0,0,0,0,0
18.3101,0,0,0,0,0,0,0,0,0,0,0,0,0,0,0,0
18.3201,0,0,0,0,0,0,0,0,0,0,0,0,0,0,0,0
18.3301,0,0,0,0,0,0,0,0,0,0,0,0,0,0,0,0
18.3401,0,0,0,0,0,0,0,0,0,0,0,0,0,0,0,0
18.3501,0,0,0,0,0,0,0,0,0,0,0,0,0,0,0,0
18.3601,0,0,0,0,0,0,0,0,0,0,0,0,0,0,0,0
18.3701,0,0,0,0,0,0,0,0,0,0,0,0,0,0,0,0
18.3801,0,0,0,0,0,0,0,0,0,0,0,0,0,0,0,0
18.3901,0,0,0,0,0,0,0,0,0,0,0,0,0,0,0,0
18.4001,0,0,0,0,0,0,0,0,0,0,0,0,0,0,0,0
18.4101,0,0,0,0,0,0,0,0,0,0,0,0,0,0,0,0
18.4201,0,0,0,0,0,0,0,0,0,0,0,0,0,0,0,0
18.4301,0,0,0,0,0,0,0,0,0,0,0,0,0,0,0,0
18.4401,0,0,0,0,0,0,0,0,0,0,0,0,0,0,0,0
18.4501,0,0,0,0,0,0,0,0,0,0,0,0,0,0,0,0
18.4601,0,0,0,0,0,0,0,0,0,0,0,0,0,0,0,0
18.4701,0,0,0,0,0,0,0,0,0,0,0,0,0,0,0,0
18.4801,0,0,0,0,0,0,0,0,0,0,0,0,0,0,0,0
18.4901,0,0,0,0,0,0,0,0,0,0,0,0,0,0,0,0
18.5001,0,0,0,0,0,0,0,0,0,0,0,0,0,0,0,0
18.5101,0,0,0,0,0,0,0,0,0,0,0,0,0,0,0,0
18.5201,0,0,0,0,0,0,0,0,0,0,0,0,0,0,0,0
18.5301,0,0,0,0,0,0,0,0,0,0,0,0,0,0,0,0
18.5401,0,0,0,0,0,0,0,0,0,0,0,0,0,0,0,0
18.5501,0,0,0,0,0,0,0,0,0,0,0,0,0,0,0,0
18.5601,0,0,0,0,0,0,0,0,0,0,0,0,0,0,0,0
18.5701,0,0,0,0,0,0,0,0,0,0,0,0,0,0,0,0
18.5801,0,0,0,0,0,0,0,0,0,0,0,0,0,0,0,0
18.5901,0,0,0,0,0,0,0,0,0,0,0,0,0,0,0,0
18.6001,0,0,0,0,0,0,0,0,0,0,0,0,0,0,0,0
18.6101,0,0,0,0,0,0,0,0,0,0,0,0,0,0,0,0
18.6201,0,0,0,0,0,0,0,0,0,0,0,0,0,0,0,0
18.6301,0,0,0,0,0,0,0,0,0,0,0,0,0,0,0,0
18.6401,0,0,0,0,0,0,0,0,0,0,0,0,0,0,0,0
18.6501,0,0,0,0,0,0,0,0,0,0,0,0,0,0,0,0
18.6601,0,0,0,0,0,0,0,0,0,0,0,0,0,0,0,0
18.6701,0,0,0,0,0,0,0,0,0,0,0,0,0,0,0,0
18.6801,0,0,0,0,0,0,0,0,0,0,0,0,0,0,0,0
18.6901,0,0,0,0,0,0,0,0,0,0,0,0,0,0,0,0
18.7001,0,0,0,0,0,0,0,0,0,0,0,0,0,0,0,0
18.7101,0,0,0,0,0,0,0,0,0,0,0,0,0,0,0,0
18.7201,0,0,0,0,0,0,0,0,0,0,0,0,0,0,0,0
18.7301,0,0,0,0,0,0,0,0,0,0,0,0,0,0,0,0
18.7401,0,0,0,0,0,0,0,0,0,0,0,0,0,0,0,0
18.7501,0,0,0,0,0,0,0,0,0,0,0,0,0,0,0,0
18.7601,0,0,0,0,0,0,0,0,0,0,0,0,0,0,0,0
18.7701,0,0,0,0,0,0,0,0,0,0,0,0,0,0,0,0
18.7801,0,0,0,0,0,0,0,0,0,0,0,0,0,0,0,0
18.7901,0,0,0,0,0,0,0,0,0,0,0,0,0,0,0,0
18.8001,0,0,0,0,0,0,0,0,0,0,0,0,0,0,0,0
18.8101,0,0,0,0,0,0,0,0,0,0,0,0,0,0,0,0
18.8201,0,0,0,0,0,0,0,0,0,0,0,0,0,0,0,0
18.8301,0,0,0,0,0,0,0,0,0,0,0,0,0,0,0,0
18.8401,0,0,0,0,0,0,0,0,0,0,0,0,0,0,0,0
18.8501,0,0,0,0,0,0,0,0,0,0,0,0,0,0,0,0
18.8601,0,0,0,0,0,0,0,0,0,0,0,0,0,0,0,0
18.87,0,0,0,0,0,0,0,0,0,0,0,0,0,0,0,0
18.8801,0,0,0,0,0,0,0,0,0,0,0,0,0,0,0,0
18.8901,0,0,0,0,0,0,0,0,0,0,0,0,0,0,0,0
18.9001,0,0,0,0,0,0,0,0,0,0,0,0,0,0,0,0
18.9101,0,0,0,0,0,0,0,0,0,0,0,0,0,0,0,0
18.9201,0,0,0,0,0,0,0,0,0,0,0,0,0,0,0,0
18.9301,0,0,0,0,0,0,0,0,0,0,0,0,0,0,0,0
18.9401,0,0,0,0,0,0,0,0,0,0,0,0,0,0,0,0
18.9501,0,0,0,0,0,0,0,0,0,0,0,0,0,0,0,0
18.9601,0,0,0,0,0,0,0,0,0,0,0,0,0,0,0,0
18.9701,0,0,0,0,0,0,0,0,0,0,0,0,0,0,0,0
18.9801,0,0,0,0,0,0,0,0,0,0,0,0,0,0,0,0
18.9901,0,0,0,0,0,0,0,0,0,0,0,0,0,0,0,0
19.0001,0,0,0,0,0,0,0,0,0,0,0,0,0,0,0,0
19.0101,0,0,0,0,0,0,0,0,0,0,0,0,0,0,0,0
19.0201,0,0,0,0,0,0,0,0,0,0,0,0,0,0,0,0
19.0301,0,0,0,0,0,0,0,0,0,0,0,0,0,0,0,0
19.0401,0,0,0,0,0,0,0,0,0,0,0,0,0,0,0,0
19.0501,0,0,0,0,0,0,0,0,0,0,0,0,0,0,0,0
19.0601,0,0,0,0,0,0,0,0,0,0,0,0,0,0,0,0
19.0701,0,0,0,0,0,0,0,0,0,0,0,0,0,0,0,0
19.0801,0,0,0,0,0,0,0,0,0,0,0,0,0,0,0,0
19.0901,0,0,0,0,0,0,0,0,0,0,0,0,0,0,0,0
19.1001,0,0,0,0,0,0,0,0,0,0,0,0,0,0,0,0
19.1101,0,0,0,0,0,0,0,0,0,0,0,0,0,0,0,0
19.1201,0,0,0,0,0,0,0,0,0,0,0,0,0,0,0,0
19.1301,0,0,0,0,0,0,0,0,0,0,0,0,0,0,0,0
19.1401,0,0,0,0,0,0,0,0,0,0,0,0,0,0,0,0
19.1501,0,0,0,0,0,0,0,0,0,0,0,0,0,0,0,0
19.1601,0,0,0,0,0,0,0,0,0,0,0,0,0,0,0,0
19.1701,0,0,0,0,0,0,0,0,0,0,0,0,0,0,0,0
19.1801,0,0,0,0,0,0,0,0,0,0,0,0,0,0,0,0
19.1901,0,0,0,0,0,0,0,0,0,0,0,0,0,0,0,0
19.2001,0,0,0,0,0,0,0,0,0,0,0,0,0,0,0,0
19.2101,0,0,0,0,0,0,0,0,0,0,0,0,0,0,0,0
19.2201,0,0,0,0,0,0,0,0,0,0,0,0,0,0,0,0
19.2301,0,0,0,0,0,0,0,0,0,0,0,0,0,0,0,0
19.2401,0,0,0,0,0,0,0,0,0,0,0,0,0,0,0,0
19.2501,0,0,0,0,0,0,0,0,0,0,0,0,0,0,0,0
19.2601,0,0,0,0,0,0,0,0,0,0,0,0,0,0,0,0
19.2701,0,0,0,0,0,0,0,0,0,0,0,0,0,0,0,0
19.2801,0,0,0,0,0,0,0,0,0,0,0,0,0,0,0,0
19.2901,0,0,0,0,0,0,0,0,0,0,0,0,0,0,0,0
19.3001,0,0,0,0,0,0,0,0,0,0,0,0,0,0,0,0
19.3101,0,0,0,0,0,0,0,0,0,0,0,0,0,0,0,0
19.3201,0,0,0,0,0,0,0,0,0,0,0,0,0,0,0,0
19.3301,0,0,0,0,0,0,0,0,0,0,0,0,0,0,0,0
19.3401,0,0,0,0,0,0,0,0,0,0,0,0,0,0,0,0
19.3501,0,0,0,0,0,0,0,0,0,0,0,0,0,0,0,0
19.3601,0,0,0,0,0,0,0,0,0,0,0,0,0,0,0,0
19.3701,0,0,0,0,0,0,0,0,0,0,0,0,0,0,0,0
19.3801,0,0,0,0,0,0,0,0,0,0,0,0,0,0,0,0
19.3901,0,0,0,0,0,0,0,0,0,0,0,0,0,0,0,0
19.4,0,0,0,0,0,0,0,0,0,0,0,0,0,0,0,0
19.4101,0,0,0,0,0,0,0,0,0,0,0,0,0,0,0,0
19.4201,0,0,0,0,0,0,0,0,0,0,0,0,0,0,0,0
19.4301,0,0,0,0,0,0,0,0,0,0,0,0,0,0,0,0
19.4401,0,0,0,0,0,0,0,0,0,0,0,0,0,0,0,0
19.4501,0,0,0,0,0,0,0,0,0,0,0,0,0,0,0,0
19.4601,0,0,0,0,0,0,0,0,0,0,0,0,0,0,0,0
19.4701,0,0,0,0,0,0,0,0,0,0,0,0,0,0,0,0
19.4801,0,0,0,0,0,0,0,0,0,0,0,0,0,0,0,0
19.4901,0,0,0,0,0,0,0,0,0,0,0,0,0,0,0,0
19.5001,0,0,0,0,0,0,0,0,0,0,0,0,0,0,0,0
19.5101,0,0,0,0,0,0,0,0,0,0,0,0,0,0,0,0
19.5201,0,0,0,0,0,0,0,0,0,0,0,0,0,0,0,0
19.5301,0,0,0,0,0,0,0,0,0,0,0,0,0,0,0,0
19.5401,0,0,0,0,0,0,0,0,0,0,0,0,0,0,0,0
19.5501,0,0,0,0,0,0,0,0,0,0,0,0,0,0,0,0
19.5601,0,0,0,0,0,0,0,0,0,0,0,0,0,0,0,0
19.5701,0,0,0,0,0,0,0,0,0,0,0,0,0,0,0,0
19.5801,0,0,0,0,0,0,0,0,0,0,0,0,0,0,0,0
19.5901,0,0,0,0,0,0,0,0,0,0,0,0,0,0,0,0
19.6001,0,0,0,0,0,0,0,0,0,0,0,0,0,0,0,0
19.6101,0,0,0,0,0,0,0,0,0,0,0,0,0,0,0,0
19.6201,0,0,0,0,0,0,0,0,0,0,0,0,0,0,0,0
19.6301,0,0,0,0,0,0,0,0,0,0,0,0,0,0,0,0
19.6401,0,0,0,0,0,0,0,0,0,0,0,0,0,0,0,0
19.6501,0,0,0,0,0,0,0,0,0,0,0,0,0,0,0,0
19.6601,0,0,0,0,0,0,0,0,0,0,0,0,0,0,0,0
19.6701,0,0,0,0,0,0,0,0,0,0,0,0,0,0,0,0
19.6801,0,0,0,0,0,0,0,0,0,0,0,0,0,0,0,0
19.6901,0,0,0,0,0,0,0,0,0,0,0,0,0,0,0,0
19.7001,0,0,0,0,0,0,0,0,0,0,0,0,0,0,0,0
19.7101,0,0,0,0,0,0,0,0,0,0,0,0,0,0,0,0
19.7201,0,0,0,0,0,0,0,0,0,0,0,0,0,0,0,0
19.7301,0,0,0,0,0,0,0,0,0,0,0,0,0,0,0,0
19.7401,0,0,0,0,0,0,0,0,0,0,0,0,0,0,0,0
19.7501,0,0,0,0,0,0,0,0,0,0,0,0,0,0,0,0
19.7601,0,0,0,0,0,0,0,0,0,0,0,0,0,0,0,0
19.7701,0,0,0,0,0,0,0,0,0,0,0,0,0,0,0,0
19.7801,0,0,0,0,0,0,0,0,0,0,0,0,0,0,0,0
19.7901,0,0,0,0,0,0,0,0,0,0,0,0,0,0,0,0
19.8001,0,0,0,0,0,0,0,0,0,0,0,0,0,0,0,0
19.8101,0,0,0,0,0,0,0,0,0,0,0,0,0,0,0,0
19.8201,0,0,0,0,0,0,0,0,0,0,0,0,0,0,0,0
19.8301,0,0,0,0,0,0,0,0,0,0,0,0,0,0,0,0
19.8401,0,0,0,0,0,0,0,0,0,0,0,0,0,0,0,0
19.8501,0,0,0,0,0,0,0,0,0,0,0,0,0,0,0,0
19.8601,0,0,0,0,0,0,0,0,0,0,0,0,0,0,0,0
19.8701,0,0,0,0,0,0,0,0,0,0,0,0,0,0,0,0
19.8801,0,0,0,0,0,0,0,0,0,0,0,0,0,0,0,0
19.8901,0,0,0,0,0,0,0,0,0,0,0,0,0,0,0,0
19.9001,0,0,0,0,0,0,0,0,0,0,0,0,0,0,0,0
19.9101,0,0,0,0,0,0,0,0,0,0,0,0,0,0,0,0
19.9201,0,0,0,0,0,0,0,0,0,0,0,0,0,0,0,0
19.9301,0,0,0,0,0,0,0,0,0,0,0,0,0,0,0,0
19.9401,0,0,0,0,0,0,0,0,0,0,0,0,0,0,0,0
19.9501,0,0,0,0,0,0,0,0,0,0,0,0,0,0,0,0
19.9601,0,0,0,0,0,0,0,0,0,0,0,0,0,0,0,0
19.9701,0,0,0,0,0,0,0,0,0,0,0,0,0,0,0,0
19.9801,0,0,0,0,0,0,0,0,0,0,0,0,0,0,0,0
19.9901,0,0,0,0,0,0,0,0,0,0,0,0,0,0,0,0
20.0001,0,0,0,0,0,0,0,0,0,0,0,0,0,0,0,0
20.0101,0,0,0,0,0,0,0,0,0,0,0,0,0,0,0,0
20.0201,0,0,0,0,0,0,0,0,0,0,0,0,0,0,0,0
20.0301,0,0,0,0,0,0,0,0,0,0,0,0,0,0,0,0
20.0401,0,0,0,0,0,0,0,0,0,0,0,0,0,0,0,0
20.0501,0,0,0,0,0,0,0,0,0,0,0,0,0,0,0,0
20.0601,0,0,0,0,0,0,0,0,0,0,0,0,0,0,0,0
20.0701,0,0,0,0,0,0,0,0,0,0,0,0,0,0,0,0
20.0801,0,0,0,0,0,0,0,0,0,0,0,0,0,0,0,0
20.0901,0,0,0,0,0,0,0,0,0,0,0,0,0,0,0,0
20.1001,0,0,0,0,0,0,0,0,0,0,0,0,0,0,0,0
20.1101,0,0,0,0,0,0,0,0,0,0,0,0,0,0,0,0
20.1201,0,0,0,0,0,0,0,0,0,0,0,0,0,0,0,0
20.1301,0,0,0,0,0,0,0,0,0,0,0,0,0,0,0,0
20.1401,0,0,0,0,0,0,0,0,0,0,0,0,0,0,0,0
20.1501,0,0,0,0,0,0,0,0,0,0,0,0,0,0,0,0
20.1601,0,0,0,0,0,0,0,0,0,0,0,0,0,0,0,0
20.1701,0,0,0,0,0,0,0,0,0,0,0,0,0,0,0,0
20.1801,0,0,0,0,0,0,0,0,0,0,0,0,0,0,0,0
20.1901,0,0,0,0,0,0,0,0,0,0,0,0,0,0,0,0
20.2001,0,0,0,0,0,0,0,0,0,0,0,0,0,0,0,0
20.2101,0,0,0,0,0,0,0,0,0,0,0,0,0,0,0,0
20.2201,0,0,0,0,0,0,0,0,0,0,0,0,0,0,0,0
20.2301,0,0,0,0,0,0,0,0,0,0,0,0,0,0,0,0
20.2401,0,0,0,0,0,0,0,0,0,0,0,0,0,0,0,0
20.2501,0,0,0,0,0,0,0,0,0,0,0,0,0,0,0,0
20.2601,0,0,0,0,0,0,0,0,0,0,0,0,0,0,0,0
20.2701,0,0,0,0,0,0,0,0,0,0,0,0,0,0,0,0
20.2801,0,0,0,0,0,0,0,0,0,0,0,0,0,0,0,0
20.2901,0,0,0,0,0,0,0,0,0,0,0,0,0,0,0,0
20.3,0,0,0,0,0,0,0,0,0,0,0,0,0,0,0,0
20.3101,0,0,0,0,0,0,0,0,0,0,0,0,0,0,0,0
20.32,0,0,0,0,0,0,0,0,0,0,0,0,0,0,0,0
20.3301,0,0,0,0,0,0,0,0,0,0,0,0,0,0,0,0
20.3401,0,0,0,0,0,0,0,0,0,0,0,0,0,0,0,0
20.3501,0,0,0,0,0,0,0,0,0,0,0,0,0,0,0,0
20.3601,0,0,0,0,0,0,0,0,0,0,0,0,0,0,0,0
20.3701,0,0,0,0,0,0,0,0,0,0,0,0,0,0,0,0
20.3801,0,0,0,0,0,0,0,0,0,0,0,0,0,0,0,0
20.3901,0,0,0,0,0,0,0,0,0,0,0,0,0,0,0,0
20.4001,0,0,0,0,0,0,0,0,0,0,0,0,0,0,0,0
20.4101,0,0,0,0,0,0,0,0,0,0,0,0,0,0,0,0
20.4201,0,0,0,0,0,0,0,0,0,0,0,0,0,0,0,0
20.4301,0,0,0,0,0,0,0,0,0,0,0,0,0,0,0,0
20.4401,0,0,0,0,0,0,0,0,0,0,0,0,0,0,0,0
20.4501,0,0,0,0,0,0,0,0,0,0,0,0,0,0,0,0
20.4601,0,0,0,0,0,0,0,0,0,0,0,0,0,0,0,0
20.4701,0,0,0,0,0,0,0,0,0,0,0,0,0,0,0,0
20.4801,0,0,0,0,0,0,0,0,0,0,0,0,0,0,0,0
20.4901,0,0,0,0,0,0,0,0,0,0,0,0,0,0,0,0
20.5001,0,0,0,0,0,0,0,0,0,0,0,0,0,0,0,0
20.5101,0,0,0,0,0,0,0,0,0,0,0,0,0,0,0,0
20.5201,0,0,0,0,0,0,0,0,0,0,0,0,0,0,0,0
20.5301,0,0,0,0,0,0,0,0,0,0,0,0,0,0,0,0
20.5401,0,0,0,0,0,0,0,0,0,0,0,0,0,0,0,0
20.5501,0,0,0,0,0,0,0,0,0,0,0,0,0,0,0,0
20.5601,0,0,0,0,0,0,0,0,0,0,0,0,0,0,0,0
20.5701,0,0,0,0,0,0,0,0,0,0,0,0,0,0,0,0
20.5801,0,0,0,0,0,0,0,0,0,0,0,0,0,0,0,0
20.5901,0,0,0,0,0,0,0,0,0,0,0,0,0,0,0,0
20.6001,0,0,0,0,0,0,0,0,0,0,0,0,0,0,0,0
20.6101,0,0,0,0,0,0,0,0,0,0,0,0,0,0,0,0
20.6201,0,0,0,0,0,0,0,0,0,0,0,0,0,0,0,0
20.6301,0,0,0,0,0,0,0,0,0,0,0,0,0,0,0,0
20.6401,0,0,0,0,0,0,0,0,0,0,0,0,0,0,0,0
20.6501,0,0,0,0,0,0,0,0,0,0,0,0,0,0,0,0
20.6601,0,0,0,0,0,0,0,0,0,0,0,0,0,0,0,0
20.6701,0,0,0,0,0,0,0,0,0,0,0,0,0,0,0,0
20.6801,0,0,0,0,0,0,0,0,0,0,0,0,0,0,0,0
20.6901,0,0,0,0,0,0,0,0,0,0,0,0,0,0,0,0
20.7001,0,0,0,0,0,0,0,0,0,0,0,0,0,0,0,0
20.7101,0,0,0,0,0,0,0,0,0,0,0,0,0,0,0,0
20.7201,0,0,0,0,0,0,0,0,0,0,0,0,0,0,0,0
20.7301,0,0,0,0,0,0,0,0,0,0,0,0,0,0,0,0
20.7401,0,0,0,0,0,0,0,0,0,0,0,0,0,0,0,0
20.7501,0,0,0,0,0,0,0,0,0,0,0,0,0,0,0,0
20.7601,0,0,0,0,0,0,0,0,0,0,0,0,0,0,0,0
20.7701,0,0,0,0,0,0,0,0,0,0,0,0,0,0,0,0
20.7801,0,0,0,0,0,0,0,0,0,0,0,0,0,0,0,0
20.7901,0,0,0,0,0,0,0,0,0,0,0,0,0,0,0,0
20.8001,0,0,0,0,0,0,0,0,0,0,0,0,0,0,0,0
20.8101,0,0,0,0,0,0,0,0,0,0,0,0,0,0,0,0
20.8201,0,0,0,0,0,0,0,0,0,0,0,0,0,0,0,0
20.8301,0,0,0,0,0,0,0,0,0,0,0,0,0,0,0,0
20.8401,0,0,0,0,0,0,0,0,0,0,0,0,0,0,0,0
20.8501,0,0,0,0,0,0,0,0,0,0,0,0,0,0,0,0
20.8601,0,0,0,0,0,0,0,0,0,0,0,0,0,0,0,0
20.8701,0,0,0,0,0,0,0,0,0,0,0,0,0,0,0,0
20.8801,0,0,0,0,0,0,0,0,0,0,0,0,0,0,0,0
20.8901,0,0,0,0,0,0,0,0,0,0,0,0,0,0,0,0
20.9001,0,0,0,0,0,0,0,0,0,0,0,0,0,0,0,0
20.9101,0,0,0,0,0,0,0,0,0,0,0,0,0,0,0,0
20.9201,0,0,0,0,0,0,0,0,0,0,0,0,0,0,0,0
20.9301,0,0,0,0,0,0,0,0,0,0,0,0,0,0,0,0
20.9401,0,0,0,0,0,0,0,0,0,0,0,0,0,0,0,0
20.9501,0,0,0,0,0,0,0,0,0,0,0,0,0,0,0,0
20.9601,0,0,0,0,0,0,0,0,0,0,0,0,0,0,0,0
20.9701,0,0,0,0,0,0,0,0,0,0,0,0,0,0,0,0
20.9801,0,0,0,0,0,0,0,0,0,0,0,0,0,0,0,0
20.9901,0,0,0,0,0,0,0,0,0,0,0,0,0,0,0,0
21.0001,0,0,0,0,0,0,0,0,0,0,0,0,0,0,0,0
21.0101,0,0,0,0,0,0,0,0,0,0,0,0,0,0,0,0
21.0201,0,0,0,0,0,0,0,0,0,0,0,0,0,0,0,0
21.0301,0,0,0,0,0,0,0,0,0,0,0,0,0,0,0,0
21.0401,0,0,0,0,0,0,0,0,0,0,0,0,0,0,0,0
21.0501,0,0,0,0,0,0,0,0,0,0,0,0,0,0,0,0
21.0601,0,0,0,0,0,0,0,0,0,0,0,0,0,0,0,0
21.0701,0,0,0,0,0,0,0,0,0,0,0,0,0,0,0,0
21.0801,0,0,0,0,0,0,0,0,0,0,0,0,0,0,0,0
21.0901,0,0,0,0,0,0,0,0,0,0,0,0,0,0,0,0
21.1001,0,0,0,0,0,0,0,0,0,0,0,0,0,0,0,0
21.1101,0,0,0,0,0,0,0,0,0,0,0,0,0,0,0,0
21.1201,0,0,0,0,0,0,0,0,0,0,0,0,0,0,0,0
21.1301,0,0,0,0,0,0,0,0,0,0,0,0,0,0,0,0
21.1401,0,0,0,0,0,0,0,0,0,0,0,0,0,0,0,0
21.1501,0,0,0,0,0,0,0,0,0,0,0,0,0,0,0,0
21.1601,0,0,0,0,0,0,0,0,0,0,0,0,0,0,0,0
21.1701,0,0,0,0,0,0,0,0,0,0,0,0,0,0,0,0
21.1801,0,0,0,0,0,0,0,0,0,0,0,0,0,0,0,0
21.1901,0,0,0,0,0,0,0,0,0,0,0,0,0,0,0,0
21.2001,0,0,0,0,0,0,0,0,0,0,0,0,0,0,0,0
21.2101,0,0,0,0,0,0,0,0,0,0,0,0,0,0,0,0
21.2201,0,0,0,0,0,0,0,0,0,0,0,0,0,0,0,0
21.2301,0,0,0,0,0,0,0,0,0,0,0,0,0,0,0,0
21.2401,0,0,0,0,0,0,0,0,0,0,0,0,0,0,0,0
21.2501,0,0,0,0,0,0,0,0,0,0,0,0,0,0,0,0
21.2601,0,0,0,0,0,0,0,0,0,0,0,0,0,0,0,0
21.2701,0,0,0,0,0,0,0,0,0,0,0,0,0,0,0,0
21.2801,0,0,0,0,0,0,0,0,0,0,0,0,0,0,0,0
21.2901,0,0,0,0,0,0,0,0,0,0,0,0,0,0,0,0
21.3001,0,0,0,0,0,0,0,0,0,0,0,0,0,0,0,0
21.3101,0,0,0,0,0,0,0,0,0,0,0,0,0,0,0,0
21.3201,0,0,0,0,0,0,0,0,0,0,0,0,0,0,0,0
21.3301,0,0,0,0,0,0,0,0,0,0,0,0,0,0,0,0
21.3401,0,0,0,0,0,0,0,0,0,0,0,0,0,0,0,0
21.3501,0,0,0,0,0,0,0,0,0,0,0,0,0,0,0,0
21.3601,0,0,0,0,0,0,0,0,0,0,0,0,0,0,0,0
21.3701,0,0,0,0,0,0,0,0,0,0,0,0,0,0,0,0
21.3801,0,0,0,0,0,0,0,0,0,0,0,0,0,0,0,0
21.3901,0,0,0,0,0,0,0,0,0,0,0,0,0,0,0,0
21.4001,0,0,0,0,0,0,0,0,0,0,0,0,0,0,0,0
21.4101,0,0,0,0,0,0,0,0,0,0,0,0,0,0,0,0
21.4112,0,0,0,0,0,0,0,0,0,0,0,0,0,0,0,0
21.4123,0,0,0,0,0,0,0,0,0,0,0,0,0,0,0,0
