t_s,ch1_cmd,ch2_cmd,ch3_cmd,ch4_cmd,ch5_cmd,ch6_cmd,ch7_cmd,ch8_cmd,ch1_applied,ch2_applied,ch3_applied,ch4_applied,ch5_applied,ch6_applied,ch7_applied,ch8_applied
0.0100661,0,0,0,0,0,0,0,0,0,0,0,0,0,0,0,0
0.0200562,0,0,0,0,0,0,0,0,0,0,0,0,0,0,0,0
0.0300546,0,0,0,0,0,0,0,0,0,0,0,0,0,0,0,0
0.0400597,0,0,0,0,0,0,0,0,0,0,0,0,0,0,0,0
0.0500578,0,0,0,0,0,0,0,0,0,0,0,0,0,0,0,0
0.0600583,0,0,0,0,0,0,0,0,0,0,0,0,0,0,0,0
0.0700579,0,0,0,0,0,0,0,0,0,0,0,0,0,0,0,0
0.0800608,0,0,0,0,0,0,0,0,0,0,0,0,0,0,0,0
0.0900598,0,0,0,0,0,0,0,0,0,0,0,0,0,0,0,0
0.10006,0,0,0,0,0,0,0,0,0,0,0,0,0,0,0,0
0.110059,0,0,0,0,0,0,0,0,0,0,0,0,0,0,0,0
0.12006,0,0,0,0,0,0,0,0,0,0,0,0,0,0,0,0
0.130067,0,0,0,0,0,0,0,0,0,0,0,0,0,0,0,0
0.140067,0,0,0,0,0,0,0,0,0,0,0,0,0,0,0,0
0.150058,0,0,0,0,0,0,0,0,0,0,0,0,0,0,0,0
0.160064,0,0,0,0,0,0,0,0,0,0,0,0,0,0,0,0
0.170058,0,0,0,0,0,0,0,0,0,0,0,0,0,0,0,0
0.180065,0,0,0,0,0,0,0,0,0,0,0,0,0,0,0,0
0.190058,0,0,0,0,0,0,0,0,0,0,0,0,0,0,0,0
0.200059,0,0,0,0,0,0,0,0,0,0,0,0,0,0,0,0
0.210058,0,0,0,0,0,0,0,0,0,0,0,0,0,0,0,0
0.220064,0,0,0,0,0,0,0,0,0,0,0,0,0,0,0,0
0.230059,0,0,0,0,0,0,0,0,0,0,0,0,0,0,0,0
0.240059,0,0,0,0,0,0,0,0,0,0,0,0,0,0,0,0
0.250058,0,0,0,0,0,0,0,0,0,0,0,0,0,0,0,0
0.260058,0,0,0,0,0,0,0,0,0,0,0,0,0,0,0,0
0.270058,0,0,0,0,0,0,0,0,0,0,0,0,0,0,0,0
0.280058,0,0,0,0,0,0,0,0,0,0,0,0,0,0,0,0
0.29006,0,0,0,0,0,0,0,0,0,0,0,0,0,0,0,0
0.300059,0,0,0,0,0,0,0,0,0,0,0,0,0,0,0,0
0.310058,0,0,0,0,0,0,0,0,0,0,0,0,0,0,0,0
0.320063,0,0,0,0,0,0,0,0,0,0,0,0,0,0,0,0
0.330058,0,0,0,0,0,0,0,0,0,0,0,0,0,0,0,0
0.340065,0,0,0,0,0,0,0,0,0,0,0,0,0,0,0,0
0.350058,0,0,0,0,0,0,0,0,0,0,0,0,0,0,0,0
0.360059,0,0,0,0,0,0,0,0,0,0,0,0,0,0,0,0
0.370058,0,0,0,0,0,0,0,0,0,0,0,0,0,0,0,0
0.380058,0,0,0,0,0,0,0,0,0,0,0,0,0,0,0,0
0.390059,0,0,0,0,0,0,0,0,0,0,0,0,0,0,0,0
0.400058,0,0,0,0,0,0,0,0,0,0,0,0,0,0,0,0
0.410058,0,0,0,0,0,0,0,0,0,0,0,0,0,0,0,0
0.42006,0,0,0,0,0,0,0,0,0,0,0,0,0,0,0,0
0.430059,0,0,0,0,0,0,0,0,0,0,0,0,0,0,0,0
0.440059,0,0,0,0,0,0,0,0,0,0,0,0,0,0,0,0
0.450058,0,0,0,0,0,0,0,0,0,0,0,0,0,0,0,0
0.460064,0,0,0,0,0,0,0,0,0,0,0,0,0,0,0,0
0.470058,0,0,0,0,0,0,0,0,0,0,0,0,0,0,0,0
0.480058,0,0,0,0,0,0,0,0,0,0,0,0,0,0,0,0
0.490058,0,0,0,0,0,0,0,0,0,0,0,0,0,0,0,0
0.500058,0,0,0,0,0,0,0,0,0,0,0,0,0,0,0,0
0.510058,0,0,0,0,0,0,0,0,0,0,0,0,0,0,0,0
0.520065,0,0,0,0,0,0,0,0,0,0,0,0,0,0,0,0
0.530058,0,0,0,0,0,0,0,0,0,0,0,0,0,0,0,0
0.540059,0,0,0,0,0,0,0,0,0,0,0,0,0,0,0,0
0.550057,0,0,0,0,0,0,0,0,0,0,0,0,0,0,0,0
0.560064,0,0,0,0,0,0,0,0,0,0,0,0,0,0,0,0
0.570058,0,0,0,0,0,0,0,0,0,0,0,0,0,0,0,0
0.580059,0,0,0,0,0,0,0,0,0,0,0,0,0,0,0,0
0.590058,0,0,0,0,0,0,0,0,0,0,0,0,0,0,0,0
0.600059,0,0,0,0,0,0,0,0,0,0,0,0,0,0,0,0
0.610058,0,0,0,0,0,0,0,0,0,0,0,0,0,0,0,0
0.620065,0,0,0,0,0,0,0,0,0,0,0,0,0,0,0,0
0.630058,0,0,0,0,0,0,0,0,0,0,0,0,0,0,0,0
0.640058,0,0,0,0,0,0,0,0,0,0,0,0,0,0,0,0
0.650059,0,0,0,0,0,0,0,0,0,0,0,0,0,0,0,0
0.660058,0,0,0,0,0,0,0,0,0,0,0,0,0,0,0,0
0.670058,0,0,0,0,0,0,0,0,0,0,0,0,0,0,0,0
0.680058,0,0,0,0,0,0,0,0,0,0,0,0,0,0,0,0
0.690058,0,0,0,0,0,0,0,0,0,0,0,0,0,0,0,0
0.700058,0,0,0,0,0,0,0,0,0,0,0,0,0,0,0,0
0.710058,0,0,0,0,0,0,0,0,0,0,0,0,0,0,0,0
0.720064,0,0,0,0,0,0,0,0,0,0,0,0,0,0,0,0
0.730058,0,0,0,0,0,0,0,0,0,0,0,0,0,0,0,0
0.740058,0,0,0,0,0,0,0,0,0,0,0,0,0,0,0,0
0.750058,0,0,0,0,0,0,0,0,0,0,0,0,0,0,0,0
0.760058,0,0,0,0,0,0,0,0,0,0,0,0,0,0,0,0
0.770058,0,0,0,0,0,0,0,0,0,0,0,0,0,0,0,0
0.780058,0,0,0,0,0,0,0,0,0,0,0,0,0,0,0,0
0.790059,0,0,0,0,0,0,0,0,0,0,0,0,0,0,0,0
0.800059,0,0,0,0,0,0,0,0,0,0,0,0,0,0,0,0
0.810058,0,0,0,0,0,0,0,0,0,0,0,0,0,0,0,0
0.820058,0,0,0,0,0,0,0,0,0,0,0,0,0,0,0,0
0.830058,0,0,0,0,0,0,0,0,0,0,0,0,0,0,0,0
0.840058,0,0,0,0,0,0,0,0,0,0,0,0,0,0,0,0
0.850058,0,0,0,0,0,0,0,0,0,0,0,0,0,0,0,0
0.860059,0,0,0,0,0,0,0,0,0,0,0,0,0,0,0,0
0.870058,0,0,0,0,0,0,0,0,0,0,0,0,0,0,0,0
0.880058,0,0,0,0,0,0,0,0,0,0,0,0,0,0,0,0
0.890058,0,0,0,0,0,0,0,0,0,0,0,0,0,0,0,0
0.900058,0,0,0,0,0,0,0,0,0,0,0,0,0,0,0,0
0.910058,0,0,0,0,0,0,0,0,0,0,0,0,0,0,0,0
0.920058,0,0,0,0,0,0,0,0,0,0,0,0,0,0,0,0
0.930058,0,0,0,0,0,0,0,0,0,0,0,0,0,0,0,0
0.940059,0,0,0,0,0,0,0,0,0,0,0,0,0,0,0,0
0.950058,0,0,0,0,0,0,0,0,0,0,0,0,0,0,0,0
0.960059,0,0,0,0,0,0,0,0,0,0,0,0,0,0,0,0
0.970058,0,0,0,0,0,0,0,0,0,0,0,0,0,0,0,0
0.980058,0,0,0,0,0,0,0,0,0,0,0,0,0,0,0,0
0.990058,0,0,0,0,0,0,0,0,0,0,0,0,0,0,0,0
1.00006,0,0,0,0,0,0,0,0,0,0,0,0,0,0,0,0
1.01006,0,0,0,0,0,0,0,0,0,0,0,0,0,0,0,0
1.02006,0,0,0,0,0,0,0,0,0,0,0,0,0,0,0,0
1.03006,0,0,0,0,0,0,0,0,0,0,0,0,0,0,0,0
1.04009,0,0,0,0,0,0,0,0,0,0,0,0,0,0,0,0
1.05006,0,0,0,0,0,0,0,0,0,0,0,0,0,0,0,0
1.06006,0,0,0,0,0,0,0,0,0,0,0,0,0,0,0,0
1.07006,0,0,0,0,0,0,0,0,0,0,0,0,0,0,0,0
1.08006,0,0,0,0,0,0,0,0,0,0,0,0,0,0,0,0
1.09006,0,0,0,0,0,0,0,0,0,0,0,0,0,0,0,0
1.10007,0,0,0,0,0,0,0,0,0,0,0,0,0,0,0,0
1.11006,0,0,0,0,0,0,0,0,0,0,0,0,0,0,0,0
1.12006,0,0,0,0,0,0,0,0,0,0,0,0,0,0,0,0
1.13006,0,0,0,0,0,0,0,0,0,0,0,0,0,0,0,0
1.14006,0,0,0,0,0,0,0,0,0,0,0,0,0,0,0,0
1.15006,0,0,0,0,0,0,0,0,0,0,0,0,0,0,0,0
1.16006,0,0,0,0,0,0,0,0,0,0,0,0,0,0,0,0
1.17006,0,0,0,0,0,0,0,0,0,0,0,0,0,0,0,0
1.18006,0,0,0,0,0,0,0,0,0,0,0,0,0,0,0,0
1.19006,0,0,0,0,0,0,0,0,0,0,0,0,0,0,0,0
1.20006,0,0,0,0,0,0,0,0,0,0,0,0,0,0,0,0
1.21006,0,0,0,0,0,0,0,0,0,0,0,0,0,0,0,0
1.22006,0,0,0,0,0,0,0,0,0,0,0,0,0,0,0,0
1.23006,0,0,0,0,0,0,0,0,0,0,0,0,0,0,0,0
1.24006,0,0,0,0,0,0,0,0,0,0,0,0,0,0,0,0
1.25006,0,0,0,0,0,0,0,0,0,0,0,0,0,0,0,0
1.26006,0,0,0,0,0,0,0,0,0,0,0,0,0,0,0,0
1.27006,0,0,0,0,0,0,0,0,0,0,0,0,0,0,0,0
1.28006,0,0,0,0,0,0,0,0,0,0,0,0,0,0,0,0
1.29006,0,0,0,0,0,0,0,0,0,0,0,0,0,0,0,0
1.30007,0,0,0,0,0,0,0,0,0,0,0,0,0,0,0,0
1.31006,0,0,0,0,0,0,0,0,0,0,0,0,0,0,0,0
1.32006,0,0,0,0,0,0,0,0,0,0,0,0,0,0,0,0
1.33006,0,0,0,0,0,0,0,0,0,0,0,0,0,0,0,0
1.34006,0,0,0,0,0,0,0,0,0,0,0,0,0,0,0,0
1.35006,0,0,0,0,0,0,0,0,0,0,0,0,0,0,0,0
1.36006,0,0,0,0,0,0,0,0,0,0,0,0,0,0,0,0
1.37006,0,0,0,0,0,0,0,0,0,0,0,0,0,0,0,0
1.38006,0,0,0,0,0,0,0,0,0,0,0,0,0,0,0,0
1.39006,0,0,0,0,0,0,0,0,0,0,0,0,0,0,0,0
1.40007,0,0,0,0,0,0,0,0,0,0,0,0,0,0,0,0
1.41006,0,0,0,0,0,0,0,0,0,0,0,0,0,0,0,0
1.42006,0,0,0,0,0,0,0,0,0,0,0,0,0,0,0,0
1.43006,0,0,0,0,0,0,0,0,0,0,0,0,0,0,0,0
1.44006,0,0,0,0,0,0,0,0,0,0,0,0,0,0,0,0
1.45006,0,0,0,0,0,0,0,0,0,0,0,0,0,0,0,0
1.46007,0,0,0,0,0,0,0,0,0,0,0,0,0,0,0,0
1.47006,0,0,0,0,0,0,0,0,0,0,0,0,0,0,0,0
1.48006,0,0,0,0,0,0,0,0,0,0,0,0,0,0,0,0
1.49006,0,0,0,0,0,0,0,0,0,0,0,0,0,0,0,0
1.50006,0,0,0,0,0,0,0,0,0,0,0,0,0,0,0,0
1.51006,0,0,0,0,0,0,0,0,0,0,0,0,0,0,0,0
1.52007,0,0,0,0,0,0,0,0,0,0,0,0,0,0,0,0
1.53006,0,0,0,0,0,0,0,0,0,0,0,0,0,0,0,0
1.54006,0,0,0,0,0,0,0,0,0,0,0,0,0,0,0,0
1.55006,0,0,0,0,0,0,0,0,0,0,0,0,0,0,0,0
1.56006,0,0,0,0,0,0,0,0,0,0,0,0,0,0,0,0
1.57006,0,0,0,0,0,0,0,0,0,0,0,0,0,0,0,0
1.58006,0,0,0,0,0,0,0,0,0,0,0,0,0,0,0,0
1.59006,0,0,0,0,0,0,0,0,0,0,0,0,0,0,0,0
1.60006,0,0,0,0,0,0,0,0,0,0,0,0,0,0,0,0
1.61006,0,0,0,0,0,0,0,0,0,0,0,0,0,0,0,0
1.62006,0,0,0,0,0,0,0,0,0,0,0,0,0,0,0,0
1.63006,0,0,0,0,0,0,0,0,0,0,0,0,0,0,0,0
1.64006,0,0,0,0,0,0,0,0,0,0,0,0,0,0,0,0
1.65006,0,0,0,0,0,0,0,0,0,0,0,0,0,0,0,0
1.66007,0,0,0,0,0,0,0,0,0,0,0,0,0,0,0,0
1.67006,0,0,0,0,0,0,0,0,0,0,0,0,0,0,0,0
1.68006,0,0,0,0,0,0,0,0,0,0,0,0,0,0,0,0
1.69006,0,0,0,0,0,0,0,0,0,0,0,0,0,0,0,0
1.70006,0,0,0,0,0,0,0,0,0,0,0,0,0,0,0,0
1.71006,0,0,0,0,0,0,0,0,0,0,0,0,0,0,0,0
1.72006,0,0,0,0,0,0,0,0,0,0,0,0,0,0,0,0
1.73006,0,0,0,0,0,0,0,0,0,0,0,0,0,0,0,0
1.74006,0,0,0,0,0,0,0,0,0,0,0,0,0,0,0,0
1.75006,0,0,0,0,0,0,0,0,0,0,0,0,0,0,0,0
1.76006,0,0,0,0,0,0,0,0,0,0,0,0,0,0,0,0
1.77006,0,0,0,0,0,0,0,0,0,0,0,0,0,0,0,0
1.78006,0,0,0,0,0,0,0,0,0,0,0,0,0,0,0,0
1.79006,0,0,0,0,0,0,0,0,0,0,0,0,0,0,0,0
1.80006,0,0,0,0,0,0,0,0,0,0,0,0,0,0,0,0
1.81006,0,0,0,0,0,0,0,0,0,0,0,0,0,0,0,0
1.82006,0,0,0,0,0,0,0,0,0,0,0,0,0,0,0,0
1.83006,0,0,0,0,0,0,0,0,0,0,0,0,0,0,0,0
1.84006,0,0,0,0,0,0,0,0,0,0,0,0,0,0,0,0
1.85006,0,0,0,0,0,0,0,0,0,0,0,0,0,0,0,0
1.86006,0,0,0,0,0,0,0,0,0,0,0,0,0,0,0,0
1.87006,0,0,0,0,0,0,0,0,0,0,0,0,0,0,0,0
1.88006,0,0,0,0,0,0,0,0,0,0,0,0,0,0,0,0
1.89006,0,0,0,0,0,0,0,0,0,0,0,0,0,0,0,0
1.90007,0,0,0,0,0,0,0,0,0,0,0,0,0,0,0,0
1.91006,0,0,0,0,0,0,0,0,0,0,0,0,0,0,0,0
1.92007,0,0,0,0,0,0,0,0,0,0,0,0,0,0,0,0
1.93006,0,0,0,0,0,0,0,0,0,0,0,0,0,0,0,0
1.94006,0,0,0,0,0,0,0,0,0,0,0,0,0,0,0,0
1.95006,0,0,0,0,0,0,0,0,0,0,0,0,0,0,0,0
1.96006,0,0,0,0,0,0,0,0,0,0,0,0,0,0,0,0
1.97006,0,0,0,0,0,0,0,0,0,0,0,0,0,0,0,0
1.98006,0,0,0,0,0,0,0,0,0,0,0,0,0,0,0,0
1.99006,0,0,0,0,0,0,0,0,0,0,0,0,0,0,0,0
2.00006,0,0,0,0,0,0,0,0,0,0,0,0,0,0,0,0
2.01006,0,0,0,0,0,0,0,0,0,0,0,0,0,0,0,0
2.02006,0,0,0,0,0,0,0,0,0,0,0,0,0,0,0,0
2.03006,0,0,0,0,0,0,0,0,0,0,0,0,0,0,0,0
2.04006,0,0,0,0,0,0,0,0,0,0,0,0,0,0,0,0
2.05007,0,0,0,0,0,0,0,0,0,0,0,0,0,0,0,0
2.06007,0,0,0,0,0,0,0,0,0,0,0,0,0,0,0,0
2.07006,0,0,0,0,0,0,0,0,0,0,0,0,0,0,0,0
2.08007,0,0,0,0,0,0,0,0,0,0,0,0,0,0,0,0
2.09006,0,0,0,0,0,0,0,0,0,0,0,0,0,0,0,0
2.10007,0,0,0,0,0,0,0,0,0,0,0,0,0,0,0,0
2.11007,0,0,0,0,0,0,0,0,0,0,0,0,0,0,0,0
2.12006,0,0,0,0,0,0,0,0,0,0,0,0,0,0,0,0
2.13006,0,0,0,0,0,0,0,0,0,0,0,0,0,0,0,0
2.14006,0,0,0,0,0,0,0,0,0,0,0,0,0,0,0,0
2.15006,0,0,0,0,0,0,0,0,0,0,0,0,0,0,0,0
2.16006,0,0,0,0,0,0,0,0,0,0,0,0,0,0,0,0
2.17006,0,0,0,0,0,0,0,0,0,0,0,0,0,0,0,0
2.18006,0,0,0,0,0,0,0,0,0,0,0,0,0,0,0,0
2.19006,0,0,0,0,0,0,0,0,0,0,0,0,0,0,0,0
2.20006,0,0,0,0,0,0,0,0,0,0,0,0,0,0,0,0
2.21007,0,0,0,0,0,0,0,0,0,0,0,0,0,0,0,0
2.22008,0,0,0,0,0,0,0,0,0,0,0,0,0,0,0,0
2.23006,0,0,0,0,0,0,0,0,0,0,0,0,0,0,0,0
2.24006,0,0,0,0,0,0,0,0,0,0,0,0,0,0,0,0
2.25006,0,0,0,0,0,0,0,0,0,0,0,0,0,0,0,0
2.26007,0,0,0,0,0,0,0,0,0,0,0,0,0,0,0,0
2.27007,0,0,0,0,0,0,0,0,0,0,0,0,0,0,0,0
2.28006,0,0,0,0,0,0,0,0,0,0,0,0,0,0,0,0
2.29007,0,0,0,0,0,0,0,0,0,0,0,0,0,0,0,0
2.30006,0,0,0,0,0,0,0,0,0,0,0,0,0,0,0,0
2.31007,0,0,0,0,0,0,0,0,0,0,0,0,0,0,0,0
2.32007,0,0,0,0,0,0,0,0,0,0,0,0,0,0,0,0
2.33002,0,0,0,0,0,0,0,0,0,0,0,0,0,0,0,0
2.34006,0,0,0,0,0,0,0,0,0,0,0,0,0,0,0,0
2.35007,0,0,0,0,0,0,0,0,0,0,0,0,0,0,0,0
2.36007,0,0,0,0,0,0,0,0,0,0,0,0,0,0,0,0
2.37006,0,0,0,0,0,0,0,0,0,0,0,0,0,0,0,0
2.38007,0,0,0,0,0,0,0,0,0,0,0,0,0,0,0,0
2.39006,0,0,0,0,0,0,0,0,0,0,0,0,0,0,0,0
2.40007,0,0,0,0,0,0,0,0,0,0,0,0,0,0,0,0
2.41007,0,0,0,0,0,0,0,0,0,0,0,0,0,0,0,0
2.42006,0,0,0,0,0,0,0,0,0,0,0,0,0,0,0,0
2.43006,0,0,0,0,0,0,0,0,0,0,0,0,0,0,0,0
2.44007,0,0,0,0,0,0,0,0,0,0,0,0,0,0,0,0
2.45006,0,0,0,0,0,0,0,0,0,0,0,0,0,0,0,0
2.46006,0,0,0,0,0,0,0,0,0,0,0,0,0,0,0,0
2.47006,0,0,0,0,0,0,0,0,0,0,0,0,0,0,0,0
2.48006,0,0,0,0,0,0,0,0,0,0,0,0,0,0,0,0
2.49006,0,0,0,0,0,0,0,0,0,0,0,0,0,0,0,0
2.50006,0,0,0,0,0,0,0,0,0,0,0,0,0,0,0,0
2.51006,0,0,0,0,0,0,0,0,0,0,0,0,0,0,0,0
2.52006,0,0,0,0,0,0,0,0,0,0,0,0,0,0,0,0
2.53006,0,0,0,0,0,0,0,0,0,0,0,0,0,0,0,0
2.54006,0,0,0,0,0,0,0,0,0,0,0,0,0,0,0,0
2.55007,0,0,0,0,0,0,0,0,0,0,0,0,0,0,0,0
2.56007,0,0,0,0,0,0,0,0,0,0,0,0,0,0,0,0
2.57006,0,0,0,0,0,0,0,0,0,0,0,0,0,0,0,0
2.58007,0,0,0,0,0,0,0,0,0,0,0,0,0,0,0,0
2.59006,0,0,0,0,0,0,0,0,0,0,0,0,0,0,0,0
2.60006,0,0,0,0,0,0,0,0,0,0,0,0,0,0,0,0
2.61006,0,0,0,0,0,0,0,0,0,0,0,0,0,0,0,0
2.62008,0,0,0,0,0,0,0,0,0,0,0,0,0,0,0,0
2.63006,0,0,0,0,0,0,0,0,0,0,0,0,0,0,0,0
2.64006,0,0,0,0,0,0,0,0,0,0,0,0,0,0,0,0
2.65006,0,0,0,0,0,0,0,0,0,0,0,0,0,0,0,0
2.66006,0,0,0,0,0,0,0,0,0,0,0,0,0,0,0,0
2.67006,0,0,0,0,0,0,0,0,0,0,0,0,0,0,0,0
2.68006,0,0,0,0,0,0,0,0,0,0,0,0,0,0,0,0
2.69006,0,0,0,0,0,0,0,0,0,0,0,0,0,0,0,0
2.70006,0,0,0,0,0,0,0,0,0,0,0,0,0,0,0,0
2.71006,0,0,0,0,0,0,0,0,0,0,0,0,0,0,0,0
2.72006,0,0,0,0,0,0,0,0,0,0,0,0,0,0,0,0
2.73006,0,0,0,0,0,0,0,0,0,0,0,0,0,0,0,0
2.74006,0,0,0,0,0,0,0,0,0,0,0,0,0,0,0,0
2.75006,0,0,0,0,0,0,0,0,0,0,0,0,0,0,0,0
2.76006,0,0,0,0,0,0,0,0,0,0,0,0,0,0,0,0
2.77006,0,0,0,0,0,0,0,0,0,0,0,0,0,0,0,0
2.78006,0,0,0,0,0,0,0,0,0,0,0,0,0,0,0,0
2.79006,0,0,0,0,0,0,0,0,0,0,0,0,0,0,0,0
2.80006,0,0,0,0,0,0,0,0,0,0,0,0,0,0,0,0
2.81006,0,0,0,0,0,0,0,0,0,0,0,0,0,0,0,0
2.82007,0,0,0,0,0,0,0,0,0,0,0,0,0,0,0,0
2.83006,0,0,0,0,0,0,0,0,0,0,0,0,0,0,0,0
2.84006,0,0,0,0,0,0,0,0,0,0,0,0,0,0,0,0
2.85006,0,0,0,0,0,0,0,0,0,0,0,0,0,0,0,0
2.86006,0,0,0,0,0,0,0,0,0,0,0,0,0,0,0,0
2.87006,0,0,0,0,0,0,0,0,0,0,0,0,0,0,0,0
2.88006,0,0,0,0,0,0,0,0,0,0,0,0,0,0,0,0
2.89006,0,0,0,0,0,0,0,0,0,0,0,0,0,0,0,0
2.90006,0,0,0,0,0,0,0,0,0,0,0,0,0,0,0,0
2.91006,0,0,0,0,0,0,0,0,0,0,0,0,0,0,0,0
2.92007,0,0,0,0,0,0,0,0,0,0,0,0,0,0,0,0
2.93006,0,0,0,0,0,0,0,0,0,0,0,0,0,0,0,0
2.94006,0,0,0,0,0,0,0,0,0,0,0,0,0,0,0,0
2.95006,0,0,0,0,0,0,0,0,0,0,0,0,0,0,0,0
2.96006,0,0,0,0,0,0,0,0,0,0,0,0,0,0,0,0
2.97006,0,0,0,0,0,0,0,0,0,0,0,0,0,0,0,0
2.98006,0,0,0,0,0,0,0,0,0,0,0,0,0,0,0,0
2.99006,0,0,0,0,0,0,0,0,0,0,0,0,0,0,0,0
3.00006,0,0,0,0,0,0,0,0,0,0,0,0,0,0,0,0
3.01006,0,0,0,0,0,0,0,0,0,0,0,0,0,0,0,0
3.02006,0,0,0,0,0,0,0,0,0,0,0,0,0,0,0,0
3.03006,0,0,0,0,0,0,0,0,0,0,0,0,0,0,0,0
3.04006,0,0,0,0,0,0,0,0,0,0,0,0,0,0,0,0
3.05006,0,0,0,0,0,0,0,0,0,0,0,0,0,0,0,0
3.06006,0,0,0,0,0,0,0,0,0,0,0,0,0,0,0,0
3.07006,0,0,0,0,0,0,0,0,0,0,0,0,0,0,0,0
3.08007,0,0,0,0,0,0,0,0,0,0,0,0,0,0,0,0
3.09006,0,0,0,0,0,0,0,0,0,0,0,0,0,0,0,0
3.10006,0,0,0,0,0,0,0,0,0,0,0,0,0,0,0,0
3.11006,0,0,0,0,0,0,0,0,0,0,0,0,0,0,0,0
3.12006,0,0,0,0,0,0,0,0,0,0,0,0,0,0,0,0
3.13006,0,0,0,0,0,0,0,0,0,0,0,0,0,0,0,0
3.14006,0,0,0,0,0,0,0,0,0,0,0,0,0,0,0,0
3.15006,0,0,0,0,0,0,0,0,0,0,0,0,0,0,0,0
3.16006,0,0,0,0,0,0,0,0,0,0,0,0,0,0,0,0
3.17006,0,0,0,0,0,0,0,0,0,0,0,0,0,0,0,0
3.18006,0,0,0,0,0,0,0,0,0,0,0,0,0,0,0,0
3.19006,0,0,0,0,0,0,0,0,0,0,0,0,0,0,0,0
3.20006,0,0,0,0,0,0,0,0,0,0,0,0,0,0,0,0
3.21006,0,0,0,0,0,0,0,0,0,0,0,0,0,0,0,0
3.22006,0,0,0,0,0,0,0,0,0,0,0,0,0,0,0,0
3.23006,0,0,0,0,0,0,0,0,0,0,0,0,0,0,0,0
3.24006,0,0,0,0,0,0,0,0,0,0,0,0,0,0,0,0
3.25006,0,0,0,0,0,0,0,0,0,0,0,0,0,0,0,0
3.26006,0,0,0,0,0,0,0,0,0,0,0,0,0,0,0,0
3.27006,0,0,0,0,0,0,0,0,0,0,0,0,0,0,0,0
3.28007,0,0,0,0,0,0,0,0,0,0,0,0,0,0,0,0
3.29006,0,0,0,0,0,0,0,0,0,0,0,0,0,0,0,0
3.30007,0,0,0,0,0,0,0,0,0,0,0,0,0,0,0,0
3.31006,0,0,0,0,0,0,0,0,0,0,0,0,0,0,0,0
3.32006,0,0,0,0,0,0,0,0,0,0,0,0,0,0,0,0
3.33006,0,0,0,0,0,0,0,0,0,0,0,0,0,0,0,0
3.34006,0,0,0,0,0,0,0,0,0,0,0,0,0,0,0,0
3.35006,0,0,0,0,0,0,0,0,0,0,0,0,0,0,0,0
3.36006,0,0,0,0,0,0,0,0,0,0,0,0,0,0,0,0
3.37006,0,0,0,0,0,0,0,0,0,0,0,0,0,0,0,0
3.38006,0,0,0,0,0,0,0,0,0,0,0,0,0,0,0,0
3.39006,0,0,0,0,0,0,0,0,0,0,0,0,0,0,0,0
3.40007,0,0,0,0,0,0,0,0,0,0,0,0,0,0,0,0
3.41006,0,0,0,0,0,0,0,0,0,0,0,0,0,0,0,0
3.42006,0,0,0,0,0,0,0,0,0,0,0,0,0,0,0,0
3.43006,0,0,0,0,0,0,0,0,0,0,0,0,0,0,0,0
3.44006,0,0,0,0,0,0,0,0,0,0,0,0,0,0,0,0
3.45006,0,0,0,0,0,0,0,0,0,0,0,0,0,0,0,0
3.46006,0,0,0,0,0,0,0,0,0,0,0,0,0,0,0,0
3.47006,0,0,0,0,0,0,0,0,0,0,0,0,0,0,0,0
3.48006,0,0,0,0,0,0,0,0,0,0,0,0,0,0,0,0
3.49006,0,0,0,0,0,0,0,0,0,0,0,0,0,0,0,0
3.50006,0,0,0,0,0,0,0,0,0,0,0,0,0,0,0,0
3.51006,0,0,0,0,0,0,0,0,0,0,0,0,0,0,0,0
3.52006,0,0,0,0,0,0,0,0,0,0,0,0,0,0,0,0
3.53007,0,0,0,0,0,0,0,0,0,0,0,0,0,0,0,0
3.54007,0,0,0,0,0,0,0,0,0,0,0,0,0,0,0,0
3.55007,0,0,0,0,0,0,0,0,0,0,0,0,0,0,0,0
3.56007,0,0,0,0,0,0,0,0,0,0,0,0,0,0,0,0
3.57006,0,0,0,0,0,0,0,0,0,0,0,0,0,0,0,0
3.58006,0,0,0,0,0,0,0,0,0,0,0,0,0,0,0,0
3.59007,0,0,0,0,0,0,0,0,0,0,0,0,0,0,0,0
3.60007,0,0,0,0,0,0,0,0,0,0,0,0,0,0,0,0
3.61006,0,0,0,0,0,0,0,0,0,0,0,0,0,0,0,0
3.62007,0,0,0,0,0,0,0,0,0,0,0,0,0,0,0,0
3.63006,0,0,0,0,0,0,0,0,0,0,0,0,0,0,0,0
3.64007,0,0,0,0,0,0,0,0,0,0,0,0,0,0,0,0
3.65006,0,0,0,0,0,0,0,0,0,0,0,0,0,0,0,0
3.66006,0,0,0,0,0,0,0,0,0,0,0,0,0,0,0,0
3.67006,0,0,0,0,0,0,0,0,0,0,0,0,0,0,0,0
3.68006,0,0,0,0,0,0,0,0,0,0,0,0,0,0,0,0
3.69006,0,0,0,0,0,0,0,0,0,0,0,0,0,0,0,0
3.70006,0,0,0,0,0,0,0,0,0,0,0,0,0,0,0,0
3.71006,0,0,0,0,0,0,0,0,0,0,0,0,0,0,0,0
3.72006,0,0,0,0,0,0,0,0,0,0,0,0,0,0,0,0
3.73006,0,0,0,0,0,0,0,0,0,0,0,0,0,0,0,0
3.74007,0,0,0,0,0,0,0,0,0,0,0,0,0,0,0,0
3.75006,0,0,0,0,0,0,0,0,0,0,0,0,0,0,0,0
3.76006,0,0,0,0,0,0,0,0,0,0,0,0,0,0,0,0
3.77006,0,0,0,0,0,0,0,0,0,0,0,0,0,0,0,0
3.78006,0,0,0,0,0,0,0,0,0,0,0,0,0,0,0,0
3.79006,0,0,0,0,0,0,0,0,0,0,0,0,0,0,0,0
3.80006,0,0,0,0,0,0,0,0,0,0,0,0,0,0,0,0
3.81006,0,0,0,0,0,0,0,0,0,0,0,0,0,0,0,0
3.82006,0,0,0,0,0,0,0,0,0,0,0,0,0,0,0,0
3.83006,0,0,0,0,0,0,0,0,0,0,0,0,0,0,0,0
3.84006,0,0,0,0,0,0,0,0,0,0,0,0,0,0,0,0
3.85006,0,0,0,0,0,0,0,0,0,0,0,0,0,0,0,0
3.86006,0,0,0,0,0,0,0,0,0,0,0,0,0,0,0,0
3.87006,0,0,0,0,0,0,0,0,0,0,0,0,0,0,0,0
3.88006,0,0,0,0,0,0,0,0,0,0,0,0,0,0,0,0
3.89006,0,0,0,0,0,0,0,0,0,0,0,0,0,0,0,0
3.90006,0,0,0,0,0,0,0,0,0,0,0,0,0,0,0,0
3.91006,0,0,0,0,0,0,0,0,0,0,0,0,0,0,0,0
3.92006,0,0,0,0,0,0,0,0,0,0,0,0,0,0,0,0
3.93006,0,0,0,0,0,0,0,0,0,0,0,0,0,0,0,0
3.94006,0,0,0,0,0,0,0,0,0,0,0,0,0,0,0,0
3.95006,0,0,0,0,0,0,0,0,0,0,0,0,0,0,0,0
3.96007,0,0,0,0,0,0,0,0,0,0,0,0,0,0,0,0
3.97006,0,0,0,0,0,0,0,0,0,0,0,0,0,0,0,0
3.98006,0,0,0,0,0,0,0,0,0,0,0,0,0,0,0,0
3.99006,0,0,0,0,0,0,0,0,0,0,0,0,0,0,0,0
4.00006,0,0,0,0,0,0,0,0,0,0,0,0,0,0,0,0
4.01006,0,0,0,0,0,0,0,0,0,0,0,0,0,0,0,0
4.02007,0,0,0,0,0,0,0,0,0,0,0,0,0,0,0,0
4.03006,0,0,0,0,0,0,0,0,0,0,0,0,0,0,0,0
4.04006,0,0,0,0,0,0,0,0,0,0,0,0,0,0,0,0
4.05006,0,0,0,0,0,0,0,0,0,0,0,0,0,0,0,0
4.06006,0,0,0,0,0,0,0,0,0,0,0,0,0,0,0,0
4.07006,0,0,0,0,0,0,0,0,0,0,0,0,0,0,0,0
4.08007,0,0,0,0,0,0,0,0,0,0,0,0,0,0,0,0
4.09006,0,0,0,0,0,0,0,0,0,0,0,0,0,0,0,0
4.10006,0,0,0,0,0,0,0,0,0,0,0,0,0,0,0,0
4.11006,0,0,0,0,0,0,0,0,0,0,0,0,0,0,0,0
4.12006,0,0,0,0,0,0,0,0,0,0,0,0,0,0,0,0
4.13006,0,0,0,0,0,0,0,0,0,0,0,0,0,0,0,0
4.14009,0,0,0,0,0,0,0,0,0,0,0,0,0,0,0,0
4.15008,0,0,0,0,0,0,0,0,0,0,0,0,0,0,0,0
4.16023,0,0,0,0,0,0,0,0,0,0,0,0,0,0,0,0
4.17008,0,0,0,0,0,0,0,0,0,0,0,0,0,0,0,0
4.18024,0,0,0,0,0,0,0,0,0,0,0,0,0,0,0,0
4.19008,0,0,0,0,0,0,0,0,0,0,0,0,0,0,0,0
4.20024,0,0,0,0,0,0,0,0,0,0,0,0,0,0,0,0
4.21008,0,0,0,0,0,0,0,0,0,0,0,0,0,0,0,0
4.22027,0,0,0,0,0,0,0,0,0,0,0,0,0,0,0,0
4.23008,0,0,0,0,0,0,0,0,0,0,0,0,0,0,0,0
4.24031,0,0,0,0,0,0,0,0,0,0,0,0,0,0,0,0
4.25008,0,0,0,0,0,0,0,0,0,0,0,0,0,0,0,0
4.26035,0,0,0,0,0,0,0,0,0,0,0,0,0,0,0,0
4.27008,0,0,0,0,0,0,0,0,0,0,0,0,0,0,0,0
4.28025,0,0,0,0,0,0,0,0,0,0,0,0,0,0,0,0
4.29008,0,0,0,0,0,0,0,0,0,0,0,0,0,0,0,0
4.30024,0,0,0,0,0,0,0,0,0,0,0,0,0,0,0,0
4.31007,0,0,0,0,0,0,0,0,0,0,0,0,0,0,0,0
4.32026,0,0,0,0,0,0,0,0,0,0,0,0,0,0,0,0
4.33008,0,0,0,0,0,0,0,0,0,0,0,0,0,0,0,0
4.34027,0,0,0,0,0,0,0,0,0,0,0,0,0,0,0,0
4.35008,0,0,0,0,0,0,0,0,0,0,0,0,0,0,0,0
4.36024,0,0,0,0,0,0,0,0,0,0,0,0,0,0,0,0
4.37008,0,0,0,0,0,0,0,0,0,0,0,0,0,0,0,0
4.38024,0,0,0,0,0,0,0,0,0,0,0,0,0,0,0,0
4.39008,0,0,0,0,0,0,0,0,0,0,0,0,0,0,0,0
4.40008,0,0,0,0,0,0,0,0,0,0,0,0,0,0,0,0
4.41008,0,0,0,0,0,0,0,0,0,0,0,0,0,0,0,0
4.42023,0,0,0,0,0,0,0,0,0,0,0,0,0,0,0,0
4.43008,0,0,0,0,0,0,0,0,0,0,0,0,0,0,0,0
4.44024,0,0,0,0,0,0,0,0,0,0,0,0,0,0,0,0
4.45008,0,0,0,0,0,0,0,0,0,0,0,0,0,0,0,0
4.46024,0,0,0,0,0,0,0,0,0,0,0,0,0,0,0,0
4.47008,0,0,0,0,0,0,0,0,0,0,0,0,0,0,0,0
4.48024,0,0,0,0,0,0,0,0,0,0,0,0,0,0,0,0
4.49008,0,0,0,0,0,0,0,0,0,0,0,0,0,0,0,0
4.50023,0,0,0,0,0,0,0,0,0,0,0,0,0,0,0,0
4.51008,0,0,0,0,0,0,0,0,0,0,0,0,0,0,0,0
4.52023,0,0,0,0,0,0,0,0,0,0,0,0,0,0,0,0
4.53008,0,0,0,0,0,0,0,0,0,0,0,0,0,0,0,0
4.54008,0,0,0,0,0,0,0,0,0,0,0,0,0,0,0,0
4.55008,0,0,0,0,0,0,0,0,0,0,0,0,0,0,0,0
4.56023,0,0,0,0,0,0,0,0,0,0,0,0,0,0,0,0
4.57008,0,0,0,0,0,0,0,0,0,0,0,0,0,0,0,0
4.58024,0,0,0,0,0,0,0,0,0,0,0,0,0,0,0,0
4.59008,0,0,0,0,0,0,0,0,0,0,0,0,0,0,0,0
4.60023,0,0,0,0,0,0,0,0,0,0,0,0,0,0,0,0
4.61007,0,0,0,0,0,0,0,0,0,0,0,0,0,0,0,0
4.62007,0,0,0,0,0,0,0,0,0,0,0,0,0,0,0,0
4.63006,0,0,0,0,0,0,0,0,0,0,0,0,0,0,0,0
4.64007,0,0,0,0,0,0,0,0,0,0,0,0,0,0,0,0
4.65006,0,0,0,0,0,0,0,0,0,0,0,0,0,0,0,0
4.66007,0,0,0,0,0,0,0,0,0,0,0,0,0,0,0,0
4.67006,0,0,0,0,0,0,0,0,0,0,0,0,0,0,0,0
4.68006,0,0,0,0,0,0,0,0,0,0,0,0,0,0,0,0
4.69006,0,0,0,0,0,0,0,0,0,0,0,0,0,0,0,0
4.70007,0,0,0,0,0,0,0,0,0,0,0,0,0,0,0,0
4.71006,0,0,0,0,0,0,0,0,0,0,0,0,0,0,0,0
4.72006,0,0,0,0,0,0,0,0,0,0,0,0,0,0,0,0
4.73006,0,0,0,0,0,0,0,0,0,0,0,0,0,0,0,0
4.74007,0,0,0,0,0,0,0,0,0,0,0,0,0,0,0,0
4.75006,0,0,0,0,0,0,0,0,0,0,0,0,0,0,0,0
4.76007,0,0,0,0,0,0,0,0,0,0,0,0,0,0,0,0
4.77006,0,0,0,0,0,0,0,0,0,0,0,0,0,0,0,0
4.78006,0,0,0,0,0,0,0,0,0,0,0,0,0,0,0,0
4.79006,0,0,0,0,0,0,0,0,0,0,0,0,0,0,0,0
4.80006,0,0,0,0,0,0,0,0,0,0,0,0,0,0,0,0
4.81006,0,0,0,0,0,0,0,0,0,0,0,0,0,0,0,0
4.82006,0,0,0,0,0,0,0,0,0,0,0,0,0,0,0,0
4.83006,0,0,0,0,0,0,0,0,0,0,0,0,0,0,0,0
4.84006,0,0,0,0,0,0,0,0,0,0,0,0,0,0,0,0
4.85006,0,0,0,0,0,0,0,0,0,0,0,0,0,0,0,0
4.86006,0,0,0,0,0,0,0,0,0,0,0,0,0,0,0,0
4.87006,0,0,0,0,0,0,0,0,0,0,0,0,0,0,0,0
4.88006,0,0,0,0,0,0,0,0,0,0,0,0,0,0,0,0
4.89006,0,0,0,0,0,0,0,0,0,0,0,0,0,0,0,0
4.90006,0,0,0,0,0,0,0,0,0,0,0,0,0,0,0,0
4.91006,0,0,0,0,0,0,0,0,0,0,0,0,0,0,0,0
4.92006,0,0,0,0,0,0,0,0,0,0,0,0,0,0,0,0
4.93006,0,0,0,0,0,0,0,0,0,0,0,0,0,0,0,0
4.94006,0,0,0,0,0,0,0,0,0,0,0,0,0,0,0,0
4.95006,0,0,0,0,0,0,0,0,0,0,0,0,0,0,0,0
4.96006,0,0,0,0,0,0,0,0,0,0,0,0,0,0,0,0
4.97006,0,0,0,0,0,0,0,0,0,0,0,0,0,0,0,0
4.98006,0,0,0,0,0,0,0,0,0,0,0,0,0,0,0,0
4.99006,0,0,0,0,0,0,0,0,0,0,0,0,0,0,0,0
5.00007,0,0,0,0,0,0,0,0,0,0,0,0,0,0,0,0
5.01006,0,0,0,0,0,0,0,0,0,0,0,0,0,0,0,0
5.02007,0,0,0,0,0,0,0,0,0,0,0,0,0,0,0,0
5.03006,0,0,0,0,0,0,0,0,0,0,0,0,0,0,0,0
5.04007,0,0,0,0,0,0,0,0,0,0,0,0,0,0,0,0
5.05008,0,0,0,0,0,0,0,0,0,0,0,0,0,0,0,0
5.06009,0,0,0,0,0,0,0,0,0,0,0,0,0,0,0,0
5.07008,0,0,0,0,0,0,0,0,0,0,0,0,0,0,0,0
5.08009,0,0,0,0,0,0,0,0,0,0,0,0,0,0,0,0
5.09008,0,0,0,0,0,0,0,0,0,0,0,0,0,0,0,0
5.10009,0,0,0,0,0,0,0,0,0,0,0,0,0,0,0,0
5.11008,0,0,0,0,0,0,0,0,0,0,0,0,0,0,0,0
5.12009,0,0,0,0,0,0,0,0,0,0,0,0,0,0,0,0
5.13008,0,0,0,0,0,0,0,0,0,0,0,0,0,0,0,0
5.14008,0,0,0,0,0,0,0,0,0,0,0,0,0,0,0,0
5.15008,0,0,0,0,0,0,0,0,0,0,0,0,0,0,0,0
5.16007,0,0,0,0,0,0,0,0,0,0,0,0,0,0,0,0
5.17009,0,0,0,0,0,0,0,0,0,0,0,0,0,0,0,0
5.18008,0,0,0,0,0,0,0,0,0,0,0,0,0,0,0,0
5.19008,0,0,0,0,0,0,0,0,0,0,0,0,0,0,0,0
5.20009,0,0,0,0,0,0,0,0,0,0,0,0,0,0,0,0
5.21008,0,0,0,0,0,0,0,0,0,0,0,0,0,0,0,0
5.22008,0,0,0,0,0,0,0,0,0,0,0,0,0,0,0,0
5.23008,0,0,0,0,0,0,0,0,0,0,0,0,0,0,0,0
5.24008,0,0,0,0,0,0,0,0,0,0,0,0,0,0,0,0
5.25008,0,0,0,0,0,0,0,0,0,0,0,0,0,0,0,0
5.26008,0,0,0,0,0,0,0,0,0,0,0,0,0,0,0,0
5.27008,0,0,0,0,0,0,0,0,0,0,0,0,0,0,0,0
5.28028,0,0,0,0,0,0,0,0,0,0,0,0,0,0,0,0
5.29008,0,0,0,0,0,0,0,0,0,0,0,0,0,0,0,0
5.3003,0,0,0,0,0,0,0,0,0,0,0,0,0,0,0,0
5.31008,0,0,0,0,0,0,0,0,0,0,0,0,0,0,0,0
5.32009,0,0,0,0,0,0,0,0,0,0,0,0,0,0,0,0
5.33008,0,0,0,0,0,0,0,0,0,0,0,0,0,0,0,0
5.34009,0,0,0,0,0,0,0,0,0,0,0,0,0,0,0,0
5.35008,0,0,0,0,0,0,0,0,0,0,0,0,0,0,0,0
5.36008,0,0,0,0,0,0,0,0,0,0,0,0,0,0,0,0
5.37008,0,0,0,0,0,0,0,0,0,0,0,0,0,0,0,0
5.38009,0,0,0,0,0,0,0,0,0,0,0,0,0,0,0,0
5.39008,0,0,0,0,0,0,0,0,0,0,0,0,0,0,0,0
5.40009,0,0,0,0,0,0,0,0,0,0,0,0,0,0,0,0
5.41008,0,0,0,0,0,0,0,0,0,0,0,0,0,0,0,0
5.42008,0,0,0,0,0,0,0,0,0,0,0,0,0,0,0,0
5.43008,0,0,0,0,0,0,0,0,0,0,0,0,0,0,0,0
5.44008,0,0,0,0,0,0,0,0,0,0,0,0,0,0,0,0
5.45007,0,0,0,0,0,0,0,0,0,0,0,0,0,0,0,0
5.46007,0,0,0,0,0,0,0,0,0,0,0,0,0,0,0,0
5.47006,0,0,0,0,0,0,0,0,0,0,0,0,0,0,0,0
5.48006,0,0,0,0,0,0,0,0,0,0,0,0,0,0,0,0
5.49006,0,0,0,0,0,0,0,0,0,0,0,0,0,0,0,0
5.50006,0,0,0,0,0,0,0,0,0,0,0,0,0,0,0,0
5.51006,0,0,0,0,0,0,0,0,0,0,0,0,0,0,0,0
5.52006,0,0,0,0,0,0,0,0,0,0,0,0,0,0,0,0
5.53006,0,0,0,0,0,0,0,0,0,0,0,0,0,0,0,0
5.54006,0,0,0,0,0,0,0,0,0,0,0,0,0,0,0,0
5.55006,0,0,0,0,0,0,0,0,0,0,0,0,0,0,0,0
5.56006,0,0,0,0,0,0,0,0,0,0,0,0,0,0,0,0
5.57006,0,0,0,0,0,0,0,0,0,0,0,0,0,0,0,0
5.58006,0,0,0,0,0,0,0,0,0,0,0,0,0,0,0,0
5.59006,0,0,0,0,0,0,0,0,0,0,0,0,0,0,0,0
5.60006,0,0,0,0,0,0,0,0,0,0,0,0,0,0,0,0
5.61006,0,0,0,0,0,0,0,0,0,0,0,0,0,0,0,0
5.62006,0,0,0,0,0,0,0,0,0,0,0,0,0,0,0,0
5.63006,0,0,0,0,0,0,0,0,0,0,0,0,0,0,0,0
5.64006,0,0,0,0,0,0,0,0,0,0,0,0,0,0,0,0
5.65006,0,0,0,0,0,0,0,0,0,0,0,0,0,0,0,0
5.66006,0,0,0,0,0,0,0,0,0,0,0,0,0,0,0,0
5.67006,0,0,0,0,0,0,0,0,0,0,0,0,0,0,0,0
5.68006,0,0,0,0,0,0,0,0,0,0,0,0,0,0,0,0
5.69006,0,0,0,0,0,0,0,0,0,0,0,0,0,0,0,0
5.70007,0,0,0,0,0,0,0,0,0,0,0,0,0,0,0,0
5.71006,0,0,0,0,0,0,0,0,0,0,0,0,0,0,0,0
5.72006,0,0,0,0,0,0,0,0,0,0,0,0,0,0,0,0
5.73006,0,0,0,0,0,0,0,0,0,0,0,0,0,0,0,0
5.74007,0,0,0,0,0,0,0,0,0,0,0,0,0,0,0,0
5.75006,0,0,0,0,0,0,0,0,0,0,0,0,0,0,0,0
5.76006,0,0,0,0,0,0,0,0,0,0,0,0,0,0,0,0
5.77006,0,0,0,0,0,0,0,0,0,0,0,0,0,0,0,0
5.78006,0,0,0,0,0,0,0,0,0,0,0,0,0,0,0,0
5.79006,0,0,0,0,0,0,0,0,0,0,0,0,0,0,0,0
5.80006,0,0,0,0,0,0,0,0,0,0,0,0,0,0,0,0
5.81006,0,0,0,0,0,0,0,0,0,0,0,0,0,0,0,0
5.82006,0,0,0,0,0,0,0,0,0,0,0,0,0,0,0,0
5.83006,0,0,0,0,0,0,0,0,0,0,0,0,0,0,0,0
5.84006,0,0,0,0,0,0,0,0,0,0,0,0,0,0,0,0
5.85006,0,0,0,0,0,0,0,0,0,0,0,0,0,0,0,0
5.86006,0,0,0,0,0,0,0,0,0,0,0,0,0,0,0,0
5.87007,0,0,0,0,0,0,0,0,0,0,0,0,0,0,0,0
5.88006,0,0,0,0,0,0,0,0,0,0,0,0,0,0,0,0
5.89006,0,0,0,0,0,0,0,0,0,0,0,0,0,0,0,0
5.90006,0,0,0,0,0,0,0,0,0,0,0,0,0,0,0,0
5.91006,0,0,0,0,0,0,0,0,0,0,0,0,0,0,0,0
5.92006,0,0,0,0,0,0,0,0,0,0,0,0,0,0,0,0
5.93006,0,0,0,0,0,0,0,0,0,0,0,0,0,0,0,0
5.94006,0,0,0,0,0,0,0,0,0,0,0,0,0,0,0,0
5.95006,0,0,0,0,0,0,0,0,0,0,0,0,0,0,0,0
5.96006,0,0,0,0,0,0,0,0,0,0,0,0,0,0,0,0
5.97007,0,0,0,0,0,0,0,0,0,0,0,0,0,0,0,0
5.98006,0,0,0,0,0,0,0,0,0,0,0,0,0,0,0,0
5.99006,0,0,0,0,0,0,0,0,0,0,0,0,0,0,0,0
6.00006,0,0,0,0,0,0,0,0,0,0,0,0,0,0,0,0
6.01006,0,0,0,0,0,0,0,0,0,0,0,0,0,0,0,0
6.02007,0,0,0,0,0,0,0,0,0,0,0,0,0,0,0,0
6.03006,0,0,0,0,0,0,0,0,0,0,0,0,0,0,0,0
6.04006,0,0,0,0,0,0,0,0,0,0,0,0,0,0,0,0
6.05006,0,0,0,0,0,0,0,0,0,0,0,0,0,0,0,0
6.06006,0,0,0,0,0,0,0,0,0,0,0,0,0,0,0,0
6.07006,0,0,0,0,0,0,0,0,0,0,0,0,0,0,0,0
6.08006,0,0,0,0,0,0,0,0,0,0,0,0,0,0,0,0
6.09006,0,0,0,0,0,0,0,0,0,0,0,0,0,0,0,0
6.10006,0,0,0,0,0,0,0,0,0,0,0,0,0,0,0,0
6.11006,0,0,0,0,0,0,0,0,0,0,0,0,0,0,0,0
6.12006,0,0,0,0,0,0,0,0,0,0,0,0,0,0,0,0
6.13006,0,0,0,0,0,0,0,0,0,0,0,0,0,0,0,0
6.14006,0,0,0,0,0,0,0,0,0,0,0,0,0,0,0,0
6.15006,0,0,0,0,0,0,0,0,0,0,0,0,0,0,0,0
6.16006,0,0,0,0,0,0,0,0,0,0,0,0,0,0,0,0
6.17006,0,0,0,0,0,0,0,0,0,0,0,0,0,0,0,0
6.18006,0,0,0,0,0,0,0,0,0,0,0,0,0,0,0,0
6.19006,0,0,0,0,0,0,0,0,0,0,0,0,0,0,0,0
6.20007,0,0,0,0,0,0,0,0,0,0,0,0,0,0,0,0
6.21006,0,0,0,0,0,0,0,0,0,0,0,0,0,0,0,0
6.22006,0,0,0,0,0,0,0,0,0,0,0,0,0,0,0,0
6.23006,0,0,0,0,0,0,0,0,0,0,0,0,0,0,0,0
6.24006,0,0,0,0,0,0,0,0,0,0,0,0,0,0,0,0
6.25006,0,0,0,0,0,0,0,0,0,0,0,0,0,0,0,0
6.26006,0,0,0,0,0,0,0,0,0,0,0,0,0,0,0,0
6.27006,0,0,0,0,0,0,0,0,0,0,0,0,0,0,0,0
6.28006,0,0,0,0,0,0,0,0,0,0,0,0,0,0,0,0
6.29006,0,0,0,0,0,0,0,0,0,0,0,0,0,0,0,0
6.30006,0,0,0,0,0,0,0,0,0,0,0,0,0,0,0,0
6.31008,0,0,0,0,0,0,0,0,0,0,0,0,0,0,0,0
6.32002,0,0,0,0,0,0,0,0,0,0,0,0,0,0,0,0
6.33006,0,0,0,0,0,0,0,0,0,0,0,0,0,0,0,0
6.34006,0,0,0,0,0,0,0,0,0,0,0,0,0,0,0,0
6.35006,0,0,0,0,0,0,0,0,0,0,0,0,0,0,0,0
6.36006,0,0,0,0,0,0,0,0,0,0,0,0,0,0,0,0
6.37006,0,0,0,0,0,0,0,0,0,0,0,0,0,0,0,0
6.38006,0,0,0,0,0,0,0,0,0,0,0,0,0,0,0,0
6.39006,0,0,0,0,0,0,0,0,0,0,0,0,0,0,0,0
6.40007,0,0,0,0,0,0,0,0,0,0,0,0,0,0,0,0
6.41006,0,0,0,0,0,0,0,0,0,0,0,0,0,0,0,0
6.42006,0,0,0,0,0,0,0,0,0,0,0,0,0,0,0,0
6.43006,0,0,0,0,0,0,0,0,0,0,0,0,0,0,0,0
6.44006,0,0,0,0,0,0,0,0,0,0,0,0,0,0,0,0
6.45006,0,0,0,0,0,0,0,0,0,0,0,0,0,0,0,0
6.46006,0,0,0,0,0,0,0,0,0,0,0,0,0,0,0,0
6.47006,0,0,0,0,0,0,0,0,0,0,0,0,0,0,0,0
6.48006,0,0,0,0,0,0,0,0,0,0,0,0,0,0,0,0
6.49006,0,0,0,0,0,0,0,0,0,0,0,0,0,0,0,0
6.50006,0,0,0,0,0,0,0,0,0,0,0,0,0,0,0,0
6.51006,0,0,0,0,0,0,0,0,0,0,0,0,0,0,0,0
6.52006,0,0,0,0,0,0,0,0,0,0,0,0,0,0,0,0
6.53006,0,0,0,0,0,0,0,0,0,0,0,0,0,0,0,0
6.54006,0,0,0,0,0,0,0,0,0,0,0,0,0,0,0,0
6.55006,0,0,0,0,0,0,0,0,0,0,0,0,0,0,0,0
6.56006,0,0,0,0,0,0,0,0,0,0,0,0,0,0,0,0
6.57006,0,0,0,0,0,0,0,0,0,0,0,0,0,0,0,0
6.58006,0,0,0,0,0,0,0,0,0,0,0,0,0,0,0,0
6.59007,0,0,0,0,0,0,0,0,0,0,0,0,0,0,0,0
6.60007,0,0,0,0,0,0,0,0,0,0,0,0,0,0,0,0
6.61006,0,0,0,0,0,0,0,0,0,0,0,0,0,0,0,0
6.62007,0,0,0,0,0,0,0,0,0,0,0,0,0,0,0,0
6.63006,0,0,0,0,0,0,0,0,0,0,0,0,0,0,0,0
6.64007,0,0,0,0,0,0,0,0,0,0,0,0,0,0,0,0
6.65006,0,0,0,0,0,0,0,0,0,0,0,0,0,0,0,0
6.66007,0,0,0,0,0,0,0,0,0,0,0,0,0,0,0,0
6.67002,0,0,0,0,0,0,0,0,0,0,0,0,0,0,0,0
6.68006,0,0,0,0,0,0,0,0,0,0,0,0,0,0,0,0
6.69006,0,0,0,0,0,0,0,0,0,0,0,0,0,0,0,0
6.70006,0,0,0,0,0,0,0,0,0,0,0,0,0,0,0,0
6.71006,0,0,0,0,0,0,0,0,0,0,0,0,0,0,0,0
6.72006,0,0,0,0,0,0,0,0,0,0,0,0,0,0,0,0
6.73007,0,0,0,0,0,0,0,0,0,0,0,0,0,0,0,0
6.74006,0,0,0,0,0,0,0,0,0,0,0,0,0,0,0,0
6.75006,0,0,0,0,0,0,0,0,0,0,0,0,0,0,0,0
6.76006,0,0,0,0,0,0,0,0,0,0,0,0,0,0,0,0
6.77007,0,0,0,0,0,0,0,0,0,0,0,0,0,0,0,0
6.78006,0,0,0,0,0,0,0,0,0,0,0,0,0,0,0,0
6.79006,0,0,0,0,0,0,0,0,0,0,0,0,0,0,0,0
6.80007,0,0,0,0,0,0,0,0,0,0,0,0,0,0,0,0
6.81006,0,0,0,0,0,0,0,0,0,0,0,0,0,0,0,0
6.82007,0,0,0,0,0,0,0,0,0,0,0,0,0,0,0,0
6.83006,0,0,0,0,0,0,0,0,0,0,0,0,0,0,0,0
6.84006,0,0,0,0,0,0,0,0,0,0,0,0,0,0,0,0
6.85006,0,0,0,0,0,0,0,0,0,0,0,0,0,0,0,0
6.86006,0,0,0,0,0,0,0,0,0,0,0,0,0,0,0,0
6.87006,0,0,0,0,0,0,0,0,0,0,0,0,0,0,0,0
6.88007,0,0,0,0,0,0,0,0,0,0,0,0,0,0,0,0
6.89006,0,0,0,0,0,0,0,0,0,0,0,0,0,0,0,0
6.90006,0,0,0,0,0,0,0,0,0,0,0,0,0,0,0,0
6.91006,0,0,0,0,0,0,0,0,0,0,0,0,0,0,0,0
6.92007,0,0,0,0,0,0,0,0,0,0,0,0,0,0,0,0
6.93007,0,0,0,0,0,0,0,0,0,0,0,0,0,0,0,0
6.94006,0,0,0,0,0,0,0,0,0,0,0,0,0,0,0,0
6.95006,0,0,0,0,0,0,0,0,0,0,0,0,0,0,0,0
6.96007,0,0,0,0,0,0,0,0,0,0,0,0,0,0,0,0
6.97006,0,0,0,0,0,0,0,0,0,0,0,0,0,0,0,0
6.98008,0,0,0,0,0,0,0,0,0,0,0,0,0,0,0,0
6.99006,0,0,0,0,0,0,0,0,0,0,0,0,0,0,0,0
7.00006,0,0,0,0,0,0,0,0,0,0,0,0,0,0,0,0
7.01006,0,0,0,0,0,0,0,0,0,0,0,0,0,0,0,0
7.02006,0,0,0,0,0,0,0,0,0,0,0,0,0,0,0,0
7.03006,0,0,0,0,0,0,0,0,0,0,0,0,0,0,0,0
7.04006,0,0,0,0,0,0,0,0,0,0,0,0,0,0,0,0
7.05006,0,0,0,0,0,0,0,0,0,0,0,0,0,0,0,0
7.06007,0,0,0,0,0,0,0,0,0,0,0,0,0,0,0,0
7.07006,0,0,0,0,0,0,0,0,0,0,0,0,0,0,0,0
7.08007,0,0,0,0,0,0,0,0,0,0,0,0,0,0,0,0
7.09006,0,0,0,0,0,0,0,0,0,0,0,0,0,0,0,0
7.10006,0,0,0,0,0,0,0,0,0,0,0,0,0,0,0,0
7.11006,0,0,0,0,0,0,0,0,0,0,0,0,0,0,0,0
7.12006,0,0,0,0,0,0,0,0,0,0,0,0,0,0,0,0
7.13006,0,0,0,0,0,0,0,0,0,0,0,0,0,0,0,0
7.14007,0,0,0,0,0,0,0,0,0,0,0,0,0,0,0,0
7.15006,0,0,0,0,0,0,0,0,0,0,0,0,0,0,0,0
7.16006,0,0,0,0,0,0,0,0,0,0,0,0,0,0,0,0
7.17006,0,0,0,0,0,0,0,0,0,0,0,0,0,0,0,0
7.18007,0,0,0,0,0,0,0,0,0,0,0,0,0,0,0,0
7.19006,0,0,0,0,0,0,0,0,0,0,0,0,0,0,0,0
7.20007,0,0,0,0,0,0,0,0,0,0,0,0,0,0,0,0
7.21006,0,0,0,0,0,0,0,0,0,0,0,0,0,0,0,0
7.22007,0,0,0,0,0,0,0,0,0,0,0,0,0,0,0,0
7.23006,0,0,0,0,0,0,0,0,0,0,0,0,0,0,0,0
7.24006,0,0,0,0,0,0,0,0,0,0,0,0,0,0,0,0
7.25006,0,0,0,0,0,0,0,0,0,0,0,0,0,0,0,0
7.26006,0,0,0,0,0,0,0,0,0,0,0,0,0,0,0,0
7.27006,0,0,0,0,0,0,0,0,0,0,0,0,0,0,0,0
7.28006,0,0,0,0,0,0,0,0,0,0,0,0,0,0,0,0
7.29006,0,0,0,0,0,0,0,0,0,0,0,0,0,0,0,0
7.30006,0,0,0,0,0,0,0,0,0,0,0,0,0,0,0,0
7.31006,0,0,0,0,0,0,0,0,0,0,0,0,0,0,0,0
7.32007,0,0,0,0,0,0,0,0,0,0,0,0,0,0,0,0
7.33006,0,0,0,0,0,0,0,0,0,0,0,0,0,0,0,0
7.34006,0,0,0,0,0,0,0,0,0,0,0,0,0,0,0,0
7.35006,0,0,0,0,0,0,0,0,0,0,0,0,0,0,0,0
7.36006,0,0,0,0,0,0,0,0,0,0,0,0,0,0,0,0
7.37006,0,0,0,0,0,0,0,0,0,0,0,0,0,0,0,0
7.38006,0,0,0,0,0,0,0,0,0,0,0,0,0,0,0,0
7.39006,0,0,0,0,0,0,0,0,0,0,0,0,0,0,0,0
7.40006,0,0,0,0,0,0,0,0,0,0,0,0,0,0,0,0
7.41006,0,0,0,0,0,0,0,0,0,0,0,0,0,0,0,0
7.42006,0,0,0,0,0,0,0,0,0,0,0,0,0,0,0,0
7.43006,0,0,0,0,0,0,0,0,0,0,0,0,0,0,0,0
7.44006,0,0,0,0,0,0,0,0,0,0,0,0,0,0,0,0
7.45006,0,0,0,0,0,0,0,0,0,0,0,0,0,0,0,0
7.46006,0,0,0,0,0,0,0,0,0,0,0,0,0,0,0,0
7.47006,0,0,0,0,0,0,0,0,0,0,0,0,0,0,0,0
7.48006,0,0,0,0,0,0,0,0,0,0,0,0,0,0,0,0
7.49008,0,0,0,0,0,0,0,0,0,0,0,0,0,0,0,0
7.50008,0,0,0,0,0,0,0,0,0,0,0,0,0,0,0,0
7.51008,0,0,0,0,0,0,0,0,0,0,0,0,0,0,0,0
7.52008,0,0,0,0,0,0,0,0,0,0,0,0,0,0,0,0
7.53008,0,0,0,0,0,0,0,0,0,0,0,0,0,0,0,0
7.54007,0,0,0,0,0,0,0,0,0,0,0,0,0,0,0,0
7.55008,0,0,0,0,0,0,0,0,0,0,0,0,0,0,0,0
7.56009,0,0,0,0,0,0,0,0,0,0,0,0,0,0,0,0
7.57006,0,0,0,0,0,0,0,0,0,0,0,0,0,0,0,0
7.58007,0,0,0,0,0,0,0,0,0,0,0,0,0,0,0,0
7.59006,0,0,0,0,0,0,0,0,0,0,0,0,0,0,0,0
7.60006,0,0,0,0,0,0,0,0,0,0,0,0,0,0,0,0
7.61006,0,0,0,0,0,0,0,0,0,0,0,0,0,0,0,0
7.62006,0,0,0,0,0,0,0,0,0,0,0,0,0,0,0,0
7.63006,0,0,0,0,0,0,0,0,0,0,0,0,0,0,0,0
7.64006,0,0,0,0,0,0,0,0,0,0,0,0,0,0,0,0
7.65006,0,0,0,0,0,0,0,0,0,0,0,0,0,0,0,0
7.66006,0,0,0,0,0,0,0,0,0,0,0,0,0,0,0,0
7.67006,0,0,0,0,0,0,0,0,0,0,0,0,0,0,0,0
7.68006,0,0,0,0,0,0,0,0,0,0,0,0,0,0,0,0
7.69006,0,0,0,0,0,0,0,0,0,0,0,0,0,0,0,0
7.70006,0,0,0,0,0,0,0,0,0,0,0,0,0,0,0,0
7.71006,0,0,0,0,0,0,0,0,0,0,0,0,0,0,0,0
7.72006,0,0,0,0,0,0,0,0,0,0,0,0,0,0,0,0
7.73006,0,0,0,0,0,0,0,0,0,0,0,0,0,0,0,0
7.74006,0,0,0,0,0,0,0,0,0,0,0,0,0,0,0,0
7.75006,0,0,0,0,0,0,0,0,0,0,0,0,0,0,0,0
7.76006,0,0,0,0,0,0,0,0,0,0,0,0,0,0,0,0
7.77006,0,0,0,0,0,0,0,0,0,0,0,0,0,0,0,0
7.78006,0,0,0,0,0,0,0,0,0,0,0,0,0,0,0,0
7.79006,0,0,0,0,0,0,0,0,0,0,0,0,0,0,0,0
7.80006,0,0,0,0,0,0,0,0,0,0,0,0,0,0,0,0
7.81006,0,0,0,0,0,0,0,0,0,0,0,0,0,0,0,0
7.82007,0,0,0,0,0,0,0,0,0,0,0,0,0,0,0,0
7.83006,0,0,0,0,0,0,0,0,0,0,0,0,0,0,0,0
7.84006,0,0,0,0,0,0,0,0,0,0,0,0,0,0,0,0
7.85006,0,0,0,0,0,0,0,0,0,0,0,0,0,0,0,0
7.86006,0,0,0,0,0,0,0,0,0,0,0,0,0,0,0,0
7.87006,0,0,0,0,0,0,0,0,0,0,0,0,0,0,0,0
7.88007,0,0,0,0,0,0,0,0,0,0,0,0,0,0,0,0
7.89006,0,0,0,0,0,0,0,0,0,0,0,0,0,0,0,0
7.90006,0,0,0,0,0,0,0,0,0,0,0,0,0,0,0,0
7.91006,0,0,0,0,0,0,0,0,0,0,0,0,0,0,0,0
7.92006,0,0,0,0,0,0,0,0,0,0,0,0,0,0,0,0
7.93006,0,0,0,0,0,0,0,0,0,0,0,0,0,0,0,0
7.94006,0,0,0,0,0,0,0,0,0,0,0,0,0,0,0,0
7.95006,0,0,0,0,0,0,0,0,0,0,0,0,0,0,0,0
7.96006,0,0,0,0,0,0,0,0,0,0,0,0,0,0,0,0
7.97006,0,0,0,0,0,0,0,0,0,0,0,0,0,0,0,0
7.98006,0,0,0,0,0,0,0,0,0,0,0,0,0,0,0,0
7.99006,0,0,0,0,0,0,0,0,0,0,0,0,0,0,0,0
8.00006,0,0,0,0,0,0,0,0,0,0,0,0,0,0,0,0
8.01006,0,0,0,0,0,0,0,0,0,0,0,0,0,0,0,0
8.02007,0,0,0,0,0,0,0,0,0,0,0,0,0,0,0,0
8.03006,0,0,0,0,0,0,0,0,0,0,0,0,0,0,0,0
8.04007,0,0,0,0,0,0,0,0,0,0,0,0,0,0,0,0
8.05006,0,0,0,0,0,0,0,0,0,0,0,0,0,0,0,0
8.06007,0,0,0,0,0,0,0,0,0,0,0,0,0,0,0,0
8.07006,0,0,0,0,0,0,0,0,0,0,0,0,0,0,0,0
8.08006,0,0,0,0,0,0,0,0,0,0,0,0,0,0,0,0
8.09006,0,0,0,0,0,0,0,0,0,0,0,0,0,0,0,0
8.10006,0,0,0,0,0,0,0,0,0,0,0,0,0,0,0,0
8.11006,0,0,0,0,0,0,0,0,0,0,0,0,0,0,0,0
8.12007,0,0,0,0,0,0,0,0,0,0,0,0,0,0,0,0
8.13006,0,0,0,0,0,0,0,0,0,0,0,0,0,0,0,0
8.14006,0,0,0,0,0,0,0,0,0,0,0,0,0,0,0,0
8.15006,0,0,0,0,0,0,0,0,0,0,0,0,0,0,0,0
8.16006,0,0,0,0,0,0,0,0,0,0,0,0,0,0,0,0
8.17006,0,0,0,0,0,0,0,0,0,0,0,0,0,0,0,0
8.18007,0,0,0,0,0,0,0,0,0,0,0,0,0,0,0,0
8.19006,0,0,0,0,0,0,0,0,0,0,0,0,0,0,0,0
8.20006,0,0,0,0,0,0,0,0,0,0,0,0,0,0,0,0
8.21006,0,0,0,0,0,0,0,0,0,0,0,0,0,0,0,0
8.22006,0,0,0,0,0,0,0,0,0,0,0,0,0,0,0,0
8.23006,0,0,0,0,0,0,0,0,0,0,0,0,0,0,0,0
8.24006,0,0,0,0,0,0,0,0,0,0,0,0,0,0,0,0
8.25006,0,0,0,0,0,0,0,0,0,0,0,0,0,0,0,0
8.26006,0,0,0,0,0,0,0,0,0,0,0,0,0,0,0,0
8.27006,0,0,0,0,0,0,0,0,0,0,0,0,0,0,0,0
8.28007,0,0,0,0,0,0,0,0,0,0,0,0,0,0,0,0
8.29006,0,0,0,0,0,0,0,0,0,0,0,0,0,0,0,0
8.30006,0,0,0,0,0,0,0,0,0,0,0,0,0,0,0,0
8.31006,0,0,0,0,0,0,0,0,0,0,0,0,0,0,0,0
8.32007,0,0,0,0,0,0,0,0,0,0,0,0,0,0,0,0
8.33006,0,0,0,0,0,0,0,0,0,0,0,0,0,0,0,0
8.34007,0,0,0,0,0,0,0,0,0,0,0,0,0,0,0,0
8.35007,0,0,0,0,0,0,0,0,0,0,0,0,0,0,0,0
8.36006,0,0,0,0,0,0,0,0,0,0,0,0,0,0,0,0
8.37006,0,0,0,0,0,0,0,0,0,0,0,0,0,0,0,0
8.38006,0,0,0,0,0,0,0,0,0,0,0,0,0,0,0,0
8.39006,0,0,0,0,0,0,0,0,0,0,0,0,0,0,0,0
8.40007,0,0,0,0,0,0,0,0,0,0,0,0,0,0,0,0
8.41006,0,0,0,0,0,0,0,0,0,0,0,0,0,0,0,0
8.42001,0,0,0,0,0,0,0,0,0,0,0,0,0,0,0,0
8.43006,0,0,0,0,0,0,0,0,0,0,0,0,0,0,0,0
8.44007,0,0,0,0,0,0,0,0,0,0,0,0,0,0,0,0
8.45006,0,0,0,0,0,0,0,0,0,0,0,0,0,0,0,0
8.46006,0,0,0,0,0,0,0,0,0,0,0,0,0,0,0,0
8.47006,0,0,0,0,0,0,0,0,0,0,0,0,0,0,0,0
8.48006,0,0,0,0,0,0,0,0,0,0,0,0,0,0,0,0
8.49006,0,0,0,0,0,0,0,0,0,0,0,0,0,0,0,0
8.50006,0,0,0,0,0,0,0,0,0,0,0,0,0,0,0,0
8.51006,0,0,0,0,0,0,0,0,0,0,0,0,0,0,0,0
8.52007,0,0,0,0,0,0,0,0,0,0,0,0,0,0,0,0
8.53006,0,0,0,0,0,0,0,0,0,0,0,0,0,0,0,0
8.54007,0,0,0,0,0,0,0,0,0,0,0,0,0,0,0,0
8.55006,0,0,0,0,0,0,0,0,0,0,0,0,0,0,0,0
8.56006,0,0,0,0,0,0,0,0,0,0,0,0,0,0,0,0
8.57006,0,0,0,0,0,0,0,0,0,0,0,0,0,0,0,0
8.58006,0,0,0,0,0,0,0,0,0,0,0,0,0,0,0,0
8.59006,0,0,0,0,0,0,0,0,0,0,0,0,0,0,0,0
8.60006,0,0,0,0,0,0,0,0,0,0,0,0,0,0,0,0
8.61006,0,0,0,0,0,0,0,0,0,0,0,0,0,0,0,0
8.62006,0,0,0,0,0,0,0,0,0,0,0,0,0,0,0,0
8.63006,0,0,0,0,0,0,0,0,0,0,0,0,0,0,0,0
8.64007,0,0,0,0,0,0,0,0,0,0,0,0,0,0,0,0
8.65006,0,0,0,0,0,0,0,0,0,0,0,0,0,0,0,0
8.66006,0,0,0,0,0,0,0,0,0,0,0,0,0,0,0,0
8.67006,0,0,0,0,0,0,0,0,0,0,0,0,0,0,0,0
8.68006,0,0,0,0,0,0,0,0,0,0,0,0,0,0,0,0
8.69006,0.068,0.068,0.068,0.068,0,0,0,0,0.068,0.068,0.068,0.068,0,0,0,0
8.70006,0.068,0.068,0.068,0.068,0,0,0,0,0.068,0.068,0.068,0.068,0,0,0,0
8.71006,0.068,0.068,0.068,0.068,0,0,0,0,0.068,0.068,0.068,0.068,0,0,0,0
8.72006,0.068,0.068,0.068,0.068,0,0,0,0,0.068,0.068,0.068,0.068,0,0,0,0
8.73006,0.04913,0.04913,0.04913,0.04913,0,0,0,0,0.04913,0.04913,0.04913,0.04913,0,0,0,0
8.74006,0.04913,0.04913,0.04913,0.04913,0,0,0,0,0.04913,0.04913,0.04913,0.04913,0,0,0,0
8.75006,0.04913,0.04913,0.04913,0.04913,0,0,0,0,0.04913,0.04913,0.04913,0.04913,0,0,0,0
8.76006,0.04913,0.04913,0.04913,0.04913,0,0,0,0,0.04913,0.04913,0.04913,0.04913,0,0,0,0
8.77006,0.04913,0.04913,0.04913,0.04913,0,0,0,0,0.04913,0.04913,0.04913,0.04913,0,0,0,0
8.78006,0.04913,0.04913,0.04913,0.04913,0,0,0,0,0.04913,0.04913,0.04913,0.04913,0,0,0,0
8.79006,0.0354964,0.0354964,0.0354964,0.0354964,0,0,0,0,0.0354964,0.0354964,0.0354964,0.0354964,0,0,0,0
8.80007,0.0354964,0.0354964,0.0354964,0.0354964,0,0,0,0,0.0354964,0.0354964,0.0354964,0.0354964,0,0,0,0
8.81006,0.0354964,0.0354964,0.0354964,0.0354964,0,0,0,0,0.0354964,0.0354964,0.0354964,0.0354964,0,0,0,0
8.82002,0.0354964,0.0354964,0.0354964,0.0354964,0,0,0,0,0.0354964,0.0354964,0.0354964,0.0354964,0,0,0,0
8.83006,0.0256462,0.0256462,0.0256462,0.0256462,0,0,0,0,0.0256462,0.0256462,0.0256462,0.0256462,0,0,0,0
8.84006,0.0256462,0.0256462,0.0256462,0.0256462,0,0,0,0,0.0256462,0.0256462,0.0256462,0.0256462,0,0,0,0
8.85006,0.0256462,0.0256462,0.0256462,0.0256462,0,0,0,0,0.0256462,0.0256462,0.0256462,0.0256462,0,0,0,0
8.86006,0.0256462,0.0256462,0.0256462,0.0256462,0,0,0,0,0.0256462,0.0256462,0.0256462,0.0256462,0,0,0,0
8.87006,0.0256462,0.0256462,0.0256462,0.0256462,0,0,0,0,0.0256462,0.0256462,0.0256462,0.0256462,0,0,0,0
8.88006,0.0256462,0.0256462,0.0256462,0.0256462,0,0,0,0,0.0256462,0.0256462,0.0256462,0.0256462,0,0,0,0
8.89006,0.0185294,0.0185294,0.0185294,0.0185294,0,0,0,0,0.0185294,0.0185294,0.0185294,0.0185294,0,0,0,0
8.90006,0.0185294,0.0185294,0.0185294,0.0185294,0,0,0,0,0.0185294,0.0185294,0.0185294,0.0185294,0,0,0,0
8.91006,0.0185294,0.0185294,0.0185294,0.0185294,0,0,0,0,0.0185294,0.0185294,0.0185294,0.0185294,0,0,0,0
8.92006,0.0185294,0.0185294,0.0185294,0.0185294,0,0,0,0,0.0185294,0.0185294,0.0185294,0.0185294,0,0,0,0
8.93006,0.0133875,0.0133875,0.0133875,0.0133875,0,0,0,0,0.0133875,0.0133875,0.0133875,0.0133875,0,0,0,0
8.94006,0.0133875,0.0133875,0.0133875,0.0133875,0,0,0,0,0.0133875,0.0133875,0.0133875,0.0133875,0,0,0,0
8.95006,0.0133875,0.0133875,0.0133875,0.0133875,0,0,0,0,0.0133875,0.0133875,0.0133875,0.0133875,0,0,0,0
8.96006,0.0133875,0.0133875,0.0133875,0.0133875,0,0,0,0,0.0133875,0.0133875,0.0133875,0.0133875,0,0,0,0
8.97006,0.0133875,0.0133875,0.0133875,0.0133875,0,0,0,0,0.0133875,0.0133875,0.0133875,0.0133875,0,0,0,0
8.98006,0.0133875,0.0133875,0.0133875,0.0133875,0,0,0,0,0.0133875,0.0133875,0.0133875,0.0133875,0,0,0,0
8.99006,0.00967244,0.00967244,0.00967244,0.00967244,0,0,0,0,0.00967244,0.00967244,0.00967244,0.00967244,0,0,0,0
9.00006,0.00967244,0.00967244,0.00967244,0.00967244,0,0,0,0,0.00967244,0.00967244,0.00967244,0.00967244,0,0,0,0
9.01006,0.00967244,0.00967244,0.00967244,0.00967244,0,0,0,0,0.00967244,0.00967244,0.00967244,0.00967244,0,0,0,0
9.02006,0.00967244,0.00967244,0.00967244,0.00967244,0,0,0,0,0.00967244,0.00967244,0.00967244,0.00967244,0,0,0,0
9.03006,0.00698834,0.00698834,0.00698834,0.00698834,0,0,0,0,0.00698834,0.00698834,0.00698834,0.00698834,0,0,0,0
9.04006,0.00698834,0.00698834,0.00698834,0.00698834,0,0,0,0,0.00698834,0.00698834,0.00698834,0.00698834,0,0,0,0
9.05006,0.00698834,0.00698834,0.00698834,0.00698834,0,0,0,0,0.00698834,0.00698834,0.00698834,0.00698834,0,0,0,0
9.06006,0.00698834,0.00698834,0.00698834,0.00698834,0,0,0,0,0.00698834,0.00698834,0.00698834,0.00698834,0,0,0,0
9.07006,0.00698834,0.00698834,0.00698834,0.00698834,0,0,0,0,0.00698834,0.00698834,0.00698834,0.00698834,0,0,0,0
9.08006,0,0,0,0,0,0,0,0,0,0,0,0,0,0,0,0
9.09006,0,0,0,0,0,0,0,0,0,0,0,0,0,0,0,0
9.10006,0,0,0,0,0,0,0,0,0,0,0,0,0,0,0,0
9.11006,0,0,0,0,0,0,0,0,0,0,0,0,0,0,0,0
9.12006,0,0,0,0,0,0,0,0,0,0,0,0,0,0,0,0
9.13006,0,0,0,0,0,0,0,0,0,0,0,0,0,0,0,0
9.14006,0,0,0,0,0,0,0,0,0,0,0,0,0,0,0,0
9.15006,0,0,0,0,0,0,0,0,0,0,0,0,0,0,0,0
9.16006,0,0,0,0,0,0,0,0,0,0,0,0,0,0,0,0
9.17006,0,0,0,0,0,0,0,0,0,0,0,0,0,0,0,0
9.18006,0,0,0,0,0,0,0,0,0,0,0,0,0,0,0,0
9.19006,0.163648,0.163648,0.163648,0.163648,0,0,0,0,0.163648,0.163648,0.163648,0.163648,0,0,0,0
9.20006,0.163648,0.163648,0.163648,0.163648,0,0,0,0,0.163648,0.163648,0.163648,0.163648,0,0,0,0
9.21006,0.163648,0.163648,0.163648,0.163648,0,0,0,0,0.163648,0.163648,0.163648,0.163648,0,0,0,0
9.22006,0.163648,0.163648,0.163648,0.163648,0,0,0,0,0.163648,0.163648,0.163648,0.163648,0,0,0,0
9.23006,0.207101,0.207101,0.207101,0.207101,0,0,0,0,0.207101,0.207101,0.207101,0.207101,0,0,0,0
9.24006,0.207101,0.207101,0.207101,0.207101,0,0,0,0,0.207101,0.207101,0.207101,0.207101,0,0,0,0
9.25003,0.207101,0.207101,0.207101,0.207101,0,0,0,0,0.207101,0.207101,0.207101,0.207101,0,0,0,0
9.26007,0.207101,0.207101,0.207101,0.207101,0,0,0,0,0.207101,0.207101,0.207101,0.207101,0,0,0,0
9.27006,0.207101,0.207101,0.207101,0.207101,0,0,0,0,0.207101,0.207101,0.207101,0.207101,0,0,0,0
9.28007,0.207101,0.207101,0.207101,0.207101,0,0,0,0,0.207101,0.207101,0.207101,0.207101,0,0,0,0
9.29006,0.244036,0.244036,0.244036,0.244036,0,0,0,0,0.244036,0.244036,0.244036,0.244036,0,0,0,0
9.30007,0.244036,0.244036,0.244036,0.244036,0,0,0,0,0.244036,0.244036,0.244036,0.244036,0,0,0,0
9.31006,0.244036,0.244036,0.244036,0.244036,0,0,0,0,0.244036,0.244036,0.244036,0.244036,0,0,0,0
9.32007,0.244036,0.244036,0.244036,0.244036,0,0,0,0,0.244036,0.244036,0.244036,0.244036,0,0,0,0
9.33006,0.404036,0.404036,0.404036,0.404036,0,0,0,0,0.404036,0.404036,0.404036,0.404036,0,0,0,0
9.34007,0.404036,0.404036,0.404036,0.404036,0,0,0,0,0.404036,0.404036,0.404036,0.404036,0,0,0,0
9.35006,0.404036,0.404036,0.404036,0.404036,0,0,0,0,0.404036,0.404036,0.404036,0.404036,0,0,0,0
9.36006,0.404036,0.404036,0.404036,0.404036,0,0,0,0,0.404036,0.404036,0.404036,0.404036,0,0,0,0
9.37006,0.404036,0.404036,0.404036,0.404036,0,0,0,0,0.404036,0.404036,0.404036,0.404036,0,0,0,0
9.38006,0.404036,0.404036,0.404036,0.404036,0,0,0,0,0.404036,0.404036,0.404036,0.404036,0,0,0,0
9.39007,0.564036,0.564036,0.564036,0.564036,0,0,0,0,0.564036,0.564036,0.564036,0.564036,0,0,0,0
9.40006,0.564036,0.564036,0.564036,0.564036,0,0,0,0,0.564036,0.564036,0.564036,0.564036,0,0,0,0
9.41006,0.564036,0.564036,0.564036,0.564036,0,0,0,0,0.564036,0.564036,0.564036,0.564036,0,0,0,0
9.42006,0.564036,0.564036,0.564036,0.564036,0,0,0,0,0.564036,0.564036,0.564036,0.564036,0,0,0,0
9.43006,0.55943,0.55943,0.55943,0.55943,0,0,0,0,0.55943,0.55943,0.55943,0.55943,0,0,0,0
9.44006,0.55943,0.55943,0.55943,0.55943,0,0,0,0,0.55943,0.55943,0.55943,0.55943,0,0,0,0
9.45006,0.55943,0.55943,0.55943,0.55943,0,0,0,0,0.55943,0.55943,0.55943,0.55943,0,0,0,0
9.46007,0.55943,0.55943,0.55943,0.55943,0,0,0,0,0.55943,0.55943,0.55943,0.55943,0,0,0,0
9.47006,0.55943,0.55943,0.55943,0.55943,0,0,0,0,0.55943,0.55943,0.55943,0.55943,0,0,0,0
9.48006,0.55943,0.55943,0.55943,0.55943,0,0,0,0,0.55943,0.55943,0.55943,0.55943,0,0,0,0
9.49006,0.71943,0.71943,0.71943,0.71943,0,0,0,0,0.71943,0.71943,0.71943,0.71943,0,0,0,0
9.50006,0.71943,0.71943,0.71943,0.71943,0,0,0,0,0.71943,0.71943,0.71943,0.71943,0,0,0,0
9.51006,0.71943,0.71943,0.71943,0.71943,0,0,0,0,0.71943,0.71943,0.71943,0.71943,0,0,0,0
9.52006,0.71943,0.71943,0.71943,0.71943,0,0,0,0,0.71943,0.71943,0.71943,0.71943,0,0,0,0
9.53006,0.679516,0.679516,0.679516,0.679516,0,0,0,0,0.679516,0.679516,0.679516,0.679516,0,0,0,0
9.54006,0.679516,0.679516,0.679516,0.679516,0,0,0,0,0.679516,0.679516,0.679516,0.679516,0,0,0,0
9.55006,0.679516,0.679516,0.679516,0.679516,0,0,0,0,0.679516,0.679516,0.679516,0.679516,0,0,0,0
9.56006,0.679516,0.679516,0.679516,0.679516,0,0,0,0,0.679516,0.679516,0.679516,0.679516,0,0,0,0
9.57006,0.679516,0.679516,0.679516,0.679516,0,0,0,0,0.679516,0.679516,0.679516,0.679516,0,0,0,0
9.58006,0.679516,0.679516,0.679516,0.679516,0,0,0,0,0.679516,0.679516,0.679516,0.679516,0,0,0,0
9.59006,0.645588,0.645588,0.645588,0.645588,0,0,0,0,0.645588,0.645588,0.645588,0.645588,0,0,0,0
9.60006,0.645588,0.645588,0.645588,0.645588,0,0,0,0,0.645588,0.645588,0.645588,0.645588,0,0,0,0
9.61006,0.645588,0.645588,0.645588,0.645588,0,0,0,0,0.645588,0.645588,0.645588,0.645588,0,0,0,0
9.62006,0.645588,0.645588,0.645588,0.645588,0,0,0,0,0.645588,0.645588,0.645588,0.645588,0,0,0,0
9.63006,0.805588,0.805588,0.805588,0.805588,0,0,0,0,0.805588,0.805588,0.805588,0.805588,0,0,0,0
9.64007,0.805588,0.805588,0.805588,0.805588,0,0,0,0,0.805588,0.805588,0.805588,0.805588,0,0,0,0
9.65006,0.805588,0.805588,0.805588,0.805588,0,0,0,0,0.805588,0.805588,0.805588,0.805588,0,0,0,0
9.66006,0.805588,0.805588,0.805588,0.805588,0,0,0,0,0.805588,0.805588,0.805588,0.805588,0,0,0,0
9.67006,0.805588,0.805588,0.805588,0.805588,0,0,0,0,0.805588,0.805588,0.805588,0.805588,0,0,0,0
9.68006,0.805588,0.805588,0.805588,0.805588,0,0,0,0,0.805588,0.805588,0.805588,0.805588,0,0,0,0
9.69007,0.965588,0.965588,0.965588,0.965588,0,0,0,0,0.965588,0.965588,0.965588,0.965588,0,0,0,0
9.70006,0.965588,0.965588,0.965588,0.965588,0,0,0,0,0.965588,0.965588,0.965588,0.965588,0,0,0,0
9.71006,0.965588,0.965588,0.965588,0.965588,0,0,0,0,0.965588,0.965588,0.965588,0.965588,0,0,0,0
9.72006,0.965588,0.965588,0.965588,0.965588,0,0,0,0,0.965588,0.965588,0.965588,0.965588,0,0,0,0
9.73002,0.90075,0.90075,0.90075,0.90075,0,0,0,0,0.90075,0.90075,0.90075,0.90075,0,0,0,0
9.74007,0.90075,0.90075,0.90075,0.90075,0,0,0,0,0.90075,0.90075,0.90075,0.90075,0,0,0,0
9.75006,0.90075,0.90075,0.90075,0.90075,0,0,0,0,0.90075,0.90075,0.90075,0.90075,0,0,0,0
9.76006,0.90075,0.90075,0.90075,0.90075,0,0,0,0,0.90075,0.90075,0.90075,0.90075,0,0,0,0
9.77006,0.90075,0.90075,0.90075,0.90075,0,0,0,0,0.90075,0.90075,0.90075,0.90075,0,0,0,0
9.78006,0.90075,0.90075,0.90075,0.90075,0,0,0,0,0.90075,0.90075,0.90075,0.90075,0,0,0,0
9.79007,1,1,1,1,0,0,0,0,1,1,1,1,0,0,0,0
9.80006,1,1,1,1,0,0,0,0,1,1,1,1,0,0,0,0
9.81006,1,1,1,1,0,0,0,0,1,1,1,1,0,0,0,0
9.82006,1,1,1,1,0,0,0,0,1,1,1,1,0,0,0,0
9.83006,0.85,0.85,0.85,0.85,0,0,0,0,0.85,0.85,0.85,0.85,0,0,0,0
9.84006,0.85,0.85,0.85,0.85,0,0,0,0,0.85,0.85,0.85,0.85,0,0,0,0
9.85006,0.85,0.85,0.85,0.85,0,0,0,0,0.85,0.85,0.85,0.85,0,0,0,0
9.86006,0.85,0.85,0.85,0.85,0,0,0,0,0.85,0.85,0.85,0.85,0,0,0,0
9.87006,0.85,0.85,0.85,0.85,0,0,0,0,0.85,0.85,0.85,0.85,0,0,0,0
9.88006,0.85,0.85,0.85,0.85,0,0,0,0,0.85,0.85,0.85,0.85,0,0,0,0
9.89006,0.7905,0.7905,0.7905,0.7905,0,0,0,0,0.7905,0.7905,0.7905,0.7905,0,0,0,0
9.90006,0.7905,0.7905,0.7905,0.7905,0,0,0,0,0.7905,0.7905,0.7905,0.7905,0,0,0,0
9.91006,0.7905,0.7905,0.7905,0.7905,0,0,0,0,0.7905,0.7905,0.7905,0.7905,0,0,0,0
9.92006,0.7905,0.7905,0.7905,0.7905,0,0,0,0,0.7905,0.7905,0.7905,0.7905,0,0,0,0
9.93006,0.9505,0.9505,0.9505,0.9505,0,0,0,0,0.9505,0.9505,0.9505,0.9505,0,0,0,0
9.94006,0.9505,0.9505,0.9505,0.9505,0,0,0,0,0.9505,0.9505,0.9505,0.9505,0,0,0,0
9.95006,0.9505,0.9505,0.9505,0.9505,0,0,0,0,0.9505,0.9505,0.9505,0.9505,0,0,0,0
9.96006,0.9505,0.9505,0.9505,0.9505,0,0,0,0,0.9505,0.9505,0.9505,0.9505,0,0,0,0
9.97006,0.9505,0.9505,0.9505,0.9505,0,0,0,0,0.9505,0.9505,0.9505,0.9505,0,0,0,0
9.98006,0.9505,0.9505,0.9505,0.9505,0,0,0,0,0.9505,0.9505,0.9505,0.9505,0,0,0,0
9.99006,1,1,1,1,0,0,0,0,1,1,1,1,0,0,0,0
10.0001,1,1,1,1,0,0,0,0,1,1,1,1,0,0,0,0
10.0101,1,1,1,1,0,0,0,0,1,1,1,1,0,0,0,0
10.0201,1,1,1,1,0,0,0,0,1,1,1,1,0,0,0,0
10.0301,0.782,0.918,0.918,0.782,0,0,0,0,0.782,0.918,0.918,0.782,0,0,0,0
10.0401,0.782,0.918,0.918,0.782,0,0,0,0,0.782,0.918,0.918,0.782,0,0,0,0
10.0501,0.782,0.918,0.918,0.782,0,0,0,0,0.782,0.918,0.918,0.782,0,0,0,0
10.0601,0.782,0.918,0.918,0.782,0,0,0,0,0.782,0.918,0.918,0.782,0,0,0,0
10.0701,0.782,0.918,0.918,0.782,0,0,0,0,0.782,0.918,0.918,0.782,0,0,0,0
10.0801,0.782,0.918,0.918,0.782,0,0,0,0,0.782,0.918,0.918,0.782,0,0,0,0
10.0901,0.564995,0.663255,0.663255,0.564995,0,0,0,0,0.564995,0.663255,0.663255,0.564995,0,0,0,0
10.1001,0.564995,0.663255,0.663255,0.564995,0,0,0,0,0.564995,0.663255,0.663255,0.564995,0,0,0,0
10.1101,0.564995,0.663255,0.663255,0.564995,0,0,0,0,0.564995,0.663255,0.663255,0.564995,0,0,0,0
10.1201,0.564995,0.663255,0.663255,0.564995,0,0,0,0,0.564995,0.663255,0.663255,0.564995,0,0,0,0
10.1301,0.408209,0.479202,0.479202,0.408209,0,0,0,0,0.408209,0.479202,0.479202,0.408209,0,0,0,0
10.1401,0.408209,0.479202,0.479202,0.408209,0,0,0,0,0.408209,0.479202,0.479202,0.408209,0,0,0,0
10.1501,0.408209,0.479202,0.479202,0.408209,0,0,0,0,0.408209,0.479202,0.479202,0.408209,0,0,0,0
10.1601,0.408209,0.479202,0.479202,0.408209,0,0,0,0,0.408209,0.479202,0.479202,0.408209,0,0,0,0
10.1701,0.408209,0.479202,0.479202,0.408209,0,0,0,0,0.408209,0.479202,0.479202,0.408209,0,0,0,0
10.1801,0.408209,0.479202,0.479202,0.408209,0,0,0,0,0.408209,0.479202,0.479202,0.408209,0,0,0,0
10.1901,0.294931,0.346223,0.346223,0.294931,0,0,0,0,0.294931,0.346223,0.346223,0.294931,0,0,0,0
10.2001,0.294931,0.346223,0.346223,0.294931,0,0,0,0,0.294931,0.346223,0.346223,0.294931,0,0,0,0
10.2101,0.294931,0.346223,0.346223,0.294931,0,0,0,0,0.294931,0.346223,0.346223,0.294931,0,0,0,0
10.2201,0.294931,0.346223,0.346223,0.294931,0,0,0,0,0.294931,0.346223,0.346223,0.294931,0,0,0,0
10.2301,0.213088,0.250146,0.250146,0.213088,0,0,0,0,0.213088,0.250146,0.250146,0.213088,0,0,0,0
10.24,0.213088,0.250146,0.250146,0.213088,0,0,0,0,0.213088,0.250146,0.250146,0.213088,0,0,0,0
10.2501,0.213088,0.250146,0.250146,0.213088,0,0,0,0,0.213088,0.250146,0.250146,0.213088,0,0,0,0
10.2601,0.213088,0.250146,0.250146,0.213088,0,0,0,0,0.213088,0.250146,0.250146,0.213088,0,0,0,0
10.2701,0.213088,0.250146,0.250146,0.213088,0,0,0,0,0.213088,0.250146,0.250146,0.213088,0,0,0,0
10.2801,0.213088,0.250146,0.250146,0.213088,0,0,0,0,0.213088,0.250146,0.250146,0.213088,0,0,0,0
10.2901,0.153956,0.180731,0.180731,0.153956,0,0,0,0,0.153956,0.180731,0.180731,0.153956,0,0,0,0
10.3001,0.153956,0.180731,0.180731,0.153956,0,0,0,0,0.153956,0.180731,0.180731,0.153956,0,0,0,0
10.3101,0.153956,0.180731,0.180731,0.153956,0,0,0,0,0.153956,0.180731,0.180731,0.153956,0,0,0,0
10.3201,0.153956,0.180731,0.180731,0.153956,0,0,0,0,0.153956,0.180731,0.180731,0.153956,0,0,0,0
10.3301,0.111233,0.130578,0.130578,0.111233,0,0,0,0,0.111233,0.130578,0.130578,0.111233,0,0,0,0
10.3401,0.111233,0.130578,0.130578,0.111233,0,0,0,0,0.111233,0.130578,0.130578,0.111233,0,0,0,0
10.3501,0.111233,0.130578,0.130578,0.111233,0,0,0,0,0.111233,0.130578,0.130578,0.111233,0,0,0,0
10.3601,0.111233,0.130578,0.130578,0.111233,0,0,0,0,0.111233,0.130578,0.130578,0.111233,0,0,0,0
10.3701,0.111233,0.130578,0.130578,0.111233,0,0,0,0,0.111233,0.130578,0.130578,0.111233,0,0,0,0
10.3801,0.111233,0.130578,0.130578,0.111233,0,0,0,0,0.111233,0.130578,0.130578,0.111233,0,0,0,0
10.3901,0.0803659,0.0943426,0.0943426,0.0803659,0,0,0,0,0.0803659,0.0943426,0.0943426,0.0803659,0,0,0,0
10.4001,0.0803659,0.0943426,0.0943426,0.0803659,0,0,0,0,0.0803659,0.0943426,0.0943426,0.0803659,0,0,0,0
10.4101,0.0803659,0.0943426,0.0943426,0.0803659,0,0,0,0,0.0803659,0.0943426,0.0943426,0.0803659,0,0,0,0
10.4201,0.0803659,0.0943426,0.0943426,0.0803659,0,0,0,0,0.0803659,0.0943426,0.0943426,0.0803659,0,0,0,0
10.4301,0.0580643,0.0681625,0.0681625,0.0580643,0,0,0,0,0.0580643,0.0681625,0.0681625,0.0580643,0,0,0,0
10.4401,0.0580643,0.0681625,0.0681625,0.0580643,0,0,0,0,0.0580643,0.0681625,0.0681625,0.0580643,0,0,0,0
10.4501,0.0580643,0.0681625,0.0681625,0.0580643,0,0,0,0,0.0580643,0.0681625,0.0681625,0.0580643,0,0,0,0
10.4601,0.0580643,0.0681625,0.0681625,0.0580643,0,0,0,0,0.0580643,0.0681625,0.0681625,0.0580643,0,0,0,0
10.4701,0.0580643,0.0681625,0.0681625,0.0580643,0,0,0,0,0.0580643,0.0681625,0.0681625,0.0580643,0,0,0,0
10.4801,0.0580643,0.0681625,0.0681625,0.0580643,0,0,0,0,0.0580643,0.0681625,0.0681625,0.0580643,0,0,0,0
10.4901,0.0419515,0.0492474,0.0492474,0.0419515,0,0,0,0,0.0419515,0.0492474,0.0492474,0.0419515,0,0,0,0
10.5001,0.0419515,0.0492474,0.0492474,0.0419515,0,0,0,0,0.0419515,0.0492474,0.0492474,0.0419515,0,0,0,0
10.5101,0.0419515,0.0492474,0.0492474,0.0419515,0,0,0,0,0.0419515,0.0492474,0.0492474,0.0419515,0,0,0,0
10.5201,0.0419515,0.0492474,0.0492474,0.0419515,0,0,0,0,0.0419515,0.0492474,0.0492474,0.0419515,0,0,0,0
10.5301,-0.118049,0.209247,0.209247,-0.118049,0,0,0,0,-0.118049,0.209247,0.209247,-0.118049,0,0,0,0
10.5401,-0.118049,0.209247,0.209247,-0.118049,0,0,0,0,-0.118049,0.209247,0.209247,-0.118049,0,0,0,0
10.5501,-0.118049,0.209247,0.209247,-0.118049,0,0,0,0,-0.118049,0.209247,0.209247,-0.118049,0,0,0,0
10.5601,-0.118049,0.209247,0.209247,-0.118049,0,0,0,0,-0.118049,0.209247,0.209247,-0.118049,0,0,0,0
10.5701,-0.118049,0.209247,0.209247,-0.118049,0,0,0,0,-0.118049,0.209247,0.209247,-0.118049,0,0,0,0
10.5801,-0.118049,0.209247,0.209247,-0.118049,0,0,0,0,-0.118049,0.209247,0.209247,-0.118049,0,0,0,0
10.5901,-0.278048,0.369247,0.369247,-0.278048,0,0,0,0,-0.278048,0.369247,0.369247,-0.278048,0,0,0,0
10.6001,-0.278048,0.369247,0.369247,-0.278048,0,0,0,0,-0.278048,0.369247,0.369247,-0.278048,0,0,0,0
10.6101,-0.278048,0.369247,0.369247,-0.278048,0,0,0,0,-0.278048,0.369247,0.369247,-0.278048,0,0,0,0
10.6201,-0.278048,0.369247,0.369247,-0.278048,0,0,0,0,-0.278048,0.369247,0.369247,-0.278048,0,0,0,0
10.6301,-0.316341,0.39386,0.39386,-0.316341,0,0,0,0,-0.316341,0.39386,0.39386,-0.316341,0,0,0,0
10.6401,-0.316341,0.39386,0.39386,-0.316341,0,0,0,0,-0.316341,0.39386,0.39386,-0.316341,0,0,0,0
10.6501,-0.316341,0.39386,0.39386,-0.316341,0,0,0,0,-0.316341,0.39386,0.39386,-0.316341,0,0,0,0
10.6601,-0.316341,0.39386,0.39386,-0.316341,0,0,0,0,-0.316341,0.39386,0.39386,-0.316341,0,0,0,0
10.6701,-0.316341,0.39386,0.39386,-0.316341,0,0,0,0,-0.316341,0.39386,0.39386,-0.316341,0,0,0,0
10.6801,-0.316341,0.39386,0.39386,-0.316341,0,0,0,0,-0.316341,0.39386,0.39386,-0.316341,0,0,0,0
10.6901,-0.476341,0.55386,0.55386,-0.476341,0,0,0,0,-0.476341,0.55386,0.55386,-0.476341,0,0,0,0
10.7001,-0.476341,0.55386,0.55386,-0.476341,0,0,0,0,-0.476341,0.55386,0.55386,-0.476341,0,0,0,0
10.7101,-0.476341,0.55386,0.55386,-0.476341,0,0,0,0,-0.476341,0.55386,0.55386,-0.476341,0,0,0,0
10.7201,-0.476341,0.55386,0.55386,-0.476341,0,0,0,0,-0.476341,0.55386,0.55386,-0.476341,0,0,0,0
10.7301,-0.48489,0.550781,0.550781,-0.48489,0,0,0,0,-0.48489,0.550781,0.550781,-0.48489,0,0,0,0
10.7401,-0.48489,0.550781,0.550781,-0.48489,0,0,0,0,-0.48489,0.550781,0.550781,-0.48489,0,0,0,0
10.7501,-0.48489,0.550781,0.550781,-0.48489,0,0,0,0,-0.48489,0.550781,0.550781,-0.48489,0,0,0,0
10.7601,-0.48489,0.550781,0.550781,-0.48489,0,0,0,0,-0.48489,0.550781,0.550781,-0.48489,0,0,0,0
10.7701,-0.48489,0.550781,0.550781,-0.48489,0,0,0,0,-0.48489,0.550781,0.550781,-0.48489,0,0,0,0
10.7801,-0.48489,0.550781,0.550781,-0.48489,0,0,0,0,-0.48489,0.550781,0.550781,-0.48489,0,0,0,0
10.7901,-0.64489,0.710781,0.710781,-0.64489,0,0,0,0,-0.64489,0.710781,0.710781,-0.64489,0,0,0,0
10.8001,-0.64489,0.710781,0.710781,-0.64489,0,0,0,0,-0.64489,0.710781,0.710781,-0.64489,0,0,0,0
10.8101,-0.64489,0.710781,0.710781,-0.64489,0,0,0,0,-0.64489,0.710781,0.710781,-0.64489,0,0,0,0
10.82,-0.64489,0.710781,0.710781,-0.64489,0,0,0,0,-0.64489,0.710781,0.710781,-0.64489,0,0,0,0
10.8301,-0.616157,0.672164,0.672164,-0.616157,0,0,0,0,-0.616157,0.672164,0.672164,-0.616157,0,0,0,0
10.8401,-0.616157,0.672164,0.672164,-0.616157,0,0,0,0,-0.616157,0.672164,0.672164,-0.616157,0,0,0,0
10.8501,-0.616157,0.672164,0.672164,-0.616157,0,0,0,0,-0.616157,0.672164,0.672164,-0.616157,0,0,0,0
10.8601,-0.616157,0.672164,0.672164,-0.616157,0,0,0,0,-0.616157,0.672164,0.672164,-0.616157,0,0,0,0
10.8701,-0.616157,0.672164,0.672164,-0.616157,0,0,0,0,-0.616157,0.672164,0.672164,-0.616157,0,0,0,0
10.8801,-0.616157,0.672164,0.672164,-0.616157,0,0,0,0,-0.616157,0.672164,0.672164,-0.616157,0,0,0,0
10.8901,-0.591733,0.639339,0.639339,-0.591733,0,0,0,0,-0.591733,0.639339,0.639339,-0.591733,0,0,0,0
10.9001,-0.591733,0.639339,0.639339,-0.591733,0,0,0,0,-0.591733,0.639339,0.639339,-0.591733,0,0,0,0
10.9101,-0.591733,0.639339,0.639339,-0.591733,0,0,0,0,-0.591733,0.639339,0.639339,-0.591733,0,0,0,0
10.9201,-0.591733,0.639339,0.639339,-0.591733,0,0,0,0,-0.591733,0.639339,0.639339,-0.591733,0,0,0,0
10.9301,-0.751733,0.799339,0.799339,-0.751733,0,0,0,0,-0.751733,0.799339,0.799339,-0.751733,0,0,0,0
10.9401,-0.751733,0.799339,0.799339,-0.751733,0,0,0,0,-0.751733,0.799339,0.799339,-0.751733,0,0,0,0
10.9501,-0.751733,0.799339,0.799339,-0.751733,0,0,0,0,-0.751733,0.799339,0.799339,-0.751733,0,0,0,0
10.9601,-0.751733,0.799339,0.799339,-0.751733,0,0,0,0,-0.751733,0.799339,0.799339,-0.751733,0,0,0,0
10.9701,-0.751733,0.799339,0.799339,-0.751733,0,0,0,0,-0.751733,0.799339,0.799339,-0.751733,0,0,0,0
10.9801,-0.751733,0.799339,0.799339,-0.751733,0,0,0,0,-0.751733,0.799339,0.799339,-0.751733,0,0,0,0
10.9901,-0.911733,0.959339,0.959339,-0.911733,0,0,0,0,-0.911733,0.959339,0.959339,-0.911733,0,0,0,0
11.0001,-0.911733,0.959339,0.959339,-0.911733,0,0,0,0,-0.911733,0.959339,0.959339,-0.911733,0,0,0,0
11.0101,-0.911733,0.959339,0.959339,-0.911733,0,0,0,0,-0.911733,0.959339,0.959339,-0.911733,0,0,0,0
11.0201,-0.911733,0.959339,0.959339,-0.911733,0,0,0,0,-0.911733,0.959339,0.959339,-0.911733,0,0,0,0
11.0301,-0.854973,0.895439,0.895439,-0.854973,0,0,0,0,-0.854973,0.895439,0.895439,-0.854973,0,0,0,0
11.04,-0.854973,0.895439,0.895439,-0.854973,0,0,0,0,-0.854973,0.895439,0.895439,-0.854973,0,0,0,0
11.0501,-0.854973,0.895439,0.895439,-0.854973,0,0,0,0,-0.854973,0.895439,0.895439,-0.854973,0,0,0,0
11.0601,-0.854973,0.895439,0.895439,-0.854973,0,0,0,0,-0.854973,0.895439,0.895439,-0.854973,0,0,0,0
11.0701,-0.854973,0.895439,0.895439,-0.854973,0,0,0,0,-0.854973,0.895439,0.895439,-0.854973,0,0,0,0
11.0801,-0.854973,0.895439,0.895439,-0.854973,0,0,0,0,-0.854973,0.895439,0.895439,-0.854973,0,0,0,0
11.0901,-0.979767,1,1,-0.979767,0,0,0,0,-0.979767,1,1,-0.979767,0,0,0,0
11.1001,-0.979767,1,1,-0.979767,0,0,0,0,-0.979767,1,1,-0.979767,0,0,0,0
11.1101,-0.979767,1,1,-0.979767,0,0,0,0,-0.979767,1,1,-0.979767,0,0,0,0
11.1201,-0.979767,1,1,-0.979767,0,0,0,0,-0.979767,1,1,-0.979767,0,0,0,0
11.1301,-0.832802,0.867198,0.867198,-0.832802,0,0,0,0,-0.832802,0.867198,0.867198,-0.832802,0,0,0,0
11.1401,-0.832802,0.867198,0.867198,-0.832802,0,0,0,0,-0.832802,0.867198,0.867198,-0.832802,0,0,0,0
11.1501,-0.832802,0.867198,0.867198,-0.832802,0,0,0,0,-0.832802,0.867198,0.867198,-0.832802,0,0,0,0
11.1601,-0.832802,0.867198,0.867198,-0.832802,0,0,0,0,-0.832802,0.867198,0.867198,-0.832802,0,0,0,0
11.1701,-0.832802,0.867198,0.867198,-0.832802,0,0,0,0,-0.832802,0.867198,0.867198,-0.832802,0,0,0,0
11.1801,-0.832802,0.867198,0.867198,-0.832802,0,0,0,0,-0.832802,0.867198,0.867198,-0.832802,0,0,0,0
11.1901,-0.707882,0.737118,0.737118,-0.707882,0,0,0,0,-0.707882,0.737118,0.737118,-0.707882,0,0,0,0
11.2001,-0.707882,0.737118,0.737118,-0.707882,0,0,0,0,-0.707882,0.737118,0.737118,-0.707882,0,0,0,0
11.2101,-0.707882,0.737118,0.737118,-0.707882,0,0,0,0,-0.707882,0.737118,0.737118,-0.707882,0,0,0,0
11.2201,-0.707882,0.737118,0.737118,-0.707882,0,0,0,0,-0.707882,0.737118,0.737118,-0.707882,0,0,0,0
11.2301,-0.511445,0.532568,0.532568,-0.511445,0,0,0,0,-0.511445,0.532568,0.532568,-0.511445,0,0,0,0
11.2401,-0.511445,0.532568,0.532568,-0.511445,0,0,0,0,-0.511445,0.532568,0.532568,-0.511445,0,0,0,0
11.2501,-0.511445,0.532568,0.532568,-0.511445,0,0,0,0,-0.511445,0.532568,0.532568,-0.511445,0,0,0,0
11.2601,-0.511445,0.532568,0.532568,-0.511445,0,0,0,0,-0.511445,0.532568,0.532568,-0.511445,0,0,0,0
11.2701,-0.511445,0.532568,0.532568,-0.511445,0,0,0,0,-0.511445,0.532568,0.532568,-0.511445,0,0,0,0
11.2801,-0.511445,0.532568,0.532568,-0.511445,0,0,0,0,-0.511445,0.532568,0.532568,-0.511445,0,0,0,0
11.2901,-0.369519,0.38478,0.38478,-0.369519,0,0,0,0,-0.369519,0.38478,0.38478,-0.369519,0,0,0,0
11.3001,-0.369519,0.38478,0.38478,-0.369519,0,0,0,0,-0.369519,0.38478,0.38478,-0.369519,0,0,0,0
11.3101,-0.369519,0.38478,0.38478,-0.369519,0,0,0,0,-0.369519,0.38478,0.38478,-0.369519,0,0,0,0
11.3201,-0.369519,0.38478,0.38478,-0.369519,0,0,0,0,-0.369519,0.38478,0.38478,-0.369519,0,0,0,0
11.3301,-0.266977,0.278004,0.278004,-0.266977,0,0,0,0,-0.266977,0.278004,0.278004,-0.266977,0,0,0,0
11.3401,-0.266977,0.278004,0.278004,-0.266977,0,0,0,0,-0.266977,0.278004,0.278004,-0.266977,0,0,0,0
11.3501,-0.266977,0.278004,0.278004,-0.266977,0,0,0,0,-0.266977,0.278004,0.278004,-0.266977,0,0,0,0
11.3601,-0.266977,0.278004,0.278004,-0.266977,0,0,0,0,-0.266977,0.278004,0.278004,-0.266977,0,0,0,0
11.3701,-0.266977,0.278004,0.278004,-0.266977,0,0,0,0,-0.266977,0.278004,0.278004,-0.266977,0,0,0,0
11.3801,-0.266977,0.278004,0.278004,-0.266977,0,0,0,0,-0.266977,0.278004,0.278004,-0.266977,0,0,0,0
11.3901,-0.192891,0.200858,0.200858,-0.192891,0,0,0,0,-0.192891,0.200858,0.200858,-0.192891,0,0,0,0
11.4001,-0.192891,0.200858,0.200858,-0.192891,0,0,0,0,-0.192891,0.200858,0.200858,-0.192891,0,0,0,0
11.4101,-0.192891,0.200858,0.200858,-0.192891,0,0,0,0,-0.192891,0.200858,0.200858,-0.192891,0,0,0,0
11.4201,-0.192891,0.200858,0.200858,-0.192891,0,0,0,0,-0.192891,0.200858,0.200858,-0.192891,0,0,0,0
11.4301,-0.139364,0.14512,0.14512,-0.139364,0,0,0,0,-0.139364,0.14512,0.14512,-0.139364,0,0,0,0
11.4401,-0.139364,0.14512,0.14512,-0.139364,0,0,0,0,-0.139364,0.14512,0.14512,-0.139364,0,0,0,0
11.4501,-0.139364,0.14512,0.14512,-0.139364,0,0,0,0,-0.139364,0.14512,0.14512,-0.139364,0,0,0,0
11.4601,-0.139364,0.14512,0.14512,-0.139364,0,0,0,0,-0.139364,0.14512,0.14512,-0.139364,0,0,0,0
11.4701,-0.139364,0.14512,0.14512,-0.139364,0,0,0,0,-0.139364,0.14512,0.14512,-0.139364,0,0,0,0
11.4801,-0.139364,0.14512,0.14512,-0.139364,0,0,0,0,-0.139364,0.14512,0.14512,-0.139364,0,0,0,0
11.4901,-0.10069,0.104849,0.104849,-0.10069,0,0,0,0,-0.10069,0.104849,0.104849,-0.10069,0,0,0,0
11.5001,-0.10069,0.104849,0.104849,-0.10069,0,0,0,0,-0.10069,0.104849,0.104849,-0.10069,0,0,0,0
11.5101,-0.10069,0.104849,0.104849,-0.10069,0,0,0,0,-0.10069,0.104849,0.104849,-0.10069,0,0,0,0
11.5201,-0.10069,0.104849,0.104849,-0.10069,0,0,0,0,-0.10069,0.104849,0.104849,-0.10069,0,0,0,0
11.5301,-0.0727488,0.0757534,0.0757534,-0.0727488,0,0,0,0,-0.0727488,0.0757534,0.0757534,-0.0727488,0,0,0,0
11.5401,-0.0727488,0.0757534,0.0757534,-0.0727488,0,0,0,0,-0.0727488,0.0757534,0.0757534,-0.0727488,0,0,0,0
11.5501,-0.0727488,0.0757534,0.0757534,-0.0727488,0,0,0,0,-0.0727488,0.0757534,0.0757534,-0.0727488,0,0,0,0
11.5601,-0.0727488,0.0757534,0.0757534,-0.0727488,0,0,0,0,-0.0727488,0.0757534,0.0757534,-0.0727488,0,0,0,0
11.5701,-0.0727488,0.0757534,0.0757534,-0.0727488,0,0,0,0,-0.0727488,0.0757534,0.0757534,-0.0727488,0,0,0,0
11.5801,-0.0727488,0.0757534,0.0757534,-0.0727488,0,0,0,0,-0.0727488,0.0757534,0.0757534,-0.0727488,0,0,0,0
11.5901,-0.052561,0.0547318,0.0547318,-0.052561,0,0,0,0,-0.052561,0.0547318,0.0547318,-0.052561,0,0,0,0
11.6001,-0.052561,0.0547318,0.0547318,-0.052561,0,0,0,0,-0.052561,0.0547318,0.0547318,-0.052561,0,0,0,0
11.6101,-0.052561,0.0547318,0.0547318,-0.052561,0,0,0,0,-0.052561,0.0547318,0.0547318,-0.052561,0,0,0,0
11.6201,-0.052561,0.0547318,0.0547318,-0.052561,0,0,0,0,-0.052561,0.0547318,0.0547318,-0.052561,0,0,0,0
11.6301,-0.0379753,0.0395437,0.0395437,-0.0379753,0,0,0,0,-0.0379753,0.0395437,0.0395437,-0.0379753,0,0,0,0
11.6401,-0.0379753,0.0395437,0.0395437,-0.0379753,0,0,0,0,-0.0379753,0.0395437,0.0395437,-0.0379753,0,0,0,0
11.6501,-0.0379753,0.0395437,0.0395437,-0.0379753,0,0,0,0,-0.0379753,0.0395437,0.0395437,-0.0379753,0,0,0,0
11.6601,-0.0379753,0.0395437,0.0395437,-0.0379753,0,0,0,0,-0.0379753,0.0395437,0.0395437,-0.0379753,0,0,0,0
11.6701,-0.0379753,0.0395437,0.0395437,-0.0379753,0,0,0,0,-0.0379753,0.0395437,0.0395437,-0.0379753,0,0,0,0
11.6801,-0.0379753,0.0395437,0.0395437,-0.0379753,0,0,0,0,-0.0379753,0.0395437,0.0395437,-0.0379753,0,0,0,0
11.6901,0.122025,-0.120456,-0.120456,0.122025,0,0,0,0,0.122025,-0.120456,-0.120456,0.122025,0,0,0,0
11.7001,0.122025,-0.120456,-0.120456,0.122025,0,0,0,0,0.122025,-0.120456,-0.120456,0.122025,0,0,0,0
11.7101,0.122025,-0.120456,-0.120456,0.122025,0,0,0,0,0.122025,-0.120456,-0.120456,0.122025,0,0,0,0
11.7201,0.122025,-0.120456,-0.120456,0.122025,0,0,0,0,0.122025,-0.120456,-0.120456,0.122025,0,0,0,0
11.7301,0.183721,-0.182388,-0.182388,0.183721,0,0,0,0,0.183721,-0.182388,-0.182388,0.183721,0,0,0,0
11.7401,0.183721,-0.182388,-0.182388,0.183721,0,0,0,0,0.183721,-0.182388,-0.182388,0.183721,0,0,0,0
11.7501,0.183721,-0.182388,-0.182388,0.183721,0,0,0,0,0.183721,-0.182388,-0.182388,0.183721,0,0,0,0
11.7601,0.183721,-0.182388,-0.182388,0.183721,0,0,0,0,0.183721,-0.182388,-0.182388,0.183721,0,0,0,0
11.7701,0.183721,-0.182388,-0.182388,0.183721,0,0,0,0,0.183721,-0.182388,-0.182388,0.183721,0,0,0,0
11.7801,0.183721,-0.182388,-0.182388,0.183721,0,0,0,0,0.183721,-0.182388,-0.182388,0.183721,0,0,0,0
11.7901,0.343721,-0.342388,-0.342388,0.343721,0,0,0,0,0.343721,-0.342388,-0.342388,0.343721,0,0,0,0
11.8001,0.343721,-0.342388,-0.342388,0.343721,0,0,0,0,0.343721,-0.342388,-0.342388,0.343721,0,0,0,0
11.8101,0.343721,-0.342388,-0.342388,0.343721,0,0,0,0,0.343721,-0.342388,-0.342388,0.343721,0,0,0,0
11.8201,0.343721,-0.342388,-0.342388,0.343721,0,0,0,0,0.343721,-0.342388,-0.342388,0.343721,0,0,0,0
11.8301,0.360163,-0.35903,-0.35903,0.360163,0,0,0,0,0.360163,-0.35903,-0.35903,0.360163,0,0,0,0
11.8401,0.360163,-0.35903,-0.35903,0.360163,0,0,0,0,0.360163,-0.35903,-0.35903,0.360163,0,0,0,0
11.8501,0.360163,-0.35903,-0.35903,0.360163,0,0,0,0,0.360163,-0.35903,-0.35903,0.360163,0,0,0,0
11.8601,0.360163,-0.35903,-0.35903,0.360163,0,0,0,0,0.360163,-0.35903,-0.35903,0.360163,0,0,0,0
11.8701,0.360163,-0.35903,-0.35903,0.360163,0,0,0,0,0.360163,-0.35903,-0.35903,0.360163,0,0,0,0
11.8801,0.360163,-0.35903,-0.35903,0.360163,0,0,0,0,0.360163,-0.35903,-0.35903,0.360163,0,0,0,0
11.8901,0.374138,-0.373175,-0.373175,0.374138,0,0,0,0,0.374138,-0.373175,-0.373175,0.374138,0,0,0,0
11.9001,0.374138,-0.373175,-0.373175,0.374138,0,0,0,0,0.374138,-0.373175,-0.373175,0.374138,0,0,0,0
11.9101,0.374138,-0.373175,-0.373175,0.374138,0,0,0,0,0.374138,-0.373175,-0.373175,0.374138,0,0,0,0
11.9201,0.374138,-0.373175,-0.373175,0.374138,0,0,0,0,0.374138,-0.373175,-0.373175,0.374138,0,0,0,0
11.9301,0.534138,-0.533175,-0.533175,0.534138,0,0,0,0,0.534138,-0.533175,-0.533175,0.534138,0,0,0,0
11.9401,0.534138,-0.533175,-0.533175,0.534138,0,0,0,0,0.534138,-0.533175,-0.533175,0.534138,0,0,0,0
11.9501,0.534138,-0.533175,-0.533175,0.534138,0,0,0,0,0.534138,-0.533175,-0.533175,0.534138,0,0,0,0
11.9601,0.534138,-0.533175,-0.533175,0.534138,0,0,0,0,0.534138,-0.533175,-0.533175,0.534138,0,0,0,0
11.9701,0.534138,-0.533175,-0.533175,0.534138,0,0,0,0,0.534138,-0.533175,-0.533175,0.534138,0,0,0,0
11.9801,0.534138,-0.533175,-0.533175,0.534138,0,0,0,0,0.534138,-0.533175,-0.533175,0.534138,0,0,0,0
11.9901,0.694138,-0.693175,-0.693175,0.694138,0,0,0,0,0.694138,-0.693175,-0.693175,0.694138,0,0,0,0
12.0001,0.694138,-0.693175,-0.693175,0.694138,0,0,0,0,0.694138,-0.693175,-0.693175,0.694138,0,0,0,0
12.0101,0.694138,-0.693175,-0.693175,0.694138,0,0,0,0,0.694138,-0.693175,-0.693175,0.694138,0,0,0,0
12.0201,0.694138,-0.693175,-0.693175,0.694138,0,0,0,0,0.694138,-0.693175,-0.693175,0.694138,0,0,0,0
12.0301,0.670018,-0.669199,-0.669199,0.670018,0,0,0,0,0.670018,-0.669199,-0.669199,0.670018,0,0,0,0
12.0401,0.670018,-0.669199,-0.669199,0.670018,0,0,0,0,0.670018,-0.669199,-0.669199,0.670018,0,0,0,0
12.0501,0.670018,-0.669199,-0.669199,0.670018,0,0,0,0,0.670018,-0.669199,-0.669199,0.670018,0,0,0,0
12.0601,0.670018,-0.669199,-0.669199,0.670018,0,0,0,0,0.670018,-0.669199,-0.669199,0.670018,0,0,0,0
12.0701,0.670018,-0.669199,-0.669199,0.670018,0,0,0,0,0.670018,-0.669199,-0.669199,0.670018,0,0,0,0
12.0801,0.670018,-0.669199,-0.669199,0.670018,0,0,0,0,0.670018,-0.669199,-0.669199,0.670018,0,0,0,0
12.0901,0.830018,-0.829199,-0.829199,0.830018,0,0,0,0,0.830018,-0.829199,-0.829199,0.830018,0,0,0,0
12.1001,0.830018,-0.829199,-0.829199,0.830018,0,0,0,0,0.830018,-0.829199,-0.829199,0.830018,0,0,0,0
12.1101,0.830018,-0.829199,-0.829199,0.830018,0,0,0,0,0.830018,-0.829199,-0.829199,0.830018,0,0,0,0
12.1201,0.830018,-0.829199,-0.829199,0.830018,0,0,0,0,0.830018,-0.829199,-0.829199,0.830018,0,0,0,0
12.1301,0.773515,-0.772819,-0.772819,0.773515,0,0,0,0,0.773515,-0.772819,-0.772819,0.773515,0,0,0,0
12.1401,0.773515,-0.772819,-0.772819,0.773515,0,0,0,0,0.773515,-0.772819,-0.772819,0.773515,0,0,0,0
12.1501,0.773515,-0.772819,-0.772819,0.773515,0,0,0,0,0.773515,-0.772819,-0.772819,0.773515,0,0,0,0
12.1601,0.773515,-0.772819,-0.772819,0.773515,0,0,0,0,0.773515,-0.772819,-0.772819,0.773515,0,0,0,0
12.1701,0.773515,-0.772819,-0.772819,0.773515,0,0,0,0,0.773515,-0.772819,-0.772819,0.773515,0,0,0,0
12.1801,0.773515,-0.772819,-0.772819,0.773515,0,0,0,0,0.773515,-0.772819,-0.772819,0.773515,0,0,0,0
12.1901,0.725488,-0.724896,-0.724896,0.725488,0,0,0,0,0.725488,-0.724896,-0.724896,0.725488,0,0,0,0
12.2001,0.725488,-0.724896,-0.724896,0.725488,0,0,0,0,0.725488,-0.724896,-0.724896,0.725488,0,0,0,0
12.2101,0.725488,-0.724896,-0.724896,0.725488,0,0,0,0,0.725488,-0.724896,-0.724896,0.725488,0,0,0,0
12.2201,0.725488,-0.724896,-0.724896,0.725488,0,0,0,0,0.725488,-0.724896,-0.724896,0.725488,0,0,0,0
12.2301,0.885488,-0.884896,-0.884896,0.885488,0,0,0,0,0.885488,-0.884896,-0.884896,0.885488,0,0,0,0
12.2401,0.885488,-0.884896,-0.884896,0.885488,0,0,0,0,0.885488,-0.884896,-0.884896,0.885488,0,0,0,0
12.2501,0.885488,-0.884896,-0.884896,0.885488,0,0,0,0,0.885488,-0.884896,-0.884896,0.885488,0,0,0,0
12.2601,0.885488,-0.884896,-0.884896,0.885488,0,0,0,0,0.885488,-0.884896,-0.884896,0.885488,0,0,0,0
12.2701,0.885488,-0.884896,-0.884896,0.885488,0,0,0,0,0.885488,-0.884896,-0.884896,0.885488,0,0,0,0
12.2801,0.885488,-0.884896,-0.884896,0.885488,0,0,0,0,0.885488,-0.884896,-0.884896,0.885488,0,0,0,0
12.2901,1,-0.999704,-0.999704,1,0,0,0,0,1,-0.999704,-0.999704,1,0,0,0,0
12.3001,1,-0.999704,-0.999704,1,0,0,0,0,1,-0.999704,-0.999704,1,0,0,0,0
12.3101,1,-0.999704,-0.999704,1,0,0,0,0,1,-0.999704,-0.999704,1,0,0,0,0
12.3201,1,-0.999704,-0.999704,1,0,0,0,0,1,-0.999704,-0.999704,1,0,0,0,0
12.3301,0.930251,-0.929749,-0.929749,0.930251,0,0,0,0,0.930251,-0.929749,-0.929749,0.930251,0,0,0,0
12.3401,0.930251,-0.929749,-0.929749,0.930251,0,0,0,0,0.930251,-0.929749,-0.929749,0.930251,0,0,0,0
12.3501,0.930251,-0.929749,-0.929749,0.930251,0,0,0,0,0.930251,-0.929749,-0.929749,0.930251,0,0,0,0
12.3601,0.930251,-0.929749,-0.929749,0.930251,0,0,0,0,0.930251,-0.929749,-0.929749,0.930251,0,0,0,0
12.3701,0.930251,-0.929749,-0.929749,0.930251,0,0,0,0,0.930251,-0.929749,-0.929749,0.930251,0,0,0,0
12.3801,0.930251,-0.929749,-0.929749,0.930251,0,0,0,0,0.930251,-0.929749,-0.929749,0.930251,0,0,0,0
12.3901,1,-0.999749,-0.999749,1,0,0,0,0,1,-0.999749,-0.999749,1,0,0,0,0
12.4001,1,-0.999749,-0.999749,1,0,0,0,0,1,-0.999749,-0.999749,1,0,0,0,0
12.4101,1,-0.999749,-0.999749,1,0,0,0,0,1,-0.999749,-0.999749,1,0,0,0,0
12.4201,1,-0.999749,-0.999749,1,0,0,0,0,1,-0.999749,-0.999749,1,0,0,0,0
12.4301,0.850214,-0.849786,-0.849786,0.850214,0,0,0,0,0.850214,-0.849786,-0.849786,0.850214,0,0,0,0
12.4401,0.850214,-0.849786,-0.849786,0.850214,0,0,0,0,0.850214,-0.849786,-0.849786,0.850214,0,0,0,0
12.4501,0.850214,-0.849786,-0.849786,0.850214,0,0,0,0,0.850214,-0.849786,-0.849786,0.850214,0,0,0,0
12.4601,0.850214,-0.849786,-0.849786,0.850214,0,0,0,0,0.850214,-0.849786,-0.849786,0.850214,0,0,0,0
12.4701,0.850214,-0.849786,-0.849786,0.850214,0,0,0,0,0.850214,-0.849786,-0.849786,0.850214,0,0,0,0
12.4801,0.850214,-0.849786,-0.849786,0.850214,0,0,0,0,0.850214,-0.849786,-0.849786,0.850214,0,0,0,0
12.4901,0.790682,-0.790318,-0.790318,0.790682,0,0,0,0,0.790682,-0.790318,-0.790318,0.790682,0,0,0,0
12.5001,0.790682,-0.790318,-0.790318,0.790682,0,0,0,0,0.790682,-0.790318,-0.790318,0.790682,0,0,0,0
12.5101,0.790682,-0.790318,-0.790318,0.790682,0,0,0,0,0.790682,-0.790318,-0.790318,0.790682,0,0,0,0
12.52,0.790682,-0.790318,-0.790318,0.790682,0,0,0,0,0.790682,-0.790318,-0.790318,0.790682,0,0,0,0
12.5301,0.950682,-0.950318,-0.950318,0.950682,0,0,0,0,0.950682,-0.950318,-0.950318,0.950682,0,0,0,0
12.5401,0.950682,-0.950318,-0.950318,0.950682,0,0,0,0,0.950682,-0.950318,-0.950318,0.950682,0,0,0,0
12.5501,0.950682,-0.950318,-0.950318,0.950682,0,0,0,0,0.950682,-0.950318,-0.950318,0.950682,0,0,0,0
12.5601,0.950682,-0.950318,-0.950318,0.950682,0,0,0,0,0.950682,-0.950318,-0.950318,0.950682,0,0,0,0
12.5701,0.950682,-0.950318,-0.950318,0.950682,0,0,0,0,0.950682,-0.950318,-0.950318,0.950682,0,0,0,0
12.5801,0.950682,-0.950318,-0.950318,0.950682,0,0,0,0,0.950682,-0.950318,-0.950318,0.950682,0,0,0,0
12.5901,1,-0.999818,-0.999818,1,0,0,0,0,1,-0.999818,-0.999818,1,0,0,0,0
12.6001,1,-0.999818,-0.999818,1,0,0,0,0,1,-0.999818,-0.999818,1,0,0,0,0
12.6101,1,-0.999818,-0.999818,1,0,0,0,0,1,-0.999818,-0.999818,1,0,0,0,0
12.6201,1,-0.999818,-0.999818,1,0,0,0,0,1,-0.999818,-0.999818,1,0,0,0,0
12.6301,0.930154,-0.929846,-0.929846,0.930154,0,0,0,0,0.930154,-0.929846,-0.929846,0.930154,0,0,0,0
12.6401,0.930154,-0.929846,-0.929846,0.930154,0,0,0,0,0.930154,-0.929846,-0.929846,0.930154,0,0,0,0
12.6501,0.930154,-0.929846,-0.929846,0.930154,0,0,0,0,0.930154,-0.929846,-0.929846,0.930154,0,0,0,0
12.6601,0.930154,-0.929846,-0.929846,0.930154,0,0,0,0,0.930154,-0.929846,-0.929846,0.930154,0,0,0,0
12.6701,0.930154,-0.929846,-0.929846,0.930154,0,0,0,0,0.930154,-0.929846,-0.929846,0.930154,0,0,0,0
12.6801,0.930154,-0.929846,-0.929846,0.930154,0,0,0,0,0.930154,-0.929846,-0.929846,0.930154,0,0,0,0
12.6901,1,-0.999846,-0.999846,1,0,0,0,0,1,-0.999846,-0.999846,1,0,0,0,0
12.7001,1,-0.999846,-0.999846,1,0,0,0,0,1,-0.999846,-0.999846,1,0,0,0,0
12.7101,1,-0.999846,-0.999846,1,0,0,0,0,1,-0.999846,-0.999846,1,0,0,0,0
12.7201,1,-0.999846,-0.999846,1,0,0,0,0,1,-0.999846,-0.999846,1,0,0,0,0
12.7301,0.850131,-0.849869,-0.849869,0.850131,0,0,0,0,0.850131,-0.849869,-0.849869,0.850131,0,0,0,0
12.7401,0.850131,-0.849869,-0.849869,0.850131,0,0,0,0,0.850131,-0.849869,-0.849869,0.850131,0,0,0,0
12.7501,0.850131,-0.849869,-0.849869,0.850131,0,0,0,0,0.850131,-0.849869,-0.849869,0.850131,0,0,0,0
12.7601,0.850131,-0.849869,-0.849869,0.850131,0,0,0,0,0.850131,-0.849869,-0.849869,0.850131,0,0,0,0
12.7701,0.850131,-0.849869,-0.849869,0.850131,0,0,0,0,0.850131,-0.849869,-0.849869,0.850131,0,0,0,0
12.7801,0.850131,-0.849869,-0.849869,0.850131,0,0,0,0,0.850131,-0.849869,-0.849869,0.850131,0,0,0,0
12.7901,1,-0.999869,-0.999869,1,0,0,0,0,1,-0.999869,-0.999869,1,0,0,0,0
12.8001,1,-0.999869,-0.999869,1,0,0,0,0,1,-0.999869,-0.999869,1,0,0,0,0
12.8101,1,-0.999869,-0.999869,1,0,0,0,0,1,-0.999869,-0.999869,1,0,0,0,0
12.8201,1,-0.999869,-0.999869,1,0,0,0,0,1,-0.999869,-0.999869,1,0,0,0,0
12.8301,1,-0.999869,-0.999869,1,0,0,0,0,1,-0.999869,-0.999869,1,0,0,0,0
12.8401,1,-0.999869,-0.999869,1,0,0,0,0,1,-0.999869,-0.999869,1,0,0,0,0
12.8501,1,-0.999869,-0.999869,1,0,0,0,0,1,-0.999869,-0.999869,1,0,0,0,0
12.8601,1,-0.999869,-0.999869,1,0,0,0,0,1,-0.999869,-0.999869,1,0,0,0,0
12.8701,1,-0.999869,-0.999869,1,0,0,0,0,1,-0.999869,-0.999869,1,0,0,0,0
12.8801,1,-0.999869,-0.999869,1,0,0,0,0,1,-0.999869,-0.999869,1,0,0,0,0
12.8901,0.850112,-0.849889,-0.849889,0.850112,0,0,0,0,0.850112,-0.849889,-0.849889,0.850112,0,0,0,0
12.9001,0.850112,-0.849889,-0.849889,0.850112,0,0,0,0,0.850112,-0.849889,-0.849889,0.850112,0,0,0,0
12.9101,0.850112,-0.849889,-0.849889,0.850112,0,0,0,0,0.850112,-0.849889,-0.849889,0.850112,0,0,0,0
12.9201,0.850112,-0.849889,-0.849889,0.850112,0,0,0,0,0.850112,-0.849889,-0.849889,0.850112,0,0,0,0
12.9301,0.614206,-0.614044,-0.614044,0.614206,0,0,0,0,0.614206,-0.614044,-0.614044,0.614206,0,0,0,0
12.9401,0.614206,-0.614044,-0.614044,0.614206,0,0,0,0,0.614206,-0.614044,-0.614044,0.614206,0,0,0,0
12.9501,0.614206,-0.614044,-0.614044,0.614206,0,0,0,0,0.614206,-0.614044,-0.614044,0.614206,0,0,0,0
12.9601,0.614206,-0.614044,-0.614044,0.614206,0,0,0,0,0.614206,-0.614044,-0.614044,0.614206,0,0,0,0
12.9701,0.614206,-0.614044,-0.614044,0.614206,0,0,0,0,0.614206,-0.614044,-0.614044,0.614206,0,0,0,0
12.9801,0.614206,-0.614044,-0.614044,0.614206,0,0,0,0,0.614206,-0.614044,-0.614044,0.614206,0,0,0,0
12.9901,0.443764,-0.443647,-0.443647,0.443764,0,0,0,0,0.443764,-0.443647,-0.443647,0.443764,0,0,0,0
13.0001,0.443764,-0.443647,-0.443647,0.443764,0,0,0,0,0.443764,-0.443647,-0.443647,0.443764,0,0,0,0
13.0101,0.443764,-0.443647,-0.443647,0.443764,0,0,0,0,0.443764,-0.443647,-0.443647,0.443764,0,0,0,0
13.0201,0.443764,-0.443647,-0.443647,0.443764,0,0,0,0,0.443764,-0.443647,-0.443647,0.443764,0,0,0,0
13.0301,0.320619,-0.320535,-0.320535,0.320619,0,0,0,0,0.320619,-0.320535,-0.320535,0.320619,0,0,0,0
13.0401,0.320619,-0.320535,-0.320535,0.320619,0,0,0,0,0.320619,-0.320535,-0.320535,0.320619,0,0,0,0
13.0501,0.320619,-0.320535,-0.320535,0.320619,0,0,0,0,0.320619,-0.320535,-0.320535,0.320619,0,0,0,0
13.0601,0.320619,-0.320535,-0.320535,0.320619,0,0,0,0,0.320619,-0.320535,-0.320535,0.320619,0,0,0,0
13.0701,0.320619,-0.320535,-0.320535,0.320619,0,0,0,0,0.320619,-0.320535,-0.320535,0.320619,0,0,0,0
13.0801,0.320619,-0.320535,-0.320535,0.320619,0,0,0,0,0.320619,-0.320535,-0.320535,0.320619,0,0,0,0
13.0901,0.231647,-0.231587,-0.231587,0.231647,0,0,0,0,0.231647,-0.231587,-0.231587,0.231647,0,0,0,0
13.1001,0.231647,-0.231587,-0.231587,0.231647,0,0,0,0,0.231647,-0.231587,-0.231587,0.231647,0,0,0,0
13.1101,0.231647,-0.231587,-0.231587,0.231647,0,0,0,0,0.231647,-0.231587,-0.231587,0.231647,0,0,0,0
13.1201,0.231647,-0.231587,-0.231587,0.231647,0,0,0,0,0.231647,-0.231587,-0.231587,0.231647,0,0,0,0
13.1301,0.167365,-0.167321,-0.167321,0.167365,0,0,0,0,0.167365,-0.167321,-0.167321,0.167365,0,0,0,0
13.1401,0.167365,-0.167321,-0.167321,0.167365,0,0,0,0,0.167365,-0.167321,-0.167321,0.167365,0,0,0,0
13.1501,0.167365,-0.167321,-0.167321,0.167365,0,0,0,0,0.167365,-0.167321,-0.167321,0.167365,0,0,0,0
13.1601,0.167365,-0.167321,-0.167321,0.167365,0,0,0,0,0.167365,-0.167321,-0.167321,0.167365,0,0,0,0
13.1701,0.167365,-0.167321,-0.167321,0.167365,0,0,0,0,0.167365,-0.167321,-0.167321,0.167365,0,0,0,0
13.1801,0.167365,-0.167321,-0.167321,0.167365,0,0,0,0,0.167365,-0.167321,-0.167321,0.167365,0,0,0,0
13.1901,0.120921,-0.12089,-0.12089,0.120921,0,0,0,0,0.120921,-0.12089,-0.12089,0.120921,0,0,0,0
13.2001,0.120921,-0.12089,-0.12089,0.120921,0,0,0,0,0.120921,-0.12089,-0.12089,0.120921,0,0,0,0
13.2101,0.120921,-0.12089,-0.12089,0.120921,0,0,0,0,0.120921,-0.12089,-0.12089,0.120921,0,0,0,0
13.2201,0.120921,-0.12089,-0.12089,0.120921,0,0,0,0,0.120921,-0.12089,-0.12089,0.120921,0,0,0,0
13.2301,0.0873657,-0.0873428,-0.0873428,0.0873657,0,0,0,0,0.0873657,-0.0873428,-0.0873428,0.0873657,0,0,0,0
13.2401,0.0873657,-0.0873428,-0.0873428,0.0873657,0,0,0,0,0.0873657,-0.0873428,-0.0873428,0.0873657,0,0,0,0
13.2501,0.0873657,-0.0873428,-0.0873428,0.0873657,0,0,0,0,0.0873657,-0.0873428,-0.0873428,0.0873657,0,0,0,0
13.2601,0.0873657,-0.0873428,-0.0873428,0.0873657,0,0,0,0,0.0873657,-0.0873428,-0.0873428,0.0873657,0,0,0,0
13.2701,0.0873657,-0.0873428,-0.0873428,0.0873657,0,0,0,0,0.0873657,-0.0873428,-0.0873428,0.0873657,0,0,0,0
13.2801,0.0873657,-0.0873428,-0.0873428,0.0873657,0,0,0,0,0.0873657,-0.0873428,-0.0873428,0.0873657,0,0,0,0
13.2901,0.0631217,-0.0631051,-0.0631051,0.0631217,0,0,0,0,0.0631217,-0.0631051,-0.0631051,0.0631217,0,0,0,0
13.3001,0.0631217,-0.0631051,-0.0631051,0.0631217,0,0,0,0,0.0631217,-0.0631051,-0.0631051,0.0631217,0,0,0,0
13.3101,0.0631217,-0.0631051,-0.0631051,0.0631217,0,0,0,0,0.0631217,-0.0631051,-0.0631051,0.0631217,0,0,0,0
13.3201,0.0631217,-0.0631051,-0.0631051,0.0631217,0,0,0,0,0.0631217,-0.0631051,-0.0631051,0.0631217,0,0,0,0
13.3301,0.0456054,-0.0455935,-0.0455935,0.0456054,0,0,0,0,0.0456054,-0.0455935,-0.0455935,0.0456054,0,0,0,0
13.3401,0.0456054,-0.0455935,-0.0455935,0.0456054,0,0,0,0,0.0456054,-0.0455935,-0.0455935,0.0456054,0,0,0,0
13.3501,0.0456054,-0.0455935,-0.0455935,0.0456054,0,0,0,0,0.0456054,-0.0455935,-0.0455935,0.0456054,0,0,0,0
13.3601,0.0456054,-0.0455935,-0.0455935,0.0456054,0,0,0,0,0.0456054,-0.0455935,-0.0455935,0.0456054,0,0,0,0
13.3701,0.0456054,-0.0455935,-0.0455935,0.0456054,0,0,0,0,0.0456054,-0.0455935,-0.0455935,0.0456054,0,0,0,0
13.3801,0.0456054,-0.0455935,-0.0455935,0.0456054,0,0,0,0,0.0456054,-0.0455935,-0.0455935,0.0456054,0,0,0,0
13.3901,-0.0412354,0.0412456,0.0412456,-0.0412354,0,0,0,0,-0.0412354,0.0412456,0.0412456,-0.0412354,0,0,0,0
13.4001,-0.0412354,0.0412456,0.0412456,-0.0412354,0,0,0,0,-0.0412354,0.0412456,0.0412456,-0.0412354,0,0,0,0
13.4101,-0.0412354,0.0412456,0.0412456,-0.0412354,0,0,0,0,-0.0412354,0.0412456,0.0412456,-0.0412354,0,0,0,0
13.4201,-0.0412354,0.0412456,0.0412456,-0.0412354,0,0,0,0,-0.0412354,0.0412456,0.0412456,-0.0412354,0,0,0,0
13.4301,-0.0297926,0.0297999,0.0297999,-0.0297926,0,0,0,0,-0.0297926,0.0297999,0.0297999,-0.0297926,0,0,0,0
13.4401,-0.0297926,0.0297999,0.0297999,-0.0297926,0,0,0,0,-0.0297926,0.0297999,0.0297999,-0.0297926,0,0,0,0
13.4501,-0.0297926,0.0297999,0.0297999,-0.0297926,0,0,0,0,-0.0297926,0.0297999,0.0297999,-0.0297926,0,0,0,0
13.4601,-0.0297926,0.0297999,0.0297999,-0.0297926,0,0,0,0,-0.0297926,0.0297999,0.0297999,-0.0297926,0,0,0,0
13.4701,-0.0297926,0.0297999,0.0297999,-0.0297926,0,0,0,0,-0.0297926,0.0297999,0.0297999,-0.0297926,0,0,0,0
13.4801,-0.0297926,0.0297999,0.0297999,-0.0297926,0,0,0,0,-0.0297926,0.0297999,0.0297999,-0.0297926,0,0,0,0
13.4901,-0.0215251,0.0215304,0.0215304,-0.0215251,0,0,0,0,-0.0215251,0.0215304,0.0215304,-0.0215251,0,0,0,0
13.5001,-0.0215251,0.0215304,0.0215304,-0.0215251,0,0,0,0,-0.0215251,0.0215304,0.0215304,-0.0215251,0,0,0,0
13.5101,-0.0215251,0.0215304,0.0215304,-0.0215251,0,0,0,0,-0.0215251,0.0215304,0.0215304,-0.0215251,0,0,0,0
13.5201,-0.0215251,0.0215304,0.0215304,-0.0215251,0,0,0,0,-0.0215251,0.0215304,0.0215304,-0.0215251,0,0,0,0
13.5301,-0.0155519,0.0155557,0.0155557,-0.0155519,0,0,0,0,-0.0155519,0.0155557,0.0155557,-0.0155519,0,0,0,0
13.5401,-0.0155519,0.0155557,0.0155557,-0.0155519,0,0,0,0,-0.0155519,0.0155557,0.0155557,-0.0155519,0,0,0,0
13.5501,-0.0155519,0.0155557,0.0155557,-0.0155519,0,0,0,0,-0.0155519,0.0155557,0.0155557,-0.0155519,0,0,0,0
13.5601,-0.0155519,0.0155557,0.0155557,-0.0155519,0,0,0,0,-0.0155519,0.0155557,0.0155557,-0.0155519,0,0,0,0
13.5701,-0.0155519,0.0155557,0.0155557,-0.0155519,0,0,0,0,-0.0155519,0.0155557,0.0155557,-0.0155519,0,0,0,0
13.5801,-0.0155519,0.0155557,0.0155557,-0.0155519,0,0,0,0,-0.0155519,0.0155557,0.0155557,-0.0155519,0,0,0,0
13.5901,-0.0112363,0.011239,0.011239,-0.0112363,0,0,0,0,-0.0112363,0.011239,0.011239,-0.0112363,0,0,0,0
13.6001,-0.0112363,0.011239,0.011239,-0.0112363,0,0,0,0,-0.0112363,0.011239,0.011239,-0.0112363,0,0,0,0
13.6101,-0.0112363,0.011239,0.011239,-0.0112363,0,0,0,0,-0.0112363,0.011239,0.011239,-0.0112363,0,0,0,0
13.6201,-0.0112363,0.011239,0.011239,-0.0112363,0,0,0,0,-0.0112363,0.011239,0.011239,-0.0112363,0,0,0,0
13.6301,-0.00811819,0.00812019,0.00812019,-0.00811819,0,0,0,0,-0.00811819,0.00812019,0.00812019,-0.00811819,0,0,0,0
13.6401,-0.00811819,0.00812019,0.00812019,-0.00811819,0,0,0,0,-0.00811819,0.00812019,0.00812019,-0.00811819,0,0,0,0
13.6501,-0.00811819,0.00812019,0.00812019,-0.00811819,0,0,0,0,-0.00811819,0.00812019,0.00812019,-0.00811819,0,0,0,0
13.6601,-0.00811819,0.00812019,0.00812019,-0.00811819,0,0,0,0,-0.00811819,0.00812019,0.00812019,-0.00811819,0,0,0,0
13.6701,-0.00811819,0.00812019,0.00812019,-0.00811819,0,0,0,0,-0.00811819,0.00812019,0.00812019,-0.00811819,0,0,0,0
13.6801,-0.00811819,0.00812019,0.00812019,-0.00811819,0,0,0,0,-0.00811819,0.00812019,0.00812019,-0.00811819,0,0,0,0
13.6901,-0.00586539,0.00586684,0.00586684,-0.00586539,0,0,0,0,-0.00586539,0.00586684,0.00586684,-0.00586539,0,0,0,0
13.7001,-0.00586539,0.00586684,0.00586684,-0.00586539,0,0,0,0,-0.00586539,0.00586684,0.00586684,-0.00586539,0,0,0,0
13.7101,-0.00586539,0.00586684,0.00586684,-0.00586539,0,0,0,0,-0.00586539,0.00586684,0.00586684,-0.00586539,0,0,0,0
13.72,-0.00586539,0.00586684,0.00586684,-0.00586539,0,0,0,0,-0.00586539,0.00586684,0.00586684,-0.00586539,0,0,0,0
13.7301,0,0,0,0,0,0,0,0,0,0,0,0,0,0,0,0
13.7401,0,0,0,0,0,0,0,0,0,0,0,0,0,0,0,0
13.7501,0,0,0,0,0,0,0,0,0,0,0,0,0,0,0,0
13.7601,0,0,0,0,0,0,0,0,0,0,0,0,0,0,0,0
13.7701,0,0,0,0,0,0,0,0,0,0,0,0,0,0,0,0
13.7801,0,0,0,0,0,0,0,0,0,0,0,0,0,0,0,0
13.7901,0,0,0,0,0,0,0,0,0,0,0,0,0,0,0,0
13.8001,0,0,0,0,0,0,0,0,0,0,0,0,0,0,0,0
13.8101,0,0,0,0,0,0,0,0,0,0,0,0,0,0,0,0
13.8201,0,0,0,0,0,0,0,0,0,0,0,0,0,0,0,0
13.8301,0,0,0,0,0,0,0,0,0,0,0,0,0,0,0,0
13.8401,0,0,0,0,0,0,0,0,0,0,0,0,0,0,0,0
13.8501,0,0,0,0,0,0,0,0,0,0,0,0,0,0,0,0
13.8601,0,0,0,0,0,0,0,0,0,0,0,0,0,0,0,0
13.8701,0,0,0,0,0,0,0,0,0,0,0,0,0,0,0,0
13.8801,0,0,0,0,0,0,0,0,0,0,0,0,0,0,0,0
13.8901,-0.0818803,0.0818808,0.0818808,-0.0818803,0,0,0,0,-0.0818803,0.0818808,0.0818808,-0.0818803,0,0,0,0
13.9001,-0.0818803,0.0818808,0.0818808,-0.0818803,0,0,0,0,-0.0818803,0.0818808,0.0818808,-0.0818803,0,0,0,0
13.9101,-0.0818803,0.0818808,0.0818808,-0.0818803,0,0,0,0,-0.0818803,0.0818808,0.0818808,-0.0818803,0,0,0,0
13.9201,-0.0818803,0.0818808,0.0818808,-0.0818803,0,0,0,0,-0.0818803,0.0818808,0.0818808,-0.0818803,0,0,0,0
13.9301,-0.0591585,0.0591589,0.0591589,-0.0591585,0,0,0,0,-0.0591585,0.0591589,0.0591589,-0.0591585,0,0,0,0
13.9401,-0.0591585,0.0591589,0.0591589,-0.0591585,0,0,0,0,-0.0591585,0.0591589,0.0591589,-0.0591585,0,0,0,0
13.9501,-0.0591585,0.0591589,0.0591589,-0.0591585,0,0,0,0,-0.0591585,0.0591589,0.0591589,-0.0591585,0,0,0,0
13.9601,-0.0591585,0.0591589,0.0591589,-0.0591585,0,0,0,0,-0.0591585,0.0591589,0.0591589,-0.0591585,0,0,0,0
13.9701,-0.0591585,0.0591589,0.0591589,-0.0591585,0,0,0,0,-0.0591585,0.0591589,0.0591589,-0.0591585,0,0,0,0
13.9801,-0.0591585,0.0591589,0.0591589,-0.0591585,0,0,0,0,-0.0591585,0.0591589,0.0591589,-0.0591585,0,0,0,0
13.9901,-0.042742,0.0427423,0.0427423,-0.042742,0,0,0,0,-0.042742,0.0427423,0.0427423,-0.042742,0,0,0,0
14.0001,-0.042742,0.0427423,0.0427423,-0.042742,0,0,0,0,-0.042742,0.0427423,0.0427423,-0.042742,0,0,0,0
14.0101,-0.042742,0.0427423,0.0427423,-0.042742,0,0,0,0,-0.042742,0.0427423,0.0427423,-0.042742,0,0,0,0
14.02,-0.042742,0.0427423,0.0427423,-0.042742,0,0,0,0,-0.042742,0.0427423,0.0427423,-0.042742,0,0,0,0
14.0301,-0.0308811,0.0308813,0.0308813,-0.0308811,0,0,0,0,-0.0308811,0.0308813,0.0308813,-0.0308811,0,0,0,0
14.0401,-0.0308811,0.0308813,0.0308813,-0.0308811,0,0,0,0,-0.0308811,0.0308813,0.0308813,-0.0308811,0,0,0,0
14.0501,-0.0308811,0.0308813,0.0308813,-0.0308811,0,0,0,0,-0.0308811,0.0308813,0.0308813,-0.0308811,0,0,0,0
14.0601,-0.0308811,0.0308813,0.0308813,-0.0308811,0,0,0,0,-0.0308811,0.0308813,0.0308813,-0.0308811,0,0,0,0
14.0701,-0.0308811,0.0308813,0.0308813,-0.0308811,0,0,0,0,-0.0308811,0.0308813,0.0308813,-0.0308811,0,0,0,0
14.0801,-0.0308811,0.0308813,0.0308813,-0.0308811,0,0,0,0,-0.0308811,0.0308813,0.0308813,-0.0308811,0,0,0,0
14.0901,-0.0223116,0.0223117,0.0223117,-0.0223116,0,0,0,0,-0.0223116,0.0223117,0.0223117,-0.0223116,0,0,0,0
14.1001,-0.0223116,0.0223117,0.0223117,-0.0223116,0,0,0,0,-0.0223116,0.0223117,0.0223117,-0.0223116,0,0,0,0
14.1101,-0.0223116,0.0223117,0.0223117,-0.0223116,0,0,0,0,-0.0223116,0.0223117,0.0223117,-0.0223116,0,0,0,0
14.1201,-0.0223116,0.0223117,0.0223117,-0.0223116,0,0,0,0,-0.0223116,0.0223117,0.0223117,-0.0223116,0,0,0,0
14.1301,-0.0161201,0.0161202,0.0161202,-0.0161201,0,0,0,0,-0.0161201,0.0161202,0.0161202,-0.0161201,0,0,0,0
14.1401,-0.0161201,0.0161202,0.0161202,-0.0161201,0,0,0,0,-0.0161201,0.0161202,0.0161202,-0.0161201,0,0,0,0
14.1501,-0.0161201,0.0161202,0.0161202,-0.0161201,0,0,0,0,-0.0161201,0.0161202,0.0161202,-0.0161201,0,0,0,0
14.1601,-0.0161201,0.0161202,0.0161202,-0.0161201,0,0,0,0,-0.0161201,0.0161202,0.0161202,-0.0161201,0,0,0,0
14.1701,-0.0161201,0.0161202,0.0161202,-0.0161201,0,0,0,0,-0.0161201,0.0161202,0.0161202,-0.0161201,0,0,0,0
14.1801,-0.0161201,0.0161202,0.0161202,-0.0161201,0,0,0,0,-0.0161201,0.0161202,0.0161202,-0.0161201,0,0,0,0
14.1901,-0.0116468,0.0116469,0.0116469,-0.0116468,0,0,0,0,-0.0116468,0.0116469,0.0116469,-0.0116468,0,0,0,0
14.2001,-0.0116468,0.0116469,0.0116469,-0.0116468,0,0,0,0,-0.0116468,0.0116469,0.0116469,-0.0116468,0,0,0,0
14.2101,-0.0116468,0.0116469,0.0116469,-0.0116468,0,0,0,0,-0.0116468,0.0116469,0.0116469,-0.0116468,0,0,0,0
14.2201,-0.0116468,0.0116469,0.0116469,-0.0116468,0,0,0,0,-0.0116468,0.0116469,0.0116469,-0.0116468,0,0,0,0
14.2301,-0.00841481,0.00841486,0.00841486,-0.00841481,0,0,0,0,-0.00841481,0.00841486,0.00841486,-0.00841481,0,0,0,0
14.2401,-0.00841481,0.00841486,0.00841486,-0.00841481,0,0,0,0,-0.00841481,0.00841486,0.00841486,-0.00841481,0,0,0,0
14.2501,-0.00841481,0.00841486,0.00841486,-0.00841481,0,0,0,0,-0.00841481,0.00841486,0.00841486,-0.00841481,0,0,0,0
14.2601,-0.00841481,0.00841486,0.00841486,-0.00841481,0,0,0,0,-0.00841481,0.00841486,0.00841486,-0.00841481,0,0,0,0
14.2701,-0.00841481,0.00841486,0.00841486,-0.00841481,0,0,0,0,-0.00841481,0.00841486,0.00841486,-0.00841481,0,0,0,0
14.2801,-0.00841481,0.00841486,0.00841486,-0.00841481,0,0,0,0,-0.00841481,0.00841486,0.00841486,-0.00841481,0,0,0,0
14.2901,-0.0060797,0.00607974,0.00607974,-0.0060797,0,0,0,0,-0.0060797,0.00607974,0.00607974,-0.0060797,0,0,0,0
14.3001,-0.0060797,0.00607974,0.00607974,-0.0060797,0,0,0,0,-0.0060797,0.00607974,0.00607974,-0.0060797,0,0,0,0
14.3101,-0.0060797,0.00607974,0.00607974,-0.0060797,0,0,0,0,-0.0060797,0.00607974,0.00607974,-0.0060797,0,0,0,0
14.3201,0,0,0,0,0,0,0,0,0,0,0,0,0,0,0,0
14.3301,0,0,0,0,0,0,0,0,0,0,0,0,0,0,0,0
14.3401,0,0,0,0,0,0,0,0,0,0,0,0,0,0,0,0
14.3501,0,0,0,0,0,0,0,0,0,0,0,0,0,0,0,0
14.3601,0,0,0,0,0,0,0,0,0,0,0,0,0,0,0,0
14.3701,0,0,0,0,0,0,0,0,0,0,0,0,0,0,0,0
14.3801,0,0,0,0,0,0,0,0,0,0,0,0,0,0,0,0
14.3901,0,0,0,0,0,0,0,0,0,0,0,0,0,0,0,0
14.4001,0,0,0,0,0,0,0,0,0,0,0,0,0,0,0,0
14.4101,0,0,0,0,0,0,0,0,0,0,0,0,0,0,0,0
14.4201,0,0,0,0,0,0,0,0,0,0,0,0,0,0,0,0
14.4301,0,0,0,0,0,0,0,0,0,0,0,0,0,0,0,0
14.4401,0,0,0,0,0,0,0,0,0,0,0,0,0,0,0,0
14.4501,0,0,0,0,0,0,0,0,0,0,0,0,0,0,0,0
14.4601,0,0,0,0,0,0,0,0,0,0,0,0,0,0,0,0
14.4701,0,0,0,0,0,0,0,0,0,0,0,0,0,0,0,0
14.4801,0,0,0,0,0,0,0,0,0,0,0,0,0,0,0,0
14.4901,0.066051,0.069949,0.069949,0.066051,0,0,0,0,0.066051,0.069949,0.069949,0.066051,0,0,0,0
14.5001,0.066051,0.069949,0.069949,0.066051,0,0,0,0,0.066051,0.069949,0.069949,0.066051,0,0,0,0
14.5101,0.066051,0.069949,0.069949,0.066051,0,0,0,0,0.066051,0.069949,0.069949,0.066051,0,0,0,0
14.5201,0.066051,0.069949,0.069949,0.066051,0,0,0,0,0.066051,0.069949,0.069949,0.066051,0,0,0,0
14.5301,0.0477218,0.0505382,0.0505382,0.0477218,0,0,0,0,0.0477218,0.0505382,0.0505382,0.0477218,0,0,0,0
14.5401,0.0477218,0.0505382,0.0505382,0.0477218,0,0,0,0,0.0477218,0.0505382,0.0505382,0.0477218,0,0,0,0
14.5501,0.0477218,0.0505382,0.0505382,0.0477218,0,0,0,0,0.0477218,0.0505382,0.0505382,0.0477218,0,0,0,0
14.5601,0.0477218,0.0505382,0.0505382,0.0477218,0,0,0,0,0.0477218,0.0505382,0.0505382,0.0477218,0,0,0,0
14.5701,0.0477218,0.0505382,0.0505382,0.0477218,0,0,0,0,0.0477218,0.0505382,0.0505382,0.0477218,0,0,0,0
14.5801,0.0477218,0.0505382,0.0505382,0.0477218,0,0,0,0,0.0477218,0.0505382,0.0505382,0.0477218,0,0,0,0
14.5901,0.034479,0.0365138,0.0365138,0.034479,0,0,0,0,0.034479,0.0365138,0.0365138,0.034479,0,0,0,0
14.6001,0.034479,0.0365138,0.0365138,0.034479,0,0,0,0,0.034479,0.0365138,0.0365138,0.034479,0,0,0,0
14.6101,0.034479,0.0365138,0.0365138,0.034479,0,0,0,0,0.034479,0.0365138,0.0365138,0.034479,0,0,0,0
14.6201,0.034479,0.0365138,0.0365138,0.034479,0,0,0,0,0.034479,0.0365138,0.0365138,0.034479,0,0,0,0
14.6301,0.0249111,0.0263812,0.0263812,0.0249111,0,0,0,0,0.0249111,0.0263812,0.0263812,0.0249111,0,0,0,0
14.6401,0.0249111,0.0263812,0.0263812,0.0249111,0,0,0,0,0.0249111,0.0263812,0.0263812,0.0249111,0,0,0,0
14.6501,0.0249111,0.0263812,0.0263812,0.0249111,0,0,0,0,0.0249111,0.0263812,0.0263812,0.0249111,0,0,0,0
14.6601,0.0249111,0.0263812,0.0263812,0.0249111,0,0,0,0,0.0249111,0.0263812,0.0263812,0.0249111,0,0,0,0
14.6701,0.0249111,0.0263812,0.0263812,0.0249111,0,0,0,0,0.0249111,0.0263812,0.0263812,0.0249111,0,0,0,0
14.6801,0.0249111,0.0263812,0.0263812,0.0249111,0,0,0,0,0.0249111,0.0263812,0.0263812,0.0249111,0,0,0,0
14.6901,0.0179983,0.0190604,0.0190604,0.0179983,0,0,0,0,0.0179983,0.0190604,0.0190604,0.0179983,0,0,0,0
14.7001,0.0179983,0.0190604,0.0190604,0.0179983,0,0,0,0,0.0179983,0.0190604,0.0190604,0.0179983,0,0,0,0
14.7101,0.0179983,0.0190604,0.0190604,0.0179983,0,0,0,0,0.0179983,0.0190604,0.0190604,0.0179983,0,0,0,0
14.7201,0.0179983,0.0190604,0.0190604,0.0179983,0,0,0,0,0.0179983,0.0190604,0.0190604,0.0179983,0,0,0,0
14.7301,0.0130037,0.0137712,0.0137712,0.0130037,0,0,0,0,0.0130037,0.0137712,0.0137712,0.0130037,0,0,0,0
14.7401,0.0130037,0.0137712,0.0137712,0.0130037,0,0,0,0,0.0130037,0.0137712,0.0137712,0.0130037,0,0,0,0
14.7501,0.0130037,0.0137712,0.0137712,0.0130037,0,0,0,0,0.0130037,0.0137712,0.0137712,0.0130037,0,0,0,0
14.7601,0.0130037,0.0137712,0.0137712,0.0130037,0,0,0,0,0.0130037,0.0137712,0.0137712,0.0130037,0,0,0,0
14.7701,0.0130037,0.0137712,0.0137712,0.0130037,0,0,0,0,0.0130037,0.0137712,0.0137712,0.0130037,0,0,0,0
14.7801,0.0130037,0.0137712,0.0137712,0.0130037,0,0,0,0,0.0130037,0.0137712,0.0137712,0.0130037,0,0,0,0
14.7901,0.00939521,0.00994967,0.00994967,0.00939521,0,0,0,0,0.00939521,0.00994967,0.00994967,0.00939521,0,0,0,0
14.8001,0.00939521,0.00994967,0.00994967,0.00939521,0,0,0,0,0.00939521,0.00994967,0.00994967,0.00939521,0,0,0,0
14.8101,0.00939521,0.00994967,0.00994967,0.00939521,0,0,0,0,0.00939521,0.00994967,0.00994967,0.00939521,0,0,0,0
14.8201,0.00939521,0.00994967,0.00994967,0.00939521,0,0,0,0,0.00939521,0.00994967,0.00994967,0.00939521,0,0,0,0
14.8301,0.00678804,0.00718864,0.00718864,0.00678804,0,0,0,0,0.00678804,0.00718864,0.00718864,0.00678804,0,0,0,0
14.8401,0.00678804,0.00718864,0.00718864,0.00678804,0,0,0,0,0.00678804,0.00718864,0.00718864,0.00678804,0,0,0,0
14.8501,0.00678804,0.00718864,0.00718864,0.00678804,0,0,0,0,0.00678804,0.00718864,0.00718864,0.00678804,0,0,0,0
14.8601,0.00678804,0.00718864,0.00718864,0.00678804,0,0,0,0,0.00678804,0.00718864,0.00718864,0.00678804,0,0,0,0
14.8701,0.00678804,0.00718864,0.00718864,0.00678804,0,0,0,0,0.00678804,0.00718864,0.00718864,0.00678804,0,0,0,0
14.8801,0.00678804,0.00718864,0.00718864,0.00678804,0,0,0,0,0.00678804,0.00718864,0.00718864,0.00678804,0,0,0,0
14.8901,0,0,0,0,0,0,0,0,0,0,0,0,0,0,0,0
14.9001,0,0,0,0,0,0,0,0,0,0,0,0,0,0,0,0
14.9101,0,0,0,0,0,0,0,0,0,0,0,0,0,0,0,0
14.9201,0,0,0,0,0,0,0,0,0,0,0,0,0,0,0,0
14.93,0,0,0,0,0,0,0,0,0,0,0,0,0,0,0,0
14.94,0,0,0,0,0,0,0,0,0,0,0,0,0,0,0,0
14.9501,0,0,0,0,0,0,0,0,0,0,0,0,0,0,0,0
14.9601,0,0,0,0,0,0,0,0,0,0,0,0,0,0,0,0
14.9701,0,0,0,0,0,0,0,0,0,0,0,0,0,0,0,0
14.9801,0,0,0,0,0,0,0,0,0,0,0,0,0,0,0,0
14.9901,0.163543,0.163753,0.163753,0.163543,0,0,0,0,0.163543,0.163753,0.163753,0.163543,0,0,0,0
15.0001,0.163543,0.163753,0.163753,0.163543,0,0,0,0,0.163543,0.163753,0.163753,0.163543,0,0,0,0
15.0101,0.163543,0.163753,0.163753,0.163543,0,0,0,0,0.163543,0.163753,0.163753,0.163543,0,0,0,0
15.02,0.163543,0.163753,0.163753,0.163543,0,0,0,0,0.163543,0.163753,0.163753,0.163543,0,0,0,0
15.0301,0.219012,0.21919,0.21919,0.219012,0,0,0,0,0.219012,0.21919,0.21919,0.219012,0,0,0,0
15.0401,0.219012,0.21919,0.21919,0.219012,0,0,0,0,0.219012,0.21919,0.21919,0.219012,0,0,0,0
15.0501,0.219012,0.21919,0.21919,0.219012,0,0,0,0,0.219012,0.21919,0.21919,0.219012,0,0,0,0
15.0601,0.219012,0.21919,0.21919,0.219012,0,0,0,0,0.219012,0.21919,0.21919,0.219012,0,0,0,0
15.0701,0.219012,0.21919,0.21919,0.219012,0,0,0,0,0.219012,0.21919,0.21919,0.219012,0,0,0,0
15.0801,0.219012,0.21919,0.21919,0.219012,0,0,0,0,0.219012,0.21919,0.21919,0.219012,0,0,0,0
15.0901,0.379012,0.37919,0.37919,0.379012,0,0,0,0,0.379012,0.37919,0.37919,0.379012,0,0,0,0
15.1001,0.379012,0.37919,0.37919,0.379012,0,0,0,0,0.379012,0.37919,0.37919,0.379012,0,0,0,0
15.1101,0.379012,0.37919,0.37919,0.379012,0,0,0,0,0.379012,0.37919,0.37919,0.379012,0,0,0,0
15.1201,0.379012,0.37919,0.37919,0.379012,0,0,0,0,0.379012,0.37919,0.37919,0.379012,0,0,0,0
15.1301,0.39016,0.390311,0.390311,0.39016,0,0,0,0,0.39016,0.390311,0.390311,0.39016,0,0,0,0
15.1401,0.39016,0.390311,0.390311,0.39016,0,0,0,0,0.39016,0.390311,0.390311,0.39016,0,0,0,0
15.1501,0.39016,0.390311,0.390311,0.39016,0,0,0,0,0.39016,0.390311,0.390311,0.39016,0,0,0,0
15.1601,0.39016,0.390311,0.390311,0.39016,0,0,0,0,0.39016,0.390311,0.390311,0.39016,0,0,0,0
15.1701,0.39016,0.390311,0.390311,0.39016,0,0,0,0,0.39016,0.390311,0.390311,0.39016,0,0,0,0
15.1801,0.39016,0.390311,0.390311,0.39016,0,0,0,0,0.39016,0.390311,0.390311,0.39016,0,0,0,0
15.1901,0.399636,0.399765,0.399765,0.399636,0,0,0,0,0.399636,0.399765,0.399765,0.399636,0,0,0,0
15.2001,0.399636,0.399765,0.399765,0.399636,0,0,0,0,0.399636,0.399765,0.399765,0.399636,0,0,0,0
15.2101,0.399636,0.399765,0.399765,0.399636,0,0,0,0,0.399636,0.399765,0.399765,0.399636,0,0,0,0
15.22,0.399636,0.399765,0.399765,0.399636,0,0,0,0,0.399636,0.399765,0.399765,0.399636,0,0,0,0
15.2301,0.399636,0.399765,0.399765,0.399636,0,0,0,0,0.399636,0.399765,0.399765,0.399636,0,0,0,0
15.2401,0.559636,0.559765,0.559765,0.559636,0,0,0,0,0.559636,0.559765,0.559765,0.559636,0,0,0,0
15.2501,0.559636,0.559765,0.559765,0.559636,0,0,0,0,0.559636,0.559765,0.559765,0.559636,0,0,0,0
15.2601,0.559636,0.559765,0.559765,0.559636,0,0,0,0,0.559636,0.559765,0.559765,0.559636,0,0,0,0
15.2701,0.559636,0.559765,0.559765,0.559636,0,0,0,0,0.559636,0.559765,0.559765,0.559636,0,0,0,0
15.2801,0.559636,0.559765,0.559765,0.559636,0,0,0,0,0.559636,0.559765,0.559765,0.559636,0,0,0,0
15.2901,0.719636,0.719764,0.719764,0.719636,0,0,0,0,0.719636,0.719764,0.719764,0.719636,0,0,0,0
15.3001,0.719636,0.719764,0.719764,0.719636,0,0,0,0,0.719636,0.719764,0.719764,0.719636,0,0,0,0
15.3101,0.719636,0.719764,0.719764,0.719636,0,0,0,0,0.719636,0.719764,0.719764,0.719636,0,0,0,0
15.3201,0.719636,0.719764,0.719764,0.719636,0,0,0,0,0.719636,0.719764,0.719764,0.719636,0,0,0,0
15.3301,0.719636,0.719764,0.719764,0.719636,0,0,0,0,0.719636,0.719764,0.719764,0.719636,0,0,0,0
15.3401,0.691691,0.6918,0.6918,0.691691,0,0,0,0,0.691691,0.6918,0.6918,0.691691,0,0,0,0
15.3501,0.691691,0.6918,0.6918,0.691691,0,0,0,0,0.691691,0.6918,0.6918,0.691691,0,0,0,0
15.3601,0.691691,0.6918,0.6918,0.691691,0,0,0,0,0.691691,0.6918,0.6918,0.691691,0,0,0,0
15.3701,0.691691,0.6918,0.6918,0.691691,0,0,0,0,0.691691,0.6918,0.6918,0.691691,0,0,0,0
15.3801,0.691691,0.6918,0.6918,0.691691,0,0,0,0,0.691691,0.6918,0.6918,0.691691,0,0,0,0
15.3901,0.851691,0.8518,0.8518,0.851691,0,0,0,0,0.851691,0.8518,0.8518,0.851691,0,0,0,0
15.4001,0.851691,0.8518,0.8518,0.851691,0,0,0,0,0.851691,0.8518,0.8518,0.851691,0,0,0,0
15.4101,0.851691,0.8518,0.8518,0.851691,0,0,0,0,0.851691,0.8518,0.8518,0.851691,0,0,0,0
15.4201,0.851691,0.8518,0.8518,0.851691,0,0,0,0,0.851691,0.8518,0.8518,0.851691,0,0,0,0
15.4301,0.851691,0.8518,0.8518,0.851691,0,0,0,0,0.851691,0.8518,0.8518,0.851691,0,0,0,0
15.4401,0.791937,0.79203,0.79203,0.791937,0,0,0,0,0.791937,0.79203,0.79203,0.791937,0,0,0,0
15.4501,0.791937,0.79203,0.79203,0.791937,0,0,0,0,0.791937,0.79203,0.79203,0.791937,0,0,0,0
15.4601,0.791937,0.79203,0.79203,0.791937,0,0,0,0,0.791937,0.79203,0.79203,0.791937,0,0,0,0
15.4701,0.791937,0.79203,0.79203,0.791937,0,0,0,0,0.791937,0.79203,0.79203,0.791937,0,0,0,0
15.4801,0.791937,0.79203,0.79203,0.791937,0,0,0,0,0.791937,0.79203,0.79203,0.791937,0,0,0,0
15.4901,0.951937,0.95203,0.95203,0.951937,0,0,0,0,0.951937,0.95203,0.95203,0.951937,0,0,0,0
15.5001,0.951937,0.95203,0.95203,0.951937,0,0,0,0,0.951937,0.95203,0.95203,0.951937,0,0,0,0
15.5101,0.951937,0.95203,0.95203,0.951937,0,0,0,0,0.951937,0.95203,0.95203,0.951937,0,0,0,0
15.5201,0.951937,0.95203,0.95203,0.951937,0,0,0,0,0.951937,0.95203,0.95203,0.951937,0,0,0,0
15.53,0.951937,0.95203,0.95203,0.951937,0,0,0,0,0.951937,0.95203,0.95203,0.951937,0,0,0,0
15.54,0.849961,0.850039,0.850039,0.849961,0,0,0,0,0.849961,0.850039,0.850039,0.849961,0,0,0,0
15.5501,0.849961,0.850039,0.850039,0.849961,0,0,0,0,0.849961,0.850039,0.850039,0.849961,0,0,0,0
15.5601,0.849961,0.850039,0.850039,0.849961,0,0,0,0,0.849961,0.850039,0.850039,0.849961,0,0,0,0
15.5701,0.849961,0.850039,0.850039,0.849961,0,0,0,0,0.849961,0.850039,0.850039,0.849961,0,0,0,0
15.5801,0.849961,0.850039,0.850039,0.849961,0,0,0,0,0.849961,0.850039,0.850039,0.849961,0,0,0,0
15.5901,0.849961,0.850039,0.850039,0.849961,0,0,0,0,0.849961,0.850039,0.850039,0.849961,0,0,0,0
15.6001,0.790466,0.790533,0.790533,0.790466,0,0,0,0,0.790466,0.790533,0.790533,0.790466,0,0,0,0
15.6101,0.790466,0.790533,0.790533,0.790466,0,0,0,0,0.790466,0.790533,0.790533,0.790466,0,0,0,0
15.6201,0.790466,0.790533,0.790533,0.790466,0,0,0,0,0.790466,0.790533,0.790533,0.790466,0,0,0,0
15.6301,0.790466,0.790533,0.790533,0.790466,0,0,0,0,0.790466,0.790533,0.790533,0.790466,0,0,0,0
15.6401,0.950467,0.950534,0.950534,0.950467,0,0,0,0,0.950467,0.950534,0.950534,0.950467,0,0,0,0
15.6501,0.950467,0.950534,0.950534,0.950467,0,0,0,0,0.950467,0.950534,0.950534,0.950467,0,0,0,0
15.6601,0.950467,0.950534,0.950534,0.950467,0,0,0,0,0.950467,0.950534,0.950534,0.950467,0,0,0,0
15.6701,0.950467,0.950534,0.950534,0.950467,0,0,0,0,0.950467,0.950534,0.950534,0.950467,0,0,0,0
15.6801,0.950467,0.950534,0.950534,0.950467,0,0,0,0,0.950467,0.950534,0.950534,0.950467,0,0,0,0
15.6901,0.950467,0.950534,0.950534,0.950467,0,0,0,0,0.950467,0.950534,0.950534,0.950467,0,0,0,0
15.7001,0.999967,1,1,0.999967,0,0,0,0,0.999967,1,1,0.999967,0,0,0,0
15.7101,0.999967,1,1,0.999967,0,0,0,0,0.999967,1,1,0.999967,0,0,0,0
15.7201,0.999967,1,1,0.999967,0,0,0,0,0.999967,1,1,0.999967,0,0,0,0
15.7301,0.999967,1,1,0.999967,0,0,0,0,0.999967,1,1,0.999967,0,0,0,0
15.7401,0.929972,0.930028,0.930028,0.929972,0,0,0,0,0.929972,0.930028,0.930028,0.929972,0,0,0,0
15.7501,0.929972,0.930028,0.930028,0.929972,0,0,0,0,0.929972,0.930028,0.930028,0.929972,0,0,0,0
15.7601,0.929972,0.930028,0.930028,0.929972,0,0,0,0,0.929972,0.930028,0.930028,0.929972,0,0,0,0
15.7701,0.929972,0.930028,0.930028,0.929972,0,0,0,0,0.929972,0.930028,0.930028,0.929972,0,0,0,0
15.7801,0.929972,0.930028,0.930028,0.929972,0,0,0,0,0.929972,0.930028,0.930028,0.929972,0,0,0,0
15.7901,0.929972,0.930028,0.930028,0.929972,0,0,0,0,0.929972,0.930028,0.930028,0.929972,0,0,0,0
15.8001,0.999972,1,1,0.999972,0,0,0,0,0.999972,1,1,0.999972,0,0,0,0
15.8101,0.999972,1,1,0.999972,0,0,0,0,0.999972,1,1,0.999972,0,0,0,0
15.8201,0.999972,1,1,0.999972,0,0,0,0,0.999972,1,1,0.999972,0,0,0,0
15.8301,0.999972,1,1,0.999972,0,0,0,0,0.999972,1,1,0.999972,0,0,0,0
15.8401,0.849976,0.850024,0.850024,0.849976,0,0,0,0,0.849976,0.850024,0.850024,0.849976,0,0,0,0
15.8501,0.849976,0.850024,0.850024,0.849976,0,0,0,0,0.849976,0.850024,0.850024,0.849976,0,0,0,0
15.8601,0.849976,0.850024,0.850024,0.849976,0,0,0,0,0.849976,0.850024,0.850024,0.849976,0,0,0,0
15.8701,0.849976,0.850024,0.850024,0.849976,0,0,0,0,0.849976,0.850024,0.850024,0.849976,0,0,0,0
15.8801,0.849976,0.850024,0.850024,0.849976,0,0,0,0,0.849976,0.850024,0.850024,0.849976,0,0,0,0
15.8901,0.849976,0.850024,0.850024,0.849976,0,0,0,0,0.849976,0.850024,0.850024,0.849976,0,0,0,0
15.9001,0.790479,0.790521,0.790521,0.790479,0,0,0,0,0.790479,0.790521,0.790521,0.790479,0,0,0,0
15.9101,0.790479,0.790521,0.790521,0.790479,0,0,0,0,0.790479,0.790521,0.790521,0.790479,0,0,0,0
15.92,0.790479,0.790521,0.790521,0.790479,0,0,0,0,0.790479,0.790521,0.790521,0.790479,0,0,0,0
15.9301,0.790479,0.790521,0.790521,0.790479,0,0,0,0,0.790479,0.790521,0.790521,0.790479,0,0,0,0
15.9401,0.950479,0.950521,0.950521,0.950479,0,0,0,0,0.950479,0.950521,0.950521,0.950479,0,0,0,0
15.9501,0.950479,0.950521,0.950521,0.950479,0,0,0,0,0.950479,0.950521,0.950521,0.950479,0,0,0,0
15.9601,0.950479,0.950521,0.950521,0.950479,0,0,0,0,0.950479,0.950521,0.950521,0.950479,0,0,0,0
15.9701,0.950479,0.950521,0.950521,0.950479,0,0,0,0,0.950479,0.950521,0.950521,0.950479,0,0,0,0
15.9801,0.950479,0.950521,0.950521,0.950479,0,0,0,0,0.950479,0.950521,0.950521,0.950479,0,0,0,0
15.9901,0.950479,0.950521,0.950521,0.950479,0,0,0,0,0.950479,0.950521,0.950521,0.950479,0,0,0,0
16.0001,0.999979,1,1,0.999979,0,0,0,0,0.999979,1,1,0.999979,0,0,0,0
16.0101,0.999979,1,1,0.999979,0,0,0,0,0.999979,1,1,0.999979,0,0,0,0
16.02,0.999979,1,1,0.999979,0,0,0,0,0.999979,1,1,0.999979,0,0,0,0
16.0301,0.999979,1,1,0.999979,0,0,0,0,0.999979,1,1,0.999979,0,0,0,0
16.0401,0.929982,0.930018,0.930018,0.929982,0,0,0,0,0.929982,0.930018,0.930018,0.929982,0,0,0,0
16.05,0.929982,0.930018,0.930018,0.929982,0,0,0,0,0.929982,0.930018,0.930018,0.929982,0,0,0,0
16.0601,0.929982,0.930018,0.930018,0.929982,0,0,0,0,0.929982,0.930018,0.930018,0.929982,0,0,0,0
16.0701,0.929982,0.930018,0.930018,0.929982,0,0,0,0,0.929982,0.930018,0.930018,0.929982,0,0,0,0
16.0801,0.929982,0.930018,0.930018,0.929982,0,0,0,0,0.929982,0.930018,0.930018,0.929982,0,0,0,0
16.0901,0.929982,0.930018,0.930018,0.929982,0,0,0,0,0.929982,0.930018,0.930018,0.929982,0,0,0,0
16.1001,0.999982,1,1,0.999982,0,0,0,0,0.999982,1,1,0.999982,0,0,0,0
16.1101,0.999982,1,1,0.999982,0,0,0,0,0.999982,1,1,0.999982,0,0,0,0
16.1201,0.999982,1,1,0.999982,0,0,0,0,0.999982,1,1,0.999982,0,0,0,0
16.1301,0.999982,1,1,0.999982,0,0,0,0,0.999982,1,1,0.999982,0,0,0,0
16.1401,0.849985,0.850015,0.850015,0.849985,0,0,0,0,0.849985,0.850015,0.850015,0.849985,0,0,0,0
16.1501,0.849985,0.850015,0.850015,0.849985,0,0,0,0,0.849985,0.850015,0.850015,0.849985,0,0,0,0
16.1601,0.849985,0.850015,0.850015,0.849985,0,0,0,0,0.849985,0.850015,0.850015,0.849985,0,0,0,0
16.1701,0.849985,0.850015,0.850015,0.849985,0,0,0,0,0.849985,0.850015,0.850015,0.849985,0,0,0,0
16.1801,0.849985,0.850015,0.850015,0.849985,0,0,0,0,0.849985,0.850015,0.850015,0.849985,0,0,0,0
16.1901,0.849985,0.850015,0.850015,0.849985,0,0,0,0,0.849985,0.850015,0.850015,0.849985,0,0,0,0
16.2001,0.790487,0.790513,0.790513,0.790487,0,0,0,0,0.790487,0.790513,0.790513,0.790487,0,0,0,0
16.2101,0.790487,0.790513,0.790513,0.790487,0,0,0,0,0.790487,0.790513,0.790513,0.790487,0,0,0,0
16.2201,0.790487,0.790513,0.790513,0.790487,0,0,0,0,0.790487,0.790513,0.790513,0.790487,0,0,0,0
16.2301,0.790487,0.790513,0.790513,0.790487,0,0,0,0,0.790487,0.790513,0.790513,0.790487,0,0,0,0
16.2401,0.950487,0.950513,0.950513,0.950487,0,0,0,0,0.950487,0.950513,0.950513,0.950487,0,0,0,0
16.2501,0.950487,0.950513,0.950513,0.950487,0,0,0,0,0.950487,0.950513,0.950513,0.950487,0,0,0,0
16.2601,0.950487,0.950513,0.950513,0.950487,0,0,0,0,0.950487,0.950513,0.950513,0.950487,0,0,0,0
16.2701,0.950487,0.950513,0.950513,0.950487,0,0,0,0,0.950487,0.950513,0.950513,0.950487,0,0,0,0
16.2801,0.950487,0.950513,0.950513,0.950487,0,0,0,0,0.950487,0.950513,0.950513,0.950487,0,0,0,0
16.2901,0.950487,0.950513,0.950513,0.950487,0,0,0,0,0.950487,0.950513,0.950513,0.950487,0,0,0,0
16.3001,0.999987,1,1,0.999987,0,0,0,0,0.999987,1,1,0.999987,0,0,0,0
16.3101,0.999987,1,1,0.999987,0,0,0,0,0.999987,1,1,0.999987,0,0,0,0
16.3201,0.999987,1,1,0.999987,0,0,0,0,0.999987,1,1,0.999987,0,0,0,0
16.3301,0.999987,1,1,0.999987,0,0,0,0,0.999987,1,1,0.999987,0,0,0,0
16.3401,0.929989,0.930011,0.930011,0.929989,0,0,0,0,0.929989,0.930011,0.930011,0.929989,0,0,0,0
16.3501,0.929989,0.930011,0.930011,0.929989,0,0,0,0,0.929989,0.930011,0.930011,0.929989,0,0,0,0
16.3601,0.929989,0.930011,0.930011,0.929989,0,0,0,0,0.929989,0.930011,0.930011,0.929989,0,0,0,0
16.3701,0.929989,0.930011,0.930011,0.929989,0,0,0,0,0.929989,0.930011,0.930011,0.929989,0,0,0,0
16.3801,0.929989,0.930011,0.930011,0.929989,0,0,0,0,0.929989,0.930011,0.930011,0.929989,0,0,0,0
16.3901,0.929989,0.930011,0.930011,0.929989,0,0,0,0,0.929989,0.930011,0.930011,0.929989,0,0,0,0
16.4001,0.999989,1,1,0.999989,0,0,0,0,0.999989,1,1,0.999989,0,0,0,0
16.4101,0.999989,1,1,0.999989,0,0,0,0,0.999989,1,1,0.999989,0,0,0,0
16.4201,0.999989,1,1,0.999989,0,0,0,0,0.999989,1,1,0.999989,0,0,0,0
16.4301,0.999989,1,1,0.999989,0,0,0,0,0.999989,1,1,0.999989,0,0,0,0
16.4401,0.849991,0.850009,0.850009,0.849991,0,0,0,0,0.849991,0.850009,0.850009,0.849991,0,0,0,0
16.4501,0.849991,0.850009,0.850009,0.849991,0,0,0,0,0.849991,0.850009,0.850009,0.849991,0,0,0,0
16.4601,0.849991,0.850009,0.850009,0.849991,0,0,0,0,0.849991,0.850009,0.850009,0.849991,0,0,0,0
16.4701,0.849991,0.850009,0.850009,0.849991,0,0,0,0,0.849991,0.850009,0.850009,0.849991,0,0,0,0
16.4801,0.849991,0.850009,0.850009,0.849991,0,0,0,0,0.849991,0.850009,0.850009,0.849991,0,0,0,0
16.4901,0.849991,0.850009,0.850009,0.849991,0,0,0,0,0.849991,0.850009,0.850009,0.849991,0,0,0,0
16.5001,0.790492,0.790508,0.790508,0.790492,0,0,0,0,0.790492,0.790508,0.790508,0.790492,0,0,0,0
16.5101,0.790492,0.790508,0.790508,0.790492,0,0,0,0,0.790492,0.790508,0.790508,0.790492,0,0,0,0
16.5201,0.790492,0.790508,0.790508,0.790492,0,0,0,0,0.790492,0.790508,0.790508,0.790492,0,0,0,0
16.5301,0.790492,0.790508,0.790508,0.790492,0,0,0,0,0.790492,0.790508,0.790508,0.790492,0,0,0,0
16.5401,0.950492,0.950508,0.950508,0.950492,0,0,0,0,0.950492,0.950508,0.950508,0.950492,0,0,0,0
16.5501,0.950492,0.950508,0.950508,0.950492,0,0,0,0,0.950492,0.950508,0.950508,0.950492,0,0,0,0
16.5601,0.950492,0.950508,0.950508,0.950492,0,0,0,0,0.950492,0.950508,0.950508,0.950492,0,0,0,0
16.5701,0.950492,0.950508,0.950508,0.950492,0,0,0,0,0.950492,0.950508,0.950508,0.950492,0,0,0,0
16.5801,0.950492,0.950508,0.950508,0.950492,0,0,0,0,0.950492,0.950508,0.950508,0.950492,0,0,0,0
16.5901,0.950492,0.950508,0.950508,0.950492,0,0,0,0,0.950492,0.950508,0.950508,0.950492,0,0,0,0
16.6001,0.999992,1,1,0.999992,0,0,0,0,0.999992,1,1,0.999992,0,0,0,0
16.6101,0.999992,1,1,0.999992,0,0,0,0,0.999992,1,1,0.999992,0,0,0,0
16.6201,0.999992,1,1,0.999992,0,0,0,0,0.999992,1,1,0.999992,0,0,0,0
16.6301,0.999992,1,1,0.999992,0,0,0,0,0.999992,1,1,0.999992,0,0,0,0
16.6401,0.929993,0.930007,0.930007,0.929993,0,0,0,0,0.929993,0.930007,0.930007,0.929993,0,0,0,0
16.6501,0.929993,0.930007,0.930007,0.929993,0,0,0,0,0.929993,0.930007,0.930007,0.929993,0,0,0,0
16.6601,0.929993,0.930007,0.930007,0.929993,0,0,0,0,0.929993,0.930007,0.930007,0.929993,0,0,0,0
16.6701,0.929993,0.930007,0.930007,0.929993,0,0,0,0,0.929993,0.930007,0.930007,0.929993,0,0,0,0
16.6801,0.929993,0.930007,0.930007,0.929993,0,0,0,0,0.929993,0.930007,0.930007,0.929993,0,0,0,0
16.6901,0.929993,0.930007,0.930007,0.929993,0,0,0,0,0.929993,0.930007,0.930007,0.929993,0,0,0,0
16.7001,0.999993,1,1,0.999993,0,0,0,0,0.999993,1,1,0.999993,0,0,0,0
16.7101,0.999993,1,1,0.999993,0,0,0,0,0.999993,1,1,0.999993,0,0,0,0
16.7201,0.999993,1,1,0.999993,0,0,0,0,0.999993,1,1,0.999993,0,0,0,0
16.7301,0.999993,1,1,0.999993,0,0,0,0,0.999993,1,1,0.999993,0,0,0,0
16.7401,0.849994,0.850006,0.850006,0.849994,0,0,0,0,0.849994,0.850006,0.850006,0.849994,0,0,0,0
16.7501,0.849994,0.850006,0.850006,0.849994,0,0,0,0,0.849994,0.850006,0.850006,0.849994,0,0,0,0
16.7601,0.849994,0.850006,0.850006,0.849994,0,0,0,0,0.849994,0.850006,0.850006,0.849994,0,0,0,0
16.7701,0.849994,0.850006,0.850006,0.849994,0,0,0,0,0.849994,0.850006,0.850006,0.849994,0,0,0,0
16.7801,0.849994,0.850006,0.850006,0.849994,0,0,0,0,0.849994,0.850006,0.850006,0.849994,0,0,0,0
16.7901,0.849994,0.850006,0.850006,0.849994,0,0,0,0,0.849994,0.850006,0.850006,0.849994,0,0,0,0
16.8001,0.790495,0.790505,0.790505,0.790495,0,0,0,0,0.790495,0.790505,0.790505,0.790495,0,0,0,0
16.8101,0.790495,0.790505,0.790505,0.790495,0,0,0,0,0.790495,0.790505,0.790505,0.790495,0,0,0,0
16.8201,0.790495,0.790505,0.790505,0.790495,0,0,0,0,0.790495,0.790505,0.790505,0.790495,0,0,0,0
16.8301,0.790495,0.790505,0.790505,0.790495,0,0,0,0,0.790495,0.790505,0.790505,0.790495,0,0,0,0
16.8401,0.950495,0.950505,0.950505,0.950495,0,0,0,0,0.950495,0.950505,0.950505,0.950495,0,0,0,0
16.8501,0.950495,0.950505,0.950505,0.950495,0,0,0,0,0.950495,0.950505,0.950505,0.950495,0,0,0,0
16.8601,0.950495,0.950505,0.950505,0.950495,0,0,0,0,0.950495,0.950505,0.950505,0.950495,0,0,0,0
16.8701,0.950495,0.950505,0.950505,0.950495,0,0,0,0,0.950495,0.950505,0.950505,0.950495,0,0,0,0
16.8801,0.950495,0.950505,0.950505,0.950495,0,0,0,0,0.950495,0.950505,0.950505,0.950495,0,0,0,0
16.8901,0.950495,0.950505,0.950505,0.950495,0,0,0,0,0.950495,0.950505,0.950505,0.950495,0,0,0,0
16.9001,0.999995,1,1,0.999995,0,0,0,0,0.999995,1,1,0.999995,0,0,0,0
16.9101,0.999995,1,1,0.999995,0,0,0,0,0.999995,1,1,0.999995,0,0,0,0
16.92,0.999995,1,1,0.999995,0,0,0,0,0.999995,1,1,0.999995,0,0,0,0
16.9301,0.999995,1,1,0.999995,0,0,0,0,0.999995,1,1,0.999995,0,0,0,0
16.9401,0.929996,0.930004,0.930004,0.929996,0,0,0,0,0.929996,0.930004,0.930004,0.929996,0,0,0,0
16.9501,0.929996,0.930004,0.930004,0.929996,0,0,0,0,0.929996,0.930004,0.930004,0.929996,0,0,0,0
16.9601,0.929996,0.930004,0.930004,0.929996,0,0,0,0,0.929996,0.930004,0.930004,0.929996,0,0,0,0
16.9701,0.929996,0.930004,0.930004,0.929996,0,0,0,0,0.929996,0.930004,0.930004,0.929996,0,0,0,0
16.9801,0.929996,0.930004,0.930004,0.929996,0,0,0,0,0.929996,0.930004,0.930004,0.929996,0,0,0,0
16.9901,0.929996,0.930004,0.930004,0.929996,0,0,0,0,0.929996,0.930004,0.930004,0.929996,0,0,0,0
17.0001,0.999996,1,1,0.999996,0,0,0,0,0.999996,1,1,0.999996,0,0,0,0
17.0101,0.999996,1,1,0.999996,0,0,0,0,0.999996,1,1,0.999996,0,0,0,0
17.0201,0.999996,1,1,0.999996,0,0,0,0,0.999996,1,1,0.999996,0,0,0,0
17.0301,0.999996,1,1,0.999996,0,0,0,0,0.999996,1,1,0.999996,0,0,0,0
17.0401,0.849997,0.850003,0.850003,0.849997,0,0,0,0,0.849997,0.850003,0.850003,0.849997,0,0,0,0
17.0501,0.849997,0.850003,0.850003,0.849997,0,0,0,0,0.849997,0.850003,0.850003,0.849997,0,0,0,0
17.0601,0.849997,0.850003,0.850003,0.849997,0,0,0,0,0.849997,0.850003,0.850003,0.849997,0,0,0,0
17.0701,0.849997,0.850003,0.850003,0.849997,0,0,0,0,0.849997,0.850003,0.850003,0.849997,0,0,0,0
17.0801,0.849997,0.850003,0.850003,0.849997,0,0,0,0,0.849997,0.850003,0.850003,0.849997,0,0,0,0
17.0901,0.849997,0.850003,0.850003,0.849997,0,0,0,0,0.849997,0.850003,0.850003,0.849997,0,0,0,0
17.1001,0.790497,0.790503,0.790503,0.790497,0,0,0,0,0.790497,0.790503,0.790503,0.790497,0,0,0,0
17.1101,0.790497,0.790503,0.790503,0.790497,0,0,0,0,0.790497,0.790503,0.790503,0.790497,0,0,0,0
17.1201,0.790497,0.790503,0.790503,0.790497,0,0,0,0,0.790497,0.790503,0.790503,0.790497,0,0,0,0
17.1301,0.790497,0.790503,0.790503,0.790497,0,0,0,0,0.790497,0.790503,0.790503,0.790497,0,0,0,0
17.1401,0.950497,0.950503,0.950503,0.950497,0,0,0,0,0.950497,0.950503,0.950503,0.950497,0,0,0,0
17.1501,0.950497,0.950503,0.950503,0.950497,0,0,0,0,0.950497,0.950503,0.950503,0.950497,0,0,0,0
17.1601,0.950497,0.950503,0.950503,0.950497,0,0,0,0,0.950497,0.950503,0.950503,0.950497,0,0,0,0
17.1701,0.950497,0.950503,0.950503,0.950497,0,0,0,0,0.950497,0.950503,0.950503,0.950497,0,0,0,0
17.1801,0.950497,0.950503,0.950503,0.950497,0,0,0,0,0.950497,0.950503,0.950503,0.950497,0,0,0,0
17.1901,0.950497,0.950503,0.950503,0.950497,0,0,0,0,0.950497,0.950503,0.950503,0.950497,0,0,0,0
17.2001,0.999997,1,1,0.999997,0,0,0,0,0.999997,1,1,0.999997,0,0,0,0
17.2101,0.999997,1,1,0.999997,0,0,0,0,0.999997,1,1,0.999997,0,0,0,0
17.2201,0.999997,1,1,0.999997,0,0,0,0,0.999997,1,1,0.999997,0,0,0,0
17.2301,0.999997,1,1,0.999997,0,0,0,0,0.999997,1,1,0.999997,0,0,0,0
17.2401,0.929998,0.930003,0.930003,0.929998,0,0,0,0,0.929998,0.930003,0.930003,0.929998,0,0,0,0
17.2501,0.929998,0.930003,0.930003,0.929998,0,0,0,0,0.929998,0.930003,0.930003,0.929998,0,0,0,0
17.2601,0.929998,0.930003,0.930003,0.929998,0,0,0,0,0.929998,0.930003,0.930003,0.929998,0,0,0,0
17.2701,0.929998,0.930003,0.930003,0.929998,0,0,0,0,0.929998,0.930003,0.930003,0.929998,0,0,0,0
17.2801,0.929998,0.930003,0.930003,0.929998,0,0,0,0,0.929998,0.930003,0.930003,0.929998,0,0,0,0
17.2901,0.929998,0.930003,0.930003,0.929998,0,0,0,0,0.929998,0.930003,0.930003,0.929998,0,0,0,0
17.3001,0.999997,1,1,0.999997,0,0,0,0,0.999997,1,1,0.999997,0,0,0,0
17.3101,0.999997,1,1,0.999997,0,0,0,0,0.999997,1,1,0.999997,0,0,0,0
17.3201,0.999997,1,1,0.999997,0,0,0,0,0.999997,1,1,0.999997,0,0,0,0
17.3301,0.999997,1,1,0.999997,0,0,0,0,0.999997,1,1,0.999997,0,0,0,0
17.3401,0.849998,0.850002,0.850002,0.849998,0,0,0,0,0.849998,0.850002,0.850002,0.849998,0,0,0,0
17.3501,0.849998,0.850002,0.850002,0.849998,0,0,0,0,0.849998,0.850002,0.850002,0.849998,0,0,0,0
17.3601,0.849998,0.850002,0.850002,0.849998,0,0,0,0,0.849998,0.850002,0.850002,0.849998,0,0,0,0
17.3701,0.849998,0.850002,0.850002,0.849998,0,0,0,0,0.849998,0.850002,0.850002,0.849998,0,0,0,0
17.3801,0.849998,0.850002,0.850002,0.849998,0,0,0,0,0.849998,0.850002,0.850002,0.849998,0,0,0,0
17.3901,0.849998,0.850002,0.850002,0.849998,0,0,0,0,0.849998,0.850002,0.850002,0.849998,0,0,0,0
17.4001,0.790498,0.790502,0.790502,0.790498,0,0,0,0,0.790498,0.790502,0.790502,0.790498,0,0,0,0
17.4101,0.790498,0.790502,0.790502,0.790498,0,0,0,0,0.790498,0.790502,0.790502,0.790498,0,0,0,0
17.4201,0.790498,0.790502,0.790502,0.790498,0,0,0,0,0.790498,0.790502,0.790502,0.790498,0,0,0,0
17.4301,0.790498,0.790502,0.790502,0.790498,0,0,0,0,0.790498,0.790502,0.790502,0.790498,0,0,0,0
17.4401,0.950498,0.950502,0.950502,0.950498,0,0,0,0,0.950498,0.950502,0.950502,0.950498,0,0,0,0
17.4501,0.950498,0.950502,0.950502,0.950498,0,0,0,0,0.950498,0.950502,0.950502,0.950498,0,0,0,0
17.4601,0.950498,0.950502,0.950502,0.950498,0,0,0,0,0.950498,0.950502,0.950502,0.950498,0,0,0,0
17.4701,0.950498,0.950502,0.950502,0.950498,0,0,0,0,0.950498,0.950502,0.950502,0.950498,0,0,0,0
17.4801,0.950498,0.950502,0.950502,0.950498,0,0,0,0,0.950498,0.950502,0.950502,0.950498,0,0,0,0
17.4901,0.950498,0.950502,0.950502,0.950498,0,0,0,0,0.950498,0.950502,0.950502,0.950498,0,0,0,0
17.5001,0.999998,1,1,0.999998,0,0,0,0,0.999998,1,1,0.999998,0,0,0,0
17.5101,0.999998,1,1,0.999998,0,0,0,0,0.999998,1,1,0.999998,0,0,0,0
17.5201,0.999998,1,1,0.999998,0,0,0,0,0.999998,1,1,0.999998,0,0,0,0
17.5301,0.999998,1,1,0.999998,0,0,0,0,0.999998,1,1,0.999998,0,0,0,0
17.5401,0.929998,0.930002,0.930002,0.929998,0,0,0,0,0.929998,0.930002,0.930002,0.929998,0,0,0,0
17.5501,0.929998,0.930002,0.930002,0.929998,0,0,0,0,0.929998,0.930002,0.930002,0.929998,0,0,0,0
17.5601,0.929998,0.930002,0.930002,0.929998,0,0,0,0,0.929998,0.930002,0.930002,0.929998,0,0,0,0
17.5701,0.929998,0.930002,0.930002,0.929998,0,0,0,0,0.929998,0.930002,0.930002,0.929998,0,0,0,0
17.5801,0.929998,0.930002,0.930002,0.929998,0,0,0,0,0.929998,0.930002,0.930002,0.929998,0,0,0,0
17.5901,0.929998,0.930002,0.930002,0.929998,0,0,0,0,0.929998,0.930002,0.930002,0.929998,0,0,0,0
17.6001,0.999998,1,1,0.999998,0,0,0,0,0.999998,1,1,0.999998,0,0,0,0
17.6101,0.999998,1,1,0.999998,0,0,0,0,0.999998,1,1,0.999998,0,0,0,0
17.6201,0.999998,1,1,0.999998,0,0,0,0,0.999998,1,1,0.999998,0,0,0,0
17.6301,0.999998,1,1,0.999998,0,0,0,0,0.999998,1,1,0.999998,0,0,0,0
17.6401,0.849999,0.850001,0.850001,0.849999,0,0,0,0,0.849999,0.850001,0.850001,0.849999,0,0,0,0
17.6501,0.849999,0.850001,0.850001,0.849999,0,0,0,0,0.849999,0.850001,0.850001,0.849999,0,0,0,0
17.6601,0.849999,0.850001,0.850001,0.849999,0,0,0,0,0.849999,0.850001,0.850001,0.849999,0,0,0,0
17.6701,0.849999,0.850001,0.850001,0.849999,0,0,0,0,0.849999,0.850001,0.850001,0.849999,0,0,0,0
17.6801,0.849999,0.850001,0.850001,0.849999,0,0,0,0,0.849999,0.850001,0.850001,0.849999,0,0,0,0
17.6901,0.849999,0.850001,0.850001,0.849999,0,0,0,0,0.849999,0.850001,0.850001,0.849999,0,0,0,0
17.7001,0.790499,0.790501,0.790501,0.790499,0,0,0,0,0.790499,0.790501,0.790501,0.790499,0,0,0,0
17.71,0.790499,0.790501,0.790501,0.790499,0,0,0,0,0.790499,0.790501,0.790501,0.790499,0,0,0,0
17.72,0.790499,0.790501,0.790501,0.790499,0,0,0,0,0.790499,0.790501,0.790501,0.790499,0,0,0,0
17.7301,0.790499,0.790501,0.790501,0.790499,0,0,0,0,0.790499,0.790501,0.790501,0.790499,0,0,0,0
17.7401,0.739924,0.739926,0.739926,0.739924,0,0,0,0,0.739924,0.739926,0.739926,0.739924,0,0,0,0
17.7501,0.739924,0.739926,0.739926,0.739924,0,0,0,0,0.739924,0.739926,0.739926,0.739924,0,0,0,0
17.7601,0.739924,0.739926,0.739926,0.739924,0,0,0,0,0.739924,0.739926,0.739926,0.739924,0,0,0,0
17.7701,0.739924,0.739926,0.739926,0.739924,0,0,0,0,0.739924,0.739926,0.739926,0.739924,0,0,0,0
17.7801,0.739924,0.739926,0.739926,0.739924,0,0,0,0,0.739924,0.739926,0.739926,0.739924,0,0,0,0
17.7901,0.739924,0.739926,0.739926,0.739924,0,0,0,0,0.739924,0.739926,0.739926,0.739924,0,0,0,0
17.8001,0.696935,0.696937,0.696937,0.696935,0,0,0,0,0.696935,0.696937,0.696937,0.696935,0,0,0,0
17.8101,0.696935,0.696937,0.696937,0.696935,0,0,0,0,0.696935,0.696937,0.696937,0.696935,0,0,0,0
17.8201,0.696935,0.696937,0.696937,0.696935,0,0,0,0,0.696935,0.696937,0.696937,0.696935,0,0,0,0
17.8301,0.696935,0.696937,0.696937,0.696935,0,0,0,0,0.696935,0.696937,0.696937,0.696935,0,0,0,0
17.84,0.856936,0.856937,0.856937,0.856936,0,0,0,0,0.856936,0.856937,0.856937,0.856936,0,0,0,0
17.8501,0.856936,0.856937,0.856937,0.856936,0,0,0,0,0.856936,0.856937,0.856937,0.856936,0,0,0,0
17.8601,0.856936,0.856937,0.856937,0.856936,0,0,0,0,0.856936,0.856937,0.856937,0.856936,0,0,0,0
17.8701,0.856936,0.856937,0.856937,0.856936,0,0,0,0,0.856936,0.856937,0.856937,0.856936,0,0,0,0
17.8801,0.856936,0.856937,0.856937,0.856936,0,0,0,0,0.856936,0.856937,0.856937,0.856936,0,0,0,0
17.8901,0.856936,0.856937,0.856937,0.856936,0,0,0,0,0.856936,0.856937,0.856937,0.856936,0,0,0,0
17.9001,0.999999,1,1,0.999999,0,0,0,0,0.999999,1,1,0.999999,0,0,0,0
17.9101,0.999999,1,1,0.999999,0,0,0,0,0.999999,1,1,0.999999,0,0,0,0
17.9201,0.999999,1,1,0.999999,0,0,0,0,0.999999,1,1,0.999999,0,0,0,0
17.9301,0.999999,1,1,0.999999,0,0,0,0,0.999999,1,1,0.999999,0,0,0,0
17.9401,0.929999,0.930001,0.930001,0.929999,0,0,0,0,0.929999,0.930001,0.930001,0.929999,0,0,0,0
17.9501,0.929999,0.930001,0.930001,0.929999,0,0,0,0,0.929999,0.930001,0.930001,0.929999,0,0,0,0
17.9601,0.929999,0.930001,0.930001,0.929999,0,0,0,0,0.929999,0.930001,0.930001,0.929999,0,0,0,0
17.9701,0.929999,0.930001,0.930001,0.929999,0,0,0,0,0.929999,0.930001,0.930001,0.929999,0,0,0,0
17.9801,0.929999,0.930001,0.930001,0.929999,0,0,0,0,0.929999,0.930001,0.930001,0.929999,0,0,0,0
17.9901,0.929999,0.930001,0.930001,0.929999,0,0,0,0,0.929999,0.930001,0.930001,0.929999,0,0,0,0
18.0001,0.999999,1,1,0.999999,0,0,0,0,0.999999,1,1,0.999999,0,0,0,0
18.0101,0.999999,1,1,0.999999,0,0,0,0,0.999999,1,1,0.999999,0,0,0,0
18.0201,0.999999,1,1,0.999999,0,0,0,0,0.999999,1,1,0.999999,0,0,0,0
18.0301,0.999999,1,1,0.999999,0,0,0,0,0.999999,1,1,0.999999,0,0,0,0
18.0401,0.849999,0.850001,0.850001,0.849999,0,0,0,0,0.849999,0.850001,0.850001,0.849999,0,0,0,0
18.0501,0.849999,0.850001,0.850001,0.849999,0,0,0,0,0.849999,0.850001,0.850001,0.849999,0,0,0,0
18.0601,0.849999,0.850001,0.850001,0.849999,0,0,0,0,0.849999,0.850001,0.850001,0.849999,0,0,0,0
18.0701,0.849999,0.850001,0.850001,0.849999,0,0,0,0,0.849999,0.850001,0.850001,0.849999,0,0,0,0
18.0801,0.849999,0.850001,0.850001,0.849999,0,0,0,0,0.849999,0.850001,0.850001,0.849999,0,0,0,0
18.0901,0.849999,0.850001,0.850001,0.849999,0,0,0,0,0.849999,0.850001,0.850001,0.849999,0,0,0,0
18.1001,0.7905,0.7905,0.7905,0.7905,0,0,0,0,0.7905,0.7905,0.7905,0.7905,0,0,0,0
18.1101,0.7905,0.7905,0.7905,0.7905,0,0,0,0,0.7905,0.7905,0.7905,0.7905,0,0,0,0
18.1201,0.7905,0.7905,0.7905,0.7905,0,0,0,0,0.7905,0.7905,0.7905,0.7905,0,0,0,0
18.1301,0.7905,0.7905,0.7905,0.7905,0,0,0,0,0.7905,0.7905,0.7905,0.7905,0,0,0,0
18.1401,0.9505,0.9505,0.9505,0.9505,0,0,0,0,0.9505,0.9505,0.9505,0.9505,0,0,0,0
18.1501,0.9505,0.9505,0.9505,0.9505,0,0,0,0,0.9505,0.9505,0.9505,0.9505,0,0,0,0
18.1601,0.9505,0.9505,0.9505,0.9505,0,0,0,0,0.9505,0.9505,0.9505,0.9505,0,0,0,0
18.1701,0.9505,0.9505,0.9505,0.9505,0,0,0,0,0.9505,0.9505,0.9505,0.9505,0,0,0,0
18.1801,0.9505,0.9505,0.9505,0.9505,0,0,0,0,0.9505,0.9505,0.9505,0.9505,0,0,0,0
18.1901,0.9505,0.9505,0.9505,0.9505,0,0,0,0,0.9505,0.9505,0.9505,0.9505,0,0,0,0
18.2001,1,1,1,1,0,0,0,0,1,1,1,1,0,0,0,0
18.2101,1,1,1,1,0,0,0,0,1,1,1,1,0,0,0,0
18.2201,1,1,1,1,0,0,0,0,1,1,1,1,0,0,0,0
18.2301,1,1,1,1,0,0,0,0,1,1,1,1,0,0,0,0
18.2401,0.93,0.93,0.93,0.93,0,0,0,0,0.93,0.93,0.93,0.93,0,0,0,0
18.2501,0.93,0.93,0.93,0.93,0,0,0,0,0.93,0.93,0.93,0.93,0,0,0,0
18.2601,0.93,0.93,0.93,0.93,0,0,0,0,0.93,0.93,0.93,0.93,0,0,0,0
18.2701,0.93,0.93,0.93,0.93,0,0,0,0,0.93,0.93,0.93,0.93,0,0,0,0
18.2801,0.93,0.93,0.93,0.93,0,0,0,0,0.93,0.93,0.93,0.93,0,0,0,0
18.2901,0.93,0.93,0.93,0.93,0,0,0,0,0.93,0.93,0.93,0.93,0,0,0,0
18.3001,1,1,1,1,0,0,0,0,1,1,1,1,0,0,0,0
18.3101,1,1,1,1,0,0,0,0,1,1,1,1,0,0,0,0
18.3201,1,1,1,1,0,0,0,0,1,1,1,1,0,0,0,0
18.3301,1,1,1,1,0,0,0,0,1,1,1,1,0,0,0,0
18.3401,0.85,0.85,0.85,0.85,0,0,0,0,0.85,0.85,0.85,0.85,0,0,0,0
18.3501,0.85,0.85,0.85,0.85,0,0,0,0,0.85,0.85,0.85,0.85,0,0,0,0
18.3601,0.85,0.85,0.85,0.85,0,0,0,0,0.85,0.85,0.85,0.85,0,0,0,0
18.3701,0.85,0.85,0.85,0.85,0,0,0,0,0.85,0.85,0.85,0.85,0,0,0,0
18.3801,0.85,0.85,0.85,0.85,0,0,0,0,0.85,0.85,0.85,0.85,0,0,0,0
18.3901,0.85,0.85,0.85,0.85,0,0,0,0,0.85,0.85,0.85,0.85,0,0,0,0
18.4001,0.7905,0.7905,0.7905,0.7905,0,0,0,0,0.7905,0.7905,0.7905,0.7905,0,0,0,0
18.4101,0.7905,0.7905,0.7905,0.7905,0,0,0,0,0.7905,0.7905,0.7905,0.7905,0,0,0,0
18.4201,0.7905,0.7905,0.7905,0.7905,0,0,0,0,0.7905,0.7905,0.7905,0.7905,0,0,0,0
18.4301,0.7905,0.7905,0.7905,0.7905,0,0,0,0,0.7905,0.7905,0.7905,0.7905,0,0,0,0
18.4401,0.9505,0.9505,0.9505,0.9505,0,0,0,0,0.9505,0.9505,0.9505,0.9505,0,0,0,0
18.4501,0.9505,0.9505,0.9505,0.9505,0,0,0,0,0.9505,0.9505,0.9505,0.9505,0,0,0,0
18.4601,0.9505,0.9505,0.9505,0.9505,0,0,0,0,0.9505,0.9505,0.9505,0.9505,0,0,0,0
18.4701,0.9505,0.9505,0.9505,0.9505,0,0,0,0,0.9505,0.9505,0.9505,0.9505,0,0,0,0
18.4801,0.9505,0.9505,0.9505,0.9505,0,0,0,0,0.9505,0.9505,0.9505,0.9505,0,0,0,0
18.4901,0.9505,0.9505,0.9505,0.9505,0,0,0,0,0.9505,0.9505,0.9505,0.9505,0,0,0,0
18.5001,1,1,1,1,0,0,0,0,1,1,1,1,0,0,0,0
18.5101,1,1,1,1,0,0,0,0,1,1,1,1,0,0,0,0
18.5201,1,1,1,1,0,0,0,0,1,1,1,1,0,0,0,0
18.5301,1,1,1,1,0,0,0,0,1,1,1,1,0,0,0,0
18.5401,0.93,0.93,0.93,0.93,0,0,0,0,0.93,0.93,0.93,0.93,0,0,0,0
18.5501,0.93,0.93,0.93,0.93,0,0,0,0,0.93,0.93,0.93,0.93,0,0,0,0
18.5601,0.93,0.93,0.93,0.93,0,0,0,0,0.93,0.93,0.93,0.93,0,0,0,0
18.5701,0.93,0.93,0.93,0.93,0,0,0,0,0.93,0.93,0.93,0.93,0,0,0,0
18.5801,0.93,0.93,0.93,0.93,0,0,0,0,0.93,0.93,0.93,0.93,0,0,0,0
18.5901,0.93,0.93,0.93,0.93,0,0,0,0,0.93,0.93,0.93,0.93,0,0,0,0
18.6001,1,1,1,1,0,0,0,0,1,1,1,1,0,0,0,0
18.6101,1,1,1,1,0,0,0,0,1,1,1,1,0,0,0,0
18.6201,1,1,1,1,0,0,0,0,1,1,1,1,0,0,0,0
18.6301,1,1,1,1,0,0,0,0,1,1,1,1,0,0,0,0
18.6401,0.85,0.85,0.85,0.85,0,0,0,0,0.85,0.85,0.85,0.85,0,0,0,0
18.6501,0.85,0.85,0.85,0.85,0,0,0,0,0.85,0.85,0.85,0.85,0,0,0,0
18.6601,0.85,0.85,0.85,0.85,0,0,0,0,0.85,0.85,0.85,0.85,0,0,0,0
18.6701,0.85,0.85,0.85,0.85,0,0,0,0,0.85,0.85,0.85,0.85,0,0,0,0
18.6801,0.85,0.85,0.85,0.85,0,0,0,0,0.85,0.85,0.85,0.85,0,0,0,0
18.6901,0.85,0.85,0.85,0.85,0,0,0,0,0.85,0.85,0.85,0.85,0,0,0,0
18.7001,0.7905,0.7905,0.7905,0.7905,0,0,0,0,0.7905,0.7905,0.7905,0.7905,0,0,0,0
18.7101,0.7905,0.7905,0.7905,0.7905,0,0,0,0,0.7905,0.7905,0.7905,0.7905,0,0,0,0
18.72,0.7905,0.7905,0.7905,0.7905,0,0,0,0,0.7905,0.7905,0.7905,0.7905,0,0,0,0
18.7301,0.7905,0.7905,0.7905,0.7905,0,0,0,0,0.7905,0.7905,0.7905,0.7905,0,0,0,0
18.7401,0.9505,0.9505,0.9505,0.9505,0,0,0,0,0.9505,0.9505,0.9505,0.9505,0,0,0,0
18.7501,0.9505,0.9505,0.9505,0.9505,0,0,0,0,0.9505,0.9505,0.9505,0.9505,0,0,0,0
18.7601,0.9505,0.9505,0.9505,0.9505,0,0,0,0,0.9505,0.9505,0.9505,0.9505,0,0,0,0
18.7701,0.9505,0.9505,0.9505,0.9505,0,0,0,0,0.9505,0.9505,0.9505,0.9505,0,0,0,0
18.7801,0.9505,0.9505,0.9505,0.9505,0,0,0,0,0.9505,0.9505,0.9505,0.9505,0,0,0,0
18.7901,0.9505,0.9505,0.9505,0.9505,0,0,0,0,0.9505,0.9505,0.9505,0.9505,0,0,0,0
18.8001,1,1,1,1,0,0,0,0,1,1,1,1,0,0,0,0
18.8101,1,1,1,1,0,0,0,0,1,1,1,1,0,0,0,0
18.8201,1,1,1,1,0,0,0,0,1,1,1,1,0,0,0,0
18.8301,1,1,1,1,0,0,0,0,1,1,1,1,0,0,0,0
18.8401,0.93,0.93,0.93,0.93,0,0,0,0,0.93,0.93,0.93,0.93,0,0,0,0
18.8501,0.93,0.93,0.93,0.93,0,0,0,0,0.93,0.93,0.93,0.93,0,0,0,0
18.8601,0.93,0.93,0.93,0.93,0,0,0,0,0.93,0.93,0.93,0.93,0,0,0,0
18.8701,0.93,0.93,0.93,0.93,0,0,0,0,0.93,0.93,0.93,0.93,0,0,0,0
18.8801,0.93,0.93,0.93,0.93,0,0,0,0,0.93,0.93,0.93,0.93,0,0,0,0
18.8901,0.93,0.93,0.93,0.93,0,0,0,0,0.93,0.93,0.93,0.93,0,0,0,0
18.9001,1,1,1,1,0,0,0,0,1,1,1,1,0,0,0,0
18.9101,1,1,1,1,0,0,0,0,1,1,1,1,0,0,0,0
18.9201,1,1,1,1,0,0,0,0,1,1,1,1,0,0,0,0
18.9301,1,1,1,1,0,0,0,0,1,1,1,1,0,0,0,0
18.9401,0.85,0.85,0.85,0.85,0,0,0,0,0.85,0.85,0.85,0.85,0,0,0,0
18.9501,0.85,0.85,0.85,0.85,0,0,0,0,0.85,0.85,0.85,0.85,0,0,0,0
18.9601,0.85,0.85,0.85,0.85,0,0,0,0,0.85,0.85,0.85,0.85,0,0,0,0
18.9701,0.85,0.85,0.85,0.85,0,0,0,0,0.85,0.85,0.85,0.85,0,0,0,0
18.9801,0.85,0.85,0.85,0.85,0,0,0,0,0.85,0.85,0.85,0.85,0,0,0,0
18.9901,0.85,0.85,0.85,0.85,0,0,0,0,0.85,0.85,0.85,0.85,0,0,0,0
19.0001,0.7905,0.7905,0.7905,0.7905,0,0,0,0,0.7905,0.7905,0.7905,0.7905,0,0,0,0
19.0101,0.7905,0.7905,0.7905,0.7905,0,0,0,0,0.7905,0.7905,0.7905,0.7905,0,0,0,0
19.02,0.7905,0.7905,0.7905,0.7905,0,0,0,0,0.7905,0.7905,0.7905,0.7905,0,0,0,0
19.0301,0.7905,0.7905,0.7905,0.7905,0,0,0,0,0.7905,0.7905,0.7905,0.7905,0,0,0,0
19.0401,0.571136,0.571136,0.571136,0.571136,0,0,0,0,0.571136,0.571136,0.571136,0.571136,0,0,0,0
19.0501,0.571136,0.571136,0.571136,0.571136,0,0,0,0,0.571136,0.571136,0.571136,0.571136,0,0,0,0
19.0601,0.571136,0.571136,0.571136,0.571136,0,0,0,0,0.571136,0.571136,0.571136,0.571136,0,0,0,0
19.07,0.571136,0.571136,0.571136,0.571136,0,0,0,0,0.571136,0.571136,0.571136,0.571136,0,0,0,0
19.0801,0.571136,0.571136,0.571136,0.571136,0,0,0,0,0.571136,0.571136,0.571136,0.571136,0,0,0,0
19.0901,0.571136,0.571136,0.571136,0.571136,0,0,0,0,0.571136,0.571136,0.571136,0.571136,0,0,0,0
19.1001,0.412646,0.412646,0.412646,0.412646,0,0,0,0,0.412646,0.412646,0.412646,0.412646,0,0,0,0
19.1101,0.412646,0.412646,0.412646,0.412646,0,0,0,0,0.412646,0.412646,0.412646,0.412646,0,0,0,0
19.1201,0.412646,0.412646,0.412646,0.412646,0,0,0,0,0.412646,0.412646,0.412646,0.412646,0,0,0,0
19.13,0.412646,0.412646,0.412646,0.412646,0,0,0,0,0.412646,0.412646,0.412646,0.412646,0,0,0,0
19.14,0.270749,0.270749,0.270749,0.270749,0,0,0,0,0.270749,0.270749,0.270749,0.270749,0,0,0,0
19.1501,0.270749,0.270749,0.270749,0.270749,0,0,0,0,0.270749,0.270749,0.270749,0.270749,0,0,0,0
19.1601,0.270749,0.270749,0.270749,0.270749,0,0,0,0,0.270749,0.270749,0.270749,0.270749,0,0,0,0
19.1701,0.270749,0.270749,0.270749,0.270749,0,0,0,0,0.270749,0.270749,0.270749,0.270749,0,0,0,0
19.1801,0.270749,0.270749,0.270749,0.270749,0,0,0,0,0.270749,0.270749,0.270749,0.270749,0,0,0,0
19.1901,0.270749,0.270749,0.270749,0.270749,0,0,0,0,0.270749,0.270749,0.270749,0.270749,0,0,0,0
19.2001,0.195616,0.195616,0.195616,0.195616,0,0,0,0,0.195616,0.195616,0.195616,0.195616,0,0,0,0
19.2101,0.195616,0.195616,0.195616,0.195616,0,0,0,0,0.195616,0.195616,0.195616,0.195616,0,0,0,0
19.2201,0.195616,0.195616,0.195616,0.195616,0,0,0,0,0.195616,0.195616,0.195616,0.195616,0,0,0,0
19.2301,0.195616,0.195616,0.195616,0.195616,0,0,0,0,0.195616,0.195616,0.195616,0.195616,0,0,0,0
19.2401,0.141333,0.141333,0.141333,0.141333,0,0,0,0,0.141333,0.141333,0.141333,0.141333,0,0,0,0
19.2501,0.141333,0.141333,0.141333,0.141333,0,0,0,0,0.141333,0.141333,0.141333,0.141333,0,0,0,0
19.2601,0.141333,0.141333,0.141333,0.141333,0,0,0,0,0.141333,0.141333,0.141333,0.141333,0,0,0,0
19.2701,0.141333,0.141333,0.141333,0.141333,0,0,0,0,0.141333,0.141333,0.141333,0.141333,0,0,0,0
19.2801,0.141333,0.141333,0.141333,0.141333,0,0,0,0,0.141333,0.141333,0.141333,0.141333,0,0,0,0
19.2901,0.141333,0.141333,0.141333,0.141333,0,0,0,0,0.141333,0.141333,0.141333,0.141333,0,0,0,0
19.3001,0.102113,0.102113,0.102113,0.102113,0,0,0,0,0.102113,0.102113,0.102113,0.102113,0,0,0,0
19.3101,0.102113,0.102113,0.102113,0.102113,0,0,0,0,0.102113,0.102113,0.102113,0.102113,0,0,0,0
19.3201,0.102113,0.102113,0.102113,0.102113,0,0,0,0,0.102113,0.102113,0.102113,0.102113,0,0,0,0
19.3301,0.102113,0.102113,0.102113,0.102113,0,0,0,0,0.102113,0.102113,0.102113,0.102113,0,0,0,0
19.3401,0.0737765,0.0737766,0.0737766,0.0737765,0,0,0,0,0.0737765,0.0737766,0.0737766,0.0737765,0,0,0,0
19.3501,0.0737765,0.0737766,0.0737766,0.0737765,0,0,0,0,0.0737765,0.0737766,0.0737766,0.0737765,0,0,0,0
19.3601,0.0737765,0.0737766,0.0737766,0.0737765,0,0,0,0,0.0737765,0.0737766,0.0737766,0.0737765,0,0,0,0
19.3701,0.0737765,0.0737766,0.0737766,0.0737765,0,0,0,0,0.0737765,0.0737766,0.0737766,0.0737765,0,0,0,0
19.3801,0.0737765,0.0737766,0.0737766,0.0737765,0,0,0,0,0.0737765,0.0737766,0.0737766,0.0737765,0,0,0,0
19.3901,0.0737765,0.0737766,0.0737766,0.0737765,0,0,0,0,0.0737765,0.0737766,0.0737766,0.0737765,0,0,0,0
19.4001,0.0533035,0.0533036,0.0533036,0.0533035,0,0,0,0,0.0533035,0.0533036,0.0533036,0.0533035,0,0,0,0
19.4101,0.0533035,0.0533036,0.0533036,0.0533035,0,0,0,0,0.0533035,0.0533036,0.0533036,0.0533035,0,0,0,0
19.4201,0.045308,0.045308,0.045308,0.045308,0,0,0,0,0.045308,0.045308,0.045308,0.045308,0,0,0,0
19.4301,0.045308,0.045308,0.045308,0.045308,0,0,0,0,0.045308,0.045308,0.045308,0.045308,0,0,0,0
19.4401,0.045308,0.045308,0.045308,0.045308,0,0,0,0,0.045308,0.045308,0.045308,0.045308,0,0,0,0
19.4501,0.045308,0.045308,0.045308,0.045308,0,0,0,0,0.045308,0.045308,0.045308,0.045308,0,0,0,0
19.4601,0.045308,0.045308,0.045308,0.045308,0,0,0,0,0.045308,0.045308,0.045308,0.045308,0,0,0,0
19.4701,0.045308,0.045308,0.045308,0.045308,0,0,0,0,0.045308,0.045308,0.045308,0.045308,0,0,0,0
19.4801,0.045308,0.045308,0.045308,0.045308,0,0,0,0,0.045308,0.045308,0.045308,0.045308,0,0,0,0
19.4901,0.045308,0.045308,0.045308,0.045308,0,0,0,0,0.045308,0.045308,0.045308,0.045308,0,0,0,0
19.5001,0.0278248,0.0278248,0.0278248,0.0278248,0,0,0,0,0.0278248,0.0278248,0.0278248,0.0278248,0,0,0,0
19.5101,0.0278248,0.0278248,0.0278248,0.0278248,0,0,0,0,0.0278248,0.0278248,0.0278248,0.0278248,0,0,0,0
19.5201,0.0236511,0.0236511,0.0236511,0.0236511,0,0,0,0,0.0236511,0.0236511,0.0236511,0.0236511,0,0,0,0
19.5301,0.0236511,0.0236511,0.0236511,0.0236511,0,0,0,0,0.0236511,0.0236511,0.0236511,0.0236511,0,0,0,0
19.5401,0.0236511,0.0236511,0.0236511,0.0236511,0,0,0,0,0.0236511,0.0236511,0.0236511,0.0236511,0,0,0,0
19.5501,0.0236511,0.0236511,0.0236511,0.0236511,0,0,0,0,0.0236511,0.0236511,0.0236511,0.0236511,0,0,0,0
19.5601,0.0236511,0.0236511,0.0236511,0.0236511,0,0,0,0,0.0236511,0.0236511,0.0236511,0.0236511,0,0,0,0
19.5701,0.0236511,0.0236511,0.0236511,0.0236511,0,0,0,0,0.0236511,0.0236511,0.0236511,0.0236511,0,0,0,0
19.5801,0.0236511,0.0236511,0.0236511,0.0236511,0,0,0,0,0.0236511,0.0236511,0.0236511,0.0236511,0,0,0,0
19.5901,0.0236511,0.0236511,0.0236511,0.0236511,0,0,0,0,0.0236511,0.0236511,0.0236511,0.0236511,0,0,0,0
19.6001,0.0145247,0.0145247,0.0145247,0.0145247,0,0,0,0,0.0145247,0.0145247,0.0145247,0.0145247,0,0,0,0
19.6101,0.0145247,0.0145247,0.0145247,0.0145247,0,0,0,0,0.0145247,0.0145247,0.0145247,0.0145247,0,0,0,0
19.6201,0.012346,0.012346,0.012346,0.012346,0,0,0,0,0.012346,0.012346,0.012346,0.012346,0,0,0,0
19.6301,0.012346,0.012346,0.012346,0.012346,0,0,0,0,0.012346,0.012346,0.012346,0.012346,0,0,0,0
19.6401,0.012346,0.012346,0.012346,0.012346,0,0,0,0,0.012346,0.012346,0.012346,0.012346,0,0,0,0
19.6501,0.012346,0.012346,0.012346,0.012346,0,0,0,0,0.012346,0.012346,0.012346,0.012346,0,0,0,0
19.6601,0.012346,0.012346,0.012346,0.012346,0,0,0,0,0.012346,0.012346,0.012346,0.012346,0,0,0,0
19.6701,0.012346,0.012346,0.012346,0.012346,0,0,0,0,0.012346,0.012346,0.012346,0.012346,0,0,0,0
19.6801,0.012346,0.012346,0.012346,0.012346,0,0,0,0,0.012346,0.012346,0.012346,0.012346,0,0,0,0
19.6901,0.012346,0.012346,0.012346,0.012346,0,0,0,0,0.012346,0.012346,0.012346,0.012346,0,0,0,0
19.7001,-0.227654,-0.227654,-0.227654,-0.227654,0,0,0,0,-0.227654,-0.227654,-0.227654,-0.227654,0,0,0,0
19.7101,-0.227654,-0.227654,-0.227654,-0.227654,0,0,0,0,-0.227654,-0.227654,-0.227654,-0.227654,0,0,0,0
19.7201,-0.193506,-0.193506,-0.193506,-0.193506,0,0,0,0,-0.193506,-0.193506,-0.193506,-0.193506,0,0,0,0
19.7301,-0.193506,-0.193506,-0.193506,-0.193506,0,0,0,0,-0.193506,-0.193506,-0.193506,-0.193506,0,0,0,0
19.7401,-0.193506,-0.193506,-0.193506,-0.193506,0,0,0,0,-0.193506,-0.193506,-0.193506,-0.193506,0,0,0,0
19.7501,-0.193506,-0.193506,-0.193506,-0.193506,0,0,0,0,-0.193506,-0.193506,-0.193506,-0.193506,0,0,0,0
19.7601,-0.193506,-0.193506,-0.193506,-0.193506,0,0,0,0,-0.193506,-0.193506,-0.193506,-0.193506,0,0,0,0
19.7701,-0.193506,-0.193506,-0.193506,-0.193506,0,0,0,0,-0.193506,-0.193506,-0.193506,-0.193506,0,0,0,0
19.7801,-0.193506,-0.193506,-0.193506,-0.193506,0,0,0,0,-0.193506,-0.193506,-0.193506,-0.193506,0,0,0,0
19.7901,-0.193506,-0.193506,-0.193506,-0.193506,0,0,0,0,-0.193506,-0.193506,-0.193506,-0.193506,0,0,0,0
19.8001,-0.433506,-0.433506,-0.433506,-0.433506,0,0,0,0,-0.433506,-0.433506,-0.433506,-0.433506,0,0,0,0
19.8101,-0.433506,-0.433506,-0.433506,-0.433506,0,0,0,0,-0.433506,-0.433506,-0.433506,-0.433506,0,0,0,0
19.8201,-0.513506,-0.513506,-0.513506,-0.513506,0,0,0,0,-0.513506,-0.513506,-0.513506,-0.513506,0,0,0,0
19.8301,-0.513506,-0.513506,-0.513506,-0.513506,0,0,0,0,-0.513506,-0.513506,-0.513506,-0.513506,0,0,0,0
19.8401,-0.513506,-0.513506,-0.513506,-0.513506,0,0,0,0,-0.513506,-0.513506,-0.513506,-0.513506,0,0,0,0
19.8501,-0.513506,-0.513506,-0.513506,-0.513506,0,0,0,0,-0.513506,-0.513506,-0.513506,-0.513506,0,0,0,0
19.8601,-0.513506,-0.513506,-0.513506,-0.513506,0,0,0,0,-0.513506,-0.513506,-0.513506,-0.513506,0,0,0,0
19.8701,-0.513506,-0.513506,-0.513506,-0.513506,0,0,0,0,-0.513506,-0.513506,-0.513506,-0.513506,0,0,0,0
19.8801,-0.513506,-0.513506,-0.513506,-0.513506,0,0,0,0,-0.513506,-0.513506,-0.513506,-0.513506,0,0,0,0
19.8901,-0.513506,-0.513506,-0.513506,-0.513506,0,0,0,0,-0.513506,-0.513506,-0.513506,-0.513506,0,0,0,0
19.9001,-0.439008,-0.439008,-0.439008,-0.439008,0,0,0,0,-0.439008,-0.439008,-0.439008,-0.439008,0,0,0,0
19.9101,-0.439008,-0.439008,-0.439008,-0.439008,0,0,0,0,-0.439008,-0.439008,-0.439008,-0.439008,0,0,0,0
19.9201,-0.519008,-0.519008,-0.519008,-0.519008,0,0,0,0,-0.519008,-0.519008,-0.519008,-0.519008,0,0,0,0
19.9301,-0.519008,-0.519008,-0.519008,-0.519008,0,0,0,0,-0.519008,-0.519008,-0.519008,-0.519008,0,0,0,0
19.9401,-0.519008,-0.519008,-0.519008,-0.519008,0,0,0,0,-0.519008,-0.519008,-0.519008,-0.519008,0,0,0,0
19.9501,-0.519008,-0.519008,-0.519008,-0.519008,0,0,0,0,-0.519008,-0.519008,-0.519008,-0.519008,0,0,0,0
19.9601,-0.519008,-0.519008,-0.519008,-0.519008,0,0,0,0,-0.519008,-0.519008,-0.519008,-0.519008,0,0,0,0
19.9701,-0.519008,-0.519008,-0.519008,-0.519008,0,0,0,0,-0.519008,-0.519008,-0.519008,-0.519008,0,0,0,0
19.9801,-0.519008,-0.519008,-0.519008,-0.519008,0,0,0,0,-0.519008,-0.519008,-0.519008,-0.519008,0,0,0,0
19.9901,-0.519008,-0.519008,-0.519008,-0.519008,0,0,0,0,-0.519008,-0.519008,-0.519008,-0.519008,0,0,0,0
20.0001,-0.759008,-0.759008,-0.759008,-0.759008,0,0,0,0,-0.759008,-0.759008,-0.759008,-0.759008,0,0,0,0
20.0101,-0.759008,-0.759008,-0.759008,-0.759008,0,0,0,0,-0.759008,-0.759008,-0.759008,-0.759008,0,0,0,0
20.0201,-0.645157,-0.645157,-0.645157,-0.645157,0,0,0,0,-0.645157,-0.645157,-0.645157,-0.645157,0,0,0,0
20.0301,-0.645157,-0.645157,-0.645157,-0.645157,0,0,0,0,-0.645157,-0.645157,-0.645157,-0.645157,0,0,0,0
20.0401,-0.645157,-0.645157,-0.645157,-0.645157,0,0,0,0,-0.645157,-0.645157,-0.645157,-0.645157,0,0,0,0
20.0501,-0.645157,-0.645157,-0.645157,-0.645157,0,0,0,0,-0.645157,-0.645157,-0.645157,-0.645157,0,0,0,0
20.0601,-0.645157,-0.645157,-0.645157,-0.645157,0,0,0,0,-0.645157,-0.645157,-0.645157,-0.645157,0,0,0,0
20.0701,-0.645157,-0.645157,-0.645157,-0.645157,0,0,0,0,-0.645157,-0.645157,-0.645157,-0.645157,0,0,0,0
20.0801,-0.645157,-0.645157,-0.645157,-0.645157,0,0,0,0,-0.645157,-0.645157,-0.645157,-0.645157,0,0,0,0
20.0901,-0.645157,-0.645157,-0.645157,-0.645157,0,0,0,0,-0.645157,-0.645157,-0.645157,-0.645157,0,0,0,0
20.1001,-0.885157,-0.885157,-0.885157,-0.885157,0,0,0,0,-0.885157,-0.885157,-0.885157,-0.885157,0,0,0,0
20.1101,-0.885157,-0.885157,-0.885157,-0.885157,0,0,0,0,-0.885157,-0.885157,-0.885157,-0.885157,0,0,0,0
20.1201,-0.965157,-0.965157,-0.965157,-0.965157,0,0,0,0,-0.965157,-0.965157,-0.965157,-0.965157,0,0,0,0
20.1301,-0.965157,-0.965157,-0.965157,-0.965157,0,0,0,0,-0.965157,-0.965157,-0.965157,-0.965157,0,0,0,0
20.1401,-0.965157,-0.965157,-0.965157,-0.965157,0,0,0,0,-0.965157,-0.965157,-0.965157,-0.965157,0,0,0,0
20.1501,-0.965157,-0.965157,-0.965157,-0.965157,0,0,0,0,-0.965157,-0.965157,-0.965157,-0.965157,0,0,0,0
20.1601,-0.965157,-0.965157,-0.965157,-0.965157,0,0,0,0,-0.965157,-0.965157,-0.965157,-0.965157,0,0,0,0
20.1701,-0.965157,-0.965157,-0.965157,-0.965157,0,0,0,0,-0.965157,-0.965157,-0.965157,-0.965157,0,0,0,0
20.1801,-0.965157,-0.965157,-0.965157,-0.965157,0,0,0,0,-0.965157,-0.965157,-0.965157,-0.965157,0,0,0,0
20.1901,-0.965157,-0.965157,-0.965157,-0.965157,0,0,0,0,-0.965157,-0.965157,-0.965157,-0.965157,0,0,0,0
20.2001,-0.765326,-0.765326,-0.765326,-0.765326,0,0,0,0,-0.765326,-0.765326,-0.765326,-0.765326,0,0,0,0
20.2101,-0.765326,-0.765326,-0.765326,-0.765326,0,0,0,0,-0.765326,-0.765326,-0.765326,-0.765326,0,0,0,0
20.2201,-0.845326,-0.845326,-0.845326,-0.845326,0,0,0,0,-0.845326,-0.845326,-0.845326,-0.845326,0,0,0,0
20.2301,-0.845326,-0.845326,-0.845326,-0.845326,0,0,0,0,-0.845326,-0.845326,-0.845326,-0.845326,0,0,0,0
20.2401,-0.845326,-0.845326,-0.845326,-0.845326,0,0,0,0,-0.845326,-0.845326,-0.845326,-0.845326,0,0,0,0
20.2501,-0.845326,-0.845326,-0.845326,-0.845326,0,0,0,0,-0.845326,-0.845326,-0.845326,-0.845326,0,0,0,0
20.2601,-0.845326,-0.845326,-0.845326,-0.845326,0,0,0,0,-0.845326,-0.845326,-0.845326,-0.845326,0,0,0,0
20.2701,-0.845326,-0.845326,-0.845326,-0.845326,0,0,0,0,-0.845326,-0.845326,-0.845326,-0.845326,0,0,0,0
20.2801,-0.845326,-0.845326,-0.845326,-0.845326,0,0,0,0,-0.845326,-0.845326,-0.845326,-0.845326,0,0,0,0
20.2901,-0.845326,-0.845326,-0.845326,-0.845326,0,0,0,0,-0.845326,-0.845326,-0.845326,-0.845326,0,0,0,0
20.3001,-1,-1,-1,-1,0,0,0,0,-1,-1,-1,-1,0,0,0,0
20.3101,-1,-1,-1,-1,0,0,0,0,-1,-1,-1,-1,0,0,0,0
20.32,-0.85,-0.85,-0.85,-0.85,0,0,0,0,-0.85,-0.85,-0.85,-0.85,0,0,0,0
20.3301,-0.85,-0.85,-0.85,-0.85,0,0,0,0,-0.85,-0.85,-0.85,-0.85,0,0,0,0
20.3401,-0.85,-0.85,-0.85,-0.85,0,0,0,0,-0.85,-0.85,-0.85,-0.85,0,0,0,0
20.3501,-0.85,-0.85,-0.85,-0.85,0,0,0,0,-0.85,-0.85,-0.85,-0.85,0,0,0,0
20.3601,-0.85,-0.85,-0.85,-0.85,0,0,0,0,-0.85,-0.85,-0.85,-0.85,0,0,0,0
20.3701,-0.85,-0.85,-0.85,-0.85,0,0,0,0,-0.85,-0.85,-0.85,-0.85,0,0,0,0
20.3801,-0.85,-0.85,-0.85,-0.85,0,0,0,0,-0.85,-0.85,-0.85,-0.85,0,0,0,0
20.3901,-0.85,-0.85,-0.85,-0.85,0,0,0,0,-0.85,-0.85,-0.85,-0.85,0,0,0,0
20.4001,-1,-1,-1,-1,0,0,0,0,-1,-1,-1,-1,0,0,0,0
20.4101,-1,-1,-1,-1,0,0,0,0,-1,-1,-1,-1,0,0,0,0
20.42,-1,-1,-1,-1,0,0,0,0,-1,-1,-1,-1,0,0,0,0
20.4301,-1,-1,-1,-1,0,0,0,0,-1,-1,-1,-1,0,0,0,0
20.4401,-1,-1,-1,-1,0,0,0,0,-1,-1,-1,-1,0,0,0,0
20.4501,-1,-1,-1,-1,0,0,0,0,-1,-1,-1,-1,0,0,0,0
20.4601,-1,-1,-1,-1,0,0,0,0,-1,-1,-1,-1,0,0,0,0
20.4701,-1,-1,-1,-1,0,0,0,0,-1,-1,-1,-1,0,0,0,0
20.4801,-1,-1,-1,-1,0,0,0,0,-1,-1,-1,-1,0,0,0,0
20.4901,-1,-1,-1,-1,0,0,0,0,-1,-1,-1,-1,0,0,0,0
20.5001,-0.7905,-0.7905,-0.7905,-0.7905,0,0,0,0,-0.7905,-0.7905,-0.7905,-0.7905,0,0,0,0
20.5101,-0.7905,-0.7905,-0.7905,-0.7905,0,0,0,0,-0.7905,-0.7905,-0.7905,-0.7905,0,0,0,0
20.5201,-0.8705,-0.8705,-0.8705,-0.8705,0,0,0,0,-0.8705,-0.8705,-0.8705,-0.8705,0,0,0,0
20.5301,-0.8705,-0.8705,-0.8705,-0.8705,0,0,0,0,-0.8705,-0.8705,-0.8705,-0.8705,0,0,0,0
20.5401,-0.8705,-0.8705,-0.8705,-0.8705,0,0,0,0,-0.8705,-0.8705,-0.8705,-0.8705,0,0,0,0
20.5501,-0.8705,-0.8705,-0.8705,-0.8705,0,0,0,0,-0.8705,-0.8705,-0.8705,-0.8705,0,0,0,0
20.5601,-0.8705,-0.8705,-0.8705,-0.8705,0,0,0,0,-0.8705,-0.8705,-0.8705,-0.8705,0,0,0,0
20.5701,-0.8705,-0.8705,-0.8705,-0.8705,0,0,0,0,-0.8705,-0.8705,-0.8705,-0.8705,0,0,0,0
20.5801,-0.8705,-0.8705,-0.8705,-0.8705,0,0,0,0,-0.8705,-0.8705,-0.8705,-0.8705,0,0,0,0
20.5901,-0.8705,-0.8705,-0.8705,-0.8705,0,0,0,0,-0.8705,-0.8705,-0.8705,-0.8705,0,0,0,0
20.6001,-1,-1,-1,-1,0,0,0,0,-1,-1,-1,-1,0,0,0,0
20.6101,-1,-1,-1,-1,0,0,0,0,-1,-1,-1,-1,0,0,0,0
20.6201,-0.85,-0.85,-0.85,-0.85,0,0,0,0,-0.85,-0.85,-0.85,-0.85,0,0,0,0
20.6301,-0.85,-0.85,-0.85,-0.85,0,0,0,0,-0.85,-0.85,-0.85,-0.85,0,0,0,0
20.6401,-0.85,-0.85,-0.85,-0.85,0,0,0,0,-0.85,-0.85,-0.85,-0.85,0,0,0,0
20.6501,-0.85,-0.85,-0.85,-0.85,0,0,0,0,-0.85,-0.85,-0.85,-0.85,0,0,0,0
20.6601,-0.85,-0.85,-0.85,-0.85,0,0,0,0,-0.85,-0.85,-0.85,-0.85,0,0,0,0
20.6701,-0.85,-0.85,-0.85,-0.85,0,0,0,0,-0.85,-0.85,-0.85,-0.85,0,0,0,0
20.6801,-0.85,-0.85,-0.85,-0.85,0,0,0,0,-0.85,-0.85,-0.85,-0.85,0,0,0,0
20.6901,-0.85,-0.85,-0.85,-0.85,0,0,0,0,-0.85,-0.85,-0.85,-0.85,0,0,0,0
20.7001,-0.522006,-0.522006,-0.522006,-0.522006,0,0,0,0,-0.522006,-0.522006,-0.522006,-0.522006,0,0,0,0
20.7101,-0.522006,-0.522006,-0.522006,-0.522006,0,0,0,0,-0.522006,-0.522006,-0.522006,-0.522006,0,0,0,0
20.7201,-0.443705,-0.443705,-0.443705,-0.443705,0,0,0,0,-0.443705,-0.443705,-0.443705,-0.443705,0,0,0,0
20.7301,-0.443705,-0.443705,-0.443705,-0.443705,0,0,0,0,-0.443705,-0.443705,-0.443705,-0.443705,0,0,0,0
20.7401,-0.443705,-0.443705,-0.443705,-0.443705,0,0,0,0,-0.443705,-0.443705,-0.443705,-0.443705,0,0,0,0
20.7501,-0.443705,-0.443705,-0.443705,-0.443705,0,0,0,0,-0.443705,-0.443705,-0.443705,-0.443705,0,0,0,0
20.7601,-0.443705,-0.443705,-0.443705,-0.443705,0,0,0,0,-0.443705,-0.443705,-0.443705,-0.443705,0,0,0,0
20.7701,-0.443705,-0.443705,-0.443705,-0.443705,0,0,0,0,-0.443705,-0.443705,-0.443705,-0.443705,0,0,0,0
20.7801,-0.443705,-0.443705,-0.443705,-0.443705,0,0,0,0,-0.443705,-0.443705,-0.443705,-0.443705,0,0,0,0
20.7901,-0.443705,-0.443705,-0.443705,-0.443705,0,0,0,0,-0.443705,-0.443705,-0.443705,-0.443705,0,0,0,0
20.8001,-0.272491,-0.272491,-0.272491,-0.272491,0,0,0,0,-0.272491,-0.272491,-0.272491,-0.272491,0,0,0,0
20.8101,-0.272491,-0.272491,-0.272491,-0.272491,0,0,0,0,-0.272491,-0.272491,-0.272491,-0.272491,0,0,0,0
20.8201,-0.231617,-0.231617,-0.231617,-0.231617,0,0,0,0,-0.231617,-0.231617,-0.231617,-0.231617,0,0,0,0
20.8301,-0.231617,-0.231617,-0.231617,-0.231617,0,0,0,0,-0.231617,-0.231617,-0.231617,-0.231617,0,0,0,0
20.8401,-0.231617,-0.231617,-0.231617,-0.231617,0,0,0,0,-0.231617,-0.231617,-0.231617,-0.231617,0,0,0,0
20.8501,-0.231617,-0.231617,-0.231617,-0.231617,0,0,0,0,-0.231617,-0.231617,-0.231617,-0.231617,0,0,0,0
20.8601,-0.231617,-0.231617,-0.231617,-0.231617,0,0,0,0,-0.231617,-0.231617,-0.231617,-0.231617,0,0,0,0
20.8701,-0.231617,-0.231617,-0.231617,-0.231617,0,0,0,0,-0.231617,-0.231617,-0.231617,-0.231617,0,0,0,0
20.8801,-0.231617,-0.231617,-0.231617,-0.231617,0,0,0,0,-0.231617,-0.231617,-0.231617,-0.231617,0,0,0,0
20.8901,-0.231617,-0.231617,-0.231617,-0.231617,0,0,0,0,-0.231617,-0.231617,-0.231617,-0.231617,0,0,0,0
20.9001,-0.142242,-0.142242,-0.142242,-0.142242,0,0,0,0,-0.142242,-0.142242,-0.142242,-0.142242,0,0,0,0
20.9101,-0.142242,-0.142242,-0.142242,-0.142242,0,0,0,0,-0.142242,-0.142242,-0.142242,-0.142242,0,0,0,0
20.9201,-0.120905,-0.120905,-0.120905,-0.120905,0,0,0,0,-0.120905,-0.120905,-0.120905,-0.120905,0,0,0,0
20.9301,-0.120905,-0.120905,-0.120905,-0.120905,0,0,0,0,-0.120905,-0.120905,-0.120905,-0.120905,0,0,0,0
20.9401,-0.120905,-0.120905,-0.120905,-0.120905,0,0,0,0,-0.120905,-0.120905,-0.120905,-0.120905,0,0,0,0
20.9501,-0.120905,-0.120905,-0.120905,-0.120905,0,0,0,0,-0.120905,-0.120905,-0.120905,-0.120905,0,0,0,0
20.9601,-0.120905,-0.120905,-0.120905,-0.120905,0,0,0,0,-0.120905,-0.120905,-0.120905,-0.120905,0,0,0,0
20.9701,-0.120905,-0.120905,-0.120905,-0.120905,0,0,0,0,-0.120905,-0.120905,-0.120905,-0.120905,0,0,0,0
20.9801,-0.120905,-0.120905,-0.120905,-0.120905,0,0,0,0,-0.120905,-0.120905,-0.120905,-0.120905,0,0,0,0
20.9901,-0.120905,-0.120905,-0.120905,-0.120905,0,0,0,0,-0.120905,-0.120905,-0.120905,-0.120905,0,0,0,0
21.0001,-0.0742511,-0.0742511,-0.0742511,-0.0742511,0,0,0,0,-0.0742511,-0.0742511,-0.0742511,-0.0742511,0,0,0,0
21.0101,-0.0742511,-0.0742511,-0.0742511,-0.0742511,0,0,0,0,-0.0742511,-0.0742511,-0.0742511,-0.0742511,0,0,0,0
21.0201,-0.0631134,-0.0631134,-0.0631134,-0.0631134,0,0,0,0,-0.0631134,-0.0631134,-0.0631134,-0.0631134,0,0,0,0
21.0301,-0.0631134,-0.0631134,-0.0631134,-0.0631134,0,0,0,0,-0.0631134,-0.0631134,-0.0631134,-0.0631134,0,0,0,0
21.0401,-0.0631134,-0.0631134,-0.0631134,-0.0631134,0,0,0,0,-0.0631134,-0.0631134,-0.0631134,-0.0631134,0,0,0,0
21.0501,-0.0631134,-0.0631134,-0.0631134,-0.0631134,0,0,0,0,-0.0631134,-0.0631134,-0.0631134,-0.0631134,0,0,0,0
21.0601,-0.0631134,-0.0631134,-0.0631134,-0.0631134,0,0,0,0,-0.0631134,-0.0631134,-0.0631134,-0.0631134,0,0,0,0
21.0701,-0.0631134,-0.0631134,-0.0631134,-0.0631134,0,0,0,0,-0.0631134,-0.0631134,-0.0631134,-0.0631134,0,0,0,0
21.0801,-0.0631134,-0.0631134,-0.0631134,-0.0631134,0,0,0,0,-0.0631134,-0.0631134,-0.0631134,-0.0631134,0,0,0,0
21.0901,-0.0631134,-0.0631134,-0.0631134,-0.0631134,0,0,0,0,-0.0631134,-0.0631134,-0.0631134,-0.0631134,0,0,0,0
21.1001,-0.0387595,-0.0387595,-0.0387595,-0.0387595,0,0,0,0,-0.0387595,-0.0387595,-0.0387595,-0.0387595,0,0,0,0
21.1101,-0.0387595,-0.0387595,-0.0387595,-0.0387595,0,0,0,0,-0.0387595,-0.0387595,-0.0387595,-0.0387595,0,0,0,0
21.1201,-0.0329456,-0.0329456,-0.0329456,-0.0329456,0,0,0,0,-0.0329456,-0.0329456,-0.0329456,-0.0329456,0,0,0,0
21.1301,-0.0329456,-0.0329456,-0.0329456,-0.0329456,0,0,0,0,-0.0329456,-0.0329456,-0.0329456,-0.0329456,0,0,0,0
21.1401,-0.0329456,-0.0329456,-0.0329456,-0.0329456,0,0,0,0,-0.0329456,-0.0329456,-0.0329456,-0.0329456,0,0,0,0
21.1501,-0.0329456,-0.0329456,-0.0329456,-0.0329456,0,0,0,0,-0.0329456,-0.0329456,-0.0329456,-0.0329456,0,0,0,0
21.1601,-0.0329456,-0.0329456,-0.0329456,-0.0329456,0,0,0,0,-0.0329456,-0.0329456,-0.0329456,-0.0329456,0,0,0,0
21.1701,-0.0329456,-0.0329456,-0.0329456,-0.0329456,0,0,0,0,-0.0329456,-0.0329456,-0.0329456,-0.0329456,0,0,0,0
21.1801,-0.0329456,-0.0329456,-0.0329456,-0.0329456,0,0,0,0,-0.0329456,-0.0329456,-0.0329456,-0.0329456,0,0,0,0
21.1901,-0.0329456,-0.0329456,-0.0329456,-0.0329456,0,0,0,0,-0.0329456,-0.0329456,-0.0329456,-0.0329456,0,0,0,0
21.2001,-0.0202327,-0.0202327,-0.0202327,-0.0202327,0,0,0,0,-0.0202327,-0.0202327,-0.0202327,-0.0202327,0,0,0,0
21.2101,-0.0202327,-0.0202327,-0.0202327,-0.0202327,0,0,0,0,-0.0202327,-0.0202327,-0.0202327,-0.0202327,0,0,0,0
21.2201,-0.0171978,-0.0171978,-0.0171978,-0.0171978,0,0,0,0,-0.0171978,-0.0171978,-0.0171978,-0.0171978,0,0,0,0
21.2301,-0.0171978,-0.0171978,-0.0171978,-0.0171978,0,0,0,0,-0.0171978,-0.0171978,-0.0171978,-0.0171978,0,0,0,0
21.2401,-0.0171978,-0.0171978,-0.0171978,-0.0171978,0,0,0,0,-0.0171978,-0.0171978,-0.0171978,-0.0171978,0,0,0,0
21.2501,-0.0171978,-0.0171978,-0.0171978,-0.0171978,0,0,0,0,-0.0171978,-0.0171978,-0.0171978,-0.0171978,0,0,0,0
21.2601,-0.0171978,-0.0171978,-0.0171978,-0.0171978,0,0,0,0,-0.0171978,-0.0171978,-0.0171978,-0.0171978,0,0,0,0
21.2701,-0.0171978,-0.0171978,-0.0171978,-0.0171978,0,0,0,0,-0.0171978,-0.0171978,-0.0171978,-0.0171978,0,0,0,0
21.2801,-0.0171978,-0.0171978,-0.0171978,-0.0171978,0,0,0,0,-0.0171978,-0.0171978,-0.0171978,-0.0171978,0,0,0,0
21.2901,-0.0171978,-0.0171978,-0.0171978,-0.0171978,0,0,0,0,-0.0171978,-0.0171978,-0.0171978,-0.0171978,0,0,0,0
21.3001,-0.0105616,-0.0105616,-0.0105616,-0.0105616,0,0,0,0,-0.0105616,-0.0105616,-0.0105616,-0.0105616,0,0,0,0
21.3101,-0.0105616,-0.0105616,-0.0105616,-0.0105616,0,0,0,0,-0.0105616,-0.0105616,-0.0105616,-0.0105616,0,0,0,0
21.32,-0.00897736,-0.00897736,-0.00897736,-0.00897736,0,0,0,0,-0.00897736,-0.00897736,-0.00897736,-0.00897736,0,0,0,0
21.3301,-0.00897736,-0.00897736,-0.00897736,-0.00897736,0,0,0,0,-0.00897736,-0.00897736,-0.00897736,-0.00897736,0,0,0,0
21.3401,-0.00897736,-0.00897736,-0.00897736,-0.00897736,0,0,0,0,-0.00897736,-0.00897736,-0.00897736,-0.00897736,0,0,0,0
21.3501,-0.00897736,-0.00897736,-0.00897736,-0.00897736,0,0,0,0,-0.00897736,-0.00897736,-0.00897736,-0.00897736,0,0,0,0
21.3601,-0.00897736,-0.00897736,-0.00897736,-0.00897736,0,0,0,0,-0.00897736,-0.00897736,-0.00897736,-0.00897736,0,0,0,0
21.3701,-0.00897736,-0.00897736,-0.00897736,-0.00897736,0,0,0,0,-0.00897736,-0.00897736,-0.00897736,-0.00897736,0,0,0,0
21.3801,-0.00897736,-0.00897736,-0.00897736,-0.00897736,0,0,0,0,-0.00897736,-0.00897736,-0.00897736,-0.00897736,0,0,0,0
21.3901,-0.00897736,-0.00897736,-0.00897736,-0.00897736,0,0,0,0,-0.00897736,-0.00897736,-0.00897736,-0.00897736,0,0,0,0
21.4001,-0.00551322,-0.00551322,-0.00551322,-0.00551322,0,0,0,0,-0.00551322,-0.00551322,-0.00551322,-0.00551322,0,0,0,0
21.4101,0,0,0,0,0,0,0,0,0,0,0,0,0,0,0,0
21.4201,0,0,0,0,0,0,0,0,0,0,0,0,0,0,0,0
21.4301,0,0,0,0,0,0,0,0,0,0,0,0,0,0,0,0
21.4401,0,0,0,0,0,0,0,0,0,0,0,0,0,0,0,0
21.4501,0,0,0,0,0,0,0,0,0,0,0,0,0,0,0,0
21.4601,0,0,0,0,0,0,0,0,0,0,0,0,0,0,0,0
21.4701,0,0,0,0,0,0,0,0,0,0,0,0,0,0,0,0
21.4801,0,0,0,0,0,0,0,0,0,0,0,0,0,0,0,0
21.4901,0,0,0,0,0,0,0,0,0,0,0,0,0,0,0,0
21.5001,0,0,0,0,0,0,0,0,0,0,0,0,0,0,0,0
21.5101,0,0,0,0,0,0,0,0,0,0,0,0,0,0,0,0
21.5201,0,0,0,0,0,0,0,0,0,0,0,0,0,0,0,0
21.5301,0,0,0,0,0,0,0,0,0,0,0,0,0,0,0,0
21.5401,0,0,0,0,0,0,0,0,0,0,0,0,0,0,0,0
21.5501,0,0,0,0,0,0,0,0,0,0,0,0,0,0,0,0
21.5601,0,0,0,0,0,0,0,0,0,0,0,0,0,0,0,0
21.5701,0,0,0,0,0,0,0,0,0,0,0,0,0,0,0,0
21.5801,0,0,0,0,0,0,0,0,0,0,0,0,0,0,0,0
21.5901,0,0,0,0,0,0,0,0,0,0,0,0,0,0,0,0
21.6001,0,0,0,0,0,0,0,0,0,0,0,0,0,0,0,0
21.6101,0,0,0,0,0,0,0,0,0,0,0,0,0,0,0,0
21.6201,0,0,0,0,0,0,0,0,0,0,0,0,0,0,0,0
21.6301,0,0,0,0,0,0,0,0,0,0,0,0,0,0,0,0
21.6401,0,0,0,0,0,0,0,0,0,0,0,0,0,0,0,0
21.6501,0,0,0,0,0,0,0,0,0,0,0,0,0,0,0,0
21.6601,0,0,0,0,0,0,0,0,0,0,0,0,0,0,0,0
21.6701,0,0,0,0,0,0,0,0,0,0,0,0,0,0,0,0
21.6801,0,0,0,0,0,0,0,0,0,0,0,0,0,0,0,0
21.6901,0,0,0,0,0,0,0,0,0,0,0,0,0,0,0,0
21.7001,0,0,0,0,0,0,0,0,0,0,0,0,0,0,0,0
21.7101,0,0,0,0,0,0,0,0,0,0,0,0,0,0,0,0
21.7201,0,0,0,0,0,0,0,0,0,0,0,0,0,0,0,0
21.7301,0,0,0,0,0,0,0,0,0,0,0,0,0,0,0,0
21.7401,0,0,0,0,0,0,0,0,0,0,0,0,0,0,0,0
21.7501,0,0,0,0,0,0,0,0,0,0,0,0,0,0,0,0
21.7601,0,0,0,0,0,0,0,0,0,0,0,0,0,0,0,0
21.7701,0,0,0,0,0,0,0,0,0,0,0,0,0,0,0,0
21.7801,0,0,0,0,0,0,0,0,0,0,0,0,0,0,0,0
21.7901,0,0,0,0,0,0,0,0,0,0,0,0,0,0,0,0
21.8001,0,0,0,0,0,0,0,0,0,0,0,0,0,0,0,0
21.8101,0,0,0,0,0,0,0,0,0,0,0,0,0,0,0,0
21.8201,0,0,0,0,0,0,0,0,0,0,0,0,0,0,0,0
21.8301,0,0,0,0,0,0,0,0,0,0,0,0,0,0,0,0
21.8401,0,0,0,0,0,0,0,0,0,0,0,0,0,0,0,0
21.8501,0,0,0,0,0,0,0,0,0,0,0,0,0,0,0,0
21.8601,0,0,0,0,0,0,0,0,0,0,0,0,0,0,0,0
21.8701,0,0,0,0,0,0,0,0,0,0,0,0,0,0,0,0
21.8801,0,0,0,0,0,0,0,0,0,0,0,0,0,0,0,0
21.8901,0,0,0,0,0,0,0,0,0,0,0,0,0,0,0,0
21.9001,-0.0002514,-0.0002514,-0.0002514,-0.0002514,-0.08,-0.08,0.08,0.08,-0.0002514,-0.0002514,-0.0002514,-0.0002514,-0.08,-0.08,0.08,0.08
21.9101,-0.0002514,-0.0002514,-0.0002514,-0.0002514,-0.08,-0.08,0.08,0.08,-0.0002514,-0.0002514,-0.0002514,-0.0002514,-0.08,-0.08,0.08,0.08
21.9201,-0.00021369,-0.00021369,-0.00021369,-0.00021369,-0.068,-0.068,0.068,0.068,-0.00021369,-0.00021369,-0.00021369,-0.00021369,-0.068,-0.068,0.068,0.068
21.9301,-0.00021369,-0.00021369,-0.00021369,-0.00021369,-0.068,-0.068,0.068,0.068,-0.00021369,-0.00021369,-0.00021369,-0.00021369,-0.068,-0.068,0.068,0.068
21.9401,-0.00021369,-0.00021369,-0.00021369,-0.00021369,-0.068,-0.068,0.068,0.068,-0.00021369,-0.00021369,-0.00021369,-0.00021369,-0.068,-0.068,0.068,0.068
21.9501,-0.00021369,-0.00021369,-0.00021369,-0.00021369,-0.068,-0.068,0.068,0.068,-0.00021369,-0.00021369,-0.00021369,-0.00021369,-0.068,-0.068,0.068,0.068
21.9601,-0.00021369,-0.00021369,-0.00021369,-0.00021369,-0.068,-0.068,0.068,0.068,-0.00021369,-0.00021369,-0.00021369,-0.00021369,-0.068,-0.068,0.068,0.068
21.9701,-0.00021369,-0.00021369,-0.00021369,-0.00021369,-0.068,-0.068,0.068,0.068,-0.00021369,-0.00021369,-0.00021369,-0.00021369,-0.068,-0.068,0.068,0.068
21.9801,-0.00021369,-0.00021369,-0.00021369,-0.00021369,-0.068,-0.068,0.068,0.068,-0.00021369,-0.00021369,-0.00021369,-0.00021369,-0.068,-0.068,0.068,0.068
21.9901,-0.00021369,-0.00021369,-0.00021369,-0.00021369,-0.068,-0.068,0.068,0.068,-0.00021369,-0.00021369,-0.00021369,-0.00021369,-0.068,-0.068,0.068,0.068
22.0001,-0.000131232,-0.000131232,-0.000131232,-0.000131232,-0.0417605,-0.0417605,0.0417605,0.0417605,-0.000131232,-0.000131232,-0.000131232,-0.000131232,-0.0417605,-0.0417605,0.0417605,0.0417605
22.0101,-0.000131232,-0.000131232,-0.000131232,-0.000131232,-0.0417605,-0.0417605,0.0417605,0.0417605,-0.000131232,-0.000131232,-0.000131232,-0.000131232,-0.0417605,-0.0417605,0.0417605,0.0417605
22.0201,-0.000111548,-0.000111548,-0.000111548,-0.000111548,-0.0354964,-0.0354964,0.0354964,0.0354964,-0.000111548,-0.000111548,-0.000111548,-0.000111548,-0.0354964,-0.0354964,0.0354964,0.0354964
22.0301,-0.000111548,-0.000111548,-0.000111548,-0.000111548,-0.0354964,-0.0354964,0.0354964,0.0354964,-0.000111548,-0.000111548,-0.000111548,-0.000111548,-0.0354964,-0.0354964,0.0354964,0.0354964
22.0401,-0.000111548,-0.000111548,-0.000111548,-0.000111548,-0.0354964,-0.0354964,0.0354964,0.0354964,-0.000111548,-0.000111548,-0.000111548,-0.000111548,-0.0354964,-0.0354964,0.0354964,0.0354964
22.0501,-0.000111548,-0.000111548,-0.000111548,-0.000111548,-0.0354964,-0.0354964,0.0354964,0.0354964,-0.000111548,-0.000111548,-0.000111548,-0.000111548,-0.0354964,-0.0354964,0.0354964,0.0354964
22.0601,-0.000111548,-0.000111548,-0.000111548,-0.000111548,-0.0354964,-0.0354964,0.0354964,0.0354964,-0.000111548,-0.000111548,-0.000111548,-0.000111548,-0.0354964,-0.0354964,0.0354964,0.0354964
22.0701,-0.000111548,-0.000111548,-0.000111548,-0.000111548,-0.0354964,-0.0354964,0.0354964,0.0354964,-0.000111548,-0.000111548,-0.000111548,-0.000111548,-0.0354964,-0.0354964,0.0354964,0.0354964
22.0801,-0.000111548,-0.000111548,-0.000111548,-0.000111548,-0.0354964,-0.0354964,0.0354964,0.0354964,-0.000111548,-0.000111548,-0.000111548,-0.000111548,-0.0354964,-0.0354964,0.0354964,0.0354964
22.0901,-0.000111548,-0.000111548,-0.000111548,-0.000111548,-0.0354964,-0.0354964,0.0354964,0.0354964,-0.000111548,-0.000111548,-0.000111548,-0.000111548,-0.0354964,-0.0354964,0.0354964,0.0354964
22.1001,-6.85041e-05,-6.85041e-05,-6.85041e-05,-6.85041e-05,-0.0217992,-0.0217992,0.0217992,0.0217992,-6.85041e-05,-6.85041e-05,-6.85041e-05,-6.85041e-05,-0.0217992,-0.0217992,0.0217992,0.0217992
22.1101,-6.85041e-05,-6.85041e-05,-6.85041e-05,-6.85041e-05,-0.0217992,-0.0217992,0.0217992,0.0217992,-6.85041e-05,-6.85041e-05,-6.85041e-05,-6.85041e-05,-0.0217992,-0.0217992,0.0217992,0.0217992
22.1201,-5.82285e-05,-5.82285e-05,-5.82285e-05,-5.82285e-05,-0.0185294,-0.0185294,0.0185294,0.0185294,-5.82285e-05,-5.82285e-05,-5.82285e-05,-5.82285e-05,-0.0185294,-0.0185294,0.0185294,0.0185294
22.1301,-5.82285e-05,-5.82285e-05,-5.82285e-05,-5.82285e-05,-0.0185294,-0.0185294,0.0185294,0.0185294,-5.82285e-05,-5.82285e-05,-5.82285e-05,-5.82285e-05,-0.0185294,-0.0185294,0.0185294,0.0185294
22.1401,-5.82285e-05,-5.82285e-05,-5.82285e-05,-5.82285e-05,-0.0185294,-0.0185294,0.0185294,0.0185294,-5.82285e-05,-5.82285e-05,-5.82285e-05,-5.82285e-05,-0.0185294,-0.0185294,0.0185294,0.0185294
22.1501,-5.82285e-05,-5.82285e-05,-5.82285e-05,-5.82285e-05,-0.0185294,-0.0185294,0.0185294,0.0185294,-5.82285e-05,-5.82285e-05,-5.82285e-05,-5.82285e-05,-0.0185294,-0.0185294,0.0185294,0.0185294
22.1601,-5.82285e-05,-5.82285e-05,-5.82285e-05,-5.82285e-05,-0.0185294,-0.0185294,0.0185294,0.0185294,-5.82285e-05,-5.82285e-05,-5.82285e-05,-5.82285e-05,-0.0185294,-0.0185294,0.0185294,0.0185294
22.1701,-5.82285e-05,-5.82285e-05,-5.82285e-05,-5.82285e-05,-0.0185294,-0.0185294,0.0185294,0.0185294,-5.82285e-05,-5.82285e-05,-5.82285e-05,-5.82285e-05,-0.0185294,-0.0185294,0.0185294,0.0185294
22.1801,-5.82285e-05,-5.82285e-05,-5.82285e-05,-5.82285e-05,-0.0185294,-0.0185294,0.0185294,0.0185294,-5.82285e-05,-5.82285e-05,-5.82285e-05,-5.82285e-05,-0.0185294,-0.0185294,0.0185294,0.0185294
22.1901,-5.82285e-05,-5.82285e-05,-5.82285e-05,-5.82285e-05,-0.0185294,-0.0185294,0.0185294,0.0185294,-5.82285e-05,-5.82285e-05,-5.82285e-05,-5.82285e-05,-0.0185294,-0.0185294,0.0185294,0.0185294
22.2001,-3.57596e-05,-3.57596e-05,-3.57596e-05,-3.57596e-05,-0.0113793,-0.0113793,0.0113793,0.0113793,-3.57596e-05,-3.57596e-05,-3.57596e-05,-3.57596e-05,-0.0113793,-0.0113793,0.0113793,0.0113793
22.2101,-3.57596e-05,-3.57596e-05,-3.57596e-05,-3.57596e-05,-0.0113793,-0.0113793,0.0113793,0.0113793,-3.57596e-05,-3.57596e-05,-3.57596e-05,-3.57596e-05,-0.0113793,-0.0113793,0.0113793,0.0113793
22.2201,-3.03956e-05,-3.03956e-05,-3.03956e-05,-3.03956e-05,-0.00967244,-0.00967244,0.00967244,0.00967244,-3.03956e-05,-3.03956e-05,-3.03956e-05,-3.03956e-05,-0.00967244,-0.00967244,0.00967244,0.00967244
22.2301,-3.03956e-05,-3.03956e-05,-3.03956e-05,-3.03956e-05,-0.00967244,-0.00967244,0.00967244,0.00967244,-3.03956e-05,-3.03956e-05,-3.03956e-05,-3.03956e-05,-0.00967244,-0.00967244,0.00967244,0.00967244
22.2401,-3.03956e-05,-3.03956e-05,-3.03956e-05,-3.03956e-05,-0.00967244,-0.00967244,0.00967244,0.00967244,-3.03956e-05,-3.03956e-05,-3.03956e-05,-3.03956e-05,-0.00967244,-0.00967244,0.00967244,0.00967244
22.2501,-3.03956e-05,-3.03956e-05,-3.03956e-05,-3.03956e-05,-0.00967244,-0.00967244,0.00967244,0.00967244,-3.03956e-05,-3.03956e-05,-3.03956e-05,-3.03956e-05,-0.00967244,-0.00967244,0.00967244,0.00967244
22.2601,-3.03956e-05,-3.03956e-05,-3.03956e-05,-3.03956e-05,-0.00967244,-0.00967244,0.00967244,0.00967244,-3.03956e-05,-3.03956e-05,-3.03956e-05,-3.03956e-05,-0.00967244,-0.00967244,0.00967244,0.00967244
22.2701,-3.03956e-05,-3.03956e-05,-3.03956e-05,-3.03956e-05,-0.00967244,-0.00967244,0.00967244,0.00967244,-3.03956e-05,-3.03956e-05,-3.03956e-05,-3.03956e-05,-0.00967244,-0.00967244,0.00967244,0.00967244
22.2801,-3.03956e-05,-3.03956e-05,-3.03956e-05,-3.03956e-05,-0.00967244,-0.00967244,0.00967244,0.00967244,-3.03956e-05,-3.03956e-05,-3.03956e-05,-3.03956e-05,-0.00967244,-0.00967244,0.00967244,0.00967244
22.2901,-3.03956e-05,-3.03956e-05,-3.03956e-05,-3.03956e-05,-0.00967244,-0.00967244,0.00967244,0.00967244,-3.03956e-05,-3.03956e-05,-3.03956e-05,-3.03956e-05,-0.00967244,-0.00967244,0.00967244,0.00967244
22.3001,-1.86667e-05,-1.86667e-05,-1.86667e-05,-1.86667e-05,-0.00594009,-0.00594009,0.00594009,0.00594009,-1.86667e-05,-1.86667e-05,-1.86667e-05,-1.86667e-05,-0.00594009,-0.00594009,0.00594009,0.00594009
22.31,-1.86667e-05,-1.86667e-05,-1.86667e-05,-1.86667e-05,-0.00594009,-0.00594009,0.00594009,0.00594009,-1.86667e-05,-1.86667e-05,-1.86667e-05,-1.86667e-05,-0.00594009,-0.00594009,0.00594009,0.00594009
22.3201,0,0,0,0,0,0,0,0,0,0,0,0,0,0,0,0
22.3301,0,0,0,0,0,0,0,0,0,0,0,0,0,0,0,0
22.3401,0,0,0,0,0,0,0,0,0,0,0,0,0,0,0,0
22.3501,0,0,0,0,0,0,0,0,0,0,0,0,0,0,0,0
22.3601,0,0,0,0,0,0,0,0,0,0,0,0,0,0,0,0
22.3701,0,0,0,0,0,0,0,0,0,0,0,0,0,0,0,0
22.3801,0,0,0,0,0,0,0,0,0,0,0,0,0,0,0,0
22.3901,0,0,0,0,0,0,0,0,0,0,0,0,0,0,0,0
22.4001,-1.14637e-05,-1.14637e-05,-1.14637e-05,-1.14637e-05,-0.083648,-0.083648,0.083648,0.083648,-1.14637e-05,-1.14637e-05,-1.14637e-05,-1.14637e-05,-0.083648,-0.083648,0.083648,0.083648
22.4101,-1.14637e-05,-1.14637e-05,-1.14637e-05,-1.14637e-05,-0.083648,-0.083648,0.083648,0.083648,-1.14637e-05,-1.14637e-05,-1.14637e-05,-1.14637e-05,-0.083648,-0.083648,0.083648,0.083648
22.4201,-1.14637e-05,-1.14637e-05,-1.14637e-05,-1.14637e-05,-0.163648,-0.163648,0.163648,0.163648,-1.14637e-05,-1.14637e-05,-1.14637e-05,-1.14637e-05,-0.163648,-0.163648,0.163648,0.163648
22.4301,-1.14637e-05,-1.14637e-05,-1.14637e-05,-1.14637e-05,-0.163648,-0.163648,0.163648,0.163648,-1.14637e-05,-1.14637e-05,-1.14637e-05,-1.14637e-05,-0.163648,-0.163648,0.163648,0.163648
22.4401,-1.14637e-05,-1.14637e-05,-1.14637e-05,-1.14637e-05,-0.163648,-0.163648,0.163648,0.163648,-1.14637e-05,-1.14637e-05,-1.14637e-05,-1.14637e-05,-0.163648,-0.163648,0.163648,0.163648
22.4501,-1.14637e-05,-1.14637e-05,-1.14637e-05,-1.14637e-05,-0.163648,-0.163648,0.163648,0.163648,-1.14637e-05,-1.14637e-05,-1.14637e-05,-1.14637e-05,-0.163648,-0.163648,0.163648,0.163648
22.4601,-1.14637e-05,-1.14637e-05,-1.14637e-05,-1.14637e-05,-0.163648,-0.163648,0.163648,0.163648,-1.14637e-05,-1.14637e-05,-1.14637e-05,-1.14637e-05,-0.163648,-0.163648,0.163648,0.163648
22.4701,-1.14637e-05,-1.14637e-05,-1.14637e-05,-1.14637e-05,-0.163648,-0.163648,0.163648,0.163648,-1.14637e-05,-1.14637e-05,-1.14637e-05,-1.14637e-05,-0.163648,-0.163648,0.163648,0.163648
22.4801,-1.14637e-05,-1.14637e-05,-1.14637e-05,-1.14637e-05,-0.163648,-0.163648,0.163648,0.163648,-1.14637e-05,-1.14637e-05,-1.14637e-05,-1.14637e-05,-0.163648,-0.163648,0.163648,0.163648
22.4901,-1.14637e-05,-1.14637e-05,-1.14637e-05,-1.14637e-05,-0.163648,-0.163648,0.163648,0.163648,-1.14637e-05,-1.14637e-05,-1.14637e-05,-1.14637e-05,-0.163648,-0.163648,0.163648,0.163648
22.5001,-8.28252e-06,-8.28252e-06,-8.28252e-06,-8.28252e-06,-0.186236,-0.186236,0.186236,0.186236,-8.28252e-06,-8.28252e-06,-8.28252e-06,-8.28252e-06,-0.186236,-0.186236,0.186236,0.186236
22.5101,-8.28252e-06,-8.28252e-06,-8.28252e-06,-8.28252e-06,-0.186236,-0.186236,0.186236,0.186236,-8.28252e-06,-8.28252e-06,-8.28252e-06,-8.28252e-06,-0.186236,-0.186236,0.186236,0.186236
22.5201,-8.28252e-06,-8.28252e-06,-8.28252e-06,-8.28252e-06,-0.266236,-0.266236,0.266236,0.266236,-8.28252e-06,-8.28252e-06,-8.28252e-06,-8.28252e-06,-0.266236,-0.266236,0.266236,0.266236
22.5301,-8.28252e-06,-8.28252e-06,-8.28252e-06,-8.28252e-06,-0.266236,-0.266236,0.266236,0.266236,-8.28252e-06,-8.28252e-06,-8.28252e-06,-8.28252e-06,-0.266236,-0.266236,0.266236,0.266236
22.5401,-8.28252e-06,-8.28252e-06,-8.28252e-06,-8.28252e-06,-0.266236,-0.266236,0.266236,0.266236,-8.28252e-06,-8.28252e-06,-8.28252e-06,-8.28252e-06,-0.266236,-0.266236,0.266236,0.266236
22.5501,-8.28252e-06,-8.28252e-06,-8.28252e-06,-8.28252e-06,-0.266236,-0.266236,0.266236,0.266236,-8.28252e-06,-8.28252e-06,-8.28252e-06,-8.28252e-06,-0.266236,-0.266236,0.266236,0.266236
22.5601,-8.28252e-06,-8.28252e-06,-8.28252e-06,-8.28252e-06,-0.266236,-0.266236,0.266236,0.266236,-8.28252e-06,-8.28252e-06,-8.28252e-06,-8.28252e-06,-0.266236,-0.266236,0.266236,0.266236
22.5701,-8.28252e-06,-8.28252e-06,-8.28252e-06,-8.28252e-06,-0.266236,-0.266236,0.266236,0.266236,-8.28252e-06,-8.28252e-06,-8.28252e-06,-8.28252e-06,-0.266236,-0.266236,0.266236,0.266236
22.5801,-8.28252e-06,-8.28252e-06,-8.28252e-06,-8.28252e-06,-0.266236,-0.266236,0.266236,0.266236,-8.28252e-06,-8.28252e-06,-8.28252e-06,-8.28252e-06,-0.266236,-0.266236,0.266236,0.266236
22.5901,-8.28252e-06,-8.28252e-06,-8.28252e-06,-8.28252e-06,-0.266236,-0.266236,0.266236,0.266236,-8.28252e-06,-8.28252e-06,-8.28252e-06,-8.28252e-06,-0.266236,-0.266236,0.266236,0.266236
22.6001,-8.28252e-06,-8.28252e-06,-8.28252e-06,-8.28252e-06,-0.506236,-0.506236,0.506236,0.506236,-8.28252e-06,-8.28252e-06,-8.28252e-06,-8.28252e-06,-0.506236,-0.506236,0.506236,0.506236
22.6101,-8.28252e-06,-8.28252e-06,-8.28252e-06,-8.28252e-06,-0.506236,-0.506236,0.506236,0.506236,-8.28252e-06,-8.28252e-06,-8.28252e-06,-8.28252e-06,-0.506236,-0.506236,0.506236,0.506236
22.6201,-7.04014e-06,-7.04014e-06,-7.04014e-06,-7.04014e-06,-0.4303,-0.4303,0.4303,0.4303,-7.04014e-06,-7.04014e-06,-7.04014e-06,-7.04014e-06,-0.4303,-0.4303,0.4303,0.4303
22.6301,-7.04014e-06,-7.04014e-06,-7.04014e-06,-7.04014e-06,-0.4303,-0.4303,0.4303,0.4303,-7.04014e-06,-7.04014e-06,-7.04014e-06,-7.04014e-06,-0.4303,-0.4303,0.4303,0.4303
22.6401,-7.04014e-06,-7.04014e-06,-7.04014e-06,-7.04014e-06,-0.4303,-0.4303,0.4303,0.4303,-7.04014e-06,-7.04014e-06,-7.04014e-06,-7.04014e-06,-0.4303,-0.4303,0.4303,0.4303
22.6501,-7.04014e-06,-7.04014e-06,-7.04014e-06,-7.04014e-06,-0.4303,-0.4303,0.4303,0.4303,-7.04014e-06,-7.04014e-06,-7.04014e-06,-7.04014e-06,-0.4303,-0.4303,0.4303,0.4303
22.6601,-7.04014e-06,-7.04014e-06,-7.04014e-06,-7.04014e-06,-0.4303,-0.4303,0.4303,0.4303,-7.04014e-06,-7.04014e-06,-7.04014e-06,-7.04014e-06,-0.4303,-0.4303,0.4303,0.4303
22.6701,-7.04014e-06,-7.04014e-06,-7.04014e-06,-7.04014e-06,-0.4303,-0.4303,0.4303,0.4303,-7.04014e-06,-7.04014e-06,-7.04014e-06,-7.04014e-06,-0.4303,-0.4303,0.4303,0.4303
22.6801,-7.04014e-06,-7.04014e-06,-7.04014e-06,-7.04014e-06,-0.4303,-0.4303,0.4303,0.4303,-7.04014e-06,-7.04014e-06,-7.04014e-06,-7.04014e-06,-0.4303,-0.4303,0.4303,0.4303
22.6901,-7.04014e-06,-7.04014e-06,-7.04014e-06,-7.04014e-06,-0.4303,-0.4303,0.4303,0.4303,-7.04014e-06,-7.04014e-06,-7.04014e-06,-7.04014e-06,-0.4303,-0.4303,0.4303,0.4303
22.7001,-7.04014e-06,-7.04014e-06,-7.04014e-06,-7.04014e-06,-0.6703,-0.6703,0.6703,0.6703,-7.04014e-06,-7.04014e-06,-7.04014e-06,-7.04014e-06,-0.6703,-0.6703,0.6703,0.6703
22.7101,-7.04014e-06,-7.04014e-06,-7.04014e-06,-7.04014e-06,-0.6703,-0.6703,0.6703,0.6703,-7.04014e-06,-7.04014e-06,-7.04014e-06,-7.04014e-06,-0.6703,-0.6703,0.6703,0.6703
22.7201,-7.04014e-06,-7.04014e-06,-7.04014e-06,-7.04014e-06,-0.7503,-0.7503,0.7503,0.7503,-7.04014e-06,-7.04014e-06,-7.04014e-06,-7.04014e-06,-0.7503,-0.7503,0.7503,0.7503
22.7301,-7.04014e-06,-7.04014e-06,-7.04014e-06,-7.04014e-06,-0.7503,-0.7503,0.7503,0.7503,-7.04014e-06,-7.04014e-06,-7.04014e-06,-7.04014e-06,-0.7503,-0.7503,0.7503,0.7503
22.7401,-7.04014e-06,-7.04014e-06,-7.04014e-06,-7.04014e-06,-0.7503,-0.7503,0.7503,0.7503,-7.04014e-06,-7.04014e-06,-7.04014e-06,-7.04014e-06,-0.7503,-0.7503,0.7503,0.7503
22.7501,-7.04014e-06,-7.04014e-06,-7.04014e-06,-7.04014e-06,-0.7503,-0.7503,0.7503,0.7503,-7.04014e-06,-7.04014e-06,-7.04014e-06,-7.04014e-06,-0.7503,-0.7503,0.7503,0.7503
22.7601,-7.04014e-06,-7.04014e-06,-7.04014e-06,-7.04014e-06,-0.7503,-0.7503,0.7503,0.7503,-7.04014e-06,-7.04014e-06,-7.04014e-06,-7.04014e-06,-0.7503,-0.7503,0.7503,0.7503
22.7701,-7.04014e-06,-7.04014e-06,-7.04014e-06,-7.04014e-06,-0.7503,-0.7503,0.7503,0.7503,-7.04014e-06,-7.04014e-06,-7.04014e-06,-7.04014e-06,-0.7503,-0.7503,0.7503,0.7503
22.7801,-7.04014e-06,-7.04014e-06,-7.04014e-06,-7.04014e-06,-0.7503,-0.7503,0.7503,0.7503,-7.04014e-06,-7.04014e-06,-7.04014e-06,-7.04014e-06,-0.7503,-0.7503,0.7503,0.7503
22.7901,-7.04014e-06,-7.04014e-06,-7.04014e-06,-7.04014e-06,-0.7503,-0.7503,0.7503,0.7503,-7.04014e-06,-7.04014e-06,-7.04014e-06,-7.04014e-06,-0.7503,-0.7503,0.7503,0.7503
22.8001,-5.0865e-06,-5.0865e-06,-5.0865e-06,-5.0865e-06,-0.610092,-0.610092,0.610092,0.610092,-5.0865e-06,-5.0865e-06,-5.0865e-06,-5.0865e-06,-0.610092,-0.610092,0.610092,0.610092
22.8101,-5.0865e-06,-5.0865e-06,-5.0865e-06,-5.0865e-06,-0.610092,-0.610092,0.610092,0.610092,-5.0865e-06,-5.0865e-06,-5.0865e-06,-5.0865e-06,-0.610092,-0.610092,0.610092,0.610092
22.8201,-5.0865e-06,-5.0865e-06,-5.0865e-06,-5.0865e-06,-0.690092,-0.690092,0.690092,0.690092,-5.0865e-06,-5.0865e-06,-5.0865e-06,-5.0865e-06,-0.690092,-0.690092,0.690092,0.690092
22.8301,-5.0865e-06,-5.0865e-06,-5.0865e-06,-5.0865e-06,-0.690092,-0.690092,0.690092,0.690092,-5.0865e-06,-5.0865e-06,-5.0865e-06,-5.0865e-06,-0.690092,-0.690092,0.690092,0.690092
22.8401,-5.0865e-06,-5.0865e-06,-5.0865e-06,-5.0865e-06,-0.690092,-0.690092,0.690092,0.690092,-5.0865e-06,-5.0865e-06,-5.0865e-06,-5.0865e-06,-0.690092,-0.690092,0.690092,0.690092
22.8501,-5.0865e-06,-5.0865e-06,-5.0865e-06,-5.0865e-06,-0.690092,-0.690092,0.690092,0.690092,-5.0865e-06,-5.0865e-06,-5.0865e-06,-5.0865e-06,-0.690092,-0.690092,0.690092,0.690092
22.8601,-5.0865e-06,-5.0865e-06,-5.0865e-06,-5.0865e-06,-0.690092,-0.690092,0.690092,0.690092,-5.0865e-06,-5.0865e-06,-5.0865e-06,-5.0865e-06,-0.690092,-0.690092,0.690092,0.690092
22.8701,-5.0865e-06,-5.0865e-06,-5.0865e-06,-5.0865e-06,-0.690092,-0.690092,0.690092,0.690092,-5.0865e-06,-5.0865e-06,-5.0865e-06,-5.0865e-06,-0.690092,-0.690092,0.690092,0.690092
22.8801,-5.0865e-06,-5.0865e-06,-5.0865e-06,-5.0865e-06,-0.690092,-0.690092,0.690092,0.690092,-5.0865e-06,-5.0865e-06,-5.0865e-06,-5.0865e-06,-0.690092,-0.690092,0.690092,0.690092
22.8901,-5.0865e-06,-5.0865e-06,-5.0865e-06,-5.0865e-06,-0.690092,-0.690092,0.690092,0.690092,-5.0865e-06,-5.0865e-06,-5.0865e-06,-5.0865e-06,-0.690092,-0.690092,0.690092,0.690092
22.9001,-5.0865e-06,-5.0865e-06,-5.0865e-06,-5.0865e-06,-0.930092,-0.930092,0.930092,0.930092,-5.0865e-06,-5.0865e-06,-5.0865e-06,-5.0865e-06,-0.930092,-0.930092,0.930092,0.930092
22.9101,-5.0865e-06,-5.0865e-06,-5.0865e-06,-5.0865e-06,-0.930092,-0.930092,0.930092,0.930092,-5.0865e-06,-5.0865e-06,-5.0865e-06,-5.0865e-06,-0.930092,-0.930092,0.930092,0.930092
22.92,-4.32353e-06,-4.32353e-06,-4.32353e-06,-4.32353e-06,-0.790578,-0.790578,0.790578,0.790578,-4.32353e-06,-4.32353e-06,-4.32353e-06,-4.32353e-06,-0.790578,-0.790578,0.790578,0.790578
22.9301,-4.32353e-06,-4.32353e-06,-4.32353e-06,-4.32353e-06,-0.790578,-0.790578,0.790578,0.790578,-4.32353e-06,-4.32353e-06,-4.32353e-06,-4.32353e-06,-0.790578,-0.790578,0.790578,0.790578
22.9401,-4.32353e-06,-4.32353e-06,-4.32353e-06,-4.32353e-06,-0.790578,-0.790578,0.790578,0.790578,-4.32353e-06,-4.32353e-06,-4.32353e-06,-4.32353e-06,-0.790578,-0.790578,0.790578,0.790578
22.9501,-4.32353e-06,-4.32353e-06,-4.32353e-06,-4.32353e-06,-0.790578,-0.790578,0.790578,0.790578,-4.32353e-06,-4.32353e-06,-4.32353e-06,-4.32353e-06,-0.790578,-0.790578,0.790578,0.790578
22.9601,-4.32353e-06,-4.32353e-06,-4.32353e-06,-4.32353e-06,-0.790578,-0.790578,0.790578,0.790578,-4.32353e-06,-4.32353e-06,-4.32353e-06,-4.32353e-06,-0.790578,-0.790578,0.790578,0.790578
22.9701,-4.32353e-06,-4.32353e-06,-4.32353e-06,-4.32353e-06,-0.790578,-0.790578,0.790578,0.790578,-4.32353e-06,-4.32353e-06,-4.32353e-06,-4.32353e-06,-0.790578,-0.790578,0.790578,0.790578
22.9801,-4.32353e-06,-4.32353e-06,-4.32353e-06,-4.32353e-06,-0.790578,-0.790578,0.790578,0.790578,-4.32353e-06,-4.32353e-06,-4.32353e-06,-4.32353e-06,-0.790578,-0.790578,0.790578,0.790578
22.9901,-4.32353e-06,-4.32353e-06,-4.32353e-06,-4.32353e-06,-0.790578,-0.790578,0.790578,0.790578,-4.32353e-06,-4.32353e-06,-4.32353e-06,-4.32353e-06,-0.790578,-0.790578,0.790578,0.790578
23.0001,-4.32353e-06,-4.32353e-06,-4.32353e-06,-4.32353e-06,-1,-1,1,1,-4.32353e-06,-4.32353e-06,-4.32353e-06,-4.32353e-06,-1,-1,1,1
23.0101,-4.32353e-06,-4.32353e-06,-4.32353e-06,-4.32353e-06,-1,-1,1,1,-4.32353e-06,-4.32353e-06,-4.32353e-06,-4.32353e-06,-1,-1,1,1
23.0201,-4.32353e-06,-4.32353e-06,-4.32353e-06,-4.32353e-06,-1,-1,1,1,-4.32353e-06,-4.32353e-06,-4.32353e-06,-4.32353e-06,-1,-1,1,1
23.0301,-4.32353e-06,-4.32353e-06,-4.32353e-06,-4.32353e-06,-1,-1,1,1,-4.32353e-06,-4.32353e-06,-4.32353e-06,-4.32353e-06,-1,-1,1,1
23.0401,-4.32353e-06,-4.32353e-06,-4.32353e-06,-4.32353e-06,-1,-1,1,1,-4.32353e-06,-4.32353e-06,-4.32353e-06,-4.32353e-06,-1,-1,1,1
23.0501,-4.32353e-06,-4.32353e-06,-4.32353e-06,-4.32353e-06,-1,-1,1,1,-4.32353e-06,-4.32353e-06,-4.32353e-06,-4.32353e-06,-1,-1,1,1
23.0601,-4.32353e-06,-4.32353e-06,-4.32353e-06,-4.32353e-06,-1,-1,1,1,-4.32353e-06,-4.32353e-06,-4.32353e-06,-4.32353e-06,-1,-1,1,1
23.0701,-4.32353e-06,-4.32353e-06,-4.32353e-06,-4.32353e-06,-1,-1,1,1,-4.32353e-06,-4.32353e-06,-4.32353e-06,-4.32353e-06,-1,-1,1,1
23.0801,-4.32353e-06,-4.32353e-06,-4.32353e-06,-4.32353e-06,-1,-1,1,1,-4.32353e-06,-4.32353e-06,-4.32353e-06,-4.32353e-06,-1,-1,1,1
23.0901,-4.32353e-06,-4.32353e-06,-4.32353e-06,-4.32353e-06,-1,-1,1,1,-4.32353e-06,-4.32353e-06,-4.32353e-06,-4.32353e-06,-1,-1,1,1
23.1001,-3.12375e-06,-3.12375e-06,-3.12375e-06,-3.12375e-06,-0.7905,-0.7905,0.7905,0.7905,-3.12375e-06,-3.12375e-06,-3.12375e-06,-3.12375e-06,-0.7905,-0.7905,0.7905,0.7905
23.1101,-3.12375e-06,-3.12375e-06,-3.12375e-06,-3.12375e-06,-0.7905,-0.7905,0.7905,0.7905,-3.12375e-06,-3.12375e-06,-3.12375e-06,-3.12375e-06,-0.7905,-0.7905,0.7905,0.7905
23.1201,-3.12375e-06,-3.12375e-06,-3.12375e-06,-3.12375e-06,-0.8705,-0.8705,0.8705,0.8705,-3.12375e-06,-3.12375e-06,-3.12375e-06,-3.12375e-06,-0.8705,-0.8705,0.8705,0.8705
23.1301,-3.12375e-06,-3.12375e-06,-3.12375e-06,-3.12375e-06,-0.8705,-0.8705,0.8705,0.8705,-3.12375e-06,-3.12375e-06,-3.12375e-06,-3.12375e-06,-0.8705,-0.8705,0.8705,0.8705
23.1401,-3.12375e-06,-3.12375e-06,-3.12375e-06,-3.12375e-06,-0.8705,-0.8705,0.8705,0.8705,-3.12375e-06,-3.12375e-06,-3.12375e-06,-3.12375e-06,-0.8705,-0.8705,0.8705,0.8705
23.1501,-3.12375e-06,-3.12375e-06,-3.12375e-06,-3.12375e-06,-0.8705,-0.8705,0.8705,0.8705,-3.12375e-06,-3.12375e-06,-3.12375e-06,-3.12375e-06,-0.8705,-0.8705,0.8705,0.8705
23.1601,-3.12375e-06,-3.12375e-06,-3.12375e-06,-3.12375e-06,-0.8705,-0.8705,0.8705,0.8705,-3.12375e-06,-3.12375e-06,-3.12375e-06,-3.12375e-06,-0.8705,-0.8705,0.8705,0.8705
23.1701,-3.12375e-06,-3.12375e-06,-3.12375e-06,-3.12375e-06,-0.8705,-0.8705,0.8705,0.8705,-3.12375e-06,-3.12375e-06,-3.12375e-06,-3.12375e-06,-0.8705,-0.8705,0.8705,0.8705
23.1801,-3.12375e-06,-3.12375e-06,-3.12375e-06,-3.12375e-06,-0.8705,-0.8705,0.8705,0.8705,-3.12375e-06,-3.12375e-06,-3.12375e-06,-3.12375e-06,-0.8705,-0.8705,0.8705,0.8705
23.1901,-3.12375e-06,-3.12375e-06,-3.12375e-06,-3.12375e-06,-0.8705,-0.8705,0.8705,0.8705,-3.12375e-06,-3.12375e-06,-3.12375e-06,-3.12375e-06,-0.8705,-0.8705,0.8705,0.8705
23.2001,-3.12375e-06,-3.12375e-06,-3.12375e-06,-3.12375e-06,-1,-1,1,1,-3.12375e-06,-3.12375e-06,-3.12375e-06,-3.12375e-06,-1,-1,1,1
23.2101,-3.12375e-06,-3.12375e-06,-3.12375e-06,-3.12375e-06,-1,-1,1,1,-3.12375e-06,-3.12375e-06,-3.12375e-06,-3.12375e-06,-1,-1,1,1
23.2201,-2.65519e-06,-2.65519e-06,-2.65519e-06,-2.65519e-06,-0.85,-0.85,0.85,0.85,-2.65519e-06,-2.65519e-06,-2.65519e-06,-2.65519e-06,-0.85,-0.85,0.85,0.85
23.2301,-2.65519e-06,-2.65519e-06,-2.65519e-06,-2.65519e-06,-0.85,-0.85,0.85,0.85,-2.65519e-06,-2.65519e-06,-2.65519e-06,-2.65519e-06,-0.85,-0.85,0.85,0.85
23.2401,-2.65519e-06,-2.65519e-06,-2.65519e-06,-2.65519e-06,-0.85,-0.85,0.85,0.85,-2.65519e-06,-2.65519e-06,-2.65519e-06,-2.65519e-06,-0.85,-0.85,0.85,0.85
23.2501,-2.65519e-06,-2.65519e-06,-2.65519e-06,-2.65519e-06,-0.85,-0.85,0.85,0.85,-2.65519e-06,-2.65519e-06,-2.65519e-06,-2.65519e-06,-0.85,-0.85,0.85,0.85
23.2601,-2.65519e-06,-2.65519e-06,-2.65519e-06,-2.65519e-06,-0.85,-0.85,0.85,0.85,-2.65519e-06,-2.65519e-06,-2.65519e-06,-2.65519e-06,-0.85,-0.85,0.85,0.85
23.2701,-2.65519e-06,-2.65519e-06,-2.65519e-06,-2.65519e-06,-0.85,-0.85,0.85,0.85,-2.65519e-06,-2.65519e-06,-2.65519e-06,-2.65519e-06,-0.85,-0.85,0.85,0.85
23.2801,-2.65519e-06,-2.65519e-06,-2.65519e-06,-2.65519e-06,-0.85,-0.85,0.85,0.85,-2.65519e-06,-2.65519e-06,-2.65519e-06,-2.65519e-06,-0.85,-0.85,0.85,0.85
23.2901,-2.65519e-06,-2.65519e-06,-2.65519e-06,-2.65519e-06,-0.85,-0.85,0.85,0.85,-2.65519e-06,-2.65519e-06,-2.65519e-06,-2.65519e-06,-0.85,-0.85,0.85,0.85
23.3001,-2.65519e-06,-2.65519e-06,-2.65519e-06,-2.65519e-06,-1,-1,1,1,-2.65519e-06,-2.65519e-06,-2.65519e-06,-2.65519e-06,-1,-1,1,1
23.3101,-2.65519e-06,-2.65519e-06,-2.65519e-06,-2.65519e-06,-1,-1,1,1,-2.65519e-06,-2.65519e-06,-2.65519e-06,-2.65519e-06,-1,-1,1,1
23.3201,-2.65519e-06,-2.65519e-06,-2.65519e-06,-2.65519e-06,-1,-1,1,1,-2.65519e-06,-2.65519e-06,-2.65519e-06,-2.65519e-06,-1,-1,1,1
23.3301,-2.65519e-06,-2.65519e-06,-2.65519e-06,-2.65519e-06,-1,-1,1,1,-2.65519e-06,-2.65519e-06,-2.65519e-06,-2.65519e-06,-1,-1,1,1
23.3401,-2.65519e-06,-2.65519e-06,-2.65519e-06,-2.65519e-06,-1,-1,1,1,-2.65519e-06,-2.65519e-06,-2.65519e-06,-2.65519e-06,-1,-1,1,1
23.3501,-2.65519e-06,-2.65519e-06,-2.65519e-06,-2.65519e-06,-1,-1,1,1,-2.65519e-06,-2.65519e-06,-2.65519e-06,-2.65519e-06,-1,-1,1,1
23.3601,-2.65519e-06,-2.65519e-06,-2.65519e-06,-2.65519e-06,-1,-1,1,1,-2.65519e-06,-2.65519e-06,-2.65519e-06,-2.65519e-06,-1,-1,1,1
23.3701,-2.65519e-06,-2.65519e-06,-2.65519e-06,-2.65519e-06,-1,-1,1,1,-2.65519e-06,-2.65519e-06,-2.65519e-06,-2.65519e-06,-1,-1,1,1
23.3801,-2.65519e-06,-2.65519e-06,-2.65519e-06,-2.65519e-06,-1,-1,1,1,-2.65519e-06,-2.65519e-06,-2.65519e-06,-2.65519e-06,-1,-1,1,1
23.3901,-2.65519e-06,-2.65519e-06,-2.65519e-06,-2.65519e-06,-1,-1,1,1,-2.65519e-06,-2.65519e-06,-2.65519e-06,-2.65519e-06,-1,-1,1,1
23.4001,-1.91837e-06,-1.91837e-06,-1.91837e-06,-1.91837e-06,-0.7905,-0.7905,0.7905,0.7905,-1.91837e-06,-1.91837e-06,-1.91837e-06,-1.91837e-06,-0.7905,-0.7905,0.7905,0.7905
23.4101,-1.91837e-06,-1.91837e-06,-1.91837e-06,-1.91837e-06,-0.7905,-0.7905,0.7905,0.7905,-1.91837e-06,-1.91837e-06,-1.91837e-06,-1.91837e-06,-0.7905,-0.7905,0.7905,0.7905
23.4201,-1.91837e-06,-1.91837e-06,-1.91837e-06,-1.91837e-06,-0.8705,-0.8705,0.8705,0.8705,-1.91837e-06,-1.91837e-06,-1.91837e-06,-1.91837e-06,-0.8705,-0.8705,0.8705,0.8705
23.4301,-1.91837e-06,-1.91837e-06,-1.91837e-06,-1.91837e-06,-0.8705,-0.8705,0.8705,0.8705,-1.91837e-06,-1.91837e-06,-1.91837e-06,-1.91837e-06,-0.8705,-0.8705,0.8705,0.8705
23.4401,-1.91837e-06,-1.91837e-06,-1.91837e-06,-1.91837e-06,-0.8705,-0.8705,0.8705,0.8705,-1.91837e-06,-1.91837e-06,-1.91837e-06,-1.91837e-06,-0.8705,-0.8705,0.8705,0.8705
23.4501,-1.91837e-06,-1.91837e-06,-1.91837e-06,-1.91837e-06,-0.8705,-0.8705,0.8705,0.8705,-1.91837e-06,-1.91837e-06,-1.91837e-06,-1.91837e-06,-0.8705,-0.8705,0.8705,0.8705
23.4601,-1.91837e-06,-1.91837e-06,-1.91837e-06,-1.91837e-06,-0.8705,-0.8705,0.8705,0.8705,-1.91837e-06,-1.91837e-06,-1.91837e-06,-1.91837e-06,-0.8705,-0.8705,0.8705,0.8705
23.4701,-1.91837e-06,-1.91837e-06,-1.91837e-06,-1.91837e-06,-0.8705,-0.8705,0.8705,0.8705,-1.91837e-06,-1.91837e-06,-1.91837e-06,-1.91837e-06,-0.8705,-0.8705,0.8705,0.8705
23.4801,-1.91837e-06,-1.91837e-06,-1.91837e-06,-1.91837e-06,-0.8705,-0.8705,0.8705,0.8705,-1.91837e-06,-1.91837e-06,-1.91837e-06,-1.91837e-06,-0.8705,-0.8705,0.8705,0.8705
23.4901,-1.91837e-06,-1.91837e-06,-1.91837e-06,-1.91837e-06,-0.8705,-0.8705,0.8705,0.8705,-1.91837e-06,-1.91837e-06,-1.91837e-06,-1.91837e-06,-0.8705,-0.8705,0.8705,0.8705
23.5001,-1.91837e-06,-1.91837e-06,-1.91837e-06,-1.91837e-06,-1,-1,1,1,-1.91837e-06,-1.91837e-06,-1.91837e-06,-1.91837e-06,-1,-1,1,1
23.5101,-1.91837e-06,-1.91837e-06,-1.91837e-06,-1.91837e-06,-1,-1,1,1,-1.91837e-06,-1.91837e-06,-1.91837e-06,-1.91837e-06,-1,-1,1,1
23.5201,-1.63062e-06,-1.63062e-06,-1.63062e-06,-1.63062e-06,-0.85,-0.85,0.85,0.85,-1.63062e-06,-1.63062e-06,-1.63062e-06,-1.63062e-06,-0.85,-0.85,0.85,0.85
23.5301,-1.63062e-06,-1.63062e-06,-1.63062e-06,-1.63062e-06,-0.85,-0.85,0.85,0.85,-1.63062e-06,-1.63062e-06,-1.63062e-06,-1.63062e-06,-0.85,-0.85,0.85,0.85
23.5401,-1.63062e-06,-1.63062e-06,-1.63062e-06,-1.63062e-06,-0.85,-0.85,0.85,0.85,-1.63062e-06,-1.63062e-06,-1.63062e-06,-1.63062e-06,-0.85,-0.85,0.85,0.85
23.5501,-1.63062e-06,-1.63062e-06,-1.63062e-06,-1.63062e-06,-0.85,-0.85,0.85,0.85,-1.63062e-06,-1.63062e-06,-1.63062e-06,-1.63062e-06,-0.85,-0.85,0.85,0.85
23.5601,-1.63062e-06,-1.63062e-06,-1.63062e-06,-1.63062e-06,-0.85,-0.85,0.85,0.85,-1.63062e-06,-1.63062e-06,-1.63062e-06,-1.63062e-06,-0.85,-0.85,0.85,0.85
23.5701,-1.63062e-06,-1.63062e-06,-1.63062e-06,-1.63062e-06,-0.85,-0.85,0.85,0.85,-1.63062e-06,-1.63062e-06,-1.63062e-06,-1.63062e-06,-0.85,-0.85,0.85,0.85
23.5801,-1.63062e-06,-1.63062e-06,-1.63062e-06,-1.63062e-06,-0.85,-0.85,0.85,0.85,-1.63062e-06,-1.63062e-06,-1.63062e-06,-1.63062e-06,-0.85,-0.85,0.85,0.85
23.5901,-1.63062e-06,-1.63062e-06,-1.63062e-06,-1.63062e-06,-0.85,-0.85,0.85,0.85,-1.63062e-06,-1.63062e-06,-1.63062e-06,-1.63062e-06,-0.85,-0.85,0.85,0.85
23.6001,-1.63062e-06,-1.63062e-06,-1.63062e-06,-1.63062e-06,-1,-1,1,1,-1.63062e-06,-1.63062e-06,-1.63062e-06,-1.63062e-06,-1,-1,1,1
23.6101,-1.63062e-06,-1.63062e-06,-1.63062e-06,-1.63062e-06,-1,-1,1,1,-1.63062e-06,-1.63062e-06,-1.63062e-06,-1.63062e-06,-1,-1,1,1
23.6201,-1.63062e-06,-1.63062e-06,-1.63062e-06,-1.63062e-06,-1,-1,1,1,-1.63062e-06,-1.63062e-06,-1.63062e-06,-1.63062e-06,-1,-1,1,1
23.6301,-1.63062e-06,-1.63062e-06,-1.63062e-06,-1.63062e-06,-1,-1,1,1,-1.63062e-06,-1.63062e-06,-1.63062e-06,-1.63062e-06,-1,-1,1,1
23.6401,-1.63062e-06,-1.63062e-06,-1.63062e-06,-1.63062e-06,-1,-1,1,1,-1.63062e-06,-1.63062e-06,-1.63062e-06,-1.63062e-06,-1,-1,1,1
23.6501,-1.63062e-06,-1.63062e-06,-1.63062e-06,-1.63062e-06,-1,-1,1,1,-1.63062e-06,-1.63062e-06,-1.63062e-06,-1.63062e-06,-1,-1,1,1
23.6601,-1.63062e-06,-1.63062e-06,-1.63062e-06,-1.63062e-06,-1,-1,1,1,-1.63062e-06,-1.63062e-06,-1.63062e-06,-1.63062e-06,-1,-1,1,1
23.6701,-1.63062e-06,-1.63062e-06,-1.63062e-06,-1.63062e-06,-1,-1,1,1,-1.63062e-06,-1.63062e-06,-1.63062e-06,-1.63062e-06,-1,-1,1,1
23.6801,-1.63062e-06,-1.63062e-06,-1.63062e-06,-1.63062e-06,-1,-1,1,1,-1.63062e-06,-1.63062e-06,-1.63062e-06,-1.63062e-06,-1,-1,1,1
23.6901,-1.63062e-06,-1.63062e-06,-1.63062e-06,-1.63062e-06,-1,-1,1,1,-1.63062e-06,-1.63062e-06,-1.63062e-06,-1.63062e-06,-1,-1,1,1
23.7001,-1.17812e-06,-1.17812e-06,-1.17812e-06,-1.17812e-06,-0.7905,-0.7905,0.7905,0.7905,-1.17812e-06,-1.17812e-06,-1.17812e-06,-1.17812e-06,-0.7905,-0.7905,0.7905,0.7905
23.7101,-1.17812e-06,-1.17812e-06,-1.17812e-06,-1.17812e-06,-0.7905,-0.7905,0.7905,0.7905,-1.17812e-06,-1.17812e-06,-1.17812e-06,-1.17812e-06,-0.7905,-0.7905,0.7905,0.7905
23.7201,-1.17812e-06,-1.17812e-06,-1.17812e-06,-1.17812e-06,-0.8705,-0.8705,0.8705,0.8705,-1.17812e-06,-1.17812e-06,-1.17812e-06,-1.17812e-06,-0.8705,-0.8705,0.8705,0.8705
23.7301,-1.17812e-06,-1.17812e-06,-1.17812e-06,-1.17812e-06,-0.8705,-0.8705,0.8705,0.8705,-1.17812e-06,-1.17812e-06,-1.17812e-06,-1.17812e-06,-0.8705,-0.8705,0.8705,0.8705
23.74,-1.17812e-06,-1.17812e-06,-1.17812e-06,-1.17812e-06,-0.8705,-0.8705,0.8705,0.8705,-1.17812e-06,-1.17812e-06,-1.17812e-06,-1.17812e-06,-0.8705,-0.8705,0.8705,0.8705
23.7501,-1.17812e-06,-1.17812e-06,-1.17812e-06,-1.17812e-06,-0.8705,-0.8705,0.8705,0.8705,-1.17812e-06,-1.17812e-06,-1.17812e-06,-1.17812e-06,-0.8705,-0.8705,0.8705,0.8705
23.7601,-1.17812e-06,-1.17812e-06,-1.17812e-06,-1.17812e-06,-0.8705,-0.8705,0.8705,0.8705,-1.17812e-06,-1.17812e-06,-1.17812e-06,-1.17812e-06,-0.8705,-0.8705,0.8705,0.8705
23.7701,-1.17812e-06,-1.17812e-06,-1.17812e-06,-1.17812e-06,-0.8705,-0.8705,0.8705,0.8705,-1.17812e-06,-1.17812e-06,-1.17812e-06,-1.17812e-06,-0.8705,-0.8705,0.8705,0.8705
23.7801,-1.17812e-06,-1.17812e-06,-1.17812e-06,-1.17812e-06,-0.8705,-0.8705,0.8705,0.8705,-1.17812e-06,-1.17812e-06,-1.17812e-06,-1.17812e-06,-0.8705,-0.8705,0.8705,0.8705
23.7901,-1.17812e-06,-1.17812e-06,-1.17812e-06,-1.17812e-06,-0.8705,-0.8705,0.8705,0.8705,-1.17812e-06,-1.17812e-06,-1.17812e-06,-1.17812e-06,-0.8705,-0.8705,0.8705,0.8705
23.8001,-1.17812e-06,-1.17812e-06,-1.17812e-06,-1.17812e-06,-1,-1,1,1,-1.17812e-06,-1.17812e-06,-1.17812e-06,-1.17812e-06,-1,-1,1,1
23.8101,-1.17812e-06,-1.17812e-06,-1.17812e-06,-1.17812e-06,-1,-1,1,1,-1.17812e-06,-1.17812e-06,-1.17812e-06,-1.17812e-06,-1,-1,1,1
23.8201,-1.0014e-06,-1.0014e-06,-1.0014e-06,-1.0014e-06,-0.85,-0.85,0.85,0.85,-1.0014e-06,-1.0014e-06,-1.0014e-06,-1.0014e-06,-0.85,-0.85,0.85,0.85
23.8301,-1.0014e-06,-1.0014e-06,-1.0014e-06,-1.0014e-06,-0.85,-0.85,0.85,0.85,-1.0014e-06,-1.0014e-06,-1.0014e-06,-1.0014e-06,-0.85,-0.85,0.85,0.85
23.8401,-1.0014e-06,-1.0014e-06,-1.0014e-06,-1.0014e-06,-0.85,-0.85,0.85,0.85,-1.0014e-06,-1.0014e-06,-1.0014e-06,-1.0014e-06,-0.85,-0.85,0.85,0.85
23.8501,-1.0014e-06,-1.0014e-06,-1.0014e-06,-1.0014e-06,-0.85,-0.85,0.85,0.85,-1.0014e-06,-1.0014e-06,-1.0014e-06,-1.0014e-06,-0.85,-0.85,0.85,0.85
23.8601,-1.0014e-06,-1.0014e-06,-1.0014e-06,-1.0014e-06,-0.85,-0.85,0.85,0.85,-1.0014e-06,-1.0014e-06,-1.0014e-06,-1.0014e-06,-0.85,-0.85,0.85,0.85
23.8701,-1.0014e-06,-1.0014e-06,-1.0014e-06,-1.0014e-06,-0.85,-0.85,0.85,0.85,-1.0014e-06,-1.0014e-06,-1.0014e-06,-1.0014e-06,-0.85,-0.85,0.85,0.85
23.8801,-1.0014e-06,-1.0014e-06,-1.0014e-06,-1.0014e-06,-0.85,-0.85,0.85,0.85,-1.0014e-06,-1.0014e-06,-1.0014e-06,-1.0014e-06,-0.85,-0.85,0.85,0.85
23.8901,-1.0014e-06,-1.0014e-06,-1.0014e-06,-1.0014e-06,-0.85,-0.85,0.85,0.85,-1.0014e-06,-1.0014e-06,-1.0014e-06,-1.0014e-06,-0.85,-0.85,0.85,0.85
23.9001,-1.0014e-06,-1.0014e-06,-1.0014e-06,-1.0014e-06,-1,-1,1,1,-1.0014e-06,-1.0014e-06,-1.0014e-06,-1.0014e-06,-1,-1,1,1
23.9101,-1.0014e-06,-1.0014e-06,-1.0014e-06,-1.0014e-06,-1,-1,1,1,-1.0014e-06,-1.0014e-06,-1.0014e-06,-1.0014e-06,-1,-1,1,1
23.9201,-1.0014e-06,-1.0014e-06,-1.0014e-06,-1.0014e-06,-1,-1,1,1,-1.0014e-06,-1.0014e-06,-1.0014e-06,-1.0014e-06,-1,-1,1,1
23.9301,-1.0014e-06,-1.0014e-06,-1.0014e-06,-1.0014e-06,-1,-1,1,1,-1.0014e-06,-1.0014e-06,-1.0014e-06,-1.0014e-06,-1,-1,1,1
23.9401,-1.0014e-06,-1.0014e-06,-1.0014e-06,-1.0014e-06,-1,-1,1,1,-1.0014e-06,-1.0014e-06,-1.0014e-06,-1.0014e-06,-1,-1,1,1
23.9501,-1.0014e-06,-1.0014e-06,-1.0014e-06,-1.0014e-06,-1,-1,1,1,-1.0014e-06,-1.0014e-06,-1.0014e-06,-1.0014e-06,-1,-1,1,1
23.9601,-1.0014e-06,-1.0014e-06,-1.0014e-06,-1.0014e-06,-1,-1,1,1,-1.0014e-06,-1.0014e-06,-1.0014e-06,-1.0014e-06,-1,-1,1,1
23.9701,-1.0014e-06,-1.0014e-06,-1.0014e-06,-1.0014e-06,-1,-1,1,1,-1.0014e-06,-1.0014e-06,-1.0014e-06,-1.0014e-06,-1,-1,1,1
23.9801,-1.0014e-06,-1.0014e-06,-1.0014e-06,-1.0014e-06,-1,-1,1,1,-1.0014e-06,-1.0014e-06,-1.0014e-06,-1.0014e-06,-1,-1,1,1
23.9901,-1.0014e-06,-1.0014e-06,-1.0014e-06,-1.0014e-06,-1,-1,1,1,-1.0014e-06,-1.0014e-06,-1.0014e-06,-1.0014e-06,-1,-1,1,1
24.0001,-7.23513e-07,-7.23513e-07,-7.23513e-07,-7.23513e-07,-0.7905,-0.7905,0.7905,0.7905,-7.23513e-07,-7.23513e-07,-7.23513e-07,-7.23513e-07,-0.7905,-0.7905,0.7905,0.7905
24.0101,-7.23513e-07,-7.23513e-07,-7.23513e-07,-7.23513e-07,-0.7905,-0.7905,0.7905,0.7905,-7.23513e-07,-7.23513e-07,-7.23513e-07,-7.23513e-07,-0.7905,-0.7905,0.7905,0.7905
24.0201,-7.23513e-07,-7.23513e-07,-7.23513e-07,-7.23513e-07,-0.8705,-0.8705,0.8705,0.8705,-7.23513e-07,-7.23513e-07,-7.23513e-07,-7.23513e-07,-0.8705,-0.8705,0.8705,0.8705
24.0301,-7.23513e-07,-7.23513e-07,-7.23513e-07,-7.23513e-07,-0.8705,-0.8705,0.8705,0.8705,-7.23513e-07,-7.23513e-07,-7.23513e-07,-7.23513e-07,-0.8705,-0.8705,0.8705,0.8705
24.0401,-7.23513e-07,-7.23513e-07,-7.23513e-07,-7.23513e-07,-0.8705,-0.8705,0.8705,0.8705,-7.23513e-07,-7.23513e-07,-7.23513e-07,-7.23513e-07,-0.8705,-0.8705,0.8705,0.8705
24.0501,-7.23513e-07,-7.23513e-07,-7.23513e-07,-7.23513e-07,-0.8705,-0.8705,0.8705,0.8705,-7.23513e-07,-7.23513e-07,-7.23513e-07,-7.23513e-07,-0.8705,-0.8705,0.8705,0.8705
24.0601,-7.23513e-07,-7.23513e-07,-7.23513e-07,-7.23513e-07,-0.8705,-0.8705,0.8705,0.8705,-7.23513e-07,-7.23513e-07,-7.23513e-07,-7.23513e-07,-0.8705,-0.8705,0.8705,0.8705
24.0701,-7.23513e-07,-7.23513e-07,-7.23513e-07,-7.23513e-07,-0.8705,-0.8705,0.8705,0.8705,-7.23513e-07,-7.23513e-07,-7.23513e-07,-7.23513e-07,-0.8705,-0.8705,0.8705,0.8705
24.0801,-7.23513e-07,-7.23513e-07,-7.23513e-07,-7.23513e-07,-0.8705,-0.8705,0.8705,0.8705,-7.23513e-07,-7.23513e-07,-7.23513e-07,-7.23513e-07,-0.8705,-0.8705,0.8705,0.8705
24.0901,-7.23513e-07,-7.23513e-07,-7.23513e-07,-7.23513e-07,-0.8705,-0.8705,0.8705,0.8705,-7.23513e-07,-7.23513e-07,-7.23513e-07,-7.23513e-07,-0.8705,-0.8705,0.8705,0.8705
24.1001,-7.23513e-07,-7.23513e-07,-7.23513e-07,-7.23513e-07,-1,-1,1,1,-7.23513e-07,-7.23513e-07,-7.23513e-07,-7.23513e-07,-1,-1,1,1
24.1101,-7.23513e-07,-7.23513e-07,-7.23513e-07,-7.23513e-07,-1,-1,1,1,-7.23513e-07,-7.23513e-07,-7.23513e-07,-7.23513e-07,-1,-1,1,1
24.1201,-6.14986e-07,-6.14986e-07,-6.14986e-07,-6.14986e-07,-0.85,-0.85,0.85,0.85,-6.14986e-07,-6.14986e-07,-6.14986e-07,-6.14986e-07,-0.85,-0.85,0.85,0.85
24.1301,-6.14986e-07,-6.14986e-07,-6.14986e-07,-6.14986e-07,-0.85,-0.85,0.85,0.85,-6.14986e-07,-6.14986e-07,-6.14986e-07,-6.14986e-07,-0.85,-0.85,0.85,0.85
24.1401,-6.14986e-07,-6.14986e-07,-6.14986e-07,-6.14986e-07,-0.85,-0.85,0.85,0.85,-6.14986e-07,-6.14986e-07,-6.14986e-07,-6.14986e-07,-0.85,-0.85,0.85,0.85
24.1501,-6.14986e-07,-6.14986e-07,-6.14986e-07,-6.14986e-07,-0.85,-0.85,0.85,0.85,-6.14986e-07,-6.14986e-07,-6.14986e-07,-6.14986e-07,-0.85,-0.85,0.85,0.85
24.1601,-6.14986e-07,-6.14986e-07,-6.14986e-07,-6.14986e-07,-0.85,-0.85,0.85,0.85,-6.14986e-07,-6.14986e-07,-6.14986e-07,-6.14986e-07,-0.85,-0.85,0.85,0.85
24.1701,-6.14986e-07,-6.14986e-07,-6.14986e-07,-6.14986e-07,-0.85,-0.85,0.85,0.85,-6.14986e-07,-6.14986e-07,-6.14986e-07,-6.14986e-07,-0.85,-0.85,0.85,0.85
24.1801,-6.14986e-07,-6.14986e-07,-6.14986e-07,-6.14986e-07,-0.85,-0.85,0.85,0.85,-6.14986e-07,-6.14986e-07,-6.14986e-07,-6.14986e-07,-0.85,-0.85,0.85,0.85
24.1901,-6.14986e-07,-6.14986e-07,-6.14986e-07,-6.14986e-07,-0.85,-0.85,0.85,0.85,-6.14986e-07,-6.14986e-07,-6.14986e-07,-6.14986e-07,-0.85,-0.85,0.85,0.85
24.2001,-5.22738e-07,-5.22738e-07,-5.22738e-07,-5.22738e-07,-0.85,-0.85,0.85,0.85,-5.22738e-07,-5.22738e-07,-5.22738e-07,-5.22738e-07,-0.85,-0.85,0.85,0.85
24.2101,-5.22738e-07,-5.22738e-07,-5.22738e-07,-5.22738e-07,-0.85,-0.85,0.85,0.85,-5.22738e-07,-5.22738e-07,-5.22738e-07,-5.22738e-07,-0.85,-0.85,0.85,0.85
24.2201,-4.44328e-07,-4.44328e-07,-4.44328e-07,-4.44328e-07,-0.7225,-0.7225,0.7225,0.7225,-4.44328e-07,-4.44328e-07,-4.44328e-07,-4.44328e-07,-0.7225,-0.7225,0.7225,0.7225
24.2301,-4.44328e-07,-4.44328e-07,-4.44328e-07,-4.44328e-07,-0.7225,-0.7225,0.7225,0.7225,-4.44328e-07,-4.44328e-07,-4.44328e-07,-4.44328e-07,-0.7225,-0.7225,0.7225,0.7225
24.2401,-4.44328e-07,-4.44328e-07,-4.44328e-07,-4.44328e-07,-0.7225,-0.7225,0.7225,0.7225,-4.44328e-07,-4.44328e-07,-4.44328e-07,-4.44328e-07,-0.7225,-0.7225,0.7225,0.7225
24.2501,-4.44328e-07,-4.44328e-07,-4.44328e-07,-4.44328e-07,-0.7225,-0.7225,0.7225,0.7225,-4.44328e-07,-4.44328e-07,-4.44328e-07,-4.44328e-07,-0.7225,-0.7225,0.7225,0.7225
24.2601,-4.44328e-07,-4.44328e-07,-4.44328e-07,-4.44328e-07,-0.7225,-0.7225,0.7225,0.7225,-4.44328e-07,-4.44328e-07,-4.44328e-07,-4.44328e-07,-0.7225,-0.7225,0.7225,0.7225
24.2701,-4.44328e-07,-4.44328e-07,-4.44328e-07,-4.44328e-07,-0.7225,-0.7225,0.7225,0.7225,-4.44328e-07,-4.44328e-07,-4.44328e-07,-4.44328e-07,-0.7225,-0.7225,0.7225,0.7225
24.2801,-4.44328e-07,-4.44328e-07,-4.44328e-07,-4.44328e-07,-0.7225,-0.7225,0.7225,0.7225,-4.44328e-07,-4.44328e-07,-4.44328e-07,-4.44328e-07,-0.7225,-0.7225,0.7225,0.7225
24.2901,-4.44328e-07,-4.44328e-07,-4.44328e-07,-4.44328e-07,-0.7225,-0.7225,0.7225,0.7225,-4.44328e-07,-4.44328e-07,-4.44328e-07,-4.44328e-07,-0.7225,-0.7225,0.7225,0.7225
24.3001,-2.72873e-07,-2.72873e-07,-2.72873e-07,-2.72873e-07,-0.443705,-0.443705,0.443705,0.443705,-2.72873e-07,-2.72873e-07,-2.72873e-07,-2.72873e-07,-0.443705,-0.443705,0.443705,0.443705
24.3101,-2.72873e-07,-2.72873e-07,-2.72873e-07,-2.72873e-07,-0.443705,-0.443705,0.443705,0.443705,-2.72873e-07,-2.72873e-07,-2.72873e-07,-2.72873e-07,-0.443705,-0.443705,0.443705,0.443705
24.3201,-2.31942e-07,-2.31942e-07,-2.31942e-07,-2.31942e-07,-0.37715,-0.37715,0.37715,0.37715,-2.31942e-07,-2.31942e-07,-2.31942e-07,-2.31942e-07,-0.37715,-0.37715,0.37715,0.37715
24.3301,-2.31942e-07,-2.31942e-07,-2.31942e-07,-2.31942e-07,-0.37715,-0.37715,0.37715,0.37715,-2.31942e-07,-2.31942e-07,-2.31942e-07,-2.31942e-07,-0.37715,-0.37715,0.37715,0.37715
24.3401,-2.31942e-07,-2.31942e-07,-2.31942e-07,-2.31942e-07,-0.37715,-0.37715,0.37715,0.37715,-2.31942e-07,-2.31942e-07,-2.31942e-07,-2.31942e-07,-0.37715,-0.37715,0.37715,0.37715
24.3501,-2.31942e-07,-2.31942e-07,-2.31942e-07,-2.31942e-07,-0.37715,-0.37715,0.37715,0.37715,-2.31942e-07,-2.31942e-07,-2.31942e-07,-2.31942e-07,-0.37715,-0.37715,0.37715,0.37715
24.3601,-2.31942e-07,-2.31942e-07,-2.31942e-07,-2.31942e-07,-0.37715,-0.37715,0.37715,0.37715,-2.31942e-07,-2.31942e-07,-2.31942e-07,-2.31942e-07,-0.37715,-0.37715,0.37715,0.37715
24.3701,-2.31942e-07,-2.31942e-07,-2.31942e-07,-2.31942e-07,-0.37715,-0.37715,0.37715,0.37715,-2.31942e-07,-2.31942e-07,-2.31942e-07,-2.31942e-07,-0.37715,-0.37715,0.37715,0.37715
24.3801,-2.31942e-07,-2.31942e-07,-2.31942e-07,-2.31942e-07,-0.37715,-0.37715,0.37715,0.37715,-2.31942e-07,-2.31942e-07,-2.31942e-07,-2.31942e-07,-0.37715,-0.37715,0.37715,0.37715
24.3901,-2.31942e-07,-2.31942e-07,-2.31942e-07,-2.31942e-07,-0.37715,-0.37715,0.37715,0.37715,-2.31942e-07,-2.31942e-07,-2.31942e-07,-2.31942e-07,-0.37715,-0.37715,0.37715,0.37715
24.4001,-1.42441e-07,-1.42441e-07,-1.42441e-07,-1.42441e-07,-0.231617,-0.231617,0.231617,0.231617,-1.42441e-07,-1.42441e-07,-1.42441e-07,-1.42441e-07,-0.231617,-0.231617,0.231617,0.231617
24.4101,-1.42441e-07,-1.42441e-07,-1.42441e-07,-1.42441e-07,-0.231617,-0.231617,0.231617,0.231617,-1.42441e-07,-1.42441e-07,-1.42441e-07,-1.42441e-07,-0.231617,-0.231617,0.231617,0.231617
24.4201,-1.21075e-07,-1.21075e-07,-1.21075e-07,-1.21075e-07,-0.196874,-0.196874,0.196874,0.196874,-1.21075e-07,-1.21075e-07,-1.21075e-07,-1.21075e-07,-0.196874,-0.196874,0.196874,0.196874
24.4301,-1.21075e-07,-1.21075e-07,-1.21075e-07,-1.21075e-07,-0.196874,-0.196874,0.196874,0.196874,-1.21075e-07,-1.21075e-07,-1.21075e-07,-1.21075e-07,-0.196874,-0.196874,0.196874,0.196874
24.4401,-1.21075e-07,-1.21075e-07,-1.21075e-07,-1.21075e-07,-0.196874,-0.196874,0.196874,0.196874,-1.21075e-07,-1.21075e-07,-1.21075e-07,-1.21075e-07,-0.196874,-0.196874,0.196874,0.196874
24.4501,-1.21075e-07,-1.21075e-07,-1.21075e-07,-1.21075e-07,-0.196874,-0.196874,0.196874,0.196874,-1.21075e-07,-1.21075e-07,-1.21075e-07,-1.21075e-07,-0.196874,-0.196874,0.196874,0.196874
24.4601,-1.21075e-07,-1.21075e-07,-1.21075e-07,-1.21075e-07,-0.196874,-0.196874,0.196874,0.196874,-1.21075e-07,-1.21075e-07,-1.21075e-07,-1.21075e-07,-0.196874,-0.196874,0.196874,0.196874
24.4701,-1.21075e-07,-1.21075e-07,-1.21075e-07,-1.21075e-07,-0.196874,-0.196874,0.196874,0.196874,-1.21075e-07,-1.21075e-07,-1.21075e-07,-1.21075e-07,-0.196874,-0.196874,0.196874,0.196874
24.4801,-1.21075e-07,-1.21075e-07,-1.21075e-07,-1.21075e-07,-0.196874,-0.196874,0.196874,0.196874,-1.21075e-07,-1.21075e-07,-1.21075e-07,-1.21075e-07,-0.196874,-0.196874,0.196874,0.196874
24.4901,-1.21075e-07,-1.21075e-07,-1.21075e-07,-1.21075e-07,-0.196874,-0.196874,0.196874,0.196874,-1.21075e-07,-1.21075e-07,-1.21075e-07,-1.21075e-07,-0.196874,-0.196874,0.196874,0.196874
24.5001,-7.43552e-08,-7.43552e-08,-7.43552e-08,-7.43552e-08,-0.120905,-0.120905,0.120905,0.120905,-7.43552e-08,-7.43552e-08,-7.43552e-08,-7.43552e-08,-0.120905,-0.120905,0.120905,0.120905
24.5101,-7.43552e-08,-7.43552e-08,-7.43552e-08,-7.43552e-08,-0.120905,-0.120905,0.120905,0.120905,-7.43552e-08,-7.43552e-08,-7.43552e-08,-7.43552e-08,-0.120905,-0.120905,0.120905,0.120905
24.5201,-6.32019e-08,-6.32019e-08,-6.32019e-08,-6.32019e-08,-0.10277,-0.10277,0.10277,0.10277,-6.32019e-08,-6.32019e-08,-6.32019e-08,-6.32019e-08,-0.10277,-0.10277,0.10277,0.10277
24.5301,-6.32019e-08,-6.32019e-08,-6.32019e-08,-6.32019e-08,-0.10277,-0.10277,0.10277,0.10277,-6.32019e-08,-6.32019e-08,-6.32019e-08,-6.32019e-08,-0.10277,-0.10277,0.10277,0.10277
24.5401,-6.32019e-08,-6.32019e-08,-6.32019e-08,-6.32019e-08,-0.10277,-0.10277,0.10277,0.10277,-6.32019e-08,-6.32019e-08,-6.32019e-08,-6.32019e-08,-0.10277,-0.10277,0.10277,0.10277
24.5501,-6.32019e-08,-6.32019e-08,-6.32019e-08,-6.32019e-08,-0.10277,-0.10277,0.10277,0.10277,-6.32019e-08,-6.32019e-08,-6.32019e-08,-6.32019e-08,-0.10277,-0.10277,0.10277,0.10277
24.5601,-6.32019e-08,-6.32019e-08,-6.32019e-08,-6.32019e-08,-0.10277,-0.10277,0.10277,0.10277,-6.32019e-08,-6.32019e-08,-6.32019e-08,-6.32019e-08,-0.10277,-0.10277,0.10277,0.10277
24.5701,-6.32019e-08,-6.32019e-08,-6.32019e-08,-6.32019e-08,-0.10277,-0.10277,0.10277,0.10277,-6.32019e-08,-6.32019e-08,-6.32019e-08,-6.32019e-08,-0.10277,-0.10277,0.10277,0.10277
24.5801,-6.32019e-08,-6.32019e-08,-6.32019e-08,-6.32019e-08,-0.10277,-0.10277,0.10277,0.10277,-6.32019e-08,-6.32019e-08,-6.32019e-08,-6.32019e-08,-0.10277,-0.10277,0.10277,0.10277
24.5901,-6.32019e-08,-6.32019e-08,-6.32019e-08,-6.32019e-08,-0.10277,-0.10277,0.10277,0.10277,-6.32019e-08,-6.32019e-08,-6.32019e-08,-6.32019e-08,-0.10277,-0.10277,0.10277,0.10277
24.6001,-3.88139e-08,-3.88139e-08,-3.88139e-08,-3.88139e-08,-0.0631134,-0.0631134,0.0631134,0.0631134,-3.88139e-08,-3.88139e-08,-3.88139e-08,-3.88139e-08,-0.0631134,-0.0631134,0.0631134,0.0631134
24.6101,-3.88139e-08,-3.88139e-08,-3.88139e-08,-3.88139e-08,-0.0631134,-0.0631134,0.0631134,0.0631134,-3.88139e-08,-3.88139e-08,-3.88139e-08,-3.88139e-08,-0.0631134,-0.0631134,0.0631134,0.0631134
24.6201,-3.29918e-08,-3.29918e-08,-3.29918e-08,-3.29918e-08,-0.0536464,-0.0536464,0.0536464,0.0536464,-3.29918e-08,-3.29918e-08,-3.29918e-08,-3.29918e-08,-0.0536464,-0.0536464,0.0536464,0.0536464
24.6301,-3.29918e-08,-3.29918e-08,-3.29918e-08,-3.29918e-08,-0.0536464,-0.0536464,0.0536464,0.0536464,-3.29918e-08,-3.29918e-08,-3.29918e-08,-3.29918e-08,-0.0536464,-0.0536464,0.0536464,0.0536464
24.6401,-3.29918e-08,-3.29918e-08,-3.29918e-08,-3.29918e-08,-0.0536464,-0.0536464,0.0536464,0.0536464,-3.29918e-08,-3.29918e-08,-3.29918e-08,-3.29918e-08,-0.0536464,-0.0536464,0.0536464,0.0536464
24.6501,-3.29918e-08,-3.29918e-08,-3.29918e-08,-3.29918e-08,-0.0536464,-0.0536464,0.0536464,0.0536464,-3.29918e-08,-3.29918e-08,-3.29918e-08,-3.29918e-08,-0.0536464,-0.0536464,0.0536464,0.0536464
24.6601,-3.29918e-08,-3.29918e-08,-3.29918e-08,-3.29918e-08,-0.0536464,-0.0536464,0.0536464,0.0536464,-3.29918e-08,-3.29918e-08,-3.29918e-08,-3.29918e-08,-0.0536464,-0.0536464,0.0536464,0.0536464
24.6701,-3.29918e-08,-3.29918e-08,-3.29918e-08,-3.29918e-08,-0.0536464,-0.0536464,0.0536464,0.0536464,-3.29918e-08,-3.29918e-08,-3.29918e-08,-3.29918e-08,-0.0536464,-0.0536464,0.0536464,0.0536464
24.6801,-3.29918e-08,-3.29918e-08,-3.29918e-08,-3.29918e-08,-0.0536464,-0.0536464,0.0536464,0.0536464,-3.29918e-08,-3.29918e-08,-3.29918e-08,-3.29918e-08,-0.0536464,-0.0536464,0.0536464,0.0536464
24.6901,-3.29918e-08,-3.29918e-08,-3.29918e-08,-3.29918e-08,-0.0536464,-0.0536464,0.0536464,0.0536464,-3.29918e-08,-3.29918e-08,-3.29918e-08,-3.29918e-08,-0.0536464,-0.0536464,0.0536464,0.0536464
24.7001,-2.02611e-08,-2.02611e-08,-2.02611e-08,-2.02611e-08,-0.0329456,-0.0329456,0.0329456,0.0329456,-2.02611e-08,-2.02611e-08,-2.02611e-08,-2.02611e-08,-0.0329456,-0.0329456,0.0329456,0.0329456
24.7101,-2.02611e-08,-2.02611e-08,-2.02611e-08,-2.02611e-08,-0.0329456,-0.0329456,0.0329456,0.0329456,-2.02611e-08,-2.02611e-08,-2.02611e-08,-2.02611e-08,-0.0329456,-0.0329456,0.0329456,0.0329456
24.7201,-1.72219e-08,-1.72219e-08,-1.72219e-08,-1.72219e-08,-0.0280038,-0.0280038,0.0280038,0.0280038,-1.72219e-08,-1.72219e-08,-1.72219e-08,-1.72219e-08,-0.0280038,-0.0280038,0.0280038,0.0280038
24.7301,-1.72219e-08,-1.72219e-08,-1.72219e-08,-1.72219e-08,-0.0280038,-0.0280038,0.0280038,0.0280038,-1.72219e-08,-1.72219e-08,-1.72219e-08,-1.72219e-08,-0.0280038,-0.0280038,0.0280038,0.0280038
24.7401,-1.72219e-08,-1.72219e-08,-1.72219e-08,-1.72219e-08,-0.0280038,-0.0280038,0.0280038,0.0280038,-1.72219e-08,-1.72219e-08,-1.72219e-08,-1.72219e-08,-0.0280038,-0.0280038,0.0280038,0.0280038
24.7501,-1.72219e-08,-1.72219e-08,-1.72219e-08,-1.72219e-08,-0.0280038,-0.0280038,0.0280038,0.0280038,-1.72219e-08,-1.72219e-08,-1.72219e-08,-1.72219e-08,-0.0280038,-0.0280038,0.0280038,0.0280038
24.7601,-1.72219e-08,-1.72219e-08,-1.72219e-08,-1.72219e-08,-0.0280038,-0.0280038,0.0280038,0.0280038,-1.72219e-08,-1.72219e-08,-1.72219e-08,-1.72219e-08,-0.0280038,-0.0280038,0.0280038,0.0280038
24.7701,-1.72219e-08,-1.72219e-08,-1.72219e-08,-1.72219e-08,-0.0280038,-0.0280038,0.0280038,0.0280038,-1.72219e-08,-1.72219e-08,-1.72219e-08,-1.72219e-08,-0.0280038,-0.0280038,0.0280038,0.0280038
24.7801,-1.72219e-08,-1.72219e-08,-1.72219e-08,-1.72219e-08,-0.0280038,-0.0280038,0.0280038,0.0280038,-1.72219e-08,-1.72219e-08,-1.72219e-08,-1.72219e-08,-0.0280038,-0.0280038,0.0280038,0.0280038
24.7901,-1.72219e-08,-1.72219e-08,-1.72219e-08,-1.72219e-08,-0.0280038,-0.0280038,0.0280038,0.0280038,-1.72219e-08,-1.72219e-08,-1.72219e-08,-1.72219e-08,-0.0280038,-0.0280038,0.0280038,0.0280038
24.8001,-1.05764e-08,-1.05764e-08,-1.05764e-08,-1.05764e-08,-0.0171978,-0.0171978,0.0171978,0.0171978,-1.05764e-08,-1.05764e-08,-1.05764e-08,-1.05764e-08,-0.0171978,-0.0171978,0.0171978,0.0171978
24.8101,-1.05764e-08,-1.05764e-08,-1.05764e-08,-1.05764e-08,-0.0171978,-0.0171978,0.0171978,0.0171978,-1.05764e-08,-1.05764e-08,-1.05764e-08,-1.05764e-08,-0.0171978,-0.0171978,0.0171978,0.0171978
24.8201,-8.98996e-09,-8.98996e-09,-8.98996e-09,-8.98996e-09,-0.0146181,-0.0146181,0.0146181,0.0146181,-8.98996e-09,-8.98996e-09,-8.98996e-09,-8.98996e-09,-0.0146181,-0.0146181,0.0146181,0.0146181
24.8301,-8.98996e-09,-8.98996e-09,-8.98996e-09,-8.98996e-09,-0.0146181,-0.0146181,0.0146181,0.0146181,-8.98996e-09,-8.98996e-09,-8.98996e-09,-8.98996e-09,-0.0146181,-0.0146181,0.0146181,0.0146181
24.8401,-8.98996e-09,-8.98996e-09,-8.98996e-09,-8.98996e-09,-0.0146181,-0.0146181,0.0146181,0.0146181,-8.98996e-09,-8.98996e-09,-8.98996e-09,-8.98996e-09,-0.0146181,-0.0146181,0.0146181,0.0146181
24.8501,-8.98996e-09,-8.98996e-09,-8.98996e-09,-8.98996e-09,-0.0146181,-0.0146181,0.0146181,0.0146181,-8.98996e-09,-8.98996e-09,-8.98996e-09,-8.98996e-09,-0.0146181,-0.0146181,0.0146181,0.0146181
24.8601,-8.98996e-09,-8.98996e-09,-8.98996e-09,-8.98996e-09,-0.0146181,-0.0146181,0.0146181,0.0146181,-8.98996e-09,-8.98996e-09,-8.98996e-09,-8.98996e-09,-0.0146181,-0.0146181,0.0146181,0.0146181
24.8701,-8.98996e-09,-8.98996e-09,-8.98996e-09,-8.98996e-09,-0.0146181,-0.0146181,0.0146181,0.0146181,-8.98996e-09,-8.98996e-09,-8.98996e-09,-8.98996e-09,-0.0146181,-0.0146181,0.0146181,0.0146181
24.8801,-8.98996e-09,-8.98996e-09,-8.98996e-09,-8.98996e-09,-0.0146181,-0.0146181,0.0146181,0.0146181,-8.98996e-09,-8.98996e-09,-8.98996e-09,-8.98996e-09,-0.0146181,-0.0146181,0.0146181,0.0146181
24.8901,-8.98996e-09,-8.98996e-09,-8.98996e-09,-8.98996e-09,-0.0146181,-0.0146181,0.0146181,0.0146181,-8.98996e-09,-8.98996e-09,-8.98996e-09,-8.98996e-09,-0.0146181,-0.0146181,0.0146181,0.0146181
24.9001,-5.52096e-09,-5.52096e-09,-5.52096e-09,-5.52096e-09,-0.00897736,-0.00897736,0.00897736,0.00897736,-5.52096e-09,-5.52096e-09,-5.52096e-09,-5.52096e-09,-0.00897736,-0.00897736,0.00897736,0.00897736
24.9101,-5.52096e-09,-5.52096e-09,-5.52096e-09,-5.52096e-09,-0.00897736,-0.00897736,0.00897736,0.00897736,-5.52096e-09,-5.52096e-09,-5.52096e-09,-5.52096e-09,-0.00897736,-0.00897736,0.00897736,0.00897736
24.9201,-4.69281e-09,-4.69281e-09,-4.69281e-09,-4.69281e-09,-0.00763076,-0.00763076,0.00763076,0.00763076,-4.69281e-09,-4.69281e-09,-4.69281e-09,-4.69281e-09,-0.00763076,-0.00763076,0.00763076,0.00763076
24.9301,-4.69281e-09,-4.69281e-09,-4.69281e-09,-4.69281e-09,-0.00763076,-0.00763076,0.00763076,0.00763076,-4.69281e-09,-4.69281e-09,-4.69281e-09,-4.69281e-09,-0.00763076,-0.00763076,0.00763076,0.00763076
24.9401,-4.69281e-09,-4.69281e-09,-4.69281e-09,-4.69281e-09,-0.00763076,-0.00763076,0.00763076,0.00763076,-4.69281e-09,-4.69281e-09,-4.69281e-09,-4.69281e-09,-0.00763076,-0.00763076,0.00763076,0.00763076
24.9501,-4.69281e-09,-4.69281e-09,-4.69281e-09,-4.69281e-09,-0.00763076,-0.00763076,0.00763076,0.00763076,-4.69281e-09,-4.69281e-09,-4.69281e-09,-4.69281e-09,-0.00763076,-0.00763076,0.00763076,0.00763076
24.9601,-4.69281e-09,-4.69281e-09,-4.69281e-09,-4.69281e-09,-0.00763076,-0.00763076,0.00763076,0.00763076,-4.69281e-09,-4.69281e-09,-4.69281e-09,-4.69281e-09,-0.00763076,-0.00763076,0.00763076,0.00763076
24.9701,-4.69281e-09,-4.69281e-09,-4.69281e-09,-4.69281e-09,-0.00763076,-0.00763076,0.00763076,0.00763076,-4.69281e-09,-4.69281e-09,-4.69281e-09,-4.69281e-09,-0.00763076,-0.00763076,0.00763076,0.00763076
24.9801,-4.69281e-09,-4.69281e-09,-4.69281e-09,-4.69281e-09,-0.00763076,-0.00763076,0.00763076,0.00763076,-4.69281e-09,-4.69281e-09,-4.69281e-09,-4.69281e-09,-0.00763076,-0.00763076,0.00763076,0.00763076
24.9901,0,0,0,0,0,0,0,0,0,0,0,0,0,0,0,0
25.0001,0,0,0,0,0,0,0,0,0,0,0,0,0,0,0,0
25.0101,0,0,0,0,0,0,0,0,0,0,0,0,0,0,0,0
25.0201,0,0,0,0,0,0,0,0,0,0,0,0,0,0,0,0
25.0301,0,0,0,0,0,0,0,0,0,0,0,0,0,0,0,0
25.0401,0,0,0,0,0,0,0,0,0,0,0,0,0,0,0,0
25.0501,0,0,0,0,0,0,0,0,0,0,0,0,0,0,0,0
25.0601,0,0,0,0,0,0,0,0,0,0,0,0,0,0,0,0
25.0701,0,0,0,0,0,0,0,0,0,0,0,0,0,0,0,0
25.0801,0,0,0,0,0,0,0,0,0,0,0,0,0,0,0,0
25.0901,0,0,0,0,0,0,0,0,0,0,0,0,0,0,0,0
25.1001,0,0,0,0,0,0,0,0,0,0,0,0,0,0,0,0
25.1101,0,0,0,0,0,0,0,0,0,0,0,0,0,0,0,0
25.1201,0,0,0,0,0,0,0,0,0,0,0,0,0,0,0,0
25.1301,0,0,0,0,0,0,0,0,0,0,0,0,0,0,0,0
25.1401,0,0,0,0,0,0,0,0,0,0,0,0,0,0,0,0
25.1501,0,0,0,0,0,0,0,0,0,0,0,0,0,0,0,0
25.1601,0,0,0,0,0,0,0,0,0,0,0,0,0,0,0,0
25.1701,0,0,0,0,0,0,0,0,0,0,0,0,0,0,0,0
25.1801,0,0,0,0,0,0,0,0,0,0,0,0,0,0,0,0
25.1901,0,0,0,0,0,0,0,0,0,0,0,0,0,0,0,0
25.2001,0,0,0,0,0,0,0,0,0,0,0,0,0,0,0,0
25.2101,0,0,0,0,0,0,0,0,0,0,0,0,0,0,0,0
25.2201,0,0,0,0,0,0,0,0,0,0,0,0,0,0,0,0
25.2301,0,0,0,0,0,0,0,0,0,0,0,0,0,0,0,0
25.2401,0,0,0,0,0,0,0,0,0,0,0,0,0,0,0,0
25.2501,0,0,0,0,0,0,0,0,0,0,0,0,0,0,0,0
25.2601,0,0,0,0,0,0,0,0,0,0,0,0,0,0,0,0
25.2701,0,0,0,0,0,0,0,0,0,0,0,0,0,0,0,0
25.2801,0,0,0,0,0,0,0,0,0,0,0,0,0,0,0,0
25.2901,0,0,0,0,0,0,0,0,0,0,0,0,0,0,0,0
25.3001,0,0,0,0,0,0,0,0,0,0,0,0,0,0,0,0
25.3101,0,0,0,0,0,0,0,0,0,0,0,0,0,0,0,0
25.3201,0,0,0,0,0,0,0,0,0,0,0,0,0,0,0,0
25.3301,0,0,0,0,0,0,0,0,0,0,0,0,0,0,0,0
25.3401,0,0,0,0,0,0,0,0,0,0,0,0,0,0,0,0
25.3501,0,0,0,0,0,0,0,0,0,0,0,0,0,0,0,0
25.3601,0,0,0,0,0,0,0,0,0,0,0,0,0,0,0,0
25.3701,0,0,0,0,0,0,0,0,0,0,0,0,0,0,0,0
25.3801,0,0,0,0,0,0,0,0,0,0,0,0,0,0,0,0
25.3901,0,0,0,0,0,0,0,0,0,0,0,0,0,0,0,0
25.4001,0,0,0,0,0,0,0,0,0,0,0,0,0,0,0,0
25.4101,0,0,0,0,0,0,0,0,0,0,0,0,0,0,0,0
25.4201,0,0,0,0,0,0,0,0,0,0,0,0,0,0,0,0
25.4301,0,0,0,0,0,0,0,0,0,0,0,0,0,0,0,0
25.4401,0,0,0,0,0,0,0,0,0,0,0,0,0,0,0,0
25.4501,0,0,0,0,0,0,0,0,0,0,0,0,0,0,0,0
25.4601,0,0,0,0,0,0,0,0,0,0,0,0,0,0,0,0
25.4701,0,0,0,0,0,0,0,0,0,0,0,0,0,0,0,0
25.4801,0,0,0,0,0,0,0,0,0,0,0,0,0,0,0,0
25.4901,0,0,0,0,0,0,0,0,0,0,0,0,0,0,0,0
25.5001,0,0,0,0,0,0,0,0,0,0,0,0,0,0,0,0
25.5101,0,0,0,0,0,0,0,0,0,0,0,0,0,0,0,0
25.5201,0,0,0,0,0,0,0,0,0,0,0,0,0,0,0,0
25.5301,0,0,0,0,0,0,0,0,0,0,0,0,0,0,0,0
25.5401,0,0,0,0,0,0,0,0,0,0,0,0,0,0,0,0
25.5501,0,0,0,0,0,0,0,0,0,0,0,0,0,0,0,0
25.5601,0,0,0,0,0,0,0,0,0,0,0,0,0,0,0,0
25.5701,0,0,0,0,0,0,0,0,0,0,0,0,0,0,0,0
25.5801,0,0,0,0,0,0,0,0,0,0,0,0,0,0,0,0
25.5901,0,0,0,0,0,0,0,0,0,0,0,0,0,0,0,0
25.6001,0,0,0,0,0,0,0,0,0,0,0,0,0,0,0,0
25.6101,0,0,0,0,0,0,0,0,0,0,0,0,0,0,0,0
25.6201,0.08,-0.08,0.08,-0.08,-9.48154e-05,-9.48154e-05,9.48154e-05,9.48154e-05,0.08,-0.08,0.08,-0.08,-9.48154e-05,-9.48154e-05,9.48154e-05,9.48154e-05
25.6301,0.08,-0.08,0.08,-0.08,-9.48154e-05,-9.48154e-05,9.48154e-05,9.48154e-05,0.08,-0.08,0.08,-0.08,-9.48154e-05,-9.48154e-05,9.48154e-05,9.48154e-05
25.6401,0.08,-0.08,0.08,-0.08,-9.48154e-05,-9.48154e-05,9.48154e-05,9.48154e-05,0.08,-0.08,0.08,-0.08,-9.48154e-05,-9.48154e-05,9.48154e-05,9.48154e-05
25.6501,0.08,-0.08,0.08,-0.08,-9.48154e-05,-9.48154e-05,9.48154e-05,9.48154e-05,0.08,-0.08,0.08,-0.08,-9.48154e-05,-9.48154e-05,9.48154e-05,9.48154e-05
25.6601,0.08,-0.08,0.08,-0.08,-9.48154e-05,-9.48154e-05,9.48154e-05,9.48154e-05,0.08,-0.08,0.08,-0.08,-9.48154e-05,-9.48154e-05,9.48154e-05,9.48154e-05
25.6701,0.08,-0.08,0.08,-0.08,-9.48154e-05,-9.48154e-05,9.48154e-05,9.48154e-05,0.08,-0.08,0.08,-0.08,-9.48154e-05,-9.48154e-05,9.48154e-05,9.48154e-05
25.6801,0.08,-0.08,0.08,-0.08,-9.48154e-05,-9.48154e-05,9.48154e-05,9.48154e-05,0.08,-0.08,0.08,-0.08,-9.48154e-05,-9.48154e-05,9.48154e-05,9.48154e-05
25.6901,0.08,-0.08,0.08,-0.08,-9.48154e-05,-9.48154e-05,9.48154e-05,9.48154e-05,0.08,-0.08,0.08,-0.08,-9.48154e-05,-9.48154e-05,9.48154e-05,9.48154e-05
25.7001,0.04913,-0.04913,0.04913,-0.04913,-5.82285e-05,-5.82285e-05,5.82285e-05,5.82285e-05,0.04913,-0.04913,0.04913,-0.04913,-5.82285e-05,-5.82285e-05,5.82285e-05,5.82285e-05
25.7101,0.04913,-0.04913,0.04913,-0.04913,-5.82285e-05,-5.82285e-05,5.82285e-05,5.82285e-05,0.04913,-0.04913,0.04913,-0.04913,-5.82285e-05,-5.82285e-05,5.82285e-05,5.82285e-05
25.7201,0.0417605,-0.0417605,0.0417605,-0.0417605,-4.94942e-05,-4.94942e-05,4.94942e-05,4.94942e-05,0.0417605,-0.0417605,0.0417605,-0.0417605,-4.94942e-05,-4.94942e-05,4.94942e-05,4.94942e-05
25.7301,0.0417605,-0.0417605,0.0417605,-0.0417605,-4.94942e-05,-4.94942e-05,4.94942e-05,4.94942e-05,0.0417605,-0.0417605,0.0417605,-0.0417605,-4.94942e-05,-4.94942e-05,4.94942e-05,4.94942e-05
25.7401,0.0417605,-0.0417605,0.0417605,-0.0417605,-4.94942e-05,-4.94942e-05,4.94942e-05,4.94942e-05,0.0417605,-0.0417605,0.0417605,-0.0417605,-4.94942e-05,-4.94942e-05,4.94942e-05,4.94942e-05
25.7501,0.0417605,-0.0417605,0.0417605,-0.0417605,-4.94942e-05,-4.94942e-05,4.94942e-05,4.94942e-05,0.0417605,-0.0417605,0.0417605,-0.0417605,-4.94942e-05,-4.94942e-05,4.94942e-05,4.94942e-05
25.7601,0.0417605,-0.0417605,0.0417605,-0.0417605,-4.94942e-05,-4.94942e-05,4.94942e-05,4.94942e-05,0.0417605,-0.0417605,0.0417605,-0.0417605,-4.94942e-05,-4.94942e-05,4.94942e-05,4.94942e-05
25.7701,0.0417605,-0.0417605,0.0417605,-0.0417605,-4.94942e-05,-4.94942e-05,4.94942e-05,4.94942e-05,0.0417605,-0.0417605,0.0417605,-0.0417605,-4.94942e-05,-4.94942e-05,4.94942e-05,4.94942e-05
25.7801,0.0417605,-0.0417605,0.0417605,-0.0417605,-4.94942e-05,-4.94942e-05,4.94942e-05,4.94942e-05,0.0417605,-0.0417605,0.0417605,-0.0417605,-4.94942e-05,-4.94942e-05,4.94942e-05,4.94942e-05
25.7901,0.0417605,-0.0417605,0.0417605,-0.0417605,-4.94942e-05,-4.94942e-05,4.94942e-05,4.94942e-05,0.0417605,-0.0417605,0.0417605,-0.0417605,-4.94942e-05,-4.94942e-05,4.94942e-05,4.94942e-05
25.8001,0.0256462,-0.0256462,0.0256462,-0.0256462,-3.03956e-05,-3.03956e-05,3.03956e-05,3.03956e-05,0.0256462,-0.0256462,0.0256462,-0.0256462,-3.03956e-05,-3.03956e-05,3.03956e-05,3.03956e-05
25.8101,0.0256462,-0.0256462,0.0256462,-0.0256462,-3.03956e-05,-3.03956e-05,3.03956e-05,3.03956e-05,0.0256462,-0.0256462,0.0256462,-0.0256462,-3.03956e-05,-3.03956e-05,3.03956e-05,3.03956e-05
25.8201,0.0217992,-0.0217992,0.0217992,-0.0217992,-2.58363e-05,-2.58363e-05,2.58363e-05,2.58363e-05,0.0217992,-0.0217992,0.0217992,-0.0217992,-2.58363e-05,-2.58363e-05,2.58363e-05,2.58363e-05
25.8301,0.0217992,-0.0217992,0.0217992,-0.0217992,-2.58363e-05,-2.58363e-05,2.58363e-05,2.58363e-05,0.0217992,-0.0217992,0.0217992,-0.0217992,-2.58363e-05,-2.58363e-05,2.58363e-05,2.58363e-05
25.8401,0.0217992,-0.0217992,0.0217992,-0.0217992,-2.58363e-05,-2.58363e-05,2.58363e-05,2.58363e-05,0.0217992,-0.0217992,0.0217992,-0.0217992,-2.58363e-05,-2.58363e-05,2.58363e-05,2.58363e-05
25.8501,0.0217992,-0.0217992,0.0217992,-0.0217992,-2.58363e-05,-2.58363e-05,2.58363e-05,2.58363e-05,0.0217992,-0.0217992,0.0217992,-0.0217992,-2.58363e-05,-2.58363e-05,2.58363e-05,2.58363e-05
25.8601,0.0217992,-0.0217992,0.0217992,-0.0217992,-2.58363e-05,-2.58363e-05,2.58363e-05,2.58363e-05,0.0217992,-0.0217992,0.0217992,-0.0217992,-2.58363e-05,-2.58363e-05,2.58363e-05,2.58363e-05
25.8701,0.0217992,-0.0217992,0.0217992,-0.0217992,-2.58363e-05,-2.58363e-05,2.58363e-05,2.58363e-05,0.0217992,-0.0217992,0.0217992,-0.0217992,-2.58363e-05,-2.58363e-05,2.58363e-05,2.58363e-05
25.8801,0.0217992,-0.0217992,0.0217992,-0.0217992,-2.58363e-05,-2.58363e-05,2.58363e-05,2.58363e-05,0.0217992,-0.0217992,0.0217992,-0.0217992,-2.58363e-05,-2.58363e-05,2.58363e-05,2.58363e-05
25.8901,0.0217992,-0.0217992,0.0217992,-0.0217992,-2.58363e-05,-2.58363e-05,2.58363e-05,2.58363e-05,0.0217992,-0.0217992,0.0217992,-0.0217992,-2.58363e-05,-2.58363e-05,2.58363e-05,2.58363e-05
25.9001,0.0133875,-0.0133875,0.0133875,-0.0133875,-1.58667e-05,-1.58667e-05,1.58667e-05,1.58667e-05,0.0133875,-0.0133875,0.0133875,-0.0133875,-1.58667e-05,-1.58667e-05,1.58667e-05,1.58667e-05
25.9101,0.0133875,-0.0133875,0.0133875,-0.0133875,-1.58667e-05,-1.58667e-05,1.58667e-05,1.58667e-05,0.0133875,-0.0133875,0.0133875,-0.0133875,-1.58667e-05,-1.58667e-05,1.58667e-05,1.58667e-05
25.9201,0.0113793,-0.0113793,0.0113793,-0.0113793,-1.34867e-05,-1.34867e-05,1.34867e-05,1.34867e-05,0.0113793,-0.0113793,0.0113793,-0.0113793,-1.34867e-05,-1.34867e-05,1.34867e-05,1.34867e-05
25.9301,0.0113793,-0.0113793,0.0113793,-0.0113793,-1.34867e-05,-1.34867e-05,1.34867e-05,1.34867e-05,0.0113793,-0.0113793,0.0113793,-0.0113793,-1.34867e-05,-1.34867e-05,1.34867e-05,1.34867e-05
25.9401,0.0113793,-0.0113793,0.0113793,-0.0113793,-1.34867e-05,-1.34867e-05,1.34867e-05,1.34867e-05,0.0113793,-0.0113793,0.0113793,-0.0113793,-1.34867e-05,-1.34867e-05,1.34867e-05,1.34867e-05
25.9501,0.0113793,-0.0113793,0.0113793,-0.0113793,-1.34867e-05,-1.34867e-05,1.34867e-05,1.34867e-05,0.0113793,-0.0113793,0.0113793,-0.0113793,-1.34867e-05,-1.34867e-05,1.34867e-05,1.34867e-05
25.9601,0.0113793,-0.0113793,0.0113793,-0.0113793,-1.34867e-05,-1.34867e-05,1.34867e-05,1.34867e-05,0.0113793,-0.0113793,0.0113793,-0.0113793,-1.34867e-05,-1.34867e-05,1.34867e-05,1.34867e-05
25.9701,0.0113793,-0.0113793,0.0113793,-0.0113793,-1.34867e-05,-1.34867e-05,1.34867e-05,1.34867e-05,0.0113793,-0.0113793,0.0113793,-0.0113793,-1.34867e-05,-1.34867e-05,1.34867e-05,1.34867e-05
25.9801,0.0113793,-0.0113793,0.0113793,-0.0113793,-1.34867e-05,-1.34867e-05,1.34867e-05,1.34867e-05,0.0113793,-0.0113793,0.0113793,-0.0113793,-1.34867e-05,-1.34867e-05,1.34867e-05,1.34867e-05
25.9901,0.0113793,-0.0113793,0.0113793,-0.0113793,-1.34867e-05,-1.34867e-05,1.34867e-05,1.34867e-05,0.0113793,-0.0113793,0.0113793,-0.0113793,-1.34867e-05,-1.34867e-05,1.34867e-05,1.34867e-05
26.0001,0.00698834,-0.00698834,0.00698834,-0.00698834,-8.28252e-06,-8.28252e-06,8.28252e-06,8.28252e-06,0.00698834,-0.00698834,0.00698834,-0.00698834,-8.28252e-06,-8.28252e-06,8.28252e-06,8.28252e-06
26.0101,0.00698834,-0.00698834,0.00698834,-0.00698834,-8.28252e-06,-8.28252e-06,8.28252e-06,8.28252e-06,0.00698834,-0.00698834,0.00698834,-0.00698834,-8.28252e-06,-8.28252e-06,8.28252e-06,8.28252e-06
26.0201,0.00594009,-0.00594009,0.00594009,-0.00594009,-7.04014e-06,-7.04014e-06,7.04014e-06,7.04014e-06,0.00594009,-0.00594009,0.00594009,-0.00594009,-7.04014e-06,-7.04014e-06,7.04014e-06,7.04014e-06
26.0301,0.00594009,-0.00594009,0.00594009,-0.00594009,-7.04014e-06,-7.04014e-06,7.04014e-06,7.04014e-06,0.00594009,-0.00594009,0.00594009,-0.00594009,-7.04014e-06,-7.04014e-06,7.04014e-06,7.04014e-06
26.0401,0.00594009,-0.00594009,0.00594009,-0.00594009,-7.04014e-06,-7.04014e-06,7.04014e-06,7.04014e-06,0.00594009,-0.00594009,0.00594009,-0.00594009,-7.04014e-06,-7.04014e-06,7.04014e-06,7.04014e-06
26.0501,0.00594009,-0.00594009,0.00594009,-0.00594009,-7.04014e-06,-7.04014e-06,7.04014e-06,7.04014e-06,0.00594009,-0.00594009,0.00594009,-0.00594009,-7.04014e-06,-7.04014e-06,7.04014e-06,7.04014e-06
26.0601,0.00594009,-0.00594009,0.00594009,-0.00594009,-7.04014e-06,-7.04014e-06,7.04014e-06,7.04014e-06,0.00594009,-0.00594009,0.00594009,-0.00594009,-7.04014e-06,-7.04014e-06,7.04014e-06,7.04014e-06
26.0701,0.00594009,-0.00594009,0.00594009,-0.00594009,-7.04014e-06,-7.04014e-06,7.04014e-06,7.04014e-06,0.00594009,-0.00594009,0.00594009,-0.00594009,-7.04014e-06,-7.04014e-06,7.04014e-06,7.04014e-06
26.0801,0.00594009,-0.00594009,0.00594009,-0.00594009,-7.04014e-06,-7.04014e-06,7.04014e-06,7.04014e-06,0.00594009,-0.00594009,0.00594009,-0.00594009,-7.04014e-06,-7.04014e-06,7.04014e-06,7.04014e-06
26.0901,0,0,0,0,0,0,0,0,0,0,0,0,0,0,0,0
26.1001,0,0,0,0,0,0,0,0,0,0,0,0,0,0,0,0
26.1101,0,0,0,0,0,0,0,0,0,0,0,0,0,0,0,0
26.12,0.083648,-0.083648,0.083648,-0.083648,-4.32353e-06,-4.32353e-06,4.32353e-06,4.32353e-06,0.083648,-0.083648,0.083648,-0.083648,-4.32353e-06,-4.32353e-06,4.32353e-06,4.32353e-06
26.1301,0.083648,-0.083648,0.083648,-0.083648,-4.32353e-06,-4.32353e-06,4.32353e-06,4.32353e-06,0.083648,-0.083648,0.083648,-0.083648,-4.32353e-06,-4.32353e-06,4.32353e-06,4.32353e-06
26.1401,0.083648,-0.083648,0.083648,-0.083648,-4.32353e-06,-4.32353e-06,4.32353e-06,4.32353e-06,0.083648,-0.083648,0.083648,-0.083648,-4.32353e-06,-4.32353e-06,4.32353e-06,4.32353e-06
26.1501,0.083648,-0.083648,0.083648,-0.083648,-4.32353e-06,-4.32353e-06,4.32353e-06,4.32353e-06,0.083648,-0.083648,0.083648,-0.083648,-4.32353e-06,-4.32353e-06,4.32353e-06,4.32353e-06
26.1601,0.083648,-0.083648,0.083648,-0.083648,-4.32353e-06,-4.32353e-06,4.32353e-06,4.32353e-06,0.083648,-0.083648,0.083648,-0.083648,-4.32353e-06,-4.32353e-06,4.32353e-06,4.32353e-06
26.1701,0.083648,-0.083648,0.083648,-0.083648,-4.32353e-06,-4.32353e-06,4.32353e-06,4.32353e-06,0.083648,-0.083648,0.083648,-0.083648,-4.32353e-06,-4.32353e-06,4.32353e-06,4.32353e-06
26.1801,0.083648,-0.083648,0.083648,-0.083648,-4.32353e-06,-4.32353e-06,4.32353e-06,4.32353e-06,0.083648,-0.083648,0.083648,-0.083648,-4.32353e-06,-4.32353e-06,4.32353e-06,4.32353e-06
26.1901,0.083648,-0.083648,0.083648,-0.083648,-4.32353e-06,-4.32353e-06,4.32353e-06,4.32353e-06,0.083648,-0.083648,0.083648,-0.083648,-4.32353e-06,-4.32353e-06,4.32353e-06,4.32353e-06
26.2001,0.128436,-0.128436,0.128436,-0.128436,-3.12375e-06,-3.12375e-06,3.12375e-06,3.12375e-06,0.128436,-0.128436,0.128436,-0.128436,-3.12375e-06,-3.12375e-06,3.12375e-06,3.12375e-06
26.2101,0.128436,-0.128436,0.128436,-0.128436,-3.12375e-06,-3.12375e-06,3.12375e-06,3.12375e-06,0.128436,-0.128436,0.128436,-0.128436,-3.12375e-06,-3.12375e-06,3.12375e-06,3.12375e-06
26.2201,0.208436,-0.208436,0.208436,-0.208436,-3.12375e-06,-3.12375e-06,3.12375e-06,3.12375e-06,0.208436,-0.208436,0.208436,-0.208436,-3.12375e-06,-3.12375e-06,3.12375e-06,3.12375e-06
26.2301,0.208436,-0.208436,0.208436,-0.208436,-3.12375e-06,-3.12375e-06,3.12375e-06,3.12375e-06,0.208436,-0.208436,0.208436,-0.208436,-3.12375e-06,-3.12375e-06,3.12375e-06,3.12375e-06
26.2401,0.208436,-0.208436,0.208436,-0.208436,-3.12375e-06,-3.12375e-06,3.12375e-06,3.12375e-06,0.208436,-0.208436,0.208436,-0.208436,-3.12375e-06,-3.12375e-06,3.12375e-06,3.12375e-06
26.2501,0.208436,-0.208436,0.208436,-0.208436,-3.12375e-06,-3.12375e-06,3.12375e-06,3.12375e-06,0.208436,-0.208436,0.208436,-0.208436,-3.12375e-06,-3.12375e-06,3.12375e-06,3.12375e-06
26.2601,0.208436,-0.208436,0.208436,-0.208436,-3.12375e-06,-3.12375e-06,3.12375e-06,3.12375e-06,0.208436,-0.208436,0.208436,-0.208436,-3.12375e-06,-3.12375e-06,3.12375e-06,3.12375e-06
26.2701,0.208436,-0.208436,0.208436,-0.208436,-3.12375e-06,-3.12375e-06,3.12375e-06,3.12375e-06,0.208436,-0.208436,0.208436,-0.208436,-3.12375e-06,-3.12375e-06,3.12375e-06,3.12375e-06
26.2801,0.208436,-0.208436,0.208436,-0.208436,-3.12375e-06,-3.12375e-06,3.12375e-06,3.12375e-06,0.208436,-0.208436,0.208436,-0.208436,-3.12375e-06,-3.12375e-06,3.12375e-06,3.12375e-06
26.2901,0.208436,-0.208436,0.208436,-0.208436,-3.12375e-06,-3.12375e-06,3.12375e-06,3.12375e-06,0.208436,-0.208436,0.208436,-0.208436,-3.12375e-06,-3.12375e-06,3.12375e-06,3.12375e-06
26.3001,0.448436,-0.448436,0.448436,-0.448436,-3.12375e-06,-3.12375e-06,3.12375e-06,3.12375e-06,0.448436,-0.448436,0.448436,-0.448436,-3.12375e-06,-3.12375e-06,3.12375e-06,3.12375e-06
26.3101,0.448436,-0.448436,0.448436,-0.448436,-3.12375e-06,-3.12375e-06,3.12375e-06,3.12375e-06,0.448436,-0.448436,0.448436,-0.448436,-3.12375e-06,-3.12375e-06,3.12375e-06,3.12375e-06
26.3201,0.38117,-0.38117,0.38117,-0.38117,-2.65519e-06,-2.65519e-06,2.65519e-06,2.65519e-06,0.38117,-0.38117,0.38117,-0.38117,-2.65519e-06,-2.65519e-06,2.65519e-06,2.65519e-06
26.3301,0.38117,-0.38117,0.38117,-0.38117,-2.65519e-06,-2.65519e-06,2.65519e-06,2.65519e-06,0.38117,-0.38117,0.38117,-0.38117,-2.65519e-06,-2.65519e-06,2.65519e-06,2.65519e-06
26.3401,0.38117,-0.38117,0.38117,-0.38117,-2.65519e-06,-2.65519e-06,2.65519e-06,2.65519e-06,0.38117,-0.38117,0.38117,-0.38117,-2.65519e-06,-2.65519e-06,2.65519e-06,2.65519e-06
26.3501,0.38117,-0.38117,0.38117,-0.38117,-2.65519e-06,-2.65519e-06,2.65519e-06,2.65519e-06,0.38117,-0.38117,0.38117,-0.38117,-2.65519e-06,-2.65519e-06,2.65519e-06,2.65519e-06
26.3601,0.38117,-0.38117,0.38117,-0.38117,-2.65519e-06,-2.65519e-06,2.65519e-06,2.65519e-06,0.38117,-0.38117,0.38117,-0.38117,-2.65519e-06,-2.65519e-06,2.65519e-06,2.65519e-06
26.3701,0.38117,-0.38117,0.38117,-0.38117,-2.65519e-06,-2.65519e-06,2.65519e-06,2.65519e-06,0.38117,-0.38117,0.38117,-0.38117,-2.65519e-06,-2.65519e-06,2.65519e-06,2.65519e-06
26.3801,0.38117,-0.38117,0.38117,-0.38117,-2.65519e-06,-2.65519e-06,2.65519e-06,2.65519e-06,0.38117,-0.38117,0.38117,-0.38117,-2.65519e-06,-2.65519e-06,2.65519e-06,2.65519e-06
26.3901,0.38117,-0.38117,0.38117,-0.38117,-2.65519e-06,-2.65519e-06,2.65519e-06,2.65519e-06,0.38117,-0.38117,0.38117,-0.38117,-2.65519e-06,-2.65519e-06,2.65519e-06,2.65519e-06
26.4001,0.62117,-0.62117,0.62117,-0.62117,-2.65519e-06,-2.65519e-06,2.65519e-06,2.65519e-06,0.62117,-0.62117,0.62117,-0.62117,-2.65519e-06,-2.65519e-06,2.65519e-06,2.65519e-06
26.4101,0.62117,-0.62117,0.62117,-0.62117,-2.65519e-06,-2.65519e-06,2.65519e-06,2.65519e-06,0.62117,-0.62117,0.62117,-0.62117,-2.65519e-06,-2.65519e-06,2.65519e-06,2.65519e-06
26.4201,0.70117,-0.70117,0.70117,-0.70117,-2.65519e-06,-2.65519e-06,2.65519e-06,2.65519e-06,0.70117,-0.70117,0.70117,-0.70117,-2.65519e-06,-2.65519e-06,2.65519e-06,2.65519e-06
26.4301,0.70117,-0.70117,0.70117,-0.70117,-2.65519e-06,-2.65519e-06,2.65519e-06,2.65519e-06,0.70117,-0.70117,0.70117,-0.70117,-2.65519e-06,-2.65519e-06,2.65519e-06,2.65519e-06
26.4401,0.70117,-0.70117,0.70117,-0.70117,-2.65519e-06,-2.65519e-06,2.65519e-06,2.65519e-06,0.70117,-0.70117,0.70117,-0.70117,-2.65519e-06,-2.65519e-06,2.65519e-06,2.65519e-06
26.4501,0.70117,-0.70117,0.70117,-0.70117,-2.65519e-06,-2.65519e-06,2.65519e-06,2.65519e-06,0.70117,-0.70117,0.70117,-0.70117,-2.65519e-06,-2.65519e-06,2.65519e-06,2.65519e-06
26.4601,0.70117,-0.70117,0.70117,-0.70117,-2.65519e-06,-2.65519e-06,2.65519e-06,2.65519e-06,0.70117,-0.70117,0.70117,-0.70117,-2.65519e-06,-2.65519e-06,2.65519e-06,2.65519e-06
26.4701,0.70117,-0.70117,0.70117,-0.70117,-2.65519e-06,-2.65519e-06,2.65519e-06,2.65519e-06,0.70117,-0.70117,0.70117,-0.70117,-2.65519e-06,-2.65519e-06,2.65519e-06,2.65519e-06
26.4801,0.70117,-0.70117,0.70117,-0.70117,-2.65519e-06,-2.65519e-06,2.65519e-06,2.65519e-06,0.70117,-0.70117,0.70117,-0.70117,-2.65519e-06,-2.65519e-06,2.65519e-06,2.65519e-06
26.4901,0.70117,-0.70117,0.70117,-0.70117,-2.65519e-06,-2.65519e-06,2.65519e-06,2.65519e-06,0.70117,-0.70117,0.70117,-0.70117,-2.65519e-06,-2.65519e-06,2.65519e-06,2.65519e-06
26.5001,0.574596,-0.574596,0.574596,-0.574596,-1.91837e-06,-1.91837e-06,1.91837e-06,1.91837e-06,0.574596,-0.574596,0.574596,-0.574596,-1.91837e-06,-1.91837e-06,1.91837e-06,1.91837e-06
26.5101,0.574596,-0.574596,0.574596,-0.574596,-1.91837e-06,-1.91837e-06,1.91837e-06,1.91837e-06,0.574596,-0.574596,0.574596,-0.574596,-1.91837e-06,-1.91837e-06,1.91837e-06,1.91837e-06
26.52,0.654596,-0.654596,0.654596,-0.654596,-1.91837e-06,-1.91837e-06,1.91837e-06,1.91837e-06,0.654596,-0.654596,0.654596,-0.654596,-1.91837e-06,-1.91837e-06,1.91837e-06,1.91837e-06
26.5301,0.654596,-0.654596,0.654596,-0.654596,-1.91837e-06,-1.91837e-06,1.91837e-06,1.91837e-06,0.654596,-0.654596,0.654596,-0.654596,-1.91837e-06,-1.91837e-06,1.91837e-06,1.91837e-06
26.5401,0.654596,-0.654596,0.654596,-0.654596,-1.91837e-06,-1.91837e-06,1.91837e-06,1.91837e-06,0.654596,-0.654596,0.654596,-0.654596,-1.91837e-06,-1.91837e-06,1.91837e-06,1.91837e-06
26.5501,0.654596,-0.654596,0.654596,-0.654596,-1.91837e-06,-1.91837e-06,1.91837e-06,1.91837e-06,0.654596,-0.654596,0.654596,-0.654596,-1.91837e-06,-1.91837e-06,1.91837e-06,1.91837e-06
26.5601,0.654596,-0.654596,0.654596,-0.654596,-1.91837e-06,-1.91837e-06,1.91837e-06,1.91837e-06,0.654596,-0.654596,0.654596,-0.654596,-1.91837e-06,-1.91837e-06,1.91837e-06,1.91837e-06
26.5701,0.654596,-0.654596,0.654596,-0.654596,-1.91837e-06,-1.91837e-06,1.91837e-06,1.91837e-06,0.654596,-0.654596,0.654596,-0.654596,-1.91837e-06,-1.91837e-06,1.91837e-06,1.91837e-06
26.5801,0.654596,-0.654596,0.654596,-0.654596,-1.91837e-06,-1.91837e-06,1.91837e-06,1.91837e-06,0.654596,-0.654596,0.654596,-0.654596,-1.91837e-06,-1.91837e-06,1.91837e-06,1.91837e-06
26.5901,0.654596,-0.654596,0.654596,-0.654596,-1.91837e-06,-1.91837e-06,1.91837e-06,1.91837e-06,0.654596,-0.654596,0.654596,-0.654596,-1.91837e-06,-1.91837e-06,1.91837e-06,1.91837e-06
26.6001,0.894596,-0.894596,0.894596,-0.894596,-1.91837e-06,-1.91837e-06,1.91837e-06,1.91837e-06,0.894596,-0.894596,0.894596,-0.894596,-1.91837e-06,-1.91837e-06,1.91837e-06,1.91837e-06
26.6101,0.894596,-0.894596,0.894596,-0.894596,-1.91837e-06,-1.91837e-06,1.91837e-06,1.91837e-06,0.894596,-0.894596,0.894596,-0.894596,-1.91837e-06,-1.91837e-06,1.91837e-06,1.91837e-06
26.62,0.760406,-0.760406,0.760406,-0.760406,-1.63062e-06,-1.63062e-06,1.63062e-06,1.63062e-06,0.760406,-0.760406,0.760406,-0.760406,-1.63062e-06,-1.63062e-06,1.63062e-06,1.63062e-06
26.6301,0.760406,-0.760406,0.760406,-0.760406,-1.63062e-06,-1.63062e-06,1.63062e-06,1.63062e-06,0.760406,-0.760406,0.760406,-0.760406,-1.63062e-06,-1.63062e-06,1.63062e-06,1.63062e-06
26.64,0.760406,-0.760406,0.760406,-0.760406,-1.63062e-06,-1.63062e-06,1.63062e-06,1.63062e-06,0.760406,-0.760406,0.760406,-0.760406,-1.63062e-06,-1.63062e-06,1.63062e-06,1.63062e-06
26.6501,0.760406,-0.760406,0.760406,-0.760406,-1.63062e-06,-1.63062e-06,1.63062e-06,1.63062e-06,0.760406,-0.760406,0.760406,-0.760406,-1.63062e-06,-1.63062e-06,1.63062e-06,1.63062e-06
26.6601,0.760406,-0.760406,0.760406,-0.760406,-1.63062e-06,-1.63062e-06,1.63062e-06,1.63062e-06,0.760406,-0.760406,0.760406,-0.760406,-1.63062e-06,-1.63062e-06,1.63062e-06,1.63062e-06
26.6701,0.760406,-0.760406,0.760406,-0.760406,-1.63062e-06,-1.63062e-06,1.63062e-06,1.63062e-06,0.760406,-0.760406,0.760406,-0.760406,-1.63062e-06,-1.63062e-06,1.63062e-06,1.63062e-06
26.6801,0.760406,-0.760406,0.760406,-0.760406,-1.63062e-06,-1.63062e-06,1.63062e-06,1.63062e-06,0.760406,-0.760406,0.760406,-0.760406,-1.63062e-06,-1.63062e-06,1.63062e-06,1.63062e-06
26.6901,0.760406,-0.760406,0.760406,-0.760406,-1.63062e-06,-1.63062e-06,1.63062e-06,1.63062e-06,0.760406,-0.760406,0.760406,-0.760406,-1.63062e-06,-1.63062e-06,1.63062e-06,1.63062e-06
26.7001,1,-1,1,-1,-1.63062e-06,-1.63062e-06,1.63062e-06,1.63062e-06,1,-1,1,-1,-1.63062e-06,-1.63062e-06,1.63062e-06,1.63062e-06
26.7101,1,-1,1,-1,-1.63062e-06,-1.63062e-06,1.63062e-06,1.63062e-06,1,-1,1,-1,-1.63062e-06,-1.63062e-06,1.63062e-06,1.63062e-06
26.7201,1,-1,1,-1,-1.63062e-06,-1.63062e-06,1.63062e-06,1.63062e-06,1,-1,1,-1,-1.63062e-06,-1.63062e-06,1.63062e-06,1.63062e-06
26.7301,1,-1,1,-1,-1.63062e-06,-1.63062e-06,1.63062e-06,1.63062e-06,1,-1,1,-1,-1.63062e-06,-1.63062e-06,1.63062e-06,1.63062e-06
26.7401,1,-1,1,-1,-1.63062e-06,-1.63062e-06,1.63062e-06,1.63062e-06,1,-1,1,-1,-1.63062e-06,-1.63062e-06,1.63062e-06,1.63062e-06
26.7501,1,-1,1,-1,-1.63062e-06,-1.63062e-06,1.63062e-06,1.63062e-06,1,-1,1,-1,-1.63062e-06,-1.63062e-06,1.63062e-06,1.63062e-06
26.7601,1,-1,1,-1,-1.63062e-06,-1.63062e-06,1.63062e-06,1.63062e-06,1,-1,1,-1,-1.63062e-06,-1.63062e-06,1.63062e-06,1.63062e-06
26.7701,1,-1,1,-1,-1.63062e-06,-1.63062e-06,1.63062e-06,1.63062e-06,1,-1,1,-1,-1.63062e-06,-1.63062e-06,1.63062e-06,1.63062e-06
26.7801,1,-1,1,-1,-1.63062e-06,-1.63062e-06,1.63062e-06,1.63062e-06,1,-1,1,-1,-1.63062e-06,-1.63062e-06,1.63062e-06,1.63062e-06
26.7901,1,-1,1,-1,-1.63062e-06,-1.63062e-06,1.63062e-06,1.63062e-06,1,-1,1,-1,-1.63062e-06,-1.63062e-06,1.63062e-06,1.63062e-06
26.8001,0.7905,-0.7905,0.7905,-0.7905,-1.17812e-06,-1.17812e-06,1.17812e-06,1.17812e-06,0.7905,-0.7905,0.7905,-0.7905,-1.17812e-06,-1.17812e-06,1.17812e-06,1.17812e-06
26.8101,0.7905,-0.7905,0.7905,-0.7905,-1.17812e-06,-1.17812e-06,1.17812e-06,1.17812e-06,0.7905,-0.7905,0.7905,-0.7905,-1.17812e-06,-1.17812e-06,1.17812e-06,1.17812e-06
26.8201,0.8705,-0.8705,0.8705,-0.8705,-1.17812e-06,-1.17812e-06,1.17812e-06,1.17812e-06,0.8705,-0.8705,0.8705,-0.8705,-1.17812e-06,-1.17812e-06,1.17812e-06,1.17812e-06
26.8301,0.8705,-0.8705,0.8705,-0.8705,-1.17812e-06,-1.17812e-06,1.17812e-06,1.17812e-06,0.8705,-0.8705,0.8705,-0.8705,-1.17812e-06,-1.17812e-06,1.17812e-06,1.17812e-06
26.8401,0.8705,-0.8705,0.8705,-0.8705,-1.17812e-06,-1.17812e-06,1.17812e-06,1.17812e-06,0.8705,-0.8705,0.8705,-0.8705,-1.17812e-06,-1.17812e-06,1.17812e-06,1.17812e-06
26.8501,0.8705,-0.8705,0.8705,-0.8705,-1.17812e-06,-1.17812e-06,1.17812e-06,1.17812e-06,0.8705,-0.8705,0.8705,-0.8705,-1.17812e-06,-1.17812e-06,1.17812e-06,1.17812e-06
26.8601,0.8705,-0.8705,0.8705,-0.8705,-1.17812e-06,-1.17812e-06,1.17812e-06,1.17812e-06,0.8705,-0.8705,0.8705,-0.8705,-1.17812e-06,-1.17812e-06,1.17812e-06,1.17812e-06
26.8701,0.8705,-0.8705,0.8705,-0.8705,-1.17812e-06,-1.17812e-06,1.17812e-06,1.17812e-06,0.8705,-0.8705,0.8705,-0.8705,-1.17812e-06,-1.17812e-06,1.17812e-06,1.17812e-06
26.8801,0.8705,-0.8705,0.8705,-0.8705,-1.17812e-06,-1.17812e-06,1.17812e-06,1.17812e-06,0.8705,-0.8705,0.8705,-0.8705,-1.17812e-06,-1.17812e-06,1.17812e-06,1.17812e-06
26.8901,0.8705,-0.8705,0.8705,-0.8705,-1.17812e-06,-1.17812e-06,1.17812e-06,1.17812e-06,0.8705,-0.8705,0.8705,-0.8705,-1.17812e-06,-1.17812e-06,1.17812e-06,1.17812e-06
26.9001,1,-1,1,-1,-1.17812e-06,-1.17812e-06,1.17812e-06,1.17812e-06,1,-1,1,-1,-1.17812e-06,-1.17812e-06,1.17812e-06,1.17812e-06
26.9101,1,-1,1,-1,-1.17812e-06,-1.17812e-06,1.17812e-06,1.17812e-06,1,-1,1,-1,-1.17812e-06,-1.17812e-06,1.17812e-06,1.17812e-06
26.9201,0.85,-0.85,0.85,-0.85,-1.0014e-06,-1.0014e-06,1.0014e-06,1.0014e-06,0.85,-0.85,0.85,-0.85,-1.0014e-06,-1.0014e-06,1.0014e-06,1.0014e-06
26.9301,0.85,-0.85,0.85,-0.85,-1.0014e-06,-1.0014e-06,1.0014e-06,1.0014e-06,0.85,-0.85,0.85,-0.85,-1.0014e-06,-1.0014e-06,1.0014e-06,1.0014e-06
26.9401,0.85,-0.85,0.85,-0.85,-1.0014e-06,-1.0014e-06,1.0014e-06,1.0014e-06,0.85,-0.85,0.85,-0.85,-1.0014e-06,-1.0014e-06,1.0014e-06,1.0014e-06
26.9501,0.85,-0.85,0.85,-0.85,-1.0014e-06,-1.0014e-06,1.0014e-06,1.0014e-06,0.85,-0.85,0.85,-0.85,-1.0014e-06,-1.0014e-06,1.0014e-06,1.0014e-06
26.9601,0.85,-0.85,0.85,-0.85,-1.0014e-06,-1.0014e-06,1.0014e-06,1.0014e-06,0.85,-0.85,0.85,-0.85,-1.0014e-06,-1.0014e-06,1.0014e-06,1.0014e-06
26.9701,0.85,-0.85,0.85,-0.85,-1.0014e-06,-1.0014e-06,1.0014e-06,1.0014e-06,0.85,-0.85,0.85,-0.85,-1.0014e-06,-1.0014e-06,1.0014e-06,1.0014e-06
26.9801,0.85,-0.85,0.85,-0.85,-1.0014e-06,-1.0014e-06,1.0014e-06,1.0014e-06,0.85,-0.85,0.85,-0.85,-1.0014e-06,-1.0014e-06,1.0014e-06,1.0014e-06
26.9901,0.85,-0.85,0.85,-0.85,-1.0014e-06,-1.0014e-06,1.0014e-06,1.0014e-06,0.85,-0.85,0.85,-0.85,-1.0014e-06,-1.0014e-06,1.0014e-06,1.0014e-06
27.0001,1,-1,1,-1,-1.0014e-06,-1.0014e-06,1.0014e-06,1.0014e-06,1,-1,1,-1,-1.0014e-06,-1.0014e-06,1.0014e-06,1.0014e-06
27.0101,1,-1,1,-1,-1.0014e-06,-1.0014e-06,1.0014e-06,1.0014e-06,1,-1,1,-1,-1.0014e-06,-1.0014e-06,1.0014e-06,1.0014e-06
27.0201,1,-1,1,-1,-1.0014e-06,-1.0014e-06,1.0014e-06,1.0014e-06,1,-1,1,-1,-1.0014e-06,-1.0014e-06,1.0014e-06,1.0014e-06
27.0301,1,-1,1,-1,-1.0014e-06,-1.0014e-06,1.0014e-06,1.0014e-06,1,-1,1,-1,-1.0014e-06,-1.0014e-06,1.0014e-06,1.0014e-06
27.0401,1,-1,1,-1,-1.0014e-06,-1.0014e-06,1.0014e-06,1.0014e-06,1,-1,1,-1,-1.0014e-06,-1.0014e-06,1.0014e-06,1.0014e-06
27.0501,1,-1,1,-1,-1.0014e-06,-1.0014e-06,1.0014e-06,1.0014e-06,1,-1,1,-1,-1.0014e-06,-1.0014e-06,1.0014e-06,1.0014e-06
27.0601,1,-1,1,-1,-1.0014e-06,-1.0014e-06,1.0014e-06,1.0014e-06,1,-1,1,-1,-1.0014e-06,-1.0014e-06,1.0014e-06,1.0014e-06
27.0701,1,-1,1,-1,-1.0014e-06,-1.0014e-06,1.0014e-06,1.0014e-06,1,-1,1,-1,-1.0014e-06,-1.0014e-06,1.0014e-06,1.0014e-06
27.0801,1,-1,1,-1,-1.0014e-06,-1.0014e-06,1.0014e-06,1.0014e-06,1,-1,1,-1,-1.0014e-06,-1.0014e-06,1.0014e-06,1.0014e-06
27.0901,1,-1,1,-1,-1.0014e-06,-1.0014e-06,1.0014e-06,1.0014e-06,1,-1,1,-1,-1.0014e-06,-1.0014e-06,1.0014e-06,1.0014e-06
27.1001,0.7905,-0.7905,0.7905,-0.7905,-7.23513e-07,-7.23513e-07,7.23513e-07,7.23513e-07,0.7905,-0.7905,0.7905,-0.7905,-7.23513e-07,-7.23513e-07,7.23513e-07,7.23513e-07
27.1101,0.7905,-0.7905,0.7905,-0.7905,-7.23513e-07,-7.23513e-07,7.23513e-07,7.23513e-07,0.7905,-0.7905,0.7905,-0.7905,-7.23513e-07,-7.23513e-07,7.23513e-07,7.23513e-07
27.1201,0.671925,-0.671925,0.671925,-0.671925,-6.14986e-07,-6.14986e-07,6.14986e-07,6.14986e-07,0.671925,-0.671925,0.671925,-0.671925,-6.14986e-07,-6.14986e-07,6.14986e-07,6.14986e-07
27.1301,0.671925,-0.671925,0.671925,-0.671925,-6.14986e-07,-6.14986e-07,6.14986e-07,6.14986e-07,0.671925,-0.671925,0.671925,-0.671925,-6.14986e-07,-6.14986e-07,6.14986e-07,6.14986e-07
27.1401,0.671925,-0.671925,0.671925,-0.671925,-6.14986e-07,-6.14986e-07,6.14986e-07,6.14986e-07,0.671925,-0.671925,0.671925,-0.671925,-6.14986e-07,-6.14986e-07,6.14986e-07,6.14986e-07
27.1501,0.671925,-0.671925,0.671925,-0.671925,-6.14986e-07,-6.14986e-07,6.14986e-07,6.14986e-07,0.671925,-0.671925,0.671925,-0.671925,-6.14986e-07,-6.14986e-07,6.14986e-07,6.14986e-07
27.1601,0.671925,-0.671925,0.671925,-0.671925,-6.14986e-07,-6.14986e-07,6.14986e-07,6.14986e-07,0.671925,-0.671925,0.671925,-0.671925,-6.14986e-07,-6.14986e-07,6.14986e-07,6.14986e-07
27.1701,0.671925,-0.671925,0.671925,-0.671925,-6.14986e-07,-6.14986e-07,6.14986e-07,6.14986e-07,0.671925,-0.671925,0.671925,-0.671925,-6.14986e-07,-6.14986e-07,6.14986e-07,6.14986e-07
27.1801,0.671925,-0.671925,0.671925,-0.671925,-6.14986e-07,-6.14986e-07,6.14986e-07,6.14986e-07,0.671925,-0.671925,0.671925,-0.671925,-6.14986e-07,-6.14986e-07,6.14986e-07,6.14986e-07
27.1901,0.671925,-0.671925,0.671925,-0.671925,-6.14986e-07,-6.14986e-07,6.14986e-07,6.14986e-07,0.671925,-0.671925,0.671925,-0.671925,-6.14986e-07,-6.14986e-07,6.14986e-07,6.14986e-07
27.2001,0.412646,-0.412646,0.412646,-0.412646,-3.77678e-07,-3.77678e-07,3.77678e-07,3.77678e-07,0.412646,-0.412646,0.412646,-0.412646,-3.77678e-07,-3.77678e-07,3.77678e-07,3.77678e-07
27.2101,0.412646,-0.412646,0.412646,-0.412646,-3.77678e-07,-3.77678e-07,3.77678e-07,3.77678e-07,0.412646,-0.412646,0.412646,-0.412646,-3.77678e-07,-3.77678e-07,3.77678e-07,3.77678e-07
27.2201,0.350749,-0.350749,0.350749,-0.350749,-3.21027e-07,-3.21027e-07,3.21027e-07,3.21027e-07,0.350749,-0.350749,0.350749,-0.350749,-3.21027e-07,-3.21027e-07,3.21027e-07,3.21027e-07
27.2301,0.350749,-0.350749,0.350749,-0.350749,-3.21027e-07,-3.21027e-07,3.21027e-07,3.21027e-07,0.350749,-0.350749,0.350749,-0.350749,-3.21027e-07,-3.21027e-07,3.21027e-07,3.21027e-07
27.2401,0.350749,-0.350749,0.350749,-0.350749,-3.21027e-07,-3.21027e-07,3.21027e-07,3.21027e-07,0.350749,-0.350749,0.350749,-0.350749,-3.21027e-07,-3.21027e-07,3.21027e-07,3.21027e-07
27.2501,0.350749,-0.350749,0.350749,-0.350749,-3.21027e-07,-3.21027e-07,3.21027e-07,3.21027e-07,0.350749,-0.350749,0.350749,-0.350749,-3.21027e-07,-3.21027e-07,3.21027e-07,3.21027e-07
27.2601,0.350749,-0.350749,0.350749,-0.350749,-3.21027e-07,-3.21027e-07,3.21027e-07,3.21027e-07,0.350749,-0.350749,0.350749,-0.350749,-3.21027e-07,-3.21027e-07,3.21027e-07,3.21027e-07
27.2701,0.350749,-0.350749,0.350749,-0.350749,-3.21027e-07,-3.21027e-07,3.21027e-07,3.21027e-07,0.350749,-0.350749,0.350749,-0.350749,-3.21027e-07,-3.21027e-07,3.21027e-07,3.21027e-07
27.2801,0.350749,-0.350749,0.350749,-0.350749,-3.21027e-07,-3.21027e-07,3.21027e-07,3.21027e-07,0.350749,-0.350749,0.350749,-0.350749,-3.21027e-07,-3.21027e-07,3.21027e-07,3.21027e-07
27.2901,0.350749,-0.350749,0.350749,-0.350749,-3.21027e-07,-3.21027e-07,3.21027e-07,3.21027e-07,0.350749,-0.350749,0.350749,-0.350749,-3.21027e-07,-3.21027e-07,3.21027e-07,3.21027e-07
27.3001,0.215404,-0.215404,0.215404,-0.215404,-1.97151e-07,-1.97151e-07,1.97151e-07,1.97151e-07,0.215404,-0.215404,0.215404,-0.215404,-1.97151e-07,-1.97151e-07,1.97151e-07,1.97151e-07
27.3101,0.215404,-0.215404,0.215404,-0.215404,-1.97151e-07,-1.97151e-07,1.97151e-07,1.97151e-07,0.215404,-0.215404,0.215404,-0.215404,-1.97151e-07,-1.97151e-07,1.97151e-07,1.97151e-07
27.3201,0.215404,-0.215404,0.215404,-0.215404,-1.97151e-07,-1.97151e-07,1.97151e-07,1.97151e-07,0.215404,-0.215404,0.215404,-0.215404,-1.97151e-07,-1.97151e-07,1.97151e-07,1.97151e-07
27.3301,0.183093,-0.183093,0.183093,-0.183093,-1.67578e-07,-1.67578e-07,1.67578e-07,1.67578e-07,0.183093,-0.183093,0.183093,-0.183093,-1.67578e-07,-1.67578e-07,1.67578e-07,1.67578e-07
27.3401,0.183093,-0.183093,0.183093,-0.183093,-1.67578e-07,-1.67578e-07,1.67578e-07,1.67578e-07,0.183093,-0.183093,0.183093,-0.183093,-1.67578e-07,-1.67578e-07,1.67578e-07,1.67578e-07
27.3501,0.183093,-0.183093,0.183093,-0.183093,-1.67578e-07,-1.67578e-07,1.67578e-07,1.67578e-07,0.183093,-0.183093,0.183093,-0.183093,-1.67578e-07,-1.67578e-07,1.67578e-07,1.67578e-07
27.3601,0.183093,-0.183093,0.183093,-0.183093,-1.67578e-07,-1.67578e-07,1.67578e-07,1.67578e-07,0.183093,-0.183093,0.183093,-0.183093,-1.67578e-07,-1.67578e-07,1.67578e-07,1.67578e-07
27.3701,0.183093,-0.183093,0.183093,-0.183093,-1.67578e-07,-1.67578e-07,1.67578e-07,1.67578e-07,0.183093,-0.183093,0.183093,-0.183093,-1.67578e-07,-1.67578e-07,1.67578e-07,1.67578e-07
27.3801,0.183093,-0.183093,0.183093,-0.183093,-1.67578e-07,-1.67578e-07,1.67578e-07,1.67578e-07,0.183093,-0.183093,0.183093,-0.183093,-1.67578e-07,-1.67578e-07,1.67578e-07,1.67578e-07
27.3901,0.183093,-0.183093,0.183093,-0.183093,-1.67578e-07,-1.67578e-07,1.67578e-07,1.67578e-07,0.183093,-0.183093,0.183093,-0.183093,-1.67578e-07,-1.67578e-07,1.67578e-07,1.67578e-07
27.4001,0.183093,-0.183093,0.183093,-0.183093,-1.67578e-07,-1.67578e-07,1.67578e-07,1.67578e-07,0.183093,-0.183093,0.183093,-0.183093,-1.67578e-07,-1.67578e-07,1.67578e-07,1.67578e-07
27.4101,0.112442,-0.112442,0.112442,-0.112442,-1.02914e-07,-1.02914e-07,1.02914e-07,1.02914e-07,0.112442,-0.112442,0.112442,-0.112442,-1.02914e-07,-1.02914e-07,1.02914e-07,1.02914e-07
27.4201,0.112442,-0.112442,0.112442,-0.112442,-1.02914e-07,-1.02914e-07,1.02914e-07,1.02914e-07,0.112442,-0.112442,0.112442,-0.112442,-1.02914e-07,-1.02914e-07,1.02914e-07,1.02914e-07
27.4301,0.0955758,-0.0955758,0.0955758,-0.0955758,-8.74767e-08,-8.74767e-08,8.74767e-08,8.74767e-08,0.0955758,-0.0955758,0.0955758,-0.0955758,-8.74767e-08,-8.74767e-08,8.74767e-08,8.74767e-08
27.4401,0.0955758,-0.0955758,0.0955758,-0.0955758,-8.74767e-08,-8.74767e-08,8.74767e-08,8.74767e-08,0.0955758,-0.0955758,0.0955758,-0.0955758,-8.74767e-08,-8.74767e-08,8.74767e-08,8.74767e-08
27.4501,0.0955758,-0.0955758,0.0955758,-0.0955758,-8.74767e-08,-8.74767e-08,8.74767e-08,8.74767e-08,0.0955758,-0.0955758,0.0955758,-0.0955758,-8.74767e-08,-8.74767e-08,8.74767e-08,8.74767e-08
27.4601,0.0955758,-0.0955758,0.0955758,-0.0955758,-8.74767e-08,-8.74767e-08,8.74767e-08,8.74767e-08,0.0955758,-0.0955758,0.0955758,-0.0955758,-8.74767e-08,-8.74767e-08,8.74767e-08,8.74767e-08
27.4701,0.0955758,-0.0955758,0.0955758,-0.0955758,-8.74767e-08,-8.74767e-08,8.74767e-08,8.74767e-08,0.0955758,-0.0955758,0.0955758,-0.0955758,-8.74767e-08,-8.74767e-08,8.74767e-08,8.74767e-08
27.4801,0.0955758,-0.0955758,0.0955758,-0.0955758,-8.74767e-08,-8.74767e-08,8.74767e-08,8.74767e-08,0.0955758,-0.0955758,0.0955758,-0.0955758,-8.74767e-08,-8.74767e-08,8.74767e-08,8.74767e-08
27.4901,0.0955758,-0.0955758,0.0955758,-0.0955758,-8.74767e-08,-8.74767e-08,8.74767e-08,8.74767e-08,0.0955758,-0.0955758,0.0955758,-0.0955758,-8.74767e-08,-8.74767e-08,8.74767e-08,8.74767e-08
27.5001,0.0586955,-0.0586955,0.0586955,-0.0586955,-5.37216e-08,-5.37216e-08,5.37216e-08,5.37216e-08,0.0586955,-0.0586955,0.0586955,-0.0586955,-5.37216e-08,-5.37216e-08,5.37216e-08,5.37216e-08
27.5101,0.0586955,-0.0586955,0.0586955,-0.0586955,-5.37216e-08,-5.37216e-08,5.37216e-08,5.37216e-08,0.0586955,-0.0586955,0.0586955,-0.0586955,-5.37216e-08,-5.37216e-08,5.37216e-08,5.37216e-08
27.5201,0.0586955,-0.0586955,0.0586955,-0.0586955,-5.37216e-08,-5.37216e-08,5.37216e-08,5.37216e-08,0.0586955,-0.0586955,0.0586955,-0.0586955,-5.37216e-08,-5.37216e-08,5.37216e-08,5.37216e-08
27.5301,0.0498912,-0.0498912,0.0498912,-0.0498912,-4.56634e-08,-4.56634e-08,4.56634e-08,4.56634e-08,0.0498912,-0.0498912,0.0498912,-0.0498912,-4.56634e-08,-4.56634e-08,4.56634e-08,4.56634e-08
27.5401,0.0498912,-0.0498912,0.0498912,-0.0498912,-4.56634e-08,-4.56634e-08,4.56634e-08,4.56634e-08,0.0498912,-0.0498912,0.0498912,-0.0498912,-4.56634e-08,-4.56634e-08,4.56634e-08,4.56634e-08
27.5501,0.0498912,-0.0498912,0.0498912,-0.0498912,-4.56634e-08,-4.56634e-08,4.56634e-08,4.56634e-08,0.0498912,-0.0498912,0.0498912,-0.0498912,-4.56634e-08,-4.56634e-08,4.56634e-08,4.56634e-08
27.5601,0.0498912,-0.0498912,0.0498912,-0.0498912,-4.56634e-08,-4.56634e-08,4.56634e-08,4.56634e-08,0.0498912,-0.0498912,0.0498912,-0.0498912,-4.56634e-08,-4.56634e-08,4.56634e-08,4.56634e-08
27.5701,0.0498912,-0.0498912,0.0498912,-0.0498912,-4.56634e-08,-4.56634e-08,4.56634e-08,4.56634e-08,0.0498912,-0.0498912,0.0498912,-0.0498912,-4.56634e-08,-4.56634e-08,4.56634e-08,4.56634e-08
27.5801,0.0498912,-0.0498912,0.0498912,-0.0498912,-4.56634e-08,-4.56634e-08,4.56634e-08,4.56634e-08,0.0498912,-0.0498912,0.0498912,-0.0498912,-4.56634e-08,-4.56634e-08,4.56634e-08,4.56634e-08
27.5901,0.0498912,-0.0498912,0.0498912,-0.0498912,-4.56634e-08,-4.56634e-08,4.56634e-08,4.56634e-08,0.0498912,-0.0498912,0.0498912,-0.0498912,-4.56634e-08,-4.56634e-08,4.56634e-08,4.56634e-08
27.6001,0.0498912,-0.0498912,0.0498912,-0.0498912,-4.56634e-08,-4.56634e-08,4.56634e-08,4.56634e-08,0.0498912,-0.0498912,0.0498912,-0.0498912,-4.56634e-08,-4.56634e-08,4.56634e-08,4.56634e-08
27.6101,0.0306394,-0.0306394,0.0306394,-0.0306394,-2.8043e-08,-2.8043e-08,2.8043e-08,2.8043e-08,0.0306394,-0.0306394,0.0306394,-0.0306394,-2.8043e-08,-2.8043e-08,2.8043e-08,2.8043e-08
27.6201,0.0306394,-0.0306394,0.0306394,-0.0306394,-2.8043e-08,-2.8043e-08,2.8043e-08,2.8043e-08,0.0306394,-0.0306394,0.0306394,-0.0306394,-2.8043e-08,-2.8043e-08,2.8043e-08,2.8043e-08
27.6301,0.0260435,-0.0260435,0.0260435,-0.0260435,-2.38366e-08,-2.38366e-08,2.38366e-08,2.38366e-08,0.0260435,-0.0260435,0.0260435,-0.0260435,-2.38366e-08,-2.38366e-08,2.38366e-08,2.38366e-08
27.6401,0.0260435,-0.0260435,0.0260435,-0.0260435,-2.38366e-08,-2.38366e-08,2.38366e-08,2.38366e-08,0.0260435,-0.0260435,0.0260435,-0.0260435,-2.38366e-08,-2.38366e-08,2.38366e-08,2.38366e-08
27.6501,0.0260435,-0.0260435,0.0260435,-0.0260435,-2.38366e-08,-2.38366e-08,2.38366e-08,2.38366e-08,0.0260435,-0.0260435,0.0260435,-0.0260435,-2.38366e-08,-2.38366e-08,2.38366e-08,2.38366e-08
27.6601,0.0260435,-0.0260435,0.0260435,-0.0260435,-2.38366e-08,-2.38366e-08,2.38366e-08,2.38366e-08,0.0260435,-0.0260435,0.0260435,-0.0260435,-2.38366e-08,-2.38366e-08,2.38366e-08,2.38366e-08
27.6701,0.0260435,-0.0260435,0.0260435,-0.0260435,-2.38366e-08,-2.38366e-08,2.38366e-08,2.38366e-08,0.0260435,-0.0260435,0.0260435,-0.0260435,-2.38366e-08,-2.38366e-08,2.38366e-08,2.38366e-08
27.6801,0.0260435,-0.0260435,0.0260435,-0.0260435,-2.38366e-08,-2.38366e-08,2.38366e-08,2.38366e-08,0.0260435,-0.0260435,0.0260435,-0.0260435,-2.38366e-08,-2.38366e-08,2.38366e-08,2.38366e-08
27.6901,0.0260435,-0.0260435,0.0260435,-0.0260435,-2.38366e-08,-2.38366e-08,2.38366e-08,2.38366e-08,0.0260435,-0.0260435,0.0260435,-0.0260435,-2.38366e-08,-2.38366e-08,2.38366e-08,2.38366e-08
27.7001,0.0260435,-0.0260435,0.0260435,-0.0260435,-2.38366e-08,-2.38366e-08,2.38366e-08,2.38366e-08,0.0260435,-0.0260435,0.0260435,-0.0260435,-2.38366e-08,-2.38366e-08,2.38366e-08,2.38366e-08
27.7101,0.015994,-0.015994,0.015994,-0.015994,-1.46386e-08,-1.46386e-08,1.46386e-08,1.46386e-08,0.015994,-0.015994,0.015994,-0.015994,-1.46386e-08,-1.46386e-08,1.46386e-08,1.46386e-08
27.7201,0.015994,-0.015994,0.015994,-0.015994,-1.46386e-08,-1.46386e-08,1.46386e-08,1.46386e-08,0.015994,-0.015994,0.015994,-0.015994,-1.46386e-08,-1.46386e-08,1.46386e-08,1.46386e-08
27.7301,0.0135949,-0.0135949,0.0135949,-0.0135949,-1.24428e-08,-1.24428e-08,1.24428e-08,1.24428e-08,0.0135949,-0.0135949,0.0135949,-0.0135949,-1.24428e-08,-1.24428e-08,1.24428e-08,1.24428e-08
27.7401,0.0135949,-0.0135949,0.0135949,-0.0135949,-1.24428e-08,-1.24428e-08,1.24428e-08,1.24428e-08,0.0135949,-0.0135949,0.0135949,-0.0135949,-1.24428e-08,-1.24428e-08,1.24428e-08,1.24428e-08
27.7501,0.0135949,-0.0135949,0.0135949,-0.0135949,-1.24428e-08,-1.24428e-08,1.24428e-08,1.24428e-08,0.0135949,-0.0135949,0.0135949,-0.0135949,-1.24428e-08,-1.24428e-08,1.24428e-08,1.24428e-08
27.7601,0.0135949,-0.0135949,0.0135949,-0.0135949,-1.24428e-08,-1.24428e-08,1.24428e-08,1.24428e-08,0.0135949,-0.0135949,0.0135949,-0.0135949,-1.24428e-08,-1.24428e-08,1.24428e-08,1.24428e-08
27.7701,0.0135949,-0.0135949,0.0135949,-0.0135949,-1.24428e-08,-1.24428e-08,1.24428e-08,1.24428e-08,0.0135949,-0.0135949,0.0135949,-0.0135949,-1.24428e-08,-1.24428e-08,1.24428e-08,1.24428e-08
27.7801,0.0135949,-0.0135949,0.0135949,-0.0135949,-1.24428e-08,-1.24428e-08,1.24428e-08,1.24428e-08,0.0135949,-0.0135949,0.0135949,-0.0135949,-1.24428e-08,-1.24428e-08,1.24428e-08,1.24428e-08
27.7901,0.0135949,-0.0135949,0.0135949,-0.0135949,-1.24428e-08,-1.24428e-08,1.24428e-08,1.24428e-08,0.0135949,-0.0135949,0.0135949,-0.0135949,-1.24428e-08,-1.24428e-08,1.24428e-08,1.24428e-08
27.8001,0.0135949,-0.0135949,0.0135949,-0.0135949,-1.24428e-08,-1.24428e-08,1.24428e-08,1.24428e-08,0.0135949,-0.0135949,0.0135949,-0.0135949,-1.24428e-08,-1.24428e-08,1.24428e-08,1.24428e-08
27.8101,0.00834895,-0.00834895,0.00834895,-0.00834895,-7.64146e-09,-7.64146e-09,7.64146e-09,7.64146e-09,0.00834895,-0.00834895,0.00834895,-0.00834895,-7.64146e-09,-7.64146e-09,7.64146e-09,7.64146e-09
27.8201,0.00834895,-0.00834895,0.00834895,-0.00834895,-7.64146e-09,-7.64146e-09,7.64146e-09,7.64146e-09,0.00834895,-0.00834895,0.00834895,-0.00834895,-7.64146e-09,-7.64146e-09,7.64146e-09,7.64146e-09
27.8301,0.00709661,-0.00709661,0.00709661,-0.00709661,-6.49524e-09,-6.49524e-09,6.49524e-09,6.49524e-09,0.00709661,-0.00709661,0.00709661,-0.00709661,-6.49524e-09,-6.49524e-09,6.49524e-09,6.49524e-09
27.8401,0.00709661,-0.00709661,0.00709661,-0.00709661,-6.49524e-09,-6.49524e-09,6.49524e-09,6.49524e-09,0.00709661,-0.00709661,0.00709661,-0.00709661,-6.49524e-09,-6.49524e-09,6.49524e-09,6.49524e-09
27.8501,0.00709661,-0.00709661,0.00709661,-0.00709661,-6.49524e-09,-6.49524e-09,6.49524e-09,6.49524e-09,0.00709661,-0.00709661,0.00709661,-0.00709661,-6.49524e-09,-6.49524e-09,6.49524e-09,6.49524e-09
27.8601,0.00709661,-0.00709661,0.00709661,-0.00709661,-6.49524e-09,-6.49524e-09,6.49524e-09,6.49524e-09,0.00709661,-0.00709661,0.00709661,-0.00709661,-6.49524e-09,-6.49524e-09,6.49524e-09,6.49524e-09
27.8701,0.00709661,-0.00709661,0.00709661,-0.00709661,-6.49524e-09,-6.49524e-09,6.49524e-09,6.49524e-09,0.00709661,-0.00709661,0.00709661,-0.00709661,-6.49524e-09,-6.49524e-09,6.49524e-09,6.49524e-09
27.8801,0.00709661,-0.00709661,0.00709661,-0.00709661,-6.49524e-09,-6.49524e-09,6.49524e-09,6.49524e-09,0.00709661,-0.00709661,0.00709661,-0.00709661,-6.49524e-09,-6.49524e-09,6.49524e-09,6.49524e-09
27.8901,0.00709661,-0.00709661,0.00709661,-0.00709661,-6.49524e-09,-6.49524e-09,6.49524e-09,6.49524e-09,0.00709661,-0.00709661,0.00709661,-0.00709661,-6.49524e-09,-6.49524e-09,6.49524e-09,6.49524e-09
27.9001,0.00709661,-0.00709661,0.00709661,-0.00709661,-6.49524e-09,-6.49524e-09,6.49524e-09,6.49524e-09,0.00709661,-0.00709661,0.00709661,-0.00709661,-6.49524e-09,-6.49524e-09,6.49524e-09,6.49524e-09
27.9101,0,0,0,0,0,0,0,0,0,0,0,0,0,0,0,0
27.9201,0,0,0,0,0,0,0,0,0,0,0,0,0,0,0,0
27.9301,0,0,0,0,0,0,0,0,0,0,0,0,0,0,0,0
27.9401,0,0,0,0,0,0,0,0,0,0,0,0,0,0,0,0
27.9501,0,0,0,0,0,0,0,0,0,0,0,0,0,0,0,0
27.9601,0,0,0,0,0,0,0,0,0,0,0,0,0,0,0,0
27.9701,0,0,0,0,0,0,0,0,0,0,0,0,0,0,0,0
27.9801,0,0,0,0,0,0,0,0,0,0,0,0,0,0,0,0
27.9901,0,0,0,0,0,0,0,0,0,0,0,0,0,0,0,0
28.0001,0,0,0,0,0,0,0,0,0,0,0,0,0,0,0,0
28.0101,0,0,0,0,0,0,0,0,0,0,0,0,0,0,0,0
28.0201,0,0,0,0,0,0,0,0,0,0,0,0,0,0,0,0
28.0301,0,0,0,0,0,0,0,0,0,0,0,0,0,0,0,0
28.0401,0,0,0,0,0,0,0,0,0,0,0,0,0,0,0,0
28.0501,0,0,0,0,0,0,0,0,0,0,0,0,0,0,0,0
28.0601,0,0,0,0,0,0,0,0,0,0,0,0,0,0,0,0
28.0701,0,0,0,0,0,0,0,0,0,0,0,0,0,0,0,0
28.0801,0,0,0,0,0,0,0,0,0,0,0,0,0,0,0,0
28.0901,0,0,0,0,0,0,0,0,0,0,0,0,0,0,0,0
28.1001,0,0,0,0,0,0,0,0,0,0,0,0,0,0,0,0
28.1101,0,0,0,0,0,0,0,0,0,0,0,0,0,0,0,0
28.1201,0,0,0,0,0,0,0,0,0,0,0,0,0,0,0,0
28.1301,0,0,0,0,0,0,0,0,0,0,0,0,0,0,0,0
28.1401,0,0,0,0,0,0,0,0,0,0,0,0,0,0,0,0
28.1501,0,0,0,0,0,0,0,0,0,0,0,0,0,0,0,0
28.1601,0,0,0,0,0,0,0,0,0,0,0,0,0,0,0,0
28.1701,0,0,0,0,0,0,0,0,0,0,0,0,0,0,0,0
28.1801,0,0,0,0,0,0,0,0,0,0,0,0,0,0,0,0
28.1901,0,0,0,0,0,0,0,0,0,0,0,0,0,0,0,0
28.2001,0,0,0,0,0,0,0,0,0,0,0,0,0,0,0,0
28.2101,0,0,0,0,0,0,0,0,0,0,0,0,0,0,0,0
28.2201,0,0,0,0,0,0,0,0,0,0,0,0,0,0,0,0
28.2301,0,0,0,0,0,0,0,0,0,0,0,0,0,0,0,0
28.2401,0,0,0,0,0,0,0,0,0,0,0,0,0,0,0,0
28.2501,0,0,0,0,0,0,0,0,0,0,0,0,0,0,0,0
28.2601,0,0,0,0,0,0,0,0,0,0,0,0,0,0,0,0
28.2701,0,0,0,0,0,0,0,0,0,0,0,0,0,0,0,0
28.2801,0,0,0,0,0,0,0,0,0,0,0,0,0,0,0,0
28.2901,0,0,0,0,0,0,0,0,0,0,0,0,0,0,0,0
28.3001,0,0,0,0,0,0,0,0,0,0,0,0,0,0,0,0
28.3101,0,0,0,0,0,0,0,0,0,0,0,0,0,0,0,0
28.3201,0,0,0,0,0,0,0,0,0,0,0,0,0,0,0,0
28.3301,0,0,0,0,0,0,0,0,0,0,0,0,0,0,0,0
28.3401,0,0,0,0,0,0,0,0,0,0,0,0,0,0,0,0
28.3501,0,0,0,0,0,0,0,0,0,0,0,0,0,0,0,0
28.3601,0,0,0,0,0,0,0,0,0,0,0,0,0,0,0,0
28.3701,0,0,0,0,0,0,0,0,0,0,0,0,0,0,0,0
28.3801,0,0,0,0,0,0,0,0,0,0,0,0,0,0,0,0
28.3901,0,0,0,0,0,0,0,0,0,0,0,0,0,0,0,0
28.4001,0,0,0,0,0,0,0,0,0,0,0,0,0,0,0,0
28.4101,0,0,0,0,0,0,0,0,0,0,0,0,0,0,0,0
28.4201,0,0,0,0,0,0,0,0,0,0,0,0,0,0,0,0
28.4301,0,0,0,0,0,0,0,0,0,0,0,0,0,0,0,0
28.4401,0,0,0,0,0,0,0,0,0,0,0,0,0,0,0,0
28.4501,0,0,0,0,0,0,0,0,0,0,0,0,0,0,0,0
28.4601,0,0,0,0,0,0,0,0,0,0,0,0,0,0,0,0
28.4701,0,0,0,0,0,0,0,0,0,0,0,0,0,0,0,0
28.4801,0,0,0,0,0,0,0,0,0,0,0,0,0,0,0,0
28.4901,0,0,0,0,0,0,0,0,0,0,0,0,0,0,0,0
28.5001,0,0,0,0,0,0,0,0,0,0,0,0,0,0,0,0
28.5101,0,0,0,0,0,0,0,0,0,0,0,0,0,0,0,0
28.5201,0,0,0,0,0,0,0,0,0,0,0,0,0,0,0,0
28.5301,0,0,0,0,0,0,0,0,0,0,0,0,0,0,0,0
28.5401,0,0,0,0,0,0,0,0,0,0,0,0,0,0,0,0
28.5501,0,0,0,0,0,0,0,0,0,0,0,0,0,0,0,0
28.5601,0,0,0,0,0,0,0,0,0,0,0,0,0,0,0,0
28.5701,0,0,0,0,0,0,0,0,0,0,0,0,0,0,0,0
28.5801,0,0,0,0,0,0,0,0,0,0,0,0,0,0,0,0
28.5901,0,0,0,0,0,0,0,0,0,0,0,0,0,0,0,0
28.6001,0,0,0,0,0,0,0,0,0,0,0,0,0,0,0,0
28.6101,0,0,0,0,0,0,0,0,0,0,0,0,0,0,0,0
28.62,0,0,0,0,0,0,0,0,0,0,0,0,0,0,0,0
28.6301,0,0,0,0,0,0,0,0,0,0,0,0,0,0,0,0
28.6401,0,0,0,0,0,0,0,0,0,0,0,0,0,0,0,0
28.6501,0,0,0,0,0,0,0,0,0,0,0,0,0,0,0,0
28.6601,0,0,0,0,0,0,0,0,0,0,0,0,0,0,0,0
28.6701,0,0,0,0,0,0,0,0,0,0,0,0,0,0,0,0
28.6801,0,0,0,0,0,0,0,0,0,0,0,0,0,0,0,0
28.6901,0,0,0,0,0,0,0,0,0,0,0,0,0,0,0,0
28.7001,0,0,0,0,0,0,0,0,0,0,0,0,0,0,0,0
28.7101,0,0,0,0,0,0,0,0,0,0,0,0,0,0,0,0
28.7201,0,0,0,0,0,0,0,0,0,0,0,0,0,0,0,0
28.7301,0,0,0,0,0,0,0,0,0,0,0,0,0,0,0,0
28.7401,0,0,0,0,0,0,0,0,0,0,0,0,0,0,0,0
28.7501,0,0,0,0,0,0,0,0,0,0,0,0,0,0,0,0
28.7601,0,0,0,0,0,0,0,0,0,0,0,0,0,0,0,0
28.7701,0,0,0,0,0,0,0,0,0,0,0,0,0,0,0,0
28.7801,0,0,0,0,0,0,0,0,0,0,0,0,0,0,0,0
28.7901,0,0,0,0,0,0,0,0,0,0,0,0,0,0,0,0
28.8001,0,0,0,0,0,0,0,0,0,0,0,0,0,0,0,0
28.8101,0,0,0,0,0,0,0,0,0,0,0,0,0,0,0,0
28.8201,0,0,0,0,0,0,0,0,0,0,0,0,0,0,0,0
28.8301,0,0,0,0,0,0,0,0,0,0,0,0,0,0,0,0
28.8401,0,0,0,0,0,0,0,0,0,0,0,0,0,0,0,0
28.8501,0,0,0,0,0,0,0,0,0,0,0,0,0,0,0,0
28.8601,0,0,0,0,0,0,0,0,0,0,0,0,0,0,0,0
28.8701,0,0,0,0,0,0,0,0,0,0,0,0,0,0,0,0
28.8801,0,0,0,0,0,0,0,0,0,0,0,0,0,0,0,0
28.8901,0,0,0,0,0,0,0,0,0,0,0,0,0,0,0,0
28.9001,0,0,0,0,0,0,0,0,0,0,0,0,0,0,0,0
28.9101,0,0,0,0,0,0,0,0,0,0,0,0,0,0,0,0
28.9201,0,0,0,0,0,0,0,0,0,0,0,0,0,0,0,0
28.9301,0,0,0,0,0,0,0,0,0,0,0,0,0,0,0,0
28.94,0,0,0,0,0,0,0,0,0,0,0,0,0,0,0,0
28.9501,0,0,0,0,0,0,0,0,0,0,0,0,0,0,0,0
28.9601,0,0,0,0,0,0,0,0,0,0,0,0,0,0,0,0
28.9701,0,0,0,0,0,0,0,0,0,0,0,0,0,0,0,0
28.9801,0,0,0,0,0,0,0,0,0,0,0,0,0,0,0,0
28.9901,0,0,0,0,0,0,0,0,0,0,0,0,0,0,0,0
29.0001,0,0,0,0,0,0,0,0,0,0,0,0,0,0,0,0
29.0101,0,0,0,0,0,0,0,0,0,0,0,0,0,0,0,0
29.02,0,0,0,0,0,0,0,0,0,0,0,0,0,0,0,0
29.0301,0,0,0,0,0,0,0,0,0,0,0,0,0,0,0,0
29.0401,0,0,0,0,0,0,0,0,0,0,0,0,0,0,0,0
29.0501,0,0,0,0,0,0,0,0,0,0,0,0,0,0,0,0
29.0601,0,0,0,0,0,0,0,0,0,0,0,0,0,0,0,0
29.0701,0,0,0,0,0,0,0,0,0,0,0,0,0,0,0,0
29.0801,0,0,0,0,0,0,0,0,0,0,0,0,0,0,0,0
29.0901,0,0,0,0,0,0,0,0,0,0,0,0,0,0,0,0
29.1001,0,0,0,0,0,0,0,0,0,0,0,0,0,0,0,0
29.1101,0,0,0,0,0,0,0,0,0,0,0,0,0,0,0,0
29.1201,0,0,0,0,0,0,0,0,0,0,0,0,0,0,0,0
29.1301,0,0,0,0,0,0,0,0,0,0,0,0,0,0,0,0
29.1401,0,0,0,0,0,0,0,0,0,0,0,0,0,0,0,0
29.1501,0,0,0,0,0,0,0,0,0,0,0,0,0,0,0,0
29.1601,0,0,0,0,0,0,0,0,0,0,0,0,0,0,0,0
29.1701,0,0,0,0,0,0,0,0,0,0,0,0,0,0,0,0
29.1801,0,0,0,0,0,0,0,0,0,0,0,0,0,0,0,0
29.1901,0,0,0,0,0,0,0,0,0,0,0,0,0,0,0,0
29.2001,0,0,0,0,0,0,0,0,0,0,0,0,0,0,0,0
29.2101,0,0,0,0,0,0,0,0,0,0,0,0,0,0,0,0
29.2201,0,0,0,0,0,0,0,0,0,0,0,0,0,0,0,0
29.2301,0,0,0,0,0,0,0,0,0,0,0,0,0,0,0,0
29.2401,0,0,0,0,0,0,0,0,0,0,0,0,0,0,0,0
29.2501,0,0,0,0,0,0,0,0,0,0,0,0,0,0,0,0
29.2601,0,0,0,0,0,0,0,0,0,0,0,0,0,0,0,0
29.2701,0,0,0,0,0,0,0,0,0,0,0,0,0,0,0,0
29.2801,0,0,0,0,0,0,0,0,0,0,0,0,0,0,0,0
29.2901,0,0,0,0,0,0,0,0,0,0,0,0,0,0,0,0
29.3001,0,0,0,0,0,0,0,0,0,0,0,0,0,0,0,0
29.3101,0,0,0,0,0,0,0,0,0,0,0,0,0,0,0,0
29.3201,0,0,0,0,0,0,0,0,0,0,0,0,0,0,0,0
29.3301,0,0,0,0,0,0,0,0,0,0,0,0,0,0,0,0
29.3401,0,0,0,0,0,0,0,0,0,0,0,0,0,0,0,0
29.3501,0,0,0,0,0,0,0,0,0,0,0,0,0,0,0,0
29.3601,0,0,0,0,0,0,0,0,0,0,0,0,0,0,0,0
29.3701,0,0,0,0,0,0,0,0,0,0,0,0,0,0,0,0
29.3801,0,0,0,0,0,0,0,0,0,0,0,0,0,0,0,0
29.3901,0,0,0,0,0,0,0,0,0,0,0,0,0,0,0,0
29.4001,0,0,0,0,0,0,0,0,0,0,0,0,0,0,0,0
29.4101,0,0,0,0,0,0,0,0,0,0,0,0,0,0,0,0
29.4201,0,0,0,0,0,0,0,0,0,0,0,0,0,0,0,0
29.4301,0,0,0,0,0,0,0,0,0,0,0,0,0,0,0,0
29.4401,0,0,0,0,0,0,0,0,0,0,0,0,0,0,0,0
29.4501,0,0,0,0,0,0,0,0,0,0,0,0,0,0,0,0
29.4601,0,0,0,0,0,0,0,0,0,0,0,0,0,0,0,0
29.4701,0,0,0,0,0,0,0,0,0,0,0,0,0,0,0,0
29.4801,0,0,0,0,0,0,0,0,0,0,0,0,0,0,0,0
29.4901,0,0,0,0,0,0,0,0,0,0,0,0,0,0,0,0
29.5001,0,0,0,0,0,0,0,0,0,0,0,0,0,0,0,0
29.5101,0,0,0,0,0,0,0,0,0,0,0,0,0,0,0,0
29.5201,0,0,0,0,0,0,0,0,0,0,0,0,0,0,0,0
29.5301,0,0,0,0,0,0,0,0,0,0,0,0,0,0,0,0
29.5401,0,0,0,0,0,0,0,0,0,0,0,0,0,0,0,0
29.5501,0,0,0,0,0,0,0,0,0,0,0,0,0,0,0,0
29.5601,0,0,0,0,0,0,0,0,0,0,0,0,0,0,0,0
29.5701,0,0,0,0,0,0,0,0,0,0,0,0,0,0,0,0
29.5801,0,0,0,0,0,0,0,0,0,0,0,0,0,0,0,0
29.5901,0,0,0,0,0,0,0,0,0,0,0,0,0,0,0,0
29.6001,0,0,0,0,0,0,0,0,0,0,0,0,0,0,0,0
29.6101,0,0,0,0,0,0,0,0,0,0,0,0,0,0,0,0
29.6201,0,0,0,0,0,0,0,0,0,0,0,0,0,0,0,0
29.6301,0,0,0,0,0,0,0,0,0,0,0,0,0,0,0,0
29.6401,0,0,0,0,0,0,0,0,0,0,0,0,0,0,0,0
29.6501,0,0,0,0,0,0,0,0,0,0,0,0,0,0,0,0
29.6601,0,0,0,0,0,0,0,0,0,0,0,0,0,0,0,0
29.6701,0,0,0,0,0,0,0,0,0,0,0,0,0,0,0,0
29.6801,0,0,0,0,0,0,0,0,0,0,0,0,0,0,0,0
29.6901,0,0,0,0,0,0,0,0,0,0,0,0,0,0,0,0
29.7001,0,0,0,0,0,0,0,0,0,0,0,0,0,0,0,0
29.7101,0,0,0,0,0,0,0,0,0,0,0,0,0,0,0,0
29.7201,0,0,0,0,0,0,0,0,0,0,0,0,0,0,0,0
29.7301,0,0,0,0,0,0,0,0,0,0,0,0,0,0,0,0
29.7401,0,0,0,0,0,0,0,0,0,0,0,0,0,0,0,0
29.7501,0,0,0,0,0,0,0,0,0,0,0,0,0,0,0,0
29.7601,0,0,0,0,0,0,0,0,0,0,0,0,0,0,0,0
29.7701,0,0,0,0,0,0,0,0,0,0,0,0,0,0,0,0
29.7801,0,0,0,0,0,0,0,0,0,0,0,0,0,0,0,0
29.7901,0,0,0,0,0,0,0,0,0,0,0,0,0,0,0,0
29.8001,0,0,0,0,0,0,0,0,0,0,0,0,0,0,0,0
29.8101,0,0,0,0,0,0,0,0,0,0,0,0,0,0,0,0
29.8201,0,0,0,0,0,0,0,0,0,0,0,0,0,0,0,0
29.8301,0,0,0,0,0,0,0,0,0,0,0,0,0,0,0,0
29.8401,0,0,0,0,0,0,0,0,0,0,0,0,0,0,0,0
29.8501,0,0,0,0,0,0,0,0,0,0,0,0,0,0,0,0
29.8601,0,0,0,0,0,0,0,0,0,0,0,0,0,0,0,0
29.8701,0,0,0,0,0,0,0,0,0,0,0,0,0,0,0,0
29.8801,0,0,0,0,0,0,0,0,0,0,0,0,0,0,0,0
29.8901,0,0,0,0,0,0,0,0,0,0,0,0,0,0,0,0
29.9001,0,0,0,0,0,0,0,0,0,0,0,0,0,0,0,0
29.9101,0,0,0,0,0,0,0,0,0,0,0,0,0,0,0,0
29.9201,0,0,0,0,0,0,0,0,0,0,0,0,0,0,0,0
29.9301,0,0,0,0,0,0,0,0,0,0,0,0,0,0,0,0
29.9401,0,0,0,0,0,0,0,0,0,0,0,0,0,0,0,0
29.9501,0,0,0,0,0,0,0,0,0,0,0,0,0,0,0,0
29.9601,0,0,0,0,0,0,0,0,0,0,0,0,0,0,0,0
29.9701,0,0,0,0,0,0,0,0,0,0,0,0,0,0,0,0
29.9801,0,0,0,0,0,0,0,0,0,0,0,0,0,0,0,0
29.9901,0,0,0,0,0,0,0,0,0,0,0,0,0,0,0,0
30.0001,0,0,0,0,0,0,0,0,0,0,0,0,0,0,0,0
30.0101,0,0,0,0,0,0,0,0,0,0,0,0,0,0,0,0
30.0201,0,0,0,0,0,0,0,0,0,0,0,0,0,0,0,0
30.0301,0,0,0,0,0,0,0,0,0,0,0,0,0,0,0,0
30.0401,0,0,0,0,0,0,0,0,0,0,0,0,0,0,0,0
30.0501,0,0,0,0,0,0,0,0,0,0,0,0,0,0,0,0
30.0601,0,0,0,0,0,0,0,0,0,0,0,0,0,0,0,0
30.0701,0,0,0,0,0,0,0,0,0,0,0,0,0,0,0,0
30.0801,0,0,0,0,0,0,0,0,0,0,0,0,0,0,0,0
30.0901,0,0,0,0,0,0,0,0,0,0,0,0,0,0,0,0
30.1001,0,0,0,0,0,0,0,0,0,0,0,0,0,0,0,0
30.1101,0,0,0,0,0,0,0,0,0,0,0,0,0,0,0,0
30.1201,0,0,0,0,0,0,0,0,0,0,0,0,0,0,0,0
30.1301,0,0,0,0,0,0,0,0,0,0,0,0,0,0,0,0
30.1401,0,0,0,0,0,0,0,0,0,0,0,0,0,0,0,0
30.1501,0,0,0,0,0,0,0,0,0,0,0,0,0,0,0,0
30.1601,0,0,0,0,0,0,0,0,0,0,0,0,0,0,0,0
30.1701,0,0,0,0,0,0,0,0,0,0,0,0,0,0,0,0
30.1801,0,0,0,0,0,0,0,0,0,0,0,0,0,0,0,0
30.1901,0,0,0,0,0,0,0,0,0,0,0,0,0,0,0,0
30.2001,0,0,0,0,0,0,0,0,0,0,0,0,0,0,0,0
30.2101,0,0,0,0,0,0,0,0,0,0,0,0,0,0,0,0
30.2201,0,0,0,0,0,0,0,0,0,0,0,0,0,0,0,0
30.2301,0,0,0,0,0,0,0,0,0,0,0,0,0,0,0,0
30.2401,0,0,0,0,0,0,0,0,0,0,0,0,0,0,0,0
30.2501,0,0,0,0,0,0,0,0,0,0,0,0,0,0,0,0
30.2601,0,0,0,0,0,0,0,0,0,0,0,0,0,0,0,0
30.2701,0,0,0,0,0,0,0,0,0,0,0,0,0,0,0,0
30.2801,0,0,0,0,0,0,0,0,0,0,0,0,0,0,0,0
30.2901,0,0,0,0,0,0,0,0,0,0,0,0,0,0,0,0
30.3001,0,0,0,0,0,0,0,0,0,0,0,0,0,0,0,0
30.3101,0,0,0,0,0,0,0,0,0,0,0,0,0,0,0,0
30.3201,0,0,0,0,0,0,0,0,0,0,0,0,0,0,0,0
30.3301,0,0,0,0,0,0,0,0,0,0,0,0,0,0,0,0
30.3401,0,0,0,0,0,0,0,0,0,0,0,0,0,0,0,0
30.3501,0,0,0,0,0,0,0,0,0,0,0,0,0,0,0,0
30.3601,0,0,0,0,0,0,0,0,0,0,0,0,0,0,0,0
30.3701,0,0,0,0,0,0,0,0,0,0,0,0,0,0,0,0
30.3801,0,0,0,0,0,0,0,0,0,0,0,0,0,0,0,0
30.3901,0,0,0,0,0,0,0,0,0,0,0,0,0,0,0,0
30.4001,0,0,0,0,0,0,0,0,0,0,0,0,0,0,0,0
30.4101,4.48519e-10,-4.48519e-10,4.48519e-10,-4.48519e-10,-0.0578,-0.0578,-0.0578,-0.0578,4.48519e-10,-4.48519e-10,4.48519e-10,-4.48519e-10,-0.0578,-0.0578,-0.0578,-0.0578
30.4201,4.48519e-10,-4.48519e-10,4.48519e-10,-4.48519e-10,-0.0578,-0.0578,-0.0578,-0.0578,4.48519e-10,-4.48519e-10,4.48519e-10,-4.48519e-10,-0.0578,-0.0578,-0.0578,-0.0578
30.4301,3.81241e-10,-3.81241e-10,3.81241e-10,-3.81241e-10,-0.04913,-0.04913,-0.04913,-0.04913,3.81241e-10,-3.81241e-10,3.81241e-10,-3.81241e-10,-0.04913,-0.04913,-0.04913,-0.04913
30.4401,3.81241e-10,-3.81241e-10,3.81241e-10,-3.81241e-10,-0.04913,-0.04913,-0.04913,-0.04913,3.81241e-10,-3.81241e-10,3.81241e-10,-3.81241e-10,-0.04913,-0.04913,-0.04913,-0.04913
30.4501,3.81241e-10,-3.81241e-10,3.81241e-10,-3.81241e-10,-0.04913,-0.04913,-0.04913,-0.04913,3.81241e-10,-3.81241e-10,3.81241e-10,-3.81241e-10,-0.04913,-0.04913,-0.04913,-0.04913
30.4601,3.81241e-10,-3.81241e-10,3.81241e-10,-3.81241e-10,-0.04913,-0.04913,-0.04913,-0.04913,3.81241e-10,-3.81241e-10,3.81241e-10,-3.81241e-10,-0.04913,-0.04913,-0.04913,-0.04913
30.4701,3.81241e-10,-3.81241e-10,3.81241e-10,-3.81241e-10,-0.04913,-0.04913,-0.04913,-0.04913,3.81241e-10,-3.81241e-10,3.81241e-10,-3.81241e-10,-0.04913,-0.04913,-0.04913,-0.04913
30.4801,3.81241e-10,-3.81241e-10,3.81241e-10,-3.81241e-10,-0.04913,-0.04913,-0.04913,-0.04913,3.81241e-10,-3.81241e-10,3.81241e-10,-3.81241e-10,-0.04913,-0.04913,-0.04913,-0.04913
30.4901,3.81241e-10,-3.81241e-10,3.81241e-10,-3.81241e-10,-0.04913,-0.04913,-0.04913,-0.04913,3.81241e-10,-3.81241e-10,3.81241e-10,-3.81241e-10,-0.04913,-0.04913,-0.04913,-0.04913
30.5001,3.81241e-10,-3.81241e-10,3.81241e-10,-3.81241e-10,-0.04913,-0.04913,-0.04913,-0.04913,3.81241e-10,-3.81241e-10,3.81241e-10,-3.81241e-10,-0.04913,-0.04913,-0.04913,-0.04913
30.5101,2.3413e-10,-2.3413e-10,2.3413e-10,-2.3413e-10,-0.030172,-0.030172,-0.030172,-0.030172,2.3413e-10,-2.3413e-10,2.3413e-10,-2.3413e-10,-0.030172,-0.030172,-0.030172,-0.030172
30.5201,2.3413e-10,-2.3413e-10,2.3413e-10,-2.3413e-10,-0.030172,-0.030172,-0.030172,-0.030172,2.3413e-10,-2.3413e-10,2.3413e-10,-2.3413e-10,-0.030172,-0.030172,-0.030172,-0.030172
30.5301,1.9901e-10,-1.9901e-10,1.9901e-10,-1.9901e-10,-0.0256462,-0.0256462,-0.0256462,-0.0256462,1.9901e-10,-1.9901e-10,1.9901e-10,-1.9901e-10,-0.0256462,-0.0256462,-0.0256462,-0.0256462
30.5401,1.9901e-10,-1.9901e-10,1.9901e-10,-1.9901e-10,-0.0256462,-0.0256462,-0.0256462,-0.0256462,1.9901e-10,-1.9901e-10,1.9901e-10,-1.9901e-10,-0.0256462,-0.0256462,-0.0256462,-0.0256462
30.5501,1.9901e-10,-1.9901e-10,1.9901e-10,-1.9901e-10,-0.0256462,-0.0256462,-0.0256462,-0.0256462,1.9901e-10,-1.9901e-10,1.9901e-10,-1.9901e-10,-0.0256462,-0.0256462,-0.0256462,-0.0256462
30.5601,1.9901e-10,-1.9901e-10,1.9901e-10,-1.9901e-10,-0.0256462,-0.0256462,-0.0256462,-0.0256462,1.9901e-10,-1.9901e-10,1.9901e-10,-1.9901e-10,-0.0256462,-0.0256462,-0.0256462,-0.0256462
30.5701,1.9901e-10,-1.9901e-10,1.9901e-10,-1.9901e-10,-0.0256462,-0.0256462,-0.0256462,-0.0256462,1.9901e-10,-1.9901e-10,1.9901e-10,-1.9901e-10,-0.0256462,-0.0256462,-0.0256462,-0.0256462
30.5801,1.9901e-10,-1.9901e-10,1.9901e-10,-1.9901e-10,-0.0256462,-0.0256462,-0.0256462,-0.0256462,1.9901e-10,-1.9901e-10,1.9901e-10,-1.9901e-10,-0.0256462,-0.0256462,-0.0256462,-0.0256462
30.5901,1.9901e-10,-1.9901e-10,1.9901e-10,-1.9901e-10,-0.0256462,-0.0256462,-0.0256462,-0.0256462,1.9901e-10,-1.9901e-10,1.9901e-10,-1.9901e-10,-0.0256462,-0.0256462,-0.0256462,-0.0256462
30.6001,1.9901e-10,-1.9901e-10,1.9901e-10,-1.9901e-10,-0.0256462,-0.0256462,-0.0256462,-0.0256462,1.9901e-10,-1.9901e-10,1.9901e-10,-1.9901e-10,-0.0256462,-0.0256462,-0.0256462,-0.0256462
30.6101,1.22217e-10,-1.22217e-10,1.22217e-10,-1.22217e-10,-0.01575,-0.01575,-0.01575,-0.01575,1.22217e-10,-1.22217e-10,1.22217e-10,-1.22217e-10,-0.01575,-0.01575,-0.01575,-0.01575
30.6201,1.22217e-10,-1.22217e-10,1.22217e-10,-1.22217e-10,-0.01575,-0.01575,-0.01575,-0.01575,1.22217e-10,-1.22217e-10,1.22217e-10,-1.22217e-10,-0.01575,-0.01575,-0.01575,-0.01575
30.6301,1.03885e-10,-1.03885e-10,1.03885e-10,-1.03885e-10,-0.0133875,-0.0133875,-0.0133875,-0.0133875,1.03885e-10,-1.03885e-10,1.03885e-10,-1.03885e-10,-0.0133875,-0.0133875,-0.0133875,-0.0133875
30.6401,1.03885e-10,-1.03885e-10,1.03885e-10,-1.03885e-10,-0.0133875,-0.0133875,-0.0133875,-0.0133875,1.03885e-10,-1.03885e-10,1.03885e-10,-1.03885e-10,-0.0133875,-0.0133875,-0.0133875,-0.0133875
30.6501,1.03885e-10,-1.03885e-10,1.03885e-10,-1.03885e-10,-0.0133875,-0.0133875,-0.0133875,-0.0133875,1.03885e-10,-1.03885e-10,1.03885e-10,-1.03885e-10,-0.0133875,-0.0133875,-0.0133875,-0.0133875
30.6601,1.03885e-10,-1.03885e-10,1.03885e-10,-1.03885e-10,-0.0133875,-0.0133875,-0.0133875,-0.0133875,1.03885e-10,-1.03885e-10,1.03885e-10,-1.03885e-10,-0.0133875,-0.0133875,-0.0133875,-0.0133875
30.6701,1.03885e-10,-1.03885e-10,1.03885e-10,-1.03885e-10,-0.0133875,-0.0133875,-0.0133875,-0.0133875,1.03885e-10,-1.03885e-10,1.03885e-10,-1.03885e-10,-0.0133875,-0.0133875,-0.0133875,-0.0133875
30.6801,1.03885e-10,-1.03885e-10,1.03885e-10,-1.03885e-10,-0.0133875,-0.0133875,-0.0133875,-0.0133875,1.03885e-10,-1.03885e-10,1.03885e-10,-1.03885e-10,-0.0133875,-0.0133875,-0.0133875,-0.0133875
30.6901,1.03885e-10,-1.03885e-10,1.03885e-10,-1.03885e-10,-0.0133875,-0.0133875,-0.0133875,-0.0133875,1.03885e-10,-1.03885e-10,1.03885e-10,-1.03885e-10,-0.0133875,-0.0133875,-0.0133875,-0.0133875
30.7001,1.03885e-10,-1.03885e-10,1.03885e-10,-1.03885e-10,-0.0133875,-0.0133875,-0.0133875,-0.0133875,1.03885e-10,-1.03885e-10,1.03885e-10,-1.03885e-10,-0.0133875,-0.0133875,-0.0133875,-0.0133875
30.7101,6.37982e-11,-6.37982e-11,6.37982e-11,-6.37982e-11,-0.00822157,-0.00822157,-0.00822157,-0.00822157,6.37982e-11,-6.37982e-11,6.37982e-11,-6.37982e-11,-0.00822157,-0.00822157,-0.00822157,-0.00822157
30.72,6.37982e-11,-6.37982e-11,6.37982e-11,-6.37982e-11,-0.00822157,-0.00822157,-0.00822157,-0.00822157,6.37982e-11,-6.37982e-11,6.37982e-11,-6.37982e-11,-0.00822157,-0.00822157,-0.00822157,-0.00822157
30.7301,5.42284e-11,-5.42284e-11,5.42284e-11,-5.42284e-11,-0.00698834,-0.00698834,-0.00698834,-0.00698834,5.42284e-11,-5.42284e-11,5.42284e-11,-5.42284e-11,-0.00698834,-0.00698834,-0.00698834,-0.00698834
30.7401,5.42284e-11,-5.42284e-11,5.42284e-11,-5.42284e-11,-0.00698834,-0.00698834,-0.00698834,-0.00698834,5.42284e-11,-5.42284e-11,5.42284e-11,-5.42284e-11,-0.00698834,-0.00698834,-0.00698834,-0.00698834
30.7501,5.42284e-11,-5.42284e-11,5.42284e-11,-5.42284e-11,-0.00698834,-0.00698834,-0.00698834,-0.00698834,5.42284e-11,-5.42284e-11,5.42284e-11,-5.42284e-11,-0.00698834,-0.00698834,-0.00698834,-0.00698834
30.7601,5.42284e-11,-5.42284e-11,5.42284e-11,-5.42284e-11,-0.00698834,-0.00698834,-0.00698834,-0.00698834,5.42284e-11,-5.42284e-11,5.42284e-11,-5.42284e-11,-0.00698834,-0.00698834,-0.00698834,-0.00698834
30.7701,5.42284e-11,-5.42284e-11,5.42284e-11,-5.42284e-11,-0.00698834,-0.00698834,-0.00698834,-0.00698834,5.42284e-11,-5.42284e-11,5.42284e-11,-5.42284e-11,-0.00698834,-0.00698834,-0.00698834,-0.00698834
30.7801,5.42284e-11,-5.42284e-11,5.42284e-11,-5.42284e-11,-0.00698834,-0.00698834,-0.00698834,-0.00698834,5.42284e-11,-5.42284e-11,5.42284e-11,-5.42284e-11,-0.00698834,-0.00698834,-0.00698834,-0.00698834
30.7901,5.42284e-11,-5.42284e-11,5.42284e-11,-5.42284e-11,-0.00698834,-0.00698834,-0.00698834,-0.00698834,5.42284e-11,-5.42284e-11,5.42284e-11,-5.42284e-11,-0.00698834,-0.00698834,-0.00698834,-0.00698834
30.8001,0,0,0,0,0,0,0,0,0,0,0,0,0,0,0,0
30.8101,0,0,0,0,0,0,0,0,0,0,0,0,0,0,0,0
30.8201,0,0,0,0,0,0,0,0,0,0,0,0,0,0,0,0
30.8301,0,0,0,0,0,0,0,0,0,0,0,0,0,0,0,0
30.8401,0,0,0,0,0,0,0,0,0,0,0,0,0,0,0,0
30.8501,0,0,0,0,0,0,0,0,0,0,0,0,0,0,0,0
30.8601,0,0,0,0,0,0,0,0,0,0,0,0,0,0,0,0
30.8701,0,0,0,0,0,0,0,0,0,0,0,0,0,0,0,0
30.8801,0,0,0,0,0,0,0,0,0,0,0,0,0,0,0,0
30.8901,0,0,0,0,0,0,0,0,0,0,0,0,0,0,0,0
30.9001,0,0,0,0,0,0,0,0,0,0,0,0,0,0,0,0
30.9101,2.83076e-11,-2.83076e-11,2.83076e-11,-2.83076e-11,-0.243648,-0.243648,-0.243648,-0.243648,2.83076e-11,-2.83076e-11,2.83076e-11,-2.83076e-11,-0.243648,-0.243648,-0.243648,-0.243648
30.9201,2.83076e-11,-2.83076e-11,2.83076e-11,-2.83076e-11,-0.243648,-0.243648,-0.243648,-0.243648,2.83076e-11,-2.83076e-11,2.83076e-11,-2.83076e-11,-0.243648,-0.243648,-0.243648,-0.243648
30.9301,2.83076e-11,-2.83076e-11,2.83076e-11,-2.83076e-11,-0.323648,-0.323648,-0.323648,-0.323648,2.83076e-11,-2.83076e-11,2.83076e-11,-2.83076e-11,-0.323648,-0.323648,-0.323648,-0.323648
30.9401,2.83076e-11,-2.83076e-11,2.83076e-11,-2.83076e-11,-0.323648,-0.323648,-0.323648,-0.323648,2.83076e-11,-2.83076e-11,2.83076e-11,-2.83076e-11,-0.323648,-0.323648,-0.323648,-0.323648
30.9501,2.83076e-11,-2.83076e-11,2.83076e-11,-2.83076e-11,-0.323648,-0.323648,-0.323648,-0.323648,2.83076e-11,-2.83076e-11,2.83076e-11,-2.83076e-11,-0.323648,-0.323648,-0.323648,-0.323648
30.9601,2.83076e-11,-2.83076e-11,2.83076e-11,-2.83076e-11,-0.323648,-0.323648,-0.323648,-0.323648,2.83076e-11,-2.83076e-11,2.83076e-11,-2.83076e-11,-0.323648,-0.323648,-0.323648,-0.323648
30.9701,2.83076e-11,-2.83076e-11,2.83076e-11,-2.83076e-11,-0.323648,-0.323648,-0.323648,-0.323648,2.83076e-11,-2.83076e-11,2.83076e-11,-2.83076e-11,-0.323648,-0.323648,-0.323648,-0.323648
30.9801,2.83076e-11,-2.83076e-11,2.83076e-11,-2.83076e-11,-0.323648,-0.323648,-0.323648,-0.323648,2.83076e-11,-2.83076e-11,2.83076e-11,-2.83076e-11,-0.323648,-0.323648,-0.323648,-0.323648
30.9901,2.40615e-11,-2.40615e-11,2.40615e-11,-2.40615e-11,-0.355101,-0.355101,-0.355101,-0.355101,2.40615e-11,-2.40615e-11,2.40615e-11,-2.40615e-11,-0.355101,-0.355101,-0.355101,-0.355101
31.0001,2.40615e-11,-2.40615e-11,2.40615e-11,-2.40615e-11,-0.355101,-0.355101,-0.355101,-0.355101,2.40615e-11,-2.40615e-11,2.40615e-11,-2.40615e-11,-0.355101,-0.355101,-0.355101,-0.355101
31.0101,2.40615e-11,-2.40615e-11,2.40615e-11,-2.40615e-11,-0.355101,-0.355101,-0.355101,-0.355101,2.40615e-11,-2.40615e-11,2.40615e-11,-2.40615e-11,-0.355101,-0.355101,-0.355101,-0.355101
31.0201,2.40615e-11,-2.40615e-11,2.40615e-11,-2.40615e-11,-0.355101,-0.355101,-0.355101,-0.355101,2.40615e-11,-2.40615e-11,2.40615e-11,-2.40615e-11,-0.355101,-0.355101,-0.355101,-0.355101
31.0301,2.04522e-11,-2.04522e-11,2.04522e-11,-2.04522e-11,-0.381836,-0.381836,-0.381836,-0.381836,2.04522e-11,-2.04522e-11,2.04522e-11,-2.04522e-11,-0.381836,-0.381836,-0.381836,-0.381836
31.0401,2.04522e-11,-2.04522e-11,2.04522e-11,-2.04522e-11,-0.381836,-0.381836,-0.381836,-0.381836,2.04522e-11,-2.04522e-11,2.04522e-11,-2.04522e-11,-0.381836,-0.381836,-0.381836,-0.381836
31.0501,2.04522e-11,-2.04522e-11,2.04522e-11,-2.04522e-11,-0.381836,-0.381836,-0.381836,-0.381836,2.04522e-11,-2.04522e-11,2.04522e-11,-2.04522e-11,-0.381836,-0.381836,-0.381836,-0.381836
31.0601,2.04522e-11,-2.04522e-11,2.04522e-11,-2.04522e-11,-0.381836,-0.381836,-0.381836,-0.381836,2.04522e-11,-2.04522e-11,2.04522e-11,-2.04522e-11,-0.381836,-0.381836,-0.381836,-0.381836
31.0701,2.04522e-11,-2.04522e-11,2.04522e-11,-2.04522e-11,-0.381836,-0.381836,-0.381836,-0.381836,2.04522e-11,-2.04522e-11,2.04522e-11,-2.04522e-11,-0.381836,-0.381836,-0.381836,-0.381836
31.0801,2.04522e-11,-2.04522e-11,2.04522e-11,-2.04522e-11,-0.381836,-0.381836,-0.381836,-0.381836,2.04522e-11,-2.04522e-11,2.04522e-11,-2.04522e-11,-0.381836,-0.381836,-0.381836,-0.381836
31.0901,2.04522e-11,-2.04522e-11,2.04522e-11,-2.04522e-11,-0.541836,-0.541836,-0.541836,-0.541836,2.04522e-11,-2.04522e-11,2.04522e-11,-2.04522e-11,-0.541836,-0.541836,-0.541836,-0.541836
31.1001,2.04522e-11,-2.04522e-11,2.04522e-11,-2.04522e-11,-0.541836,-0.541836,-0.541836,-0.541836,2.04522e-11,-2.04522e-11,2.04522e-11,-2.04522e-11,-0.541836,-0.541836,-0.541836,-0.541836
31.1101,2.04522e-11,-2.04522e-11,2.04522e-11,-2.04522e-11,-0.541836,-0.541836,-0.541836,-0.541836,2.04522e-11,-2.04522e-11,2.04522e-11,-2.04522e-11,-0.541836,-0.541836,-0.541836,-0.541836
31.1201,2.04522e-11,-2.04522e-11,2.04522e-11,-2.04522e-11,-0.541836,-0.541836,-0.541836,-0.541836,2.04522e-11,-2.04522e-11,2.04522e-11,-2.04522e-11,-0.541836,-0.541836,-0.541836,-0.541836
31.1301,1.73844e-11,-1.73844e-11,1.73844e-11,-1.73844e-11,-0.52856,-0.52856,-0.52856,-0.52856,1.73844e-11,-1.73844e-11,1.73844e-11,-1.73844e-11,-0.52856,-0.52856,-0.52856,-0.52856
31.1401,1.73844e-11,-1.73844e-11,1.73844e-11,-1.73844e-11,-0.52856,-0.52856,-0.52856,-0.52856,1.73844e-11,-1.73844e-11,1.73844e-11,-1.73844e-11,-0.52856,-0.52856,-0.52856,-0.52856
31.1501,1.73844e-11,-1.73844e-11,1.73844e-11,-1.73844e-11,-0.52856,-0.52856,-0.52856,-0.52856,1.73844e-11,-1.73844e-11,1.73844e-11,-1.73844e-11,-0.52856,-0.52856,-0.52856,-0.52856
31.1601,1.73844e-11,-1.73844e-11,1.73844e-11,-1.73844e-11,-0.52856,-0.52856,-0.52856,-0.52856,1.73844e-11,-1.73844e-11,1.73844e-11,-1.73844e-11,-0.52856,-0.52856,-0.52856,-0.52856
31.1701,1.73844e-11,-1.73844e-11,1.73844e-11,-1.73844e-11,-0.52856,-0.52856,-0.52856,-0.52856,1.73844e-11,-1.73844e-11,1.73844e-11,-1.73844e-11,-0.52856,-0.52856,-0.52856,-0.52856
31.1801,1.73844e-11,-1.73844e-11,1.73844e-11,-1.73844e-11,-0.52856,-0.52856,-0.52856,-0.52856,1.73844e-11,-1.73844e-11,1.73844e-11,-1.73844e-11,-0.52856,-0.52856,-0.52856,-0.52856
31.1901,1.73844e-11,-1.73844e-11,1.73844e-11,-1.73844e-11,-0.68856,-0.68856,-0.68856,-0.68856,1.73844e-11,-1.73844e-11,1.73844e-11,-1.73844e-11,-0.68856,-0.68856,-0.68856,-0.68856
31.2001,1.73844e-11,-1.73844e-11,1.73844e-11,-1.73844e-11,-0.68856,-0.68856,-0.68856,-0.68856,1.73844e-11,-1.73844e-11,1.73844e-11,-1.73844e-11,-0.68856,-0.68856,-0.68856,-0.68856
31.2101,1.73844e-11,-1.73844e-11,1.73844e-11,-1.73844e-11,-0.68856,-0.68856,-0.68856,-0.68856,1.73844e-11,-1.73844e-11,1.73844e-11,-1.73844e-11,-0.68856,-0.68856,-0.68856,-0.68856
31.2201,1.73844e-11,-1.73844e-11,1.73844e-11,-1.73844e-11,-0.68856,-0.68856,-0.68856,-0.68856,1.73844e-11,-1.73844e-11,1.73844e-11,-1.73844e-11,-0.68856,-0.68856,-0.68856,-0.68856
31.2301,1.73844e-11,-1.73844e-11,1.73844e-11,-1.73844e-11,-0.84856,-0.84856,-0.84856,-0.84856,1.73844e-11,-1.73844e-11,1.73844e-11,-1.73844e-11,-0.84856,-0.84856,-0.84856,-0.84856
31.2401,1.73844e-11,-1.73844e-11,1.73844e-11,-1.73844e-11,-0.84856,-0.84856,-0.84856,-0.84856,1.73844e-11,-1.73844e-11,1.73844e-11,-1.73844e-11,-0.84856,-0.84856,-0.84856,-0.84856
31.25,1.73844e-11,-1.73844e-11,1.73844e-11,-1.73844e-11,-0.84856,-0.84856,-0.84856,-0.84856,1.73844e-11,-1.73844e-11,1.73844e-11,-1.73844e-11,-0.84856,-0.84856,-0.84856,-0.84856
31.2601,1.73844e-11,-1.73844e-11,1.73844e-11,-1.73844e-11,-0.84856,-0.84856,-0.84856,-0.84856,1.73844e-11,-1.73844e-11,1.73844e-11,-1.73844e-11,-0.84856,-0.84856,-0.84856,-0.84856
31.2701,1.73844e-11,-1.73844e-11,1.73844e-11,-1.73844e-11,-0.84856,-0.84856,-0.84856,-0.84856,1.73844e-11,-1.73844e-11,1.73844e-11,-1.73844e-11,-0.84856,-0.84856,-0.84856,-0.84856
31.2801,1.73844e-11,-1.73844e-11,1.73844e-11,-1.73844e-11,-0.84856,-0.84856,-0.84856,-0.84856,1.73844e-11,-1.73844e-11,1.73844e-11,-1.73844e-11,-0.84856,-0.84856,-0.84856,-0.84856
31.2901,1.47767e-11,-1.47767e-11,1.47767e-11,-1.47767e-11,-0.801276,-0.801276,-0.801276,-0.801276,1.47767e-11,-1.47767e-11,1.47767e-11,-1.47767e-11,-0.801276,-0.801276,-0.801276,-0.801276
31.3001,1.47767e-11,-1.47767e-11,1.47767e-11,-1.47767e-11,-0.801276,-0.801276,-0.801276,-0.801276,1.47767e-11,-1.47767e-11,1.47767e-11,-1.47767e-11,-0.801276,-0.801276,-0.801276,-0.801276
31.3101,1.47767e-11,-1.47767e-11,1.47767e-11,-1.47767e-11,-0.801276,-0.801276,-0.801276,-0.801276,1.47767e-11,-1.47767e-11,1.47767e-11,-1.47767e-11,-0.801276,-0.801276,-0.801276,-0.801276
31.3201,1.47767e-11,-1.47767e-11,1.47767e-11,-1.47767e-11,-0.801276,-0.801276,-0.801276,-0.801276,1.47767e-11,-1.47767e-11,1.47767e-11,-1.47767e-11,-0.801276,-0.801276,-0.801276,-0.801276
31.3301,1.25602e-11,-1.25602e-11,1.25602e-11,-1.25602e-11,-0.761085,-0.761085,-0.761085,-0.761085,1.25602e-11,-1.25602e-11,1.25602e-11,-1.25602e-11,-0.761085,-0.761085,-0.761085,-0.761085
31.3401,1.25602e-11,-1.25602e-11,1.25602e-11,-1.25602e-11,-0.761085,-0.761085,-0.761085,-0.761085,1.25602e-11,-1.25602e-11,1.25602e-11,-1.25602e-11,-0.761085,-0.761085,-0.761085,-0.761085
31.3501,1.25602e-11,-1.25602e-11,1.25602e-11,-1.25602e-11,-0.761085,-0.761085,-0.761085,-0.761085,1.25602e-11,-1.25602e-11,1.25602e-11,-1.25602e-11,-0.761085,-0.761085,-0.761085,-0.761085
31.3601,1.25602e-11,-1.25602e-11,1.25602e-11,-1.25602e-11,-0.761085,-0.761085,-0.761085,-0.761085,1.25602e-11,-1.25602e-11,1.25602e-11,-1.25602e-11,-0.761085,-0.761085,-0.761085,-0.761085
31.3701,1.25602e-11,-1.25602e-11,1.25602e-11,-1.25602e-11,-0.761085,-0.761085,-0.761085,-0.761085,1.25602e-11,-1.25602e-11,1.25602e-11,-1.25602e-11,-0.761085,-0.761085,-0.761085,-0.761085
31.3801,1.25602e-11,-1.25602e-11,1.25602e-11,-1.25602e-11,-0.761085,-0.761085,-0.761085,-0.761085,1.25602e-11,-1.25602e-11,1.25602e-11,-1.25602e-11,-0.761085,-0.761085,-0.761085,-0.761085
31.3901,1.25602e-11,-1.25602e-11,1.25602e-11,-1.25602e-11,-0.921085,-0.921085,-0.921085,-0.921085,1.25602e-11,-1.25602e-11,1.25602e-11,-1.25602e-11,-0.921085,-0.921085,-0.921085,-0.921085
31.4001,1.25602e-11,-1.25602e-11,1.25602e-11,-1.25602e-11,-0.921085,-0.921085,-0.921085,-0.921085,1.25602e-11,-1.25602e-11,1.25602e-11,-1.25602e-11,-0.921085,-0.921085,-0.921085,-0.921085
31.4101,1.25602e-11,-1.25602e-11,1.25602e-11,-1.25602e-11,-0.921085,-0.921085,-0.921085,-0.921085,1.25602e-11,-1.25602e-11,1.25602e-11,-1.25602e-11,-0.921085,-0.921085,-0.921085,-0.921085
31.4201,1.25602e-11,-1.25602e-11,1.25602e-11,-1.25602e-11,-0.921085,-0.921085,-0.921085,-0.921085,1.25602e-11,-1.25602e-11,1.25602e-11,-1.25602e-11,-0.921085,-0.921085,-0.921085,-0.921085
31.4301,1.06762e-11,-1.06762e-11,1.06762e-11,-1.06762e-11,-0.85,-0.85,-0.85,-0.85,1.06762e-11,-1.06762e-11,1.06762e-11,-1.06762e-11,-0.85,-0.85,-0.85,-0.85
31.4401,1.06762e-11,-1.06762e-11,1.06762e-11,-1.06762e-11,-0.85,-0.85,-0.85,-0.85,1.06762e-11,-1.06762e-11,1.06762e-11,-1.06762e-11,-0.85,-0.85,-0.85,-0.85
31.4501,1.06762e-11,-1.06762e-11,1.06762e-11,-1.06762e-11,-0.85,-0.85,-0.85,-0.85,1.06762e-11,-1.06762e-11,1.06762e-11,-1.06762e-11,-0.85,-0.85,-0.85,-0.85
31.4601,1.06762e-11,-1.06762e-11,1.06762e-11,-1.06762e-11,-0.85,-0.85,-0.85,-0.85,1.06762e-11,-1.06762e-11,1.06762e-11,-1.06762e-11,-0.85,-0.85,-0.85,-0.85
31.4701,1.06762e-11,-1.06762e-11,1.06762e-11,-1.06762e-11,-0.85,-0.85,-0.85,-0.85,1.06762e-11,-1.06762e-11,1.06762e-11,-1.06762e-11,-0.85,-0.85,-0.85,-0.85
31.4801,1.06762e-11,-1.06762e-11,1.06762e-11,-1.06762e-11,-0.85,-0.85,-0.85,-0.85,1.06762e-11,-1.06762e-11,1.06762e-11,-1.06762e-11,-0.85,-0.85,-0.85,-0.85
31.4901,1.06762e-11,-1.06762e-11,1.06762e-11,-1.06762e-11,-1,-1,-1,-1,1.06762e-11,-1.06762e-11,1.06762e-11,-1.06762e-11,-1,-1,-1,-1
31.5,1.06762e-11,-1.06762e-11,1.06762e-11,-1.06762e-11,-1,-1,-1,-1,1.06762e-11,-1.06762e-11,1.06762e-11,-1.06762e-11,-1,-1,-1,-1
31.5101,1.06762e-11,-1.06762e-11,1.06762e-11,-1.06762e-11,-1,-1,-1,-1,1.06762e-11,-1.06762e-11,1.06762e-11,-1.06762e-11,-1,-1,-1,-1
31.5201,1.06762e-11,-1.06762e-11,1.06762e-11,-1.06762e-11,-1,-1,-1,-1,1.06762e-11,-1.06762e-11,1.06762e-11,-1.06762e-11,-1,-1,-1,-1
31.5301,1.06762e-11,-1.06762e-11,1.06762e-11,-1.06762e-11,-1,-1,-1,-1,1.06762e-11,-1.06762e-11,1.06762e-11,-1.06762e-11,-1,-1,-1,-1
31.54,1.06762e-11,-1.06762e-11,1.06762e-11,-1.06762e-11,-1,-1,-1,-1,1.06762e-11,-1.06762e-11,1.06762e-11,-1.06762e-11,-1,-1,-1,-1
31.5501,1.06762e-11,-1.06762e-11,1.06762e-11,-1.06762e-11,-1,-1,-1,-1,1.06762e-11,-1.06762e-11,1.06762e-11,-1.06762e-11,-1,-1,-1,-1
31.5601,1.06762e-11,-1.06762e-11,1.06762e-11,-1.06762e-11,-1,-1,-1,-1,1.06762e-11,-1.06762e-11,1.06762e-11,-1.06762e-11,-1,-1,-1,-1
31.5701,1.06762e-11,-1.06762e-11,1.06762e-11,-1.06762e-11,-1,-1,-1,-1,1.06762e-11,-1.06762e-11,1.06762e-11,-1.06762e-11,-1,-1,-1,-1
31.5801,1.06762e-11,-1.06762e-11,1.06762e-11,-1.06762e-11,-1,-1,-1,-1,1.06762e-11,-1.06762e-11,1.06762e-11,-1.06762e-11,-1,-1,-1,-1
31.5901,9.07476e-12,-9.07476e-12,9.07476e-12,-9.07476e-12,-0.93,-0.93,-0.93,-0.93,9.07476e-12,-9.07476e-12,9.07476e-12,-9.07476e-12,-0.93,-0.93,-0.93,-0.93
31.6001,9.07476e-12,-9.07476e-12,9.07476e-12,-9.07476e-12,-0.93,-0.93,-0.93,-0.93,9.07476e-12,-9.07476e-12,9.07476e-12,-9.07476e-12,-0.93,-0.93,-0.93,-0.93
31.6101,9.07476e-12,-9.07476e-12,9.07476e-12,-9.07476e-12,-0.93,-0.93,-0.93,-0.93,9.07476e-12,-9.07476e-12,9.07476e-12,-9.07476e-12,-0.93,-0.93,-0.93,-0.93
31.6201,9.07476e-12,-9.07476e-12,9.07476e-12,-9.07476e-12,-0.93,-0.93,-0.93,-0.93,9.07476e-12,-9.07476e-12,9.07476e-12,-9.07476e-12,-0.93,-0.93,-0.93,-0.93
31.6301,7.71355e-12,-7.71355e-12,7.71355e-12,-7.71355e-12,-0.8705,-0.8705,-0.8705,-0.8705,7.71355e-12,-7.71355e-12,7.71355e-12,-7.71355e-12,-0.8705,-0.8705,-0.8705,-0.8705
31.6401,7.71355e-12,-7.71355e-12,7.71355e-12,-7.71355e-12,-0.8705,-0.8705,-0.8705,-0.8705,7.71355e-12,-7.71355e-12,7.71355e-12,-7.71355e-12,-0.8705,-0.8705,-0.8705,-0.8705
31.6501,7.71355e-12,-7.71355e-12,7.71355e-12,-7.71355e-12,-0.8705,-0.8705,-0.8705,-0.8705,7.71355e-12,-7.71355e-12,7.71355e-12,-7.71355e-12,-0.8705,-0.8705,-0.8705,-0.8705
31.6601,7.71355e-12,-7.71355e-12,7.71355e-12,-7.71355e-12,-0.8705,-0.8705,-0.8705,-0.8705,7.71355e-12,-7.71355e-12,7.71355e-12,-7.71355e-12,-0.8705,-0.8705,-0.8705,-0.8705
31.6701,7.71355e-12,-7.71355e-12,7.71355e-12,-7.71355e-12,-0.8705,-0.8705,-0.8705,-0.8705,7.71355e-12,-7.71355e-12,7.71355e-12,-7.71355e-12,-0.8705,-0.8705,-0.8705,-0.8705
31.6801,7.71355e-12,-7.71355e-12,7.71355e-12,-7.71355e-12,-0.8705,-0.8705,-0.8705,-0.8705,7.71355e-12,-7.71355e-12,7.71355e-12,-7.71355e-12,-0.8705,-0.8705,-0.8705,-0.8705
31.6901,7.71355e-12,-7.71355e-12,7.71355e-12,-7.71355e-12,-1,-1,-1,-1,7.71355e-12,-7.71355e-12,7.71355e-12,-7.71355e-12,-1,-1,-1,-1
31.7001,7.71355e-12,-7.71355e-12,7.71355e-12,-7.71355e-12,-1,-1,-1,-1,7.71355e-12,-7.71355e-12,7.71355e-12,-7.71355e-12,-1,-1,-1,-1
31.7101,7.71355e-12,-7.71355e-12,7.71355e-12,-7.71355e-12,-1,-1,-1,-1,7.71355e-12,-7.71355e-12,7.71355e-12,-7.71355e-12,-1,-1,-1,-1
31.7201,7.71355e-12,-7.71355e-12,7.71355e-12,-7.71355e-12,-1,-1,-1,-1,7.71355e-12,-7.71355e-12,7.71355e-12,-7.71355e-12,-1,-1,-1,-1
31.7301,6.55652e-12,-6.55652e-12,6.55652e-12,-6.55652e-12,-0.85,-0.85,-0.85,-0.85,6.55652e-12,-6.55652e-12,6.55652e-12,-6.55652e-12,-0.85,-0.85,-0.85,-0.85
31.7401,6.55652e-12,-6.55652e-12,6.55652e-12,-6.55652e-12,-0.85,-0.85,-0.85,-0.85,6.55652e-12,-6.55652e-12,6.55652e-12,-6.55652e-12,-0.85,-0.85,-0.85,-0.85
31.7501,6.55652e-12,-6.55652e-12,6.55652e-12,-6.55652e-12,-0.85,-0.85,-0.85,-0.85,6.55652e-12,-6.55652e-12,6.55652e-12,-6.55652e-12,-0.85,-0.85,-0.85,-0.85
31.7601,6.55652e-12,-6.55652e-12,6.55652e-12,-6.55652e-12,-0.85,-0.85,-0.85,-0.85,6.55652e-12,-6.55652e-12,6.55652e-12,-6.55652e-12,-0.85,-0.85,-0.85,-0.85
31.7701,6.55652e-12,-6.55652e-12,6.55652e-12,-6.55652e-12,-0.85,-0.85,-0.85,-0.85,6.55652e-12,-6.55652e-12,6.55652e-12,-6.55652e-12,-0.85,-0.85,-0.85,-0.85
31.7801,6.55652e-12,-6.55652e-12,6.55652e-12,-6.55652e-12,-0.85,-0.85,-0.85,-0.85,6.55652e-12,-6.55652e-12,6.55652e-12,-6.55652e-12,-0.85,-0.85,-0.85,-0.85
31.7901,6.55652e-12,-6.55652e-12,6.55652e-12,-6.55652e-12,-1,-1,-1,-1,6.55652e-12,-6.55652e-12,6.55652e-12,-6.55652e-12,-1,-1,-1,-1
31.8001,6.55652e-12,-6.55652e-12,6.55652e-12,-6.55652e-12,-1,-1,-1,-1,6.55652e-12,-6.55652e-12,6.55652e-12,-6.55652e-12,-1,-1,-1,-1
31.8101,6.55652e-12,-6.55652e-12,6.55652e-12,-6.55652e-12,-1,-1,-1,-1,6.55652e-12,-6.55652e-12,6.55652e-12,-6.55652e-12,-1,-1,-1,-1
31.8201,6.55652e-12,-6.55652e-12,6.55652e-12,-6.55652e-12,-1,-1,-1,-1,6.55652e-12,-6.55652e-12,6.55652e-12,-6.55652e-12,-1,-1,-1,-1
31.8301,5.57304e-12,-5.57304e-12,5.57304e-12,-5.57304e-12,-0.85,-0.85,-0.85,-0.85,5.57304e-12,-5.57304e-12,5.57304e-12,-5.57304e-12,-0.85,-0.85,-0.85,-0.85
31.8401,5.57304e-12,-5.57304e-12,5.57304e-12,-5.57304e-12,-0.85,-0.85,-0.85,-0.85,5.57304e-12,-5.57304e-12,5.57304e-12,-5.57304e-12,-0.85,-0.85,-0.85,-0.85
31.8501,5.57304e-12,-5.57304e-12,5.57304e-12,-5.57304e-12,-0.85,-0.85,-0.85,-0.85,5.57304e-12,-5.57304e-12,5.57304e-12,-5.57304e-12,-0.85,-0.85,-0.85,-0.85
31.8601,5.57304e-12,-5.57304e-12,5.57304e-12,-5.57304e-12,-0.85,-0.85,-0.85,-0.85,5.57304e-12,-5.57304e-12,5.57304e-12,-5.57304e-12,-0.85,-0.85,-0.85,-0.85
31.8701,5.57304e-12,-5.57304e-12,5.57304e-12,-5.57304e-12,-0.85,-0.85,-0.85,-0.85,5.57304e-12,-5.57304e-12,5.57304e-12,-5.57304e-12,-0.85,-0.85,-0.85,-0.85
31.8801,5.57304e-12,-5.57304e-12,5.57304e-12,-5.57304e-12,-0.85,-0.85,-0.85,-0.85,5.57304e-12,-5.57304e-12,5.57304e-12,-5.57304e-12,-0.85,-0.85,-0.85,-0.85
31.8901,5.57304e-12,-5.57304e-12,5.57304e-12,-5.57304e-12,-1,-1,-1,-1,5.57304e-12,-5.57304e-12,5.57304e-12,-5.57304e-12,-1,-1,-1,-1
31.9001,5.57304e-12,-5.57304e-12,5.57304e-12,-5.57304e-12,-1,-1,-1,-1,5.57304e-12,-5.57304e-12,5.57304e-12,-5.57304e-12,-1,-1,-1,-1
31.9101,5.57304e-12,-5.57304e-12,5.57304e-12,-5.57304e-12,-1,-1,-1,-1,5.57304e-12,-5.57304e-12,5.57304e-12,-5.57304e-12,-1,-1,-1,-1
31.9201,5.57304e-12,-5.57304e-12,5.57304e-12,-5.57304e-12,-1,-1,-1,-1,5.57304e-12,-5.57304e-12,5.57304e-12,-5.57304e-12,-1,-1,-1,-1
31.9301,5.57304e-12,-5.57304e-12,5.57304e-12,-5.57304e-12,-1,-1,-1,-1,5.57304e-12,-5.57304e-12,5.57304e-12,-5.57304e-12,-1,-1,-1,-1
31.94,5.57304e-12,-5.57304e-12,5.57304e-12,-5.57304e-12,-1,-1,-1,-1,5.57304e-12,-5.57304e-12,5.57304e-12,-5.57304e-12,-1,-1,-1,-1
31.9501,5.57304e-12,-5.57304e-12,5.57304e-12,-5.57304e-12,-1,-1,-1,-1,5.57304e-12,-5.57304e-12,5.57304e-12,-5.57304e-12,-1,-1,-1,-1
31.9601,5.57304e-12,-5.57304e-12,5.57304e-12,-5.57304e-12,-1,-1,-1,-1,5.57304e-12,-5.57304e-12,5.57304e-12,-5.57304e-12,-1,-1,-1,-1
31.9701,5.57304e-12,-5.57304e-12,5.57304e-12,-5.57304e-12,-1,-1,-1,-1,5.57304e-12,-5.57304e-12,5.57304e-12,-5.57304e-12,-1,-1,-1,-1
31.9801,5.57304e-12,-5.57304e-12,5.57304e-12,-5.57304e-12,-1,-1,-1,-1,5.57304e-12,-5.57304e-12,5.57304e-12,-5.57304e-12,-1,-1,-1,-1
31.9901,4.73708e-12,-4.73708e-12,4.73708e-12,-4.73708e-12,-0.93,-0.93,-0.93,-0.93,4.73708e-12,-4.73708e-12,4.73708e-12,-4.73708e-12,-0.93,-0.93,-0.93,-0.93
32,4.73708e-12,-4.73708e-12,4.73708e-12,-4.73708e-12,-0.93,-0.93,-0.93,-0.93,4.73708e-12,-4.73708e-12,4.73708e-12,-4.73708e-12,-0.93,-0.93,-0.93,-0.93
32.0101,4.73708e-12,-4.73708e-12,4.73708e-12,-4.73708e-12,-0.93,-0.93,-0.93,-0.93,4.73708e-12,-4.73708e-12,4.73708e-12,-4.73708e-12,-0.93,-0.93,-0.93,-0.93
32.0201,4.73708e-12,-4.73708e-12,4.73708e-12,-4.73708e-12,-0.93,-0.93,-0.93,-0.93,4.73708e-12,-4.73708e-12,4.73708e-12,-4.73708e-12,-0.93,-0.93,-0.93,-0.93
32.0301,4.02652e-12,-4.02652e-12,4.02652e-12,-4.02652e-12,-0.8705,-0.8705,-0.8705,-0.8705,4.02652e-12,-4.02652e-12,4.02652e-12,-4.02652e-12,-0.8705,-0.8705,-0.8705,-0.8705
32.0401,4.02652e-12,-4.02652e-12,4.02652e-12,-4.02652e-12,-0.8705,-0.8705,-0.8705,-0.8705,4.02652e-12,-4.02652e-12,4.02652e-12,-4.02652e-12,-0.8705,-0.8705,-0.8705,-0.8705
32.0501,4.02652e-12,-4.02652e-12,4.02652e-12,-4.02652e-12,-0.8705,-0.8705,-0.8705,-0.8705,4.02652e-12,-4.02652e-12,4.02652e-12,-4.02652e-12,-0.8705,-0.8705,-0.8705,-0.8705
32.0601,4.02652e-12,-4.02652e-12,4.02652e-12,-4.02652e-12,-0.8705,-0.8705,-0.8705,-0.8705,4.02652e-12,-4.02652e-12,4.02652e-12,-4.02652e-12,-0.8705,-0.8705,-0.8705,-0.8705
32.0701,4.02652e-12,-4.02652e-12,4.02652e-12,-4.02652e-12,-0.8705,-0.8705,-0.8705,-0.8705,4.02652e-12,-4.02652e-12,4.02652e-12,-4.02652e-12,-0.8705,-0.8705,-0.8705,-0.8705
32.0801,4.02652e-12,-4.02652e-12,4.02652e-12,-4.02652e-12,-0.8705,-0.8705,-0.8705,-0.8705,4.02652e-12,-4.02652e-12,4.02652e-12,-4.02652e-12,-0.8705,-0.8705,-0.8705,-0.8705
32.0901,4.02652e-12,-4.02652e-12,4.02652e-12,-4.02652e-12,-1,-1,-1,-1,4.02652e-12,-4.02652e-12,4.02652e-12,-4.02652e-12,-1,-1,-1,-1
32.1001,4.02652e-12,-4.02652e-12,4.02652e-12,-4.02652e-12,-1,-1,-1,-1,4.02652e-12,-4.02652e-12,4.02652e-12,-4.02652e-12,-1,-1,-1,-1
32.1101,4.02652e-12,-4.02652e-12,4.02652e-12,-4.02652e-12,-1,-1,-1,-1,4.02652e-12,-4.02652e-12,4.02652e-12,-4.02652e-12,-1,-1,-1,-1
32.1201,4.02652e-12,-4.02652e-12,4.02652e-12,-4.02652e-12,-1,-1,-1,-1,4.02652e-12,-4.02652e-12,4.02652e-12,-4.02652e-12,-1,-1,-1,-1
32.1301,3.42254e-12,-3.42254e-12,3.42254e-12,-3.42254e-12,-0.85,-0.85,-0.85,-0.85,3.42254e-12,-3.42254e-12,3.42254e-12,-3.42254e-12,-0.85,-0.85,-0.85,-0.85
32.1401,3.42254e-12,-3.42254e-12,3.42254e-12,-3.42254e-12,-0.85,-0.85,-0.85,-0.85,3.42254e-12,-3.42254e-12,3.42254e-12,-3.42254e-12,-0.85,-0.85,-0.85,-0.85
32.1501,3.42254e-12,-3.42254e-12,3.42254e-12,-3.42254e-12,-0.85,-0.85,-0.85,-0.85,3.42254e-12,-3.42254e-12,3.42254e-12,-3.42254e-12,-0.85,-0.85,-0.85,-0.85
32.1601,3.42254e-12,-3.42254e-12,3.42254e-12,-3.42254e-12,-0.85,-0.85,-0.85,-0.85,3.42254e-12,-3.42254e-12,3.42254e-12,-3.42254e-12,-0.85,-0.85,-0.85,-0.85
32.1701,3.42254e-12,-3.42254e-12,3.42254e-12,-3.42254e-12,-0.85,-0.85,-0.85,-0.85,3.42254e-12,-3.42254e-12,3.42254e-12,-3.42254e-12,-0.85,-0.85,-0.85,-0.85
32.1801,3.42254e-12,-3.42254e-12,3.42254e-12,-3.42254e-12,-0.85,-0.85,-0.85,-0.85,3.42254e-12,-3.42254e-12,3.42254e-12,-3.42254e-12,-0.85,-0.85,-0.85,-0.85
32.1901,3.42254e-12,-3.42254e-12,3.42254e-12,-3.42254e-12,-1,-1,-1,-1,3.42254e-12,-3.42254e-12,3.42254e-12,-3.42254e-12,-1,-1,-1,-1
32.2001,3.42254e-12,-3.42254e-12,3.42254e-12,-3.42254e-12,-1,-1,-1,-1,3.42254e-12,-3.42254e-12,3.42254e-12,-3.42254e-12,-1,-1,-1,-1
32.2101,3.42254e-12,-3.42254e-12,3.42254e-12,-3.42254e-12,-1,-1,-1,-1,3.42254e-12,-3.42254e-12,3.42254e-12,-3.42254e-12,-1,-1,-1,-1
32.2201,3.42254e-12,-3.42254e-12,3.42254e-12,-3.42254e-12,-1,-1,-1,-1,3.42254e-12,-3.42254e-12,3.42254e-12,-3.42254e-12,-1,-1,-1,-1
32.2301,3.42254e-12,-3.42254e-12,3.42254e-12,-3.42254e-12,-1,-1,-1,-1,3.42254e-12,-3.42254e-12,3.42254e-12,-3.42254e-12,-1,-1,-1,-1
32.2401,3.42254e-12,-3.42254e-12,3.42254e-12,-3.42254e-12,-1,-1,-1,-1,3.42254e-12,-3.42254e-12,3.42254e-12,-3.42254e-12,-1,-1,-1,-1
32.2501,3.42254e-12,-3.42254e-12,3.42254e-12,-3.42254e-12,-1,-1,-1,-1,3.42254e-12,-3.42254e-12,3.42254e-12,-3.42254e-12,-1,-1,-1,-1
32.2601,3.42254e-12,-3.42254e-12,3.42254e-12,-3.42254e-12,-1,-1,-1,-1,3.42254e-12,-3.42254e-12,3.42254e-12,-3.42254e-12,-1,-1,-1,-1
32.2701,3.42254e-12,-3.42254e-12,3.42254e-12,-3.42254e-12,-1,-1,-1,-1,3.42254e-12,-3.42254e-12,3.42254e-12,-3.42254e-12,-1,-1,-1,-1
32.2801,3.42254e-12,-3.42254e-12,3.42254e-12,-3.42254e-12,-1,-1,-1,-1,3.42254e-12,-3.42254e-12,3.42254e-12,-3.42254e-12,-1,-1,-1,-1
32.2901,2.90916e-12,-2.90916e-12,2.90916e-12,-2.90916e-12,-0.93,-0.93,-0.93,-0.93,2.90916e-12,-2.90916e-12,2.90916e-12,-2.90916e-12,-0.93,-0.93,-0.93,-0.93
32.3001,2.90916e-12,-2.90916e-12,2.90916e-12,-2.90916e-12,-0.93,-0.93,-0.93,-0.93,2.90916e-12,-2.90916e-12,2.90916e-12,-2.90916e-12,-0.93,-0.93,-0.93,-0.93
32.3101,2.90916e-12,-2.90916e-12,2.90916e-12,-2.90916e-12,-0.93,-0.93,-0.93,-0.93,2.90916e-12,-2.90916e-12,2.90916e-12,-2.90916e-12,-0.93,-0.93,-0.93,-0.93
32.3201,2.90916e-12,-2.90916e-12,2.90916e-12,-2.90916e-12,-0.93,-0.93,-0.93,-0.93,2.90916e-12,-2.90916e-12,2.90916e-12,-2.90916e-12,-0.93,-0.93,-0.93,-0.93
32.3301,2.47279e-12,-2.47279e-12,2.47279e-12,-2.47279e-12,-0.8705,-0.8705,-0.8705,-0.8705,2.47279e-12,-2.47279e-12,2.47279e-12,-2.47279e-12,-0.8705,-0.8705,-0.8705,-0.8705
32.3401,2.47279e-12,-2.47279e-12,2.47279e-12,-2.47279e-12,-0.8705,-0.8705,-0.8705,-0.8705,2.47279e-12,-2.47279e-12,2.47279e-12,-2.47279e-12,-0.8705,-0.8705,-0.8705,-0.8705
32.3501,2.47279e-12,-2.47279e-12,2.47279e-12,-2.47279e-12,-0.8705,-0.8705,-0.8705,-0.8705,2.47279e-12,-2.47279e-12,2.47279e-12,-2.47279e-12,-0.8705,-0.8705,-0.8705,-0.8705
32.3601,2.47279e-12,-2.47279e-12,2.47279e-12,-2.47279e-12,-0.8705,-0.8705,-0.8705,-0.8705,2.47279e-12,-2.47279e-12,2.47279e-12,-2.47279e-12,-0.8705,-0.8705,-0.8705,-0.8705
32.3701,2.47279e-12,-2.47279e-12,2.47279e-12,-2.47279e-12,-0.8705,-0.8705,-0.8705,-0.8705,2.47279e-12,-2.47279e-12,2.47279e-12,-2.47279e-12,-0.8705,-0.8705,-0.8705,-0.8705
32.3801,2.47279e-12,-2.47279e-12,2.47279e-12,-2.47279e-12,-0.8705,-0.8705,-0.8705,-0.8705,2.47279e-12,-2.47279e-12,2.47279e-12,-2.47279e-12,-0.8705,-0.8705,-0.8705,-0.8705
32.3901,2.47279e-12,-2.47279e-12,2.47279e-12,-2.47279e-12,-1,-1,-1,-1,2.47279e-12,-2.47279e-12,2.47279e-12,-2.47279e-12,-1,-1,-1,-1
32.4001,2.47279e-12,-2.47279e-12,2.47279e-12,-2.47279e-12,-1,-1,-1,-1,2.47279e-12,-2.47279e-12,2.47279e-12,-2.47279e-12,-1,-1,-1,-1
32.4101,2.47279e-12,-2.47279e-12,2.47279e-12,-2.47279e-12,-1,-1,-1,-1,2.47279e-12,-2.47279e-12,2.47279e-12,-2.47279e-12,-1,-1,-1,-1
32.4201,2.47279e-12,-2.47279e-12,2.47279e-12,-2.47279e-12,-1,-1,-1,-1,2.47279e-12,-2.47279e-12,2.47279e-12,-2.47279e-12,-1,-1,-1,-1
32.4301,2.10187e-12,-2.10187e-12,2.10187e-12,-2.10187e-12,-0.85,-0.85,-0.85,-0.85,2.10187e-12,-2.10187e-12,2.10187e-12,-2.10187e-12,-0.85,-0.85,-0.85,-0.85
32.4401,2.10187e-12,-2.10187e-12,2.10187e-12,-2.10187e-12,-0.85,-0.85,-0.85,-0.85,2.10187e-12,-2.10187e-12,2.10187e-12,-2.10187e-12,-0.85,-0.85,-0.85,-0.85
32.4501,2.10187e-12,-2.10187e-12,2.10187e-12,-2.10187e-12,-0.85,-0.85,-0.85,-0.85,2.10187e-12,-2.10187e-12,2.10187e-12,-2.10187e-12,-0.85,-0.85,-0.85,-0.85
32.4601,2.10187e-12,-2.10187e-12,2.10187e-12,-2.10187e-12,-0.85,-0.85,-0.85,-0.85,2.10187e-12,-2.10187e-12,2.10187e-12,-2.10187e-12,-0.85,-0.85,-0.85,-0.85
32.4701,2.10187e-12,-2.10187e-12,2.10187e-12,-2.10187e-12,-0.85,-0.85,-0.85,-0.85,2.10187e-12,-2.10187e-12,2.10187e-12,-2.10187e-12,-0.85,-0.85,-0.85,-0.85
32.4801,2.10187e-12,-2.10187e-12,2.10187e-12,-2.10187e-12,-0.85,-0.85,-0.85,-0.85,2.10187e-12,-2.10187e-12,2.10187e-12,-2.10187e-12,-0.85,-0.85,-0.85,-0.85
32.4901,2.10187e-12,-2.10187e-12,2.10187e-12,-2.10187e-12,-1,-1,-1,-1,2.10187e-12,-2.10187e-12,2.10187e-12,-2.10187e-12,-1,-1,-1,-1
32.5001,2.10187e-12,-2.10187e-12,2.10187e-12,-2.10187e-12,-1,-1,-1,-1,2.10187e-12,-2.10187e-12,2.10187e-12,-2.10187e-12,-1,-1,-1,-1
32.5101,2.10187e-12,-2.10187e-12,2.10187e-12,-2.10187e-12,-1,-1,-1,-1,2.10187e-12,-2.10187e-12,2.10187e-12,-2.10187e-12,-1,-1,-1,-1
32.5201,2.10187e-12,-2.10187e-12,2.10187e-12,-2.10187e-12,-1,-1,-1,-1,2.10187e-12,-2.10187e-12,2.10187e-12,-2.10187e-12,-1,-1,-1,-1
32.5301,2.10187e-12,-2.10187e-12,2.10187e-12,-2.10187e-12,-1,-1,-1,-1,2.10187e-12,-2.10187e-12,2.10187e-12,-2.10187e-12,-1,-1,-1,-1
32.5401,2.10187e-12,-2.10187e-12,2.10187e-12,-2.10187e-12,-1,-1,-1,-1,2.10187e-12,-2.10187e-12,2.10187e-12,-2.10187e-12,-1,-1,-1,-1
32.5501,2.10187e-12,-2.10187e-12,2.10187e-12,-2.10187e-12,-1,-1,-1,-1,2.10187e-12,-2.10187e-12,2.10187e-12,-2.10187e-12,-1,-1,-1,-1
32.5601,2.10187e-12,-2.10187e-12,2.10187e-12,-2.10187e-12,-1,-1,-1,-1,2.10187e-12,-2.10187e-12,2.10187e-12,-2.10187e-12,-1,-1,-1,-1
32.5701,2.10187e-12,-2.10187e-12,2.10187e-12,-2.10187e-12,-1,-1,-1,-1,2.10187e-12,-2.10187e-12,2.10187e-12,-2.10187e-12,-1,-1,-1,-1
32.5801,2.10187e-12,-2.10187e-12,2.10187e-12,-2.10187e-12,-1,-1,-1,-1,2.10187e-12,-2.10187e-12,2.10187e-12,-2.10187e-12,-1,-1,-1,-1
32.5901,1.78659e-12,-1.78659e-12,1.78659e-12,-1.78659e-12,-0.93,-0.93,-0.93,-0.93,1.78659e-12,-1.78659e-12,1.78659e-12,-1.78659e-12,-0.93,-0.93,-0.93,-0.93
32.6001,1.78659e-12,-1.78659e-12,1.78659e-12,-1.78659e-12,-0.93,-0.93,-0.93,-0.93,1.78659e-12,-1.78659e-12,1.78659e-12,-1.78659e-12,-0.93,-0.93,-0.93,-0.93
32.6101,1.78659e-12,-1.78659e-12,1.78659e-12,-1.78659e-12,-0.93,-0.93,-0.93,-0.93,1.78659e-12,-1.78659e-12,1.78659e-12,-1.78659e-12,-0.93,-0.93,-0.93,-0.93
32.6201,1.78659e-12,-1.78659e-12,1.78659e-12,-1.78659e-12,-0.93,-0.93,-0.93,-0.93,1.78659e-12,-1.78659e-12,1.78659e-12,-1.78659e-12,-0.93,-0.93,-0.93,-0.93
32.6301,1.5186e-12,-1.5186e-12,1.5186e-12,-1.5186e-12,-0.8705,-0.8705,-0.8705,-0.8705,1.5186e-12,-1.5186e-12,1.5186e-12,-1.5186e-12,-0.8705,-0.8705,-0.8705,-0.8705
32.6401,1.5186e-12,-1.5186e-12,1.5186e-12,-1.5186e-12,-0.8705,-0.8705,-0.8705,-0.8705,1.5186e-12,-1.5186e-12,1.5186e-12,-1.5186e-12,-0.8705,-0.8705,-0.8705,-0.8705
32.6501,1.5186e-12,-1.5186e-12,1.5186e-12,-1.5186e-12,-0.8705,-0.8705,-0.8705,-0.8705,1.5186e-12,-1.5186e-12,1.5186e-12,-1.5186e-12,-0.8705,-0.8705,-0.8705,-0.8705
32.6601,1.5186e-12,-1.5186e-12,1.5186e-12,-1.5186e-12,-0.8705,-0.8705,-0.8705,-0.8705,1.5186e-12,-1.5186e-12,1.5186e-12,-1.5186e-12,-0.8705,-0.8705,-0.8705,-0.8705
32.6701,1.5186e-12,-1.5186e-12,1.5186e-12,-1.5186e-12,-0.8705,-0.8705,-0.8705,-0.8705,1.5186e-12,-1.5186e-12,1.5186e-12,-1.5186e-12,-0.8705,-0.8705,-0.8705,-0.8705
32.6801,1.5186e-12,-1.5186e-12,1.5186e-12,-1.5186e-12,-0.8705,-0.8705,-0.8705,-0.8705,1.5186e-12,-1.5186e-12,1.5186e-12,-1.5186e-12,-0.8705,-0.8705,-0.8705,-0.8705
32.6901,1.5186e-12,-1.5186e-12,1.5186e-12,-1.5186e-12,-1,-1,-1,-1,1.5186e-12,-1.5186e-12,1.5186e-12,-1.5186e-12,-1,-1,-1,-1
32.7001,1.5186e-12,-1.5186e-12,1.5186e-12,-1.5186e-12,-1,-1,-1,-1,1.5186e-12,-1.5186e-12,1.5186e-12,-1.5186e-12,-1,-1,-1,-1
32.7101,1.5186e-12,-1.5186e-12,1.5186e-12,-1.5186e-12,-1,-1,-1,-1,1.5186e-12,-1.5186e-12,1.5186e-12,-1.5186e-12,-1,-1,-1,-1
32.7201,1.5186e-12,-1.5186e-12,1.5186e-12,-1.5186e-12,-1,-1,-1,-1,1.5186e-12,-1.5186e-12,1.5186e-12,-1.5186e-12,-1,-1,-1,-1
32.7301,1.29081e-12,-1.29081e-12,1.29081e-12,-1.29081e-12,-0.85,-0.85,-0.85,-0.85,1.29081e-12,-1.29081e-12,1.29081e-12,-1.29081e-12,-0.85,-0.85,-0.85,-0.85
32.7401,1.29081e-12,-1.29081e-12,1.29081e-12,-1.29081e-12,-0.85,-0.85,-0.85,-0.85,1.29081e-12,-1.29081e-12,1.29081e-12,-1.29081e-12,-0.85,-0.85,-0.85,-0.85
32.7501,1.29081e-12,-1.29081e-12,1.29081e-12,-1.29081e-12,-0.85,-0.85,-0.85,-0.85,1.29081e-12,-1.29081e-12,1.29081e-12,-1.29081e-12,-0.85,-0.85,-0.85,-0.85
32.7601,1.29081e-12,-1.29081e-12,1.29081e-12,-1.29081e-12,-0.85,-0.85,-0.85,-0.85,1.29081e-12,-1.29081e-12,1.29081e-12,-1.29081e-12,-0.85,-0.85,-0.85,-0.85
32.7701,1.29081e-12,-1.29081e-12,1.29081e-12,-1.29081e-12,-0.85,-0.85,-0.85,-0.85,1.29081e-12,-1.29081e-12,1.29081e-12,-1.29081e-12,-0.85,-0.85,-0.85,-0.85
32.7801,1.29081e-12,-1.29081e-12,1.29081e-12,-1.29081e-12,-0.85,-0.85,-0.85,-0.85,1.29081e-12,-1.29081e-12,1.29081e-12,-1.29081e-12,-0.85,-0.85,-0.85,-0.85
32.7901,1.29081e-12,-1.29081e-12,1.29081e-12,-1.29081e-12,-1,-1,-1,-1,1.29081e-12,-1.29081e-12,1.29081e-12,-1.29081e-12,-1,-1,-1,-1
32.8001,1.29081e-12,-1.29081e-12,1.29081e-12,-1.29081e-12,-1,-1,-1,-1,1.29081e-12,-1.29081e-12,1.29081e-12,-1.29081e-12,-1,-1,-1,-1
32.8101,1.29081e-12,-1.29081e-12,1.29081e-12,-1.29081e-12,-1,-1,-1,-1,1.29081e-12,-1.29081e-12,1.29081e-12,-1.29081e-12,-1,-1,-1,-1
32.8201,1.29081e-12,-1.29081e-12,1.29081e-12,-1.29081e-12,-1,-1,-1,-1,1.29081e-12,-1.29081e-12,1.29081e-12,-1.29081e-12,-1,-1,-1,-1
32.8301,1.29081e-12,-1.29081e-12,1.29081e-12,-1.29081e-12,-1,-1,-1,-1,1.29081e-12,-1.29081e-12,1.29081e-12,-1.29081e-12,-1,-1,-1,-1
32.8401,1.29081e-12,-1.29081e-12,1.29081e-12,-1.29081e-12,-1,-1,-1,-1,1.29081e-12,-1.29081e-12,1.29081e-12,-1.29081e-12,-1,-1,-1,-1
32.8501,1.29081e-12,-1.29081e-12,1.29081e-12,-1.29081e-12,-1,-1,-1,-1,1.29081e-12,-1.29081e-12,1.29081e-12,-1.29081e-12,-1,-1,-1,-1
32.8601,1.29081e-12,-1.29081e-12,1.29081e-12,-1.29081e-12,-1,-1,-1,-1,1.29081e-12,-1.29081e-12,1.29081e-12,-1.29081e-12,-1,-1,-1,-1
32.8701,1.29081e-12,-1.29081e-12,1.29081e-12,-1.29081e-12,-1,-1,-1,-1,1.29081e-12,-1.29081e-12,1.29081e-12,-1.29081e-12,-1,-1,-1,-1
32.8801,1.29081e-12,-1.29081e-12,1.29081e-12,-1.29081e-12,-1,-1,-1,-1,1.29081e-12,-1.29081e-12,1.29081e-12,-1.29081e-12,-1,-1,-1,-1
32.8901,1.09719e-12,-1.09719e-12,1.09719e-12,-1.09719e-12,-0.93,-0.93,-0.93,-0.93,1.09719e-12,-1.09719e-12,1.09719e-12,-1.09719e-12,-0.93,-0.93,-0.93,-0.93
32.9001,1.09719e-12,-1.09719e-12,1.09719e-12,-1.09719e-12,-0.93,-0.93,-0.93,-0.93,1.09719e-12,-1.09719e-12,1.09719e-12,-1.09719e-12,-0.93,-0.93,-0.93,-0.93
32.9101,1.09719e-12,-1.09719e-12,1.09719e-12,-1.09719e-12,-0.93,-0.93,-0.93,-0.93,1.09719e-12,-1.09719e-12,1.09719e-12,-1.09719e-12,-0.93,-0.93,-0.93,-0.93
32.9201,1.09719e-12,-1.09719e-12,1.09719e-12,-1.09719e-12,-0.93,-0.93,-0.93,-0.93,1.09719e-12,-1.09719e-12,1.09719e-12,-1.09719e-12,-0.93,-0.93,-0.93,-0.93
32.9301,9.32611e-13,-9.32611e-13,9.32611e-13,-9.32611e-13,-0.8705,-0.8705,-0.8705,-0.8705,9.32611e-13,-9.32611e-13,9.32611e-13,-9.32611e-13,-0.8705,-0.8705,-0.8705,-0.8705
32.9401,9.32611e-13,-9.32611e-13,9.32611e-13,-9.32611e-13,-0.8705,-0.8705,-0.8705,-0.8705,9.32611e-13,-9.32611e-13,9.32611e-13,-9.32611e-13,-0.8705,-0.8705,-0.8705,-0.8705
32.9501,9.32611e-13,-9.32611e-13,9.32611e-13,-9.32611e-13,-0.8705,-0.8705,-0.8705,-0.8705,9.32611e-13,-9.32611e-13,9.32611e-13,-9.32611e-13,-0.8705,-0.8705,-0.8705,-0.8705
32.9601,9.32611e-13,-9.32611e-13,9.32611e-13,-9.32611e-13,-0.8705,-0.8705,-0.8705,-0.8705,9.32611e-13,-9.32611e-13,9.32611e-13,-9.32611e-13,-0.8705,-0.8705,-0.8705,-0.8705
32.9701,9.32611e-13,-9.32611e-13,9.32611e-13,-9.32611e-13,-0.8705,-0.8705,-0.8705,-0.8705,9.32611e-13,-9.32611e-13,9.32611e-13,-9.32611e-13,-0.8705,-0.8705,-0.8705,-0.8705
32.9801,9.32611e-13,-9.32611e-13,9.32611e-13,-9.32611e-13,-0.8705,-0.8705,-0.8705,-0.8705,9.32611e-13,-9.32611e-13,9.32611e-13,-9.32611e-13,-0.8705,-0.8705,-0.8705,-0.8705
32.9901,9.32611e-13,-9.32611e-13,9.32611e-13,-9.32611e-13,-1,-1,-1,-1,9.32611e-13,-9.32611e-13,9.32611e-13,-9.32611e-13,-1,-1,-1,-1
33.0001,9.32611e-13,-9.32611e-13,9.32611e-13,-9.32611e-13,-1,-1,-1,-1,9.32611e-13,-9.32611e-13,9.32611e-13,-9.32611e-13,-1,-1,-1,-1
33.0101,9.32611e-13,-9.32611e-13,9.32611e-13,-9.32611e-13,-1,-1,-1,-1,9.32611e-13,-9.32611e-13,9.32611e-13,-9.32611e-13,-1,-1,-1,-1
33.0201,9.32611e-13,-9.32611e-13,9.32611e-13,-9.32611e-13,-1,-1,-1,-1,9.32611e-13,-9.32611e-13,9.32611e-13,-9.32611e-13,-1,-1,-1,-1
33.0301,7.92719e-13,-7.92719e-13,7.92719e-13,-7.92719e-13,-0.85,-0.85,-0.85,-0.85,7.92719e-13,-7.92719e-13,7.92719e-13,-7.92719e-13,-0.85,-0.85,-0.85,-0.85
33.0401,7.92719e-13,-7.92719e-13,7.92719e-13,-7.92719e-13,-0.85,-0.85,-0.85,-0.85,7.92719e-13,-7.92719e-13,7.92719e-13,-7.92719e-13,-0.85,-0.85,-0.85,-0.85
33.0501,7.92719e-13,-7.92719e-13,7.92719e-13,-7.92719e-13,-0.85,-0.85,-0.85,-0.85,7.92719e-13,-7.92719e-13,7.92719e-13,-7.92719e-13,-0.85,-0.85,-0.85,-0.85
33.0601,7.92719e-13,-7.92719e-13,7.92719e-13,-7.92719e-13,-0.85,-0.85,-0.85,-0.85,7.92719e-13,-7.92719e-13,7.92719e-13,-7.92719e-13,-0.85,-0.85,-0.85,-0.85
33.0701,7.92719e-13,-7.92719e-13,7.92719e-13,-7.92719e-13,-0.85,-0.85,-0.85,-0.85,7.92719e-13,-7.92719e-13,7.92719e-13,-7.92719e-13,-0.85,-0.85,-0.85,-0.85
33.0801,7.92719e-13,-7.92719e-13,7.92719e-13,-7.92719e-13,-0.85,-0.85,-0.85,-0.85,7.92719e-13,-7.92719e-13,7.92719e-13,-7.92719e-13,-0.85,-0.85,-0.85,-0.85
33.0901,7.92719e-13,-7.92719e-13,7.92719e-13,-7.92719e-13,-1,-1,-1,-1,7.92719e-13,-7.92719e-13,7.92719e-13,-7.92719e-13,-1,-1,-1,-1
33.1001,7.92719e-13,-7.92719e-13,7.92719e-13,-7.92719e-13,-1,-1,-1,-1,7.92719e-13,-7.92719e-13,7.92719e-13,-7.92719e-13,-1,-1,-1,-1
33.1101,7.92719e-13,-7.92719e-13,7.92719e-13,-7.92719e-13,-1,-1,-1,-1,7.92719e-13,-7.92719e-13,7.92719e-13,-7.92719e-13,-1,-1,-1,-1
33.1201,7.92719e-13,-7.92719e-13,7.92719e-13,-7.92719e-13,-1,-1,-1,-1,7.92719e-13,-7.92719e-13,7.92719e-13,-7.92719e-13,-1,-1,-1,-1
33.1301,7.92719e-13,-7.92719e-13,7.92719e-13,-7.92719e-13,-1,-1,-1,-1,7.92719e-13,-7.92719e-13,7.92719e-13,-7.92719e-13,-1,-1,-1,-1
33.1401,7.92719e-13,-7.92719e-13,7.92719e-13,-7.92719e-13,-1,-1,-1,-1,7.92719e-13,-7.92719e-13,7.92719e-13,-7.92719e-13,-1,-1,-1,-1
33.1501,7.92719e-13,-7.92719e-13,7.92719e-13,-7.92719e-13,-1,-1,-1,-1,7.92719e-13,-7.92719e-13,7.92719e-13,-7.92719e-13,-1,-1,-1,-1
33.1601,7.92719e-13,-7.92719e-13,7.92719e-13,-7.92719e-13,-1,-1,-1,-1,7.92719e-13,-7.92719e-13,7.92719e-13,-7.92719e-13,-1,-1,-1,-1
33.1701,7.92719e-13,-7.92719e-13,7.92719e-13,-7.92719e-13,-1,-1,-1,-1,7.92719e-13,-7.92719e-13,7.92719e-13,-7.92719e-13,-1,-1,-1,-1
33.1801,7.92719e-13,-7.92719e-13,7.92719e-13,-7.92719e-13,-1,-1,-1,-1,7.92719e-13,-7.92719e-13,7.92719e-13,-7.92719e-13,-1,-1,-1,-1
33.1901,6.73811e-13,-6.73811e-13,6.73811e-13,-6.73811e-13,-0.93,-0.93,-0.93,-0.93,6.73811e-13,-6.73811e-13,6.73811e-13,-6.73811e-13,-0.93,-0.93,-0.93,-0.93
33.2001,6.73811e-13,-6.73811e-13,6.73811e-13,-6.73811e-13,-0.93,-0.93,-0.93,-0.93,6.73811e-13,-6.73811e-13,6.73811e-13,-6.73811e-13,-0.93,-0.93,-0.93,-0.93
33.2101,6.73811e-13,-6.73811e-13,6.73811e-13,-6.73811e-13,-0.93,-0.93,-0.93,-0.93,6.73811e-13,-6.73811e-13,6.73811e-13,-6.73811e-13,-0.93,-0.93,-0.93,-0.93
33.2201,6.73811e-13,-6.73811e-13,6.73811e-13,-6.73811e-13,-0.93,-0.93,-0.93,-0.93,6.73811e-13,-6.73811e-13,6.73811e-13,-6.73811e-13,-0.93,-0.93,-0.93,-0.93
33.2301,5.72739e-13,-5.72739e-13,5.72739e-13,-5.72739e-13,-0.8705,-0.8705,-0.8705,-0.8705,5.72739e-13,-5.72739e-13,5.72739e-13,-5.72739e-13,-0.8705,-0.8705,-0.8705,-0.8705
33.2401,5.72739e-13,-5.72739e-13,5.72739e-13,-5.72739e-13,-0.8705,-0.8705,-0.8705,-0.8705,5.72739e-13,-5.72739e-13,5.72739e-13,-5.72739e-13,-0.8705,-0.8705,-0.8705,-0.8705
33.2501,5.72739e-13,-5.72739e-13,5.72739e-13,-5.72739e-13,-0.8705,-0.8705,-0.8705,-0.8705,5.72739e-13,-5.72739e-13,5.72739e-13,-5.72739e-13,-0.8705,-0.8705,-0.8705,-0.8705
33.2601,5.72739e-13,-5.72739e-13,5.72739e-13,-5.72739e-13,-0.8705,-0.8705,-0.8705,-0.8705,5.72739e-13,-5.72739e-13,5.72739e-13,-5.72739e-13,-0.8705,-0.8705,-0.8705,-0.8705
33.2701,5.72739e-13,-5.72739e-13,5.72739e-13,-5.72739e-13,-0.8705,-0.8705,-0.8705,-0.8705,5.72739e-13,-5.72739e-13,5.72739e-13,-5.72739e-13,-0.8705,-0.8705,-0.8705,-0.8705
33.2801,5.72739e-13,-5.72739e-13,5.72739e-13,-5.72739e-13,-0.8705,-0.8705,-0.8705,-0.8705,5.72739e-13,-5.72739e-13,5.72739e-13,-5.72739e-13,-0.8705,-0.8705,-0.8705,-0.8705
33.2901,5.72739e-13,-5.72739e-13,5.72739e-13,-5.72739e-13,-1,-1,-1,-1,5.72739e-13,-5.72739e-13,5.72739e-13,-5.72739e-13,-1,-1,-1,-1
33.3001,5.72739e-13,-5.72739e-13,5.72739e-13,-5.72739e-13,-1,-1,-1,-1,5.72739e-13,-5.72739e-13,5.72739e-13,-5.72739e-13,-1,-1,-1,-1
33.3101,5.72739e-13,-5.72739e-13,5.72739e-13,-5.72739e-13,-1,-1,-1,-1,5.72739e-13,-5.72739e-13,5.72739e-13,-5.72739e-13,-1,-1,-1,-1
33.3201,5.72739e-13,-5.72739e-13,5.72739e-13,-5.72739e-13,-1,-1,-1,-1,5.72739e-13,-5.72739e-13,5.72739e-13,-5.72739e-13,-1,-1,-1,-1
33.3301,4.86829e-13,-4.86829e-13,4.86829e-13,-4.86829e-13,-0.85,-0.85,-0.85,-0.85,4.86829e-13,-4.86829e-13,4.86829e-13,-4.86829e-13,-0.85,-0.85,-0.85,-0.85
33.3401,4.86829e-13,-4.86829e-13,4.86829e-13,-4.86829e-13,-0.85,-0.85,-0.85,-0.85,4.86829e-13,-4.86829e-13,4.86829e-13,-4.86829e-13,-0.85,-0.85,-0.85,-0.85
33.3501,4.86829e-13,-4.86829e-13,4.86829e-13,-4.86829e-13,-0.85,-0.85,-0.85,-0.85,4.86829e-13,-4.86829e-13,4.86829e-13,-4.86829e-13,-0.85,-0.85,-0.85,-0.85
33.3601,4.86829e-13,-4.86829e-13,4.86829e-13,-4.86829e-13,-0.85,-0.85,-0.85,-0.85,4.86829e-13,-4.86829e-13,4.86829e-13,-4.86829e-13,-0.85,-0.85,-0.85,-0.85
33.3701,4.86829e-13,-4.86829e-13,4.86829e-13,-4.86829e-13,-0.85,-0.85,-0.85,-0.85,4.86829e-13,-4.86829e-13,4.86829e-13,-4.86829e-13,-0.85,-0.85,-0.85,-0.85
33.3801,4.86829e-13,-4.86829e-13,4.86829e-13,-4.86829e-13,-0.85,-0.85,-0.85,-0.85,4.86829e-13,-4.86829e-13,4.86829e-13,-4.86829e-13,-0.85,-0.85,-0.85,-0.85
33.3901,4.86829e-13,-4.86829e-13,4.86829e-13,-4.86829e-13,-1,-1,-1,-1,4.86829e-13,-4.86829e-13,4.86829e-13,-4.86829e-13,-1,-1,-1,-1
33.4001,4.86829e-13,-4.86829e-13,4.86829e-13,-4.86829e-13,-1,-1,-1,-1,4.86829e-13,-4.86829e-13,4.86829e-13,-4.86829e-13,-1,-1,-1,-1
33.4101,4.86829e-13,-4.86829e-13,4.86829e-13,-4.86829e-13,-1,-1,-1,-1,4.86829e-13,-4.86829e-13,4.86829e-13,-4.86829e-13,-1,-1,-1,-1
33.4201,4.86829e-13,-4.86829e-13,4.86829e-13,-4.86829e-13,-1,-1,-1,-1,4.86829e-13,-4.86829e-13,4.86829e-13,-4.86829e-13,-1,-1,-1,-1
33.4301,4.86829e-13,-4.86829e-13,4.86829e-13,-4.86829e-13,-1,-1,-1,-1,4.86829e-13,-4.86829e-13,4.86829e-13,-4.86829e-13,-1,-1,-1,-1
33.4401,4.86829e-13,-4.86829e-13,4.86829e-13,-4.86829e-13,-1,-1,-1,-1,4.86829e-13,-4.86829e-13,4.86829e-13,-4.86829e-13,-1,-1,-1,-1
33.4501,4.86829e-13,-4.86829e-13,4.86829e-13,-4.86829e-13,-1,-1,-1,-1,4.86829e-13,-4.86829e-13,4.86829e-13,-4.86829e-13,-1,-1,-1,-1
33.4601,4.86829e-13,-4.86829e-13,4.86829e-13,-4.86829e-13,-1,-1,-1,-1,4.86829e-13,-4.86829e-13,4.86829e-13,-4.86829e-13,-1,-1,-1,-1
33.4701,4.86829e-13,-4.86829e-13,4.86829e-13,-4.86829e-13,-1,-1,-1,-1,4.86829e-13,-4.86829e-13,4.86829e-13,-4.86829e-13,-1,-1,-1,-1
33.4801,4.86829e-13,-4.86829e-13,4.86829e-13,-4.86829e-13,-1,-1,-1,-1,4.86829e-13,-4.86829e-13,4.86829e-13,-4.86829e-13,-1,-1,-1,-1
33.4901,4.13804e-13,-4.13804e-13,4.13804e-13,-4.13804e-13,-0.93,-0.93,-0.93,-0.93,4.13804e-13,-4.13804e-13,4.13804e-13,-4.13804e-13,-0.93,-0.93,-0.93,-0.93
33.5001,4.13804e-13,-4.13804e-13,4.13804e-13,-4.13804e-13,-0.93,-0.93,-0.93,-0.93,4.13804e-13,-4.13804e-13,4.13804e-13,-4.13804e-13,-0.93,-0.93,-0.93,-0.93
33.5101,4.13804e-13,-4.13804e-13,4.13804e-13,-4.13804e-13,-0.93,-0.93,-0.93,-0.93,4.13804e-13,-4.13804e-13,4.13804e-13,-4.13804e-13,-0.93,-0.93,-0.93,-0.93
33.5201,4.13804e-13,-4.13804e-13,4.13804e-13,-4.13804e-13,-0.93,-0.93,-0.93,-0.93,4.13804e-13,-4.13804e-13,4.13804e-13,-4.13804e-13,-0.93,-0.93,-0.93,-0.93
33.5301,3.51734e-13,-3.51734e-13,3.51734e-13,-3.51734e-13,-0.8705,-0.8705,-0.8705,-0.8705,3.51734e-13,-3.51734e-13,3.51734e-13,-3.51734e-13,-0.8705,-0.8705,-0.8705,-0.8705
33.5401,3.51734e-13,-3.51734e-13,3.51734e-13,-3.51734e-13,-0.8705,-0.8705,-0.8705,-0.8705,3.51734e-13,-3.51734e-13,3.51734e-13,-3.51734e-13,-0.8705,-0.8705,-0.8705,-0.8705
33.5501,3.51734e-13,-3.51734e-13,3.51734e-13,-3.51734e-13,-0.8705,-0.8705,-0.8705,-0.8705,3.51734e-13,-3.51734e-13,3.51734e-13,-3.51734e-13,-0.8705,-0.8705,-0.8705,-0.8705
33.5601,3.51734e-13,-3.51734e-13,3.51734e-13,-3.51734e-13,-0.8705,-0.8705,-0.8705,-0.8705,3.51734e-13,-3.51734e-13,3.51734e-13,-3.51734e-13,-0.8705,-0.8705,-0.8705,-0.8705
33.5701,3.51734e-13,-3.51734e-13,3.51734e-13,-3.51734e-13,-0.8705,-0.8705,-0.8705,-0.8705,3.51734e-13,-3.51734e-13,3.51734e-13,-3.51734e-13,-0.8705,-0.8705,-0.8705,-0.8705
33.5801,3.51734e-13,-3.51734e-13,3.51734e-13,-3.51734e-13,-0.8705,-0.8705,-0.8705,-0.8705,3.51734e-13,-3.51734e-13,3.51734e-13,-3.51734e-13,-0.8705,-0.8705,-0.8705,-0.8705
33.5901,3.51734e-13,-3.51734e-13,3.51734e-13,-3.51734e-13,-1,-1,-1,-1,3.51734e-13,-3.51734e-13,3.51734e-13,-3.51734e-13,-1,-1,-1,-1
33.6001,3.51734e-13,-3.51734e-13,3.51734e-13,-3.51734e-13,-1,-1,-1,-1,3.51734e-13,-3.51734e-13,3.51734e-13,-3.51734e-13,-1,-1,-1,-1
33.6101,3.51734e-13,-3.51734e-13,3.51734e-13,-3.51734e-13,-1,-1,-1,-1,3.51734e-13,-3.51734e-13,3.51734e-13,-3.51734e-13,-1,-1,-1,-1
33.6201,3.51734e-13,-3.51734e-13,3.51734e-13,-3.51734e-13,-1,-1,-1,-1,3.51734e-13,-3.51734e-13,3.51734e-13,-3.51734e-13,-1,-1,-1,-1
33.6301,2.98974e-13,-2.98974e-13,2.98974e-13,-2.98974e-13,-0.85,-0.85,-0.85,-0.85,2.98974e-13,-2.98974e-13,2.98974e-13,-2.98974e-13,-0.85,-0.85,-0.85,-0.85
33.6401,2.98974e-13,-2.98974e-13,2.98974e-13,-2.98974e-13,-0.85,-0.85,-0.85,-0.85,2.98974e-13,-2.98974e-13,2.98974e-13,-2.98974e-13,-0.85,-0.85,-0.85,-0.85
33.6501,2.98974e-13,-2.98974e-13,2.98974e-13,-2.98974e-13,-0.85,-0.85,-0.85,-0.85,2.98974e-13,-2.98974e-13,2.98974e-13,-2.98974e-13,-0.85,-0.85,-0.85,-0.85
33.6601,2.98974e-13,-2.98974e-13,2.98974e-13,-2.98974e-13,-0.85,-0.85,-0.85,-0.85,2.98974e-13,-2.98974e-13,2.98974e-13,-2.98974e-13,-0.85,-0.85,-0.85,-0.85
33.6701,2.98974e-13,-2.98974e-13,2.98974e-13,-2.98974e-13,-0.85,-0.85,-0.85,-0.85,2.98974e-13,-2.98974e-13,2.98974e-13,-2.98974e-13,-0.85,-0.85,-0.85,-0.85
33.6801,2.98974e-13,-2.98974e-13,2.98974e-13,-2.98974e-13,-0.85,-0.85,-0.85,-0.85,2.98974e-13,-2.98974e-13,2.98974e-13,-2.98974e-13,-0.85,-0.85,-0.85,-0.85
33.6901,2.98974e-13,-2.98974e-13,2.98974e-13,-2.98974e-13,-1,-1,-1,-1,2.98974e-13,-2.98974e-13,2.98974e-13,-2.98974e-13,-1,-1,-1,-1
33.7001,2.98974e-13,-2.98974e-13,2.98974e-13,-2.98974e-13,-1,-1,-1,-1,2.98974e-13,-2.98974e-13,2.98974e-13,-2.98974e-13,-1,-1,-1,-1
33.7101,2.98974e-13,-2.98974e-13,2.98974e-13,-2.98974e-13,-1,-1,-1,-1,2.98974e-13,-2.98974e-13,2.98974e-13,-2.98974e-13,-1,-1,-1,-1
33.7201,2.98974e-13,-2.98974e-13,2.98974e-13,-2.98974e-13,-1,-1,-1,-1,2.98974e-13,-2.98974e-13,2.98974e-13,-2.98974e-13,-1,-1,-1,-1
33.7301,2.98974e-13,-2.98974e-13,2.98974e-13,-2.98974e-13,-1,-1,-1,-1,2.98974e-13,-2.98974e-13,2.98974e-13,-2.98974e-13,-1,-1,-1,-1
33.7401,2.98974e-13,-2.98974e-13,2.98974e-13,-2.98974e-13,-1,-1,-1,-1,2.98974e-13,-2.98974e-13,2.98974e-13,-2.98974e-13,-1,-1,-1,-1
33.7501,2.98974e-13,-2.98974e-13,2.98974e-13,-2.98974e-13,-1,-1,-1,-1,2.98974e-13,-2.98974e-13,2.98974e-13,-2.98974e-13,-1,-1,-1,-1
33.7601,2.98974e-13,-2.98974e-13,2.98974e-13,-2.98974e-13,-1,-1,-1,-1,2.98974e-13,-2.98974e-13,2.98974e-13,-2.98974e-13,-1,-1,-1,-1
33.7701,2.98974e-13,-2.98974e-13,2.98974e-13,-2.98974e-13,-1,-1,-1,-1,2.98974e-13,-2.98974e-13,2.98974e-13,-2.98974e-13,-1,-1,-1,-1
33.7801,2.98974e-13,-2.98974e-13,2.98974e-13,-2.98974e-13,-1,-1,-1,-1,2.98974e-13,-2.98974e-13,2.98974e-13,-2.98974e-13,-1,-1,-1,-1
33.7901,2.54128e-13,-2.54128e-13,2.54128e-13,-2.54128e-13,-0.93,-0.93,-0.93,-0.93,2.54128e-13,-2.54128e-13,2.54128e-13,-2.54128e-13,-0.93,-0.93,-0.93,-0.93
33.8001,2.54128e-13,-2.54128e-13,2.54128e-13,-2.54128e-13,-0.93,-0.93,-0.93,-0.93,2.54128e-13,-2.54128e-13,2.54128e-13,-2.54128e-13,-0.93,-0.93,-0.93,-0.93
33.8101,2.54128e-13,-2.54128e-13,2.54128e-13,-2.54128e-13,-0.93,-0.93,-0.93,-0.93,2.54128e-13,-2.54128e-13,2.54128e-13,-2.54128e-13,-0.93,-0.93,-0.93,-0.93
33.8201,2.54128e-13,-2.54128e-13,2.54128e-13,-2.54128e-13,-0.93,-0.93,-0.93,-0.93,2.54128e-13,-2.54128e-13,2.54128e-13,-2.54128e-13,-0.93,-0.93,-0.93,-0.93
33.8301,2.16008e-13,-2.16008e-13,2.16008e-13,-2.16008e-13,-0.8705,-0.8705,-0.8705,-0.8705,2.16008e-13,-2.16008e-13,2.16008e-13,-2.16008e-13,-0.8705,-0.8705,-0.8705,-0.8705
33.8401,2.16008e-13,-2.16008e-13,2.16008e-13,-2.16008e-13,-0.8705,-0.8705,-0.8705,-0.8705,2.16008e-13,-2.16008e-13,2.16008e-13,-2.16008e-13,-0.8705,-0.8705,-0.8705,-0.8705
33.8501,2.16008e-13,-2.16008e-13,2.16008e-13,-2.16008e-13,-0.8705,-0.8705,-0.8705,-0.8705,2.16008e-13,-2.16008e-13,2.16008e-13,-2.16008e-13,-0.8705,-0.8705,-0.8705,-0.8705
33.8601,2.16008e-13,-2.16008e-13,2.16008e-13,-2.16008e-13,-0.8705,-0.8705,-0.8705,-0.8705,2.16008e-13,-2.16008e-13,2.16008e-13,-2.16008e-13,-0.8705,-0.8705,-0.8705,-0.8705
33.8701,2.16008e-13,-2.16008e-13,2.16008e-13,-2.16008e-13,-0.8705,-0.8705,-0.8705,-0.8705,2.16008e-13,-2.16008e-13,2.16008e-13,-2.16008e-13,-0.8705,-0.8705,-0.8705,-0.8705
33.8801,2.16008e-13,-2.16008e-13,2.16008e-13,-2.16008e-13,-0.8705,-0.8705,-0.8705,-0.8705,2.16008e-13,-2.16008e-13,2.16008e-13,-2.16008e-13,-0.8705,-0.8705,-0.8705,-0.8705
33.8901,2.16008e-13,-2.16008e-13,2.16008e-13,-2.16008e-13,-1,-1,-1,-1,2.16008e-13,-2.16008e-13,2.16008e-13,-2.16008e-13,-1,-1,-1,-1
33.9001,2.16008e-13,-2.16008e-13,2.16008e-13,-2.16008e-13,-1,-1,-1,-1,2.16008e-13,-2.16008e-13,2.16008e-13,-2.16008e-13,-1,-1,-1,-1
33.9101,2.16008e-13,-2.16008e-13,2.16008e-13,-2.16008e-13,-1,-1,-1,-1,2.16008e-13,-2.16008e-13,2.16008e-13,-2.16008e-13,-1,-1,-1,-1
33.9201,2.16008e-13,-2.16008e-13,2.16008e-13,-2.16008e-13,-1,-1,-1,-1,2.16008e-13,-2.16008e-13,2.16008e-13,-2.16008e-13,-1,-1,-1,-1
33.9301,1.83607e-13,-1.83607e-13,1.83607e-13,-1.83607e-13,-0.85,-0.85,-0.85,-0.85,1.83607e-13,-1.83607e-13,1.83607e-13,-1.83607e-13,-0.85,-0.85,-0.85,-0.85
33.9401,1.83607e-13,-1.83607e-13,1.83607e-13,-1.83607e-13,-0.85,-0.85,-0.85,-0.85,1.83607e-13,-1.83607e-13,1.83607e-13,-1.83607e-13,-0.85,-0.85,-0.85,-0.85
33.9501,1.83607e-13,-1.83607e-13,1.83607e-13,-1.83607e-13,-0.85,-0.85,-0.85,-0.85,1.83607e-13,-1.83607e-13,1.83607e-13,-1.83607e-13,-0.85,-0.85,-0.85,-0.85
33.9601,1.83607e-13,-1.83607e-13,1.83607e-13,-1.83607e-13,-0.85,-0.85,-0.85,-0.85,1.83607e-13,-1.83607e-13,1.83607e-13,-1.83607e-13,-0.85,-0.85,-0.85,-0.85
33.9701,1.83607e-13,-1.83607e-13,1.83607e-13,-1.83607e-13,-0.85,-0.85,-0.85,-0.85,1.83607e-13,-1.83607e-13,1.83607e-13,-1.83607e-13,-0.85,-0.85,-0.85,-0.85
33.9801,1.83607e-13,-1.83607e-13,1.83607e-13,-1.83607e-13,-0.85,-0.85,-0.85,-0.85,1.83607e-13,-1.83607e-13,1.83607e-13,-1.83607e-13,-0.85,-0.85,-0.85,-0.85
33.9901,1.83607e-13,-1.83607e-13,1.83607e-13,-1.83607e-13,-1,-1,-1,-1,1.83607e-13,-1.83607e-13,1.83607e-13,-1.83607e-13,-1,-1,-1,-1
34.0001,1.83607e-13,-1.83607e-13,1.83607e-13,-1.83607e-13,-1,-1,-1,-1,1.83607e-13,-1.83607e-13,1.83607e-13,-1.83607e-13,-1,-1,-1,-1
34.0101,1.83607e-13,-1.83607e-13,1.83607e-13,-1.83607e-13,-1,-1,-1,-1,1.83607e-13,-1.83607e-13,1.83607e-13,-1.83607e-13,-1,-1,-1,-1
34.0201,1.83607e-13,-1.83607e-13,1.83607e-13,-1.83607e-13,-1,-1,-1,-1,1.83607e-13,-1.83607e-13,1.83607e-13,-1.83607e-13,-1,-1,-1,-1
34.0301,1.83607e-13,-1.83607e-13,1.83607e-13,-1.83607e-13,-1,-1,-1,-1,1.83607e-13,-1.83607e-13,1.83607e-13,-1.83607e-13,-1,-1,-1,-1
34.0401,1.83607e-13,-1.83607e-13,1.83607e-13,-1.83607e-13,-1,-1,-1,-1,1.83607e-13,-1.83607e-13,1.83607e-13,-1.83607e-13,-1,-1,-1,-1
34.0501,1.83607e-13,-1.83607e-13,1.83607e-13,-1.83607e-13,-1,-1,-1,-1,1.83607e-13,-1.83607e-13,1.83607e-13,-1.83607e-13,-1,-1,-1,-1
34.0601,1.83607e-13,-1.83607e-13,1.83607e-13,-1.83607e-13,-1,-1,-1,-1,1.83607e-13,-1.83607e-13,1.83607e-13,-1.83607e-13,-1,-1,-1,-1
34.0701,1.83607e-13,-1.83607e-13,1.83607e-13,-1.83607e-13,-1,-1,-1,-1,1.83607e-13,-1.83607e-13,1.83607e-13,-1.83607e-13,-1,-1,-1,-1
34.0801,1.83607e-13,-1.83607e-13,1.83607e-13,-1.83607e-13,-1,-1,-1,-1,1.83607e-13,-1.83607e-13,1.83607e-13,-1.83607e-13,-1,-1,-1,-1
34.0901,1.56066e-13,-1.56066e-13,1.56066e-13,-1.56066e-13,-0.93,-0.93,-0.93,-0.93,1.56066e-13,-1.56066e-13,1.56066e-13,-1.56066e-13,-0.93,-0.93,-0.93,-0.93
34.1001,1.56066e-13,-1.56066e-13,1.56066e-13,-1.56066e-13,-0.93,-0.93,-0.93,-0.93,1.56066e-13,-1.56066e-13,1.56066e-13,-1.56066e-13,-0.93,-0.93,-0.93,-0.93
34.1101,1.56066e-13,-1.56066e-13,1.56066e-13,-1.56066e-13,-0.93,-0.93,-0.93,-0.93,1.56066e-13,-1.56066e-13,1.56066e-13,-1.56066e-13,-0.93,-0.93,-0.93,-0.93
34.1201,1.56066e-13,-1.56066e-13,1.56066e-13,-1.56066e-13,-0.93,-0.93,-0.93,-0.93,1.56066e-13,-1.56066e-13,1.56066e-13,-1.56066e-13,-0.93,-0.93,-0.93,-0.93
34.1301,1.32656e-13,-1.32656e-13,1.32656e-13,-1.32656e-13,-0.8705,-0.8705,-0.8705,-0.8705,1.32656e-13,-1.32656e-13,1.32656e-13,-1.32656e-13,-0.8705,-0.8705,-0.8705,-0.8705
34.1401,1.32656e-13,-1.32656e-13,1.32656e-13,-1.32656e-13,-0.8705,-0.8705,-0.8705,-0.8705,1.32656e-13,-1.32656e-13,1.32656e-13,-1.32656e-13,-0.8705,-0.8705,-0.8705,-0.8705
34.1501,1.32656e-13,-1.32656e-13,1.32656e-13,-1.32656e-13,-0.8705,-0.8705,-0.8705,-0.8705,1.32656e-13,-1.32656e-13,1.32656e-13,-1.32656e-13,-0.8705,-0.8705,-0.8705,-0.8705
34.1601,1.32656e-13,-1.32656e-13,1.32656e-13,-1.32656e-13,-0.8705,-0.8705,-0.8705,-0.8705,1.32656e-13,-1.32656e-13,1.32656e-13,-1.32656e-13,-0.8705,-0.8705,-0.8705,-0.8705
34.1701,1.32656e-13,-1.32656e-13,1.32656e-13,-1.32656e-13,-0.8705,-0.8705,-0.8705,-0.8705,1.32656e-13,-1.32656e-13,1.32656e-13,-1.32656e-13,-0.8705,-0.8705,-0.8705,-0.8705
34.1801,1.32656e-13,-1.32656e-13,1.32656e-13,-1.32656e-13,-0.8705,-0.8705,-0.8705,-0.8705,1.32656e-13,-1.32656e-13,1.32656e-13,-1.32656e-13,-0.8705,-0.8705,-0.8705,-0.8705
34.1901,1.32656e-13,-1.32656e-13,1.32656e-13,-1.32656e-13,-1,-1,-1,-1,1.32656e-13,-1.32656e-13,1.32656e-13,-1.32656e-13,-1,-1,-1,-1
34.2001,1.32656e-13,-1.32656e-13,1.32656e-13,-1.32656e-13,-1,-1,-1,-1,1.32656e-13,-1.32656e-13,1.32656e-13,-1.32656e-13,-1,-1,-1,-1
34.2101,1.32656e-13,-1.32656e-13,1.32656e-13,-1.32656e-13,-1,-1,-1,-1,1.32656e-13,-1.32656e-13,1.32656e-13,-1.32656e-13,-1,-1,-1,-1
34.2201,1.32656e-13,-1.32656e-13,1.32656e-13,-1.32656e-13,-1,-1,-1,-1,1.32656e-13,-1.32656e-13,1.32656e-13,-1.32656e-13,-1,-1,-1,-1
34.2301,1.12758e-13,-1.12758e-13,1.12758e-13,-1.12758e-13,-0.85,-0.85,-0.85,-0.85,1.12758e-13,-1.12758e-13,1.12758e-13,-1.12758e-13,-0.85,-0.85,-0.85,-0.85
34.2401,1.12758e-13,-1.12758e-13,1.12758e-13,-1.12758e-13,-0.85,-0.85,-0.85,-0.85,1.12758e-13,-1.12758e-13,1.12758e-13,-1.12758e-13,-0.85,-0.85,-0.85,-0.85
34.2501,1.12758e-13,-1.12758e-13,1.12758e-13,-1.12758e-13,-0.85,-0.85,-0.85,-0.85,1.12758e-13,-1.12758e-13,1.12758e-13,-1.12758e-13,-0.85,-0.85,-0.85,-0.85
34.2601,1.12758e-13,-1.12758e-13,1.12758e-13,-1.12758e-13,-0.85,-0.85,-0.85,-0.85,1.12758e-13,-1.12758e-13,1.12758e-13,-1.12758e-13,-0.85,-0.85,-0.85,-0.85
34.2701,1.12758e-13,-1.12758e-13,1.12758e-13,-1.12758e-13,-0.85,-0.85,-0.85,-0.85,1.12758e-13,-1.12758e-13,1.12758e-13,-1.12758e-13,-0.85,-0.85,-0.85,-0.85
34.2801,1.12758e-13,-1.12758e-13,1.12758e-13,-1.12758e-13,-0.85,-0.85,-0.85,-0.85,1.12758e-13,-1.12758e-13,1.12758e-13,-1.12758e-13,-0.85,-0.85,-0.85,-0.85
34.2901,1.12758e-13,-1.12758e-13,1.12758e-13,-1.12758e-13,-1,-1,-1,-1,1.12758e-13,-1.12758e-13,1.12758e-13,-1.12758e-13,-1,-1,-1,-1
34.3001,1.12758e-13,-1.12758e-13,1.12758e-13,-1.12758e-13,-1,-1,-1,-1,1.12758e-13,-1.12758e-13,1.12758e-13,-1.12758e-13,-1,-1,-1,-1
34.3101,1.12758e-13,-1.12758e-13,1.12758e-13,-1.12758e-13,-1,-1,-1,-1,1.12758e-13,-1.12758e-13,1.12758e-13,-1.12758e-13,-1,-1,-1,-1
34.3201,1.12758e-13,-1.12758e-13,1.12758e-13,-1.12758e-13,-1,-1,-1,-1,1.12758e-13,-1.12758e-13,1.12758e-13,-1.12758e-13,-1,-1,-1,-1
34.3301,1.12758e-13,-1.12758e-13,1.12758e-13,-1.12758e-13,-1,-1,-1,-1,1.12758e-13,-1.12758e-13,1.12758e-13,-1.12758e-13,-1,-1,-1,-1
34.3401,1.12758e-13,-1.12758e-13,1.12758e-13,-1.12758e-13,-1,-1,-1,-1,1.12758e-13,-1.12758e-13,1.12758e-13,-1.12758e-13,-1,-1,-1,-1
34.3501,1.12758e-13,-1.12758e-13,1.12758e-13,-1.12758e-13,-1,-1,-1,-1,1.12758e-13,-1.12758e-13,1.12758e-13,-1.12758e-13,-1,-1,-1,-1
34.3601,1.12758e-13,-1.12758e-13,1.12758e-13,-1.12758e-13,-1,-1,-1,-1,1.12758e-13,-1.12758e-13,1.12758e-13,-1.12758e-13,-1,-1,-1,-1
34.3701,1.12758e-13,-1.12758e-13,1.12758e-13,-1.12758e-13,-1,-1,-1,-1,1.12758e-13,-1.12758e-13,1.12758e-13,-1.12758e-13,-1,-1,-1,-1
34.3801,1.12758e-13,-1.12758e-13,1.12758e-13,-1.12758e-13,-1,-1,-1,-1,1.12758e-13,-1.12758e-13,1.12758e-13,-1.12758e-13,-1,-1,-1,-1
34.3901,9.58441e-14,-9.58441e-14,9.58441e-14,-9.58441e-14,-0.93,-0.93,-0.93,-0.93,9.58441e-14,-9.58441e-14,9.58441e-14,-9.58441e-14,-0.93,-0.93,-0.93,-0.93
34.4001,9.58441e-14,-9.58441e-14,9.58441e-14,-9.58441e-14,-0.93,-0.93,-0.93,-0.93,9.58441e-14,-9.58441e-14,9.58441e-14,-9.58441e-14,-0.93,-0.93,-0.93,-0.93
34.4101,9.58441e-14,-9.58441e-14,9.58441e-14,-9.58441e-14,-0.93,-0.93,-0.93,-0.93,9.58441e-14,-9.58441e-14,9.58441e-14,-9.58441e-14,-0.93,-0.93,-0.93,-0.93
34.4201,9.58441e-14,-9.58441e-14,9.58441e-14,-9.58441e-14,-0.93,-0.93,-0.93,-0.93,9.58441e-14,-9.58441e-14,9.58441e-14,-9.58441e-14,-0.93,-0.93,-0.93,-0.93
34.4301,8.14675e-14,-8.14675e-14,8.14675e-14,-8.14675e-14,-0.8705,-0.8705,-0.8705,-0.8705,8.14675e-14,-8.14675e-14,8.14675e-14,-8.14675e-14,-0.8705,-0.8705,-0.8705,-0.8705
34.4401,8.14675e-14,-8.14675e-14,8.14675e-14,-8.14675e-14,-0.8705,-0.8705,-0.8705,-0.8705,8.14675e-14,-8.14675e-14,8.14675e-14,-8.14675e-14,-0.8705,-0.8705,-0.8705,-0.8705
34.4501,8.14675e-14,-8.14675e-14,8.14675e-14,-8.14675e-14,-0.8705,-0.8705,-0.8705,-0.8705,8.14675e-14,-8.14675e-14,8.14675e-14,-8.14675e-14,-0.8705,-0.8705,-0.8705,-0.8705
34.4601,8.14675e-14,-8.14675e-14,8.14675e-14,-8.14675e-14,-0.8705,-0.8705,-0.8705,-0.8705,8.14675e-14,-8.14675e-14,8.14675e-14,-8.14675e-14,-0.8705,-0.8705,-0.8705,-0.8705
34.4701,8.14675e-14,-8.14675e-14,8.14675e-14,-8.14675e-14,-0.8705,-0.8705,-0.8705,-0.8705,8.14675e-14,-8.14675e-14,8.14675e-14,-8.14675e-14,-0.8705,-0.8705,-0.8705,-0.8705
34.4801,8.14675e-14,-8.14675e-14,8.14675e-14,-8.14675e-14,-0.8705,-0.8705,-0.8705,-0.8705,8.14675e-14,-8.14675e-14,8.14675e-14,-8.14675e-14,-0.8705,-0.8705,-0.8705,-0.8705
34.4901,8.14675e-14,-8.14675e-14,8.14675e-14,-8.14675e-14,-1,-1,-1,-1,8.14675e-14,-8.14675e-14,8.14675e-14,-8.14675e-14,-1,-1,-1,-1
34.5001,8.14675e-14,-8.14675e-14,8.14675e-14,-8.14675e-14,-1,-1,-1,-1,8.14675e-14,-8.14675e-14,8.14675e-14,-8.14675e-14,-1,-1,-1,-1
34.5101,8.14675e-14,-8.14675e-14,8.14675e-14,-8.14675e-14,-1,-1,-1,-1,8.14675e-14,-8.14675e-14,8.14675e-14,-8.14675e-14,-1,-1,-1,-1
34.5201,8.14675e-14,-8.14675e-14,8.14675e-14,-8.14675e-14,-1,-1,-1,-1,8.14675e-14,-8.14675e-14,8.14675e-14,-8.14675e-14,-1,-1,-1,-1
34.5301,6.92473e-14,-6.92473e-14,6.92473e-14,-6.92473e-14,-0.85,-0.85,-0.85,-0.85,6.92473e-14,-6.92473e-14,6.92473e-14,-6.92473e-14,-0.85,-0.85,-0.85,-0.85
34.5401,6.92473e-14,-6.92473e-14,6.92473e-14,-6.92473e-14,-0.85,-0.85,-0.85,-0.85,6.92473e-14,-6.92473e-14,6.92473e-14,-6.92473e-14,-0.85,-0.85,-0.85,-0.85
34.5501,6.92473e-14,-6.92473e-14,6.92473e-14,-6.92473e-14,-0.85,-0.85,-0.85,-0.85,6.92473e-14,-6.92473e-14,6.92473e-14,-6.92473e-14,-0.85,-0.85,-0.85,-0.85
34.5601,6.92473e-14,-6.92473e-14,6.92473e-14,-6.92473e-14,-0.85,-0.85,-0.85,-0.85,6.92473e-14,-6.92473e-14,6.92473e-14,-6.92473e-14,-0.85,-0.85,-0.85,-0.85
34.5701,6.92473e-14,-6.92473e-14,6.92473e-14,-6.92473e-14,-0.85,-0.85,-0.85,-0.85,6.92473e-14,-6.92473e-14,6.92473e-14,-6.92473e-14,-0.85,-0.85,-0.85,-0.85
34.5801,6.92473e-14,-6.92473e-14,6.92473e-14,-6.92473e-14,-0.85,-0.85,-0.85,-0.85,6.92473e-14,-6.92473e-14,6.92473e-14,-6.92473e-14,-0.85,-0.85,-0.85,-0.85
34.5901,5.88602e-14,-5.88602e-14,5.88602e-14,-5.88602e-14,-0.7905,-0.7905,-0.7905,-0.7905,5.88602e-14,-5.88602e-14,5.88602e-14,-5.88602e-14,-0.7905,-0.7905,-0.7905,-0.7905
34.6001,5.88602e-14,-5.88602e-14,5.88602e-14,-5.88602e-14,-0.7905,-0.7905,-0.7905,-0.7905,5.88602e-14,-5.88602e-14,5.88602e-14,-5.88602e-14,-0.7905,-0.7905,-0.7905,-0.7905
34.6101,5.88602e-14,-5.88602e-14,5.88602e-14,-5.88602e-14,-0.7905,-0.7905,-0.7905,-0.7905,5.88602e-14,-5.88602e-14,5.88602e-14,-5.88602e-14,-0.7905,-0.7905,-0.7905,-0.7905
34.6201,5.88602e-14,-5.88602e-14,5.88602e-14,-5.88602e-14,-0.7905,-0.7905,-0.7905,-0.7905,5.88602e-14,-5.88602e-14,5.88602e-14,-5.88602e-14,-0.7905,-0.7905,-0.7905,-0.7905
34.6301,4.25265e-14,-4.25265e-14,4.25265e-14,-4.25265e-14,-0.571136,-0.571136,-0.571136,-0.571136,4.25265e-14,-4.25265e-14,4.25265e-14,-4.25265e-14,-0.571136,-0.571136,-0.571136,-0.571136
34.6401,4.25265e-14,-4.25265e-14,4.25265e-14,-4.25265e-14,-0.571136,-0.571136,-0.571136,-0.571136,4.25265e-14,-4.25265e-14,4.25265e-14,-4.25265e-14,-0.571136,-0.571136,-0.571136,-0.571136
34.6501,4.25265e-14,-4.25265e-14,4.25265e-14,-4.25265e-14,-0.571136,-0.571136,-0.571136,-0.571136,4.25265e-14,-4.25265e-14,4.25265e-14,-4.25265e-14,-0.571136,-0.571136,-0.571136,-0.571136
34.6601,4.25265e-14,-4.25265e-14,4.25265e-14,-4.25265e-14,-0.571136,-0.571136,-0.571136,-0.571136,4.25265e-14,-4.25265e-14,4.25265e-14,-4.25265e-14,-0.571136,-0.571136,-0.571136,-0.571136
34.6701,4.25265e-14,-4.25265e-14,4.25265e-14,-4.25265e-14,-0.571136,-0.571136,-0.571136,-0.571136,4.25265e-14,-4.25265e-14,4.25265e-14,-4.25265e-14,-0.571136,-0.571136,-0.571136,-0.571136
34.6801,4.25265e-14,-4.25265e-14,4.25265e-14,-4.25265e-14,-0.571136,-0.571136,-0.571136,-0.571136,4.25265e-14,-4.25265e-14,4.25265e-14,-4.25265e-14,-0.571136,-0.571136,-0.571136,-0.571136
34.6901,3.07254e-14,-3.07254e-14,3.07254e-14,-3.07254e-14,-0.412646,-0.412646,-0.412646,-0.412646,3.07254e-14,-3.07254e-14,3.07254e-14,-3.07254e-14,-0.412646,-0.412646,-0.412646,-0.412646
34.7001,3.07254e-14,-3.07254e-14,3.07254e-14,-3.07254e-14,-0.412646,-0.412646,-0.412646,-0.412646,3.07254e-14,-3.07254e-14,3.07254e-14,-3.07254e-14,-0.412646,-0.412646,-0.412646,-0.412646
34.7101,3.07254e-14,-3.07254e-14,3.07254e-14,-3.07254e-14,-0.412646,-0.412646,-0.412646,-0.412646,3.07254e-14,-3.07254e-14,3.07254e-14,-3.07254e-14,-0.412646,-0.412646,-0.412646,-0.412646
34.7201,3.07254e-14,-3.07254e-14,3.07254e-14,-3.07254e-14,-0.412646,-0.412646,-0.412646,-0.412646,3.07254e-14,-3.07254e-14,3.07254e-14,-3.07254e-14,-0.412646,-0.412646,-0.412646,-0.412646
34.7301,2.21991e-14,-2.21991e-14,2.21991e-14,-2.21991e-14,-0.298137,-0.298137,-0.298137,-0.298137,2.21991e-14,-2.21991e-14,2.21991e-14,-2.21991e-14,-0.298137,-0.298137,-0.298137,-0.298137
34.7401,2.21991e-14,-2.21991e-14,2.21991e-14,-2.21991e-14,-0.298137,-0.298137,-0.298137,-0.298137,2.21991e-14,-2.21991e-14,2.21991e-14,-2.21991e-14,-0.298137,-0.298137,-0.298137,-0.298137
34.7501,2.21991e-14,-2.21991e-14,2.21991e-14,-2.21991e-14,-0.298137,-0.298137,-0.298137,-0.298137,2.21991e-14,-2.21991e-14,2.21991e-14,-2.21991e-14,-0.298137,-0.298137,-0.298137,-0.298137
34.7601,2.21991e-14,-2.21991e-14,2.21991e-14,-2.21991e-14,-0.298137,-0.298137,-0.298137,-0.298137,2.21991e-14,-2.21991e-14,2.21991e-14,-2.21991e-14,-0.298137,-0.298137,-0.298137,-0.298137
34.7701,2.21991e-14,-2.21991e-14,2.21991e-14,-2.21991e-14,-0.298137,-0.298137,-0.298137,-0.298137,2.21991e-14,-2.21991e-14,2.21991e-14,-2.21991e-14,-0.298137,-0.298137,-0.298137,-0.298137
34.7801,2.21991e-14,-2.21991e-14,2.21991e-14,-2.21991e-14,-0.298137,-0.298137,-0.298137,-0.298137,2.21991e-14,-2.21991e-14,2.21991e-14,-2.21991e-14,-0.298137,-0.298137,-0.298137,-0.298137
34.7901,1.60389e-14,-1.60389e-14,1.60389e-14,-1.60389e-14,-0.215404,-0.215404,-0.215404,-0.215404,1.60389e-14,-1.60389e-14,1.60389e-14,-1.60389e-14,-0.215404,-0.215404,-0.215404,-0.215404
34.8001,1.60389e-14,-1.60389e-14,1.60389e-14,-1.60389e-14,-0.215404,-0.215404,-0.215404,-0.215404,1.60389e-14,-1.60389e-14,1.60389e-14,-1.60389e-14,-0.215404,-0.215404,-0.215404,-0.215404
34.8101,1.60389e-14,-1.60389e-14,1.60389e-14,-1.60389e-14,-0.215404,-0.215404,-0.215404,-0.215404,1.60389e-14,-1.60389e-14,1.60389e-14,-1.60389e-14,-0.215404,-0.215404,-0.215404,-0.215404
34.8201,1.60389e-14,-1.60389e-14,1.60389e-14,-1.60389e-14,-0.215404,-0.215404,-0.215404,-0.215404,1.60389e-14,-1.60389e-14,1.60389e-14,-1.60389e-14,-0.215404,-0.215404,-0.215404,-0.215404
34.8301,1.15881e-14,-1.15881e-14,1.15881e-14,-1.15881e-14,-0.155629,-0.155629,-0.155629,-0.155629,1.15881e-14,-1.15881e-14,1.15881e-14,-1.15881e-14,-0.155629,-0.155629,-0.155629,-0.155629
34.8401,1.15881e-14,-1.15881e-14,1.15881e-14,-1.15881e-14,-0.155629,-0.155629,-0.155629,-0.155629,1.15881e-14,-1.15881e-14,1.15881e-14,-1.15881e-14,-0.155629,-0.155629,-0.155629,-0.155629
34.8501,1.15881e-14,-1.15881e-14,1.15881e-14,-1.15881e-14,-0.155629,-0.155629,-0.155629,-0.155629,1.15881e-14,-1.15881e-14,1.15881e-14,-1.15881e-14,-0.155629,-0.155629,-0.155629,-0.155629
34.8601,1.15881e-14,-1.15881e-14,1.15881e-14,-1.15881e-14,-0.155629,-0.155629,-0.155629,-0.155629,1.15881e-14,-1.15881e-14,1.15881e-14,-1.15881e-14,-0.155629,-0.155629,-0.155629,-0.155629
34.8701,1.15881e-14,-1.15881e-14,1.15881e-14,-1.15881e-14,-0.155629,-0.155629,-0.155629,-0.155629,1.15881e-14,-1.15881e-14,1.15881e-14,-1.15881e-14,-0.155629,-0.155629,-0.155629,-0.155629
34.8801,1.15881e-14,-1.15881e-14,1.15881e-14,-1.15881e-14,-0.155629,-0.155629,-0.155629,-0.155629,1.15881e-14,-1.15881e-14,1.15881e-14,-1.15881e-14,-0.155629,-0.155629,-0.155629,-0.155629
34.8901,8.37238e-15,-8.37238e-15,8.37238e-15,-8.37238e-15,-0.112442,-0.112442,-0.112442,-0.112442,8.37238e-15,-8.37238e-15,8.37238e-15,-8.37238e-15,-0.112442,-0.112442,-0.112442,-0.112442
34.9001,8.37238e-15,-8.37238e-15,8.37238e-15,-8.37238e-15,-0.112442,-0.112442,-0.112442,-0.112442,8.37238e-15,-8.37238e-15,8.37238e-15,-8.37238e-15,-0.112442,-0.112442,-0.112442,-0.112442
34.9101,8.37238e-15,-8.37238e-15,8.37238e-15,-8.37238e-15,-0.112442,-0.112442,-0.112442,-0.112442,8.37238e-15,-8.37238e-15,8.37238e-15,-8.37238e-15,-0.112442,-0.112442,-0.112442,-0.112442
34.9201,8.37238e-15,-8.37238e-15,8.37238e-15,-8.37238e-15,-0.112442,-0.112442,-0.112442,-0.112442,8.37238e-15,-8.37238e-15,8.37238e-15,-8.37238e-15,-0.112442,-0.112442,-0.112442,-0.112442
34.9301,6.04905e-15,-6.04905e-15,6.04905e-15,-6.04905e-15,-0.0812394,-0.0812394,-0.0812394,-0.0812394,6.04905e-15,-6.04905e-15,6.04905e-15,-6.04905e-15,-0.0812394,-0.0812394,-0.0812394,-0.0812394
34.9401,6.04905e-15,-6.04905e-15,6.04905e-15,-6.04905e-15,-0.0812394,-0.0812394,-0.0812394,-0.0812394,6.04905e-15,-6.04905e-15,6.04905e-15,-6.04905e-15,-0.0812394,-0.0812394,-0.0812394,-0.0812394
34.9501,6.04905e-15,-6.04905e-15,6.04905e-15,-6.04905e-15,-0.0812394,-0.0812394,-0.0812394,-0.0812394,6.04905e-15,-6.04905e-15,6.04905e-15,-6.04905e-15,-0.0812394,-0.0812394,-0.0812394,-0.0812394
34.9601,6.04905e-15,-6.04905e-15,6.04905e-15,-6.04905e-15,-0.0812394,-0.0812394,-0.0812394,-0.0812394,6.04905e-15,-6.04905e-15,6.04905e-15,-6.04905e-15,-0.0812394,-0.0812394,-0.0812394,-0.0812394
34.9701,6.04905e-15,-6.04905e-15,6.04905e-15,-6.04905e-15,-0.0812394,-0.0812394,-0.0812394,-0.0812394,6.04905e-15,-6.04905e-15,6.04905e-15,-6.04905e-15,-0.0812394,-0.0812394,-0.0812394,-0.0812394
34.9801,6.04905e-15,-6.04905e-15,6.04905e-15,-6.04905e-15,-0.0812394,-0.0812394,-0.0812394,-0.0812394,6.04905e-15,-6.04905e-15,6.04905e-15,-6.04905e-15,-0.0812394,-0.0812394,-0.0812394,-0.0812394
34.9901,4.37044e-15,-4.37044e-15,4.37044e-15,-4.37044e-15,-0.0586955,-0.0586955,-0.0586955,-0.0586955,4.37044e-15,-4.37044e-15,4.37044e-15,-4.37044e-15,-0.0586955,-0.0586955,-0.0586955,-0.0586955
35.0001,4.37044e-15,-4.37044e-15,4.37044e-15,-4.37044e-15,-0.0586955,-0.0586955,-0.0586955,-0.0586955,4.37044e-15,-4.37044e-15,4.37044e-15,-4.37044e-15,-0.0586955,-0.0586955,-0.0586955,-0.0586955
35.0101,4.37044e-15,-4.37044e-15,4.37044e-15,-4.37044e-15,-0.0586955,-0.0586955,-0.0586955,-0.0586955,4.37044e-15,-4.37044e-15,4.37044e-15,-4.37044e-15,-0.0586955,-0.0586955,-0.0586955,-0.0586955
35.0201,4.37044e-15,-4.37044e-15,4.37044e-15,-4.37044e-15,-0.0586955,-0.0586955,-0.0586955,-0.0586955,4.37044e-15,-4.37044e-15,4.37044e-15,-4.37044e-15,-0.0586955,-0.0586955,-0.0586955,-0.0586955
35.0301,3.15764e-15,-3.15764e-15,3.15764e-15,-3.15764e-15,-0.0424075,-0.0424075,-0.0424075,-0.0424075,3.15764e-15,-3.15764e-15,3.15764e-15,-3.15764e-15,-0.0424075,-0.0424075,-0.0424075,-0.0424075
35.0401,3.15764e-15,-3.15764e-15,3.15764e-15,-3.15764e-15,-0.0424075,-0.0424075,-0.0424075,-0.0424075,3.15764e-15,-3.15764e-15,3.15764e-15,-3.15764e-15,-0.0424075,-0.0424075,-0.0424075,-0.0424075
35.05,3.15764e-15,-3.15764e-15,3.15764e-15,-3.15764e-15,-0.0424075,-0.0424075,-0.0424075,-0.0424075,3.15764e-15,-3.15764e-15,3.15764e-15,-3.15764e-15,-0.0424075,-0.0424075,-0.0424075,-0.0424075
35.0601,3.15764e-15,-3.15764e-15,3.15764e-15,-3.15764e-15,-0.0424075,-0.0424075,-0.0424075,-0.0424075,3.15764e-15,-3.15764e-15,3.15764e-15,-3.15764e-15,-0.0424075,-0.0424075,-0.0424075,-0.0424075
35.0701,3.15764e-15,-3.15764e-15,3.15764e-15,-3.15764e-15,-0.0424075,-0.0424075,-0.0424075,-0.0424075,3.15764e-15,-3.15764e-15,3.15764e-15,-3.15764e-15,-0.0424075,-0.0424075,-0.0424075,-0.0424075
35.0801,3.15764e-15,-3.15764e-15,3.15764e-15,-3.15764e-15,-0.0424075,-0.0424075,-0.0424075,-0.0424075,3.15764e-15,-3.15764e-15,3.15764e-15,-3.15764e-15,-0.0424075,-0.0424075,-0.0424075,-0.0424075
35.0901,2.2814e-15,-2.2814e-15,2.2814e-15,-2.2814e-15,-0.0306394,-0.0306394,-0.0306394,-0.0306394,2.2814e-15,-2.2814e-15,2.2814e-15,-2.2814e-15,-0.0306394,-0.0306394,-0.0306394,-0.0306394
35.1001,2.2814e-15,-2.2814e-15,2.2814e-15,-2.2814e-15,-0.0306394,-0.0306394,-0.0306394,-0.0306394,2.2814e-15,-2.2814e-15,2.2814e-15,-2.2814e-15,-0.0306394,-0.0306394,-0.0306394,-0.0306394
35.1101,2.2814e-15,-2.2814e-15,2.2814e-15,-2.2814e-15,-0.0306394,-0.0306394,-0.0306394,-0.0306394,2.2814e-15,-2.2814e-15,2.2814e-15,-2.2814e-15,-0.0306394,-0.0306394,-0.0306394,-0.0306394
35.1201,2.2814e-15,-2.2814e-15,2.2814e-15,-2.2814e-15,-0.0306394,-0.0306394,-0.0306394,-0.0306394,2.2814e-15,-2.2814e-15,2.2814e-15,-2.2814e-15,-0.0306394,-0.0306394,-0.0306394,-0.0306394
35.1301,1.64831e-15,-1.64831e-15,1.64831e-15,-1.64831e-15,-0.022137,-0.022137,-0.022137,-0.022137,1.64831e-15,-1.64831e-15,1.64831e-15,-1.64831e-15,-0.022137,-0.022137,-0.022137,-0.022137
35.1401,1.64831e-15,-1.64831e-15,1.64831e-15,-1.64831e-15,-0.022137,-0.022137,-0.022137,-0.022137,1.64831e-15,-1.64831e-15,1.64831e-15,-1.64831e-15,-0.022137,-0.022137,-0.022137,-0.022137
35.1501,1.64831e-15,-1.64831e-15,1.64831e-15,-1.64831e-15,-0.022137,-0.022137,-0.022137,-0.022137,1.64831e-15,-1.64831e-15,1.64831e-15,-1.64831e-15,-0.022137,-0.022137,-0.022137,-0.022137
35.1601,1.64831e-15,-1.64831e-15,1.64831e-15,-1.64831e-15,-0.022137,-0.022137,-0.022137,-0.022137,1.64831e-15,-1.64831e-15,1.64831e-15,-1.64831e-15,-0.022137,-0.022137,-0.022137,-0.022137
35.1701,1.64831e-15,-1.64831e-15,1.64831e-15,-1.64831e-15,-0.022137,-0.022137,-0.022137,-0.022137,1.64831e-15,-1.64831e-15,1.64831e-15,-1.64831e-15,-0.022137,-0.022137,-0.022137,-0.022137
35.1801,1.64831e-15,-1.64831e-15,1.64831e-15,-1.64831e-15,-0.022137,-0.022137,-0.022137,-0.022137,1.64831e-15,-1.64831e-15,1.64831e-15,-1.64831e-15,-0.022137,-0.022137,-0.022137,-0.022137
35.1901,1.1909e-15,-1.1909e-15,1.1909e-15,-1.1909e-15,-0.015994,-0.015994,-0.015994,-0.015994,1.1909e-15,-1.1909e-15,1.1909e-15,-1.1909e-15,-0.015994,-0.015994,-0.015994,-0.015994
35.2001,1.1909e-15,-1.1909e-15,1.1909e-15,-1.1909e-15,-0.015994,-0.015994,-0.015994,-0.015994,1.1909e-15,-1.1909e-15,1.1909e-15,-1.1909e-15,-0.015994,-0.015994,-0.015994,-0.015994
35.2101,1.1909e-15,-1.1909e-15,1.1909e-15,-1.1909e-15,-0.015994,-0.015994,-0.015994,-0.015994,1.1909e-15,-1.1909e-15,1.1909e-15,-1.1909e-15,-0.015994,-0.015994,-0.015994,-0.015994
35.2201,1.1909e-15,-1.1909e-15,1.1909e-15,-1.1909e-15,-0.015994,-0.015994,-0.015994,-0.015994,1.1909e-15,-1.1909e-15,1.1909e-15,-1.1909e-15,-0.015994,-0.015994,-0.015994,-0.015994
35.2301,8.60427e-16,-8.60427e-16,8.60427e-16,-8.60427e-16,-0.0115556,-0.0115556,-0.0115556,-0.0115556,8.60427e-16,-8.60427e-16,8.60427e-16,-8.60427e-16,-0.0115556,-0.0115556,-0.0115556,-0.0115556
35.2401,8.60427e-16,-8.60427e-16,8.60427e-16,-8.60427e-16,-0.0115556,-0.0115556,-0.0115556,-0.0115556,8.60427e-16,-8.60427e-16,8.60427e-16,-8.60427e-16,-0.0115556,-0.0115556,-0.0115556,-0.0115556
35.2501,8.60427e-16,-8.60427e-16,8.60427e-16,-8.60427e-16,-0.0115556,-0.0115556,-0.0115556,-0.0115556,8.60427e-16,-8.60427e-16,8.60427e-16,-8.60427e-16,-0.0115556,-0.0115556,-0.0115556,-0.0115556
35.2601,8.60427e-16,-8.60427e-16,8.60427e-16,-8.60427e-16,-0.0115556,-0.0115556,-0.0115556,-0.0115556,8.60427e-16,-8.60427e-16,8.60427e-16,-8.60427e-16,-0.0115556,-0.0115556,-0.0115556,-0.0115556
35.2701,8.60427e-16,-8.60427e-16,8.60427e-16,-8.60427e-16,-0.0115556,-0.0115556,-0.0115556,-0.0115556,8.60427e-16,-8.60427e-16,8.60427e-16,-8.60427e-16,-0.0115556,-0.0115556,-0.0115556,-0.0115556
35.2801,8.60427e-16,-8.60427e-16,8.60427e-16,-8.60427e-16,-0.0115556,-0.0115556,-0.0115556,-0.0115556,8.60427e-16,-8.60427e-16,8.60427e-16,-8.60427e-16,-0.0115556,-0.0115556,-0.0115556,-0.0115556
35.2901,6.21659e-16,-6.21659e-16,6.21659e-16,-6.21659e-16,-0.00834895,-0.00834895,-0.00834895,-0.00834895,6.21659e-16,-6.21659e-16,6.21659e-16,-6.21659e-16,-0.00834895,-0.00834895,-0.00834895,-0.00834895
35.3001,6.21659e-16,-6.21659e-16,6.21659e-16,-6.21659e-16,-0.00834895,-0.00834895,-0.00834895,-0.00834895,6.21659e-16,-6.21659e-16,6.21659e-16,-6.21659e-16,-0.00834895,-0.00834895,-0.00834895,-0.00834895
35.3101,6.21659e-16,-6.21659e-16,6.21659e-16,-6.21659e-16,-0.00834895,-0.00834895,-0.00834895,-0.00834895,6.21659e-16,-6.21659e-16,6.21659e-16,-6.21659e-16,-0.00834895,-0.00834895,-0.00834895,-0.00834895
35.3201,6.21659e-16,-6.21659e-16,6.21659e-16,-6.21659e-16,-0.00834895,-0.00834895,-0.00834895,-0.00834895,6.21659e-16,-6.21659e-16,6.21659e-16,-6.21659e-16,-0.00834895,-0.00834895,-0.00834895,-0.00834895
35.3301,4.49148e-16,-4.49148e-16,4.49148e-16,-4.49148e-16,-0.00603212,-0.00603212,-0.00603212,-0.00603212,4.49148e-16,-4.49148e-16,4.49148e-16,-4.49148e-16,-0.00603212,-0.00603212,-0.00603212,-0.00603212
35.3401,4.49148e-16,-4.49148e-16,4.49148e-16,-4.49148e-16,-0.00603212,-0.00603212,-0.00603212,-0.00603212,4.49148e-16,-4.49148e-16,4.49148e-16,-4.49148e-16,-0.00603212,-0.00603212,-0.00603212,-0.00603212
35.3501,4.49148e-16,-4.49148e-16,4.49148e-16,-4.49148e-16,-0.00603212,-0.00603212,-0.00603212,-0.00603212,4.49148e-16,-4.49148e-16,4.49148e-16,-4.49148e-16,-0.00603212,-0.00603212,-0.00603212,-0.00603212
35.3601,4.49148e-16,-4.49148e-16,4.49148e-16,-4.49148e-16,-0.00603212,-0.00603212,-0.00603212,-0.00603212,4.49148e-16,-4.49148e-16,4.49148e-16,-4.49148e-16,-0.00603212,-0.00603212,-0.00603212,-0.00603212
35.3701,4.49148e-16,-4.49148e-16,4.49148e-16,-4.49148e-16,-0.00603212,-0.00603212,-0.00603212,-0.00603212,4.49148e-16,-4.49148e-16,4.49148e-16,-4.49148e-16,-0.00603212,-0.00603212,-0.00603212,-0.00603212
35.3801,4.49148e-16,-4.49148e-16,4.49148e-16,-4.49148e-16,-0.00603212,-0.00603212,-0.00603212,-0.00603212,4.49148e-16,-4.49148e-16,4.49148e-16,-4.49148e-16,-0.00603212,-0.00603212,-0.00603212,-0.00603212
35.3901,0,0,0,0,0,0,0,0,0,0,0,0,0,0,0,0
35.4001,0,0,0,0,0,0,0,0,0,0,0,0,0,0,0,0
35.4101,0,0,0,0,0,0,0,0,0,0,0,0,0,0,0,0
35.4201,0,0,0,0,0,0,0,0,0,0,0,0,0,0,0,0
35.4301,0,0,0,0,0,0,0,0,0,0,0,0,0,0,0,0
35.4401,0,0,0,0,0,0,0,0,0,0,0,0,0,0,0,0
35.4501,0,0,0,0,0,0,0,0,0,0,0,0,0,0,0,0
35.4601,0,0,0,0,0,0,0,0,0,0,0,0,0,0,0,0
35.4701,0,0,0,0,0,0,0,0,0,0,0,0,0,0,0,0
35.4801,0,0,0,0,0,0,0,0,0,0,0,0,0,0,0,0
35.4901,0,0,0,0,0,0,0,0,0,0,0,0,0,0,0,0
35.5001,0,0,0,0,0,0,0,0,0,0,0,0,0,0,0,0
35.5101,0,0,0,0,0,0,0,0,0,0,0,0,0,0,0,0
35.5201,0,0,0,0,0,0,0,0,0,0,0,0,0,0,0,0
35.5301,0,0,0,0,0,0,0,0,0,0,0,0,0,0,0,0
35.5401,0,0,0,0,0,0,0,0,0,0,0,0,0,0,0,0
35.5501,0,0,0,0,0,0,0,0,0,0,0,0,0,0,0,0
35.5601,0,0,0,0,0,0,0,0,0,0,0,0,0,0,0,0
35.5701,0,0,0,0,0,0,0,0,0,0,0,0,0,0,0,0
35.5801,0,0,0,0,0,0,0,0,0,0,0,0,0,0,0,0
35.5901,0,0,0,0,0,0,0,0,0,0,0,0,0,0,0,0
35.6001,0,0,0,0,0,0,0,0,0,0,0,0,0,0,0,0
35.6101,0,0,0,0,0,0,0,0,0,0,0,0,0,0,0,0
35.6201,0,0,0,0,0,0,0,0,0,0,0,0,0,0,0,0
35.6301,0,0,0,0,0,0,0,0,0,0,0,0,0,0,0,0
35.6401,0,0,0,0,0,0,0,0,0,0,0,0,0,0,0,0
35.6501,0,0,0,0,0,0,0,0,0,0,0,0,0,0,0,0
35.6601,0,0,0,0,0,0,0,0,0,0,0,0,0,0,0,0
35.6701,0,0,0,0,0,0,0,0,0,0,0,0,0,0,0,0
35.6801,0,0,0,0,0,0,0,0,0,0,0,0,0,0,0,0
35.6901,0,0,0,0,0,0,0,0,0,0,0,0,0,0,0,0
35.7001,0,0,0,0,0,0,0,0,0,0,0,0,0,0,0,0
35.7101,0,0,0,0,0,0,0,0,0,0,0,0,0,0,0,0
35.7201,0,0,0,0,0,0,0,0,0,0,0,0,0,0,0,0
35.7301,0,0,0,0,0,0,0,0,0,0,0,0,0,0,0,0
35.7401,0,0,0,0,0,0,0,0,0,0,0,0,0,0,0,0
35.7501,0,0,0,0,0,0,0,0,0,0,0,0,0,0,0,0
35.7601,0,0,0,0,0,0,0,0,0,0,0,0,0,0,0,0
35.7701,0,0,0,0,0,0,0,0,0,0,0,0,0,0,0,0
35.7801,0,0,0,0,0,0,0,0,0,0,0,0,0,0,0,0
35.7901,0,0,0,0,0,0,0,0,0,0,0,0,0,0,0,0
35.8001,0,0,0,0,0,0,0,0,0,0,0,0,0,0,0,0
35.8101,0,0,0,0,0,0,0,0,0,0,0,0,0,0,0,0
35.8201,0,0,0,0,0,0,0,0,0,0,0,0,0,0,0,0
35.8301,0,0,0,0,0,0,0,0,0,0,0,0,0,0,0,0
35.8401,0,0,0,0,0,0,0,0,0,0,0,0,0,0,0,0
35.8501,0,0,0,0,0,0,0,0,0,0,0,0,0,0,0,0
35.8601,0,0,0,0,0,0,0,0,0,0,0,0,0,0,0,0
35.8701,0,0,0,0,0,0,0,0,0,0,0,0,0,0,0,0
35.8801,0,0,0,0,0,0,0,0,0,0,0,0,0,0,0,0
35.8901,0,0,0,0,0,0,0,0,0,0,0,0,0,0,0,0
35.9001,0,0,0,0,0,0,0,0,0,0,0,0,0,0,0,0
35.9101,0,0,0,0,0,0,0,0,0,0,0,0,0,0,0,0
35.9201,0,0,0,0,0,0,0,0,0,0,0,0,0,0,0,0
35.9301,0,0,0,0,0,0,0,0,0,0,0,0,0,0,0,0
35.9401,0,0,0,0,0,0,0,0,0,0,0,0,0,0,0,0
35.9501,0,0,0,0,0,0,0,0,0,0,0,0,0,0,0,0
35.9601,0,0,0,0,0,0,0,0,0,0,0,0,0,0,0,0
35.9701,0,0,0,0,0,0,0,0,0,0,0,0,0,0,0,0
35.9801,0,0,0,0,0,0,0,0,0,0,0,0,0,0,0,0
35.9901,0,0,0,0,0,0,0,0,0,0,0,0,0,0,0,0
36.0001,0,0,0,0,0,0,0,0,0,0,0,0,0,0,0,0
36.0101,0,0,0,0,0,0,0,0,0,0,0,0,0,0,0,0
36.0201,0,0,0,0,0,0,0,0,0,0,0,0,0,0,0,0
36.0301,0,0,0,0,0,0,0,0,0,0,0,0,0,0,0,0
36.0401,0,0,0,0,0,0,0,0,0,0,0,0,0,0,0,0
36.0501,0,0,0,0,0,0,0,0,0,0,0,0,0,0,0,0
36.0601,0,0,0,0,0,0,0,0,0,0,0,0,0,0,0,0
36.0701,0,0,0,0,0,0,0,0,0,0,0,0,0,0,0,0
36.0801,0,0,0,0,0,0,0,0,0,0,0,0,0,0,0,0
36.0901,0,0,0,0,0,0,0,0,0,0,0,0,0,0,0,0
36.1001,0,0,0,0,0,0,0,0,0,0,0,0,0,0,0,0
36.1101,0,0,0,0,0,0,0,0,0,0,0,0,0,0,0,0
36.1201,0,0,0,0,0,0,0,0,0,0,0,0,0,0,0,0
36.1301,0,0,0,0,0,0,0,0,0,0,0,0,0,0,0,0
36.1401,0,0,0,0,0,0,0,0,0,0,0,0,0,0,0,0
36.1501,0,0,0,0,0,0,0,0,0,0,0,0,0,0,0,0
36.1601,0,0,0,0,0,0,0,0,0,0,0,0,0,0,0,0
36.1701,0,0,0,0,0,0,0,0,0,0,0,0,0,0,0,0
36.1801,0,0,0,0,0,0,0,0,0,0,0,0,0,0,0,0
36.1901,0,0,0,0,0,0,0,0,0,0,0,0,0,0,0,0
36.2001,0,0,0,0,0,0,0,0,0,0,0,0,0,0,0,0
36.2101,0,0,0,0,0,0,0,0,0,0,0,0,0,0,0,0
36.2201,0,0,0,0,0,0,0,0,0,0,0,0,0,0,0,0
36.2301,0,0,0,0,0,0,0,0,0,0,0,0,0,0,0,0
36.2401,0,0,0,0,0,0,0,0,0,0,0,0,0,0,0,0
36.2501,0,0,0,0,0,0,0,0,0,0,0,0,0,0,0,0
36.2601,0,0,0,0,0,0,0,0,0,0,0,0,0,0,0,0
36.2701,0,0,0,0,0,0,0,0,0,0,0,0,0,0,0,0
36.2801,0,0,0,0,0,0,0,0,0,0,0,0,0,0,0,0
36.2901,0,0,0,0,0,0,0,0,0,0,0,0,0,0,0,0
36.3001,0,0,0,0,0,0,0,0,0,0,0,0,0,0,0,0
36.3101,0,0,0,0,0,0,0,0,0,0,0,0,0,0,0,0
36.3201,0,0,0,0,0,0,0,0,0,0,0,0,0,0,0,0
36.3301,0,0,0,0,0,0,0,0,0,0,0,0,0,0,0,0
36.3401,0,0,0,0,0,0,0,0,0,0,0,0,0,0,0,0
36.3501,0,0,0,0,0,0,0,0,0,0,0,0,0,0,0,0
36.3601,0,0,0,0,0,0,0,0,0,0,0,0,0,0,0,0
36.3701,0,0,0,0,0,0,0,0,0,0,0,0,0,0,0,0
36.3801,0,0,0,0,0,0,0,0,0,0,0,0,0,0,0,0
36.3901,0,0,0,0,0,0,0,0,0,0,0,0,0,0,0,0
36.4001,0,0,0,0,0,0,0,0,0,0,0,0,0,0,0,0
36.4101,0,0,0,0,0,0,0,0,0,0,0,0,0,0,0,0
36.4201,0,0,0,0,0,0,0,0,0,0,0,0,0,0,0,0
36.4301,0,0,0,0,0,0,0,0,0,0,0,0,0,0,0,0
36.4401,0,0,0,0,0,0,0,0,0,0,0,0,0,0,0,0
36.4501,0,0,0,0,0,0,0,0,0,0,0,0,0,0,0,0
36.4601,0,0,0,0,0,0,0,0,0,0,0,0,0,0,0,0
36.4701,0,0,0,0,0,0,0,0,0,0,0,0,0,0,0,0
36.4801,0,0,0,0,0,0,0,0,0,0,0,0,0,0,0,0
36.4901,0,0,0,0,0,0,0,0,0,0,0,0,0,0,0,0
36.5001,0,0,0,0,0,0,0,0,0,0,0,0,0,0,0,0
36.5101,0,0,0,0,0,0,0,0,0,0,0,0,0,0,0,0
36.5201,0,0,0,0,0,0,0,0,0,0,0,0,0,0,0,0
36.5301,0,0,0,0,0,0,0,0,0,0,0,0,0,0,0,0
36.5401,0,0,0,0,0,0,0,0,0,0,0,0,0,0,0,0
36.5501,0,0,0,0,0,0,0,0,0,0,0,0,0,0,0,0
36.5601,0,0,0,0,0,0,0,0,0,0,0,0,0,0,0,0
36.5701,0,0,0,0,0,0,0,0,0,0,0,0,0,0,0,0
36.5801,0,0,0,0,0,0,0,0,0,0,0,0,0,0,0,0
36.5901,0,0,0,0,0,0,0,0,0,0,0,0,0,0,0,0
36.6001,0,0,0,0,0,0,0,0,0,0,0,0,0,0,0,0
36.6101,0,0,0,0,0,0,0,0,0,0,0,0,0,0,0,0
36.6201,0,0,0,0,0,0,0,0,0,0,0,0,0,0,0,0
36.6301,0,0,0,0,0,0,0,0,0,0,0,0,0,0,0,0
36.6401,0,0,0,0,0,0,0,0,0,0,0,0,0,0,0,0
36.6501,0,0,0,0,0,0,0,0,0,0,0,0,0,0,0,0
36.6601,0,0,0,0,0,0,0,0,0,0,0,0,0,0,0,0
36.6701,0,0,0,0,0,0,0,0,0,0,0,0,0,0,0,0
36.6801,0,0,0,0,0,0,0,0,0,0,0,0,0,0,0,0
36.6901,0,0,0,0,0,0,0,0,0,0,0,0,0,0,0,0
36.7001,0,0,0,0,0,0,0,0,0,0,0,0,0,0,0,0
36.7101,0,0,0,0,0,0,0,0,0,0,0,0,0,0,0,0
36.7201,0,0,0,0,0,0,0,0,0,0,0,0,0,0,0,0
36.7301,0,0,0,0,0,0,0,0,0,0,0,0,0,0,0,0
36.7401,0,0,0,0,0,0,0,0,0,0,0,0,0,0,0,0
36.7501,0,0,0,0,0,0,0,0,0,0,0,0,0,0,0,0
36.7601,0,0,0,0,0,0,0,0,0,0,0,0,0,0,0,0
36.7701,0,0,0,0,0,0,0,0,0,0,0,0,0,0,0,0
36.7801,0,0,0,0,0,0,0,0,0,0,0,0,0,0,0,0
36.7901,0,0,0,0,0,0,0,0,0,0,0,0,0,0,0,0
36.8001,0,0,0,0,0,0,0,0,0,0,0,0,0,0,0,0
36.8101,0,0,0,0,0,0,0,0,0,0,0,0,0,0,0,0
36.8201,0,0,0,0,0,0,0,0,0,0,0,0,0,0,0,0
36.8301,0,0,0,0,0,0,0,0,0,0,0,0,0,0,0,0
36.8401,0,0,0,0,0,0,0,0,0,0,0,0,0,0,0,0
36.8501,0,0,0,0,0,0,0,0,0,0,0,0,0,0,0,0
36.8601,0,0,0,0,0,0,0,0,0,0,0,0,0,0,0,0
36.8701,0,0,0,0,0,0,0,0,0,0,0,0,0,0,0,0
36.8801,0,0,0,0,0,0,0,0,0,0,0,0,0,0,0,0
36.8901,0,0,0,0,0,0,0,0,0,0,0,0,0,0,0,0
36.9001,0,0,0,0,0,0,0,0,0,0,0,0,0,0,0,0
36.9101,0,0,0,0,0,0,0,0,0,0,0,0,0,0,0,0
36.9201,0,0,0,0,0,0,0,0,0,0,0,0,0,0,0,0
36.9301,0,0,0,0,0,0,0,0,0,0,0,0,0,0,0,0
36.9401,0,0,0,0,0,0,0,0,0,0,0,0,0,0,0,0
36.95,0,0,0,0,0,0,0,0,0,0,0,0,0,0,0,0
36.9601,0,0,0,0,0,0,0,0,0,0,0,0,0,0,0,0
36.9701,0,0,0,0,0,0,0,0,0,0,0,0,0,0,0,0
36.9801,0,0,0,0,0,0,0,0,0,0,0,0,0,0,0,0
36.9901,0,0,0,0,0,0,0,0,0,0,0,0,0,0,0,0
37.0001,0,0,0,0,0,0,0,0,0,0,0,0,0,0,0,0
37.0101,0,0,0,0,0,0,0,0,0,0,0,0,0,0,0,0
37.0201,0,0,0,0,0,0,0,0,0,0,0,0,0,0,0,0
37.0301,0,0,0,0,0,0,0,0,0,0,0,0,0,0,0,0
37.0401,0,0,0,0,0,0,0,0,0,0,0,0,0,0,0,0
37.0501,0,0,0,0,0,0,0,0,0,0,0,0,0,0,0,0
37.0601,0,0,0,0,0,0,0,0,0,0,0,0,0,0,0,0
37.0701,0,0,0,0,0,0,0,0,0,0,0,0,0,0,0,0
37.0801,0,0,0,0,0,0,0,0,0,0,0,0,0,0,0,0
37.0901,0,0,0,0,0,0,0,0,0,0,0,0,0,0,0,0
37.1001,0,0,0,0,0,0,0,0,0,0,0,0,0,0,0,0
37.1101,0,0,0,0,0,0,0,0,0,0,0,0,0,0,0,0
37.1201,0,0,0,0,0,0,0,0,0,0,0,0,0,0,0,0
37.1301,0,0,0,0,0,0,0,0,0,0,0,0,0,0,0,0
37.1401,0,0,0,0,0,0,0,0,0,0,0,0,0,0,0,0
37.1501,0,0,0,0,0,0,0,0,0,0,0,0,0,0,0,0
37.1601,0,0,0,0,0,0,0,0,0,0,0,0,0,0,0,0
37.1701,0,0,0,0,0,0,0,0,0,0,0,0,0,0,0,0
37.1801,0,0,0,0,0,0,0,0,0,0,0,0,0,0,0,0
37.1901,0,0,0,0,0,0,0,0,0,0,0,0,0,0,0,0
37.2001,0,0,0,0,0,0,0,0,0,0,0,0,0,0,0,0
37.2101,0,0,0,0,0,0,0,0,0,0,0,0,0,0,0,0
37.2201,0,0,0,0,0,0,0,0,0,0,0,0,0,0,0,0
37.2301,0,0,0,0,0,0,0,0,0,0,0,0,0,0,0,0
37.2401,0,0,0,0,0,0,0,0,0,0,0,0,0,0,0,0
37.2501,0,0,0,0,0,0,0,0,0,0,0,0,0,0,0,0
37.2601,0,0,0,0,0,0,0,0,0,0,0,0,0,0,0,0
37.2701,0,0,0,0,0,0,0,0,0,0,0,0,0,0,0,0
37.2801,0,0,0,0,0,0,0,0,0,0,0,0,0,0,0,0
37.2901,0,0,0,0,0,0,0,0,0,0,0,0,0,0,0,0
37.3001,0,0,0,0,0,0,0,0,0,0,0,0,0,0,0,0
37.3101,0,0,0,0,0,0,0,0,0,0,0,0,0,0,0,0
37.3201,0,0,0,0,0,0,0,0,0,0,0,0,0,0,0,0
37.3301,0,0,0,0,0,0,0,0,0,0,0,0,0,0,0,0
37.3401,0,0,0,0,0,0,0,0,0,0,0,0,0,0,0,0
37.3501,0,0,0,0,0,0,0,0,0,0,0,0,0,0,0,0
37.3601,0,0,0,0,0,0,0,0,0,0,0,0,0,0,0,0
37.3701,0,0,0,0,0,0,0,0,0,0,0,0,0,0,0,0
37.3801,0,0,0,0,0,0,0,0,0,0,0,0,0,0,0,0
37.3901,0,0,0,0,0,0,0,0,0,0,0,0,0,0,0,0
37.4001,0,0,0,0,0,0,0,0,0,0,0,0,0,0,0,0
37.4101,0,0,0,0,0,0,0,0,0,0,0,0,0,0,0,0
37.4201,0,0,0,0,0,0,0,0,0,0,0,0,0,0,0,0
37.4301,0,0,0,0,0,0,0,0,0,0,0,0,0,0,0,0
37.4401,0,0,0,0,0,0,0,0,0,0,0,0,0,0,0,0
37.4501,0,0,0,0,0,0,0,0,0,0,0,0,0,0,0,0
37.4601,0,0,0,0,0,0,0,0,0,0,0,0,0,0,0,0
37.4701,0,0,0,0,0,0,0,0,0,0,0,0,0,0,0,0
37.4801,0,0,0,0,0,0,0,0,0,0,0,0,0,0,0,0
37.4901,0,0,0,0,0,0,0,0,0,0,0,0,0,0,0,0
37.5001,0,0,0,0,0,0,0,0,0,0,0,0,0,0,0,0
37.5101,0,0,0,0,0,0,0,0,0,0,0,0,0,0,0,0
37.5201,0,0,0,0,0,0,0,0,0,0,0,0,0,0,0,0
37.53,0,0,0,0,0,0,0,0,0,0,0,0,0,0,0,0
37.5401,0,0,0,0,0,0,0,0,0,0,0,0,0,0,0,0
37.5501,0,0,0,0,0,0,0,0,0,0,0,0,0,0,0,0
37.5601,0,0,0,0,0,0,0,0,0,0,0,0,0,0,0,0
37.5701,0,0,0,0,0,0,0,0,0,0,0,0,0,0,0,0
37.5801,0,0,0,0,0,0,0,0,0,0,0,0,0,0,0,0
37.5901,0,0,0,0,0,0,0,0,0,0,0,0,0,0,0,0
37.6001,0,0,0,0,0,0,0,0,0,0,0,0,0,0,0,0
37.6101,0,0,0,0,0,0,0,0,0,0,0,0,0,0,0,0
37.6201,0,0,0,0,0,0,0,0,0,0,0,0,0,0,0,0
37.6301,0,0,0,0,0,0,0,0,0,0,0,0,0,0,0,0
37.6401,0,0,0,0,0,0,0,0,0,0,0,0,0,0,0,0
37.6501,0,0,0,0,0,0,0,0,0,0,0,0,0,0,0,0
37.6601,0,0,0,0,0,0,0,0,0,0,0,0,0,0,0,0
37.6701,0,0,0,0,0,0,0,0,0,0,0,0,0,0,0,0
37.6801,0,0,0,0,0,0,0,0,0,0,0,0,0,0,0,0
37.6901,0,0,0,0,0,0,0,0,0,0,0,0,0,0,0,0
37.7001,0,0,0,0,0,0,0,0,0,0,0,0,0,0,0,0
37.7101,0,0,0,0,0,0,0,0,0,0,0,0,0,0,0,0
37.7201,0,0,0,0,0,0,0,0,0,0,0,0,0,0,0,0
37.7301,0,0,0,0,0,0,0,0,0,0,0,0,0,0,0,0
37.7401,0,0,0,0,0,0,0,0,0,0,0,0,0,0,0,0
37.7501,0,0,0,0,0,0,0,0,0,0,0,0,0,0,0,0
37.7601,0,0,0,0,0,0,0,0,0,0,0,0,0,0,0,0
37.7701,0,0,0,0,0,0,0,0,0,0,0,0,0,0,0,0
37.7801,0,0,0,0,0,0,0,0,0,0,0,0,0,0,0,0
37.7901,0,0,0,0,0,0,0,0,0,0,0,0,0,0,0,0
37.8001,0,0,0,0,0,0,0,0,0,0,0,0,0,0,0,0
37.8101,0,0,0,0,0,0,0,0,0,0,0,0,0,0,0,0
37.8201,0,0,0,0,0,0,0,0,0,0,0,0,0,0,0,0
37.8301,0,0,0,0,0,0,0,0,0,0,0,0,0,0,0,0
37.8401,0,0,0,0,0,0,0,0,0,0,0,0,0,0,0,0
37.8501,0,0,0,0,0,0,0,0,0,0,0,0,0,0,0,0
37.8601,0,0,0,0,0,0,0,0,0,0,0,0,0,0,0,0
37.8701,0,0,0,0,0,0,0,0,0,0,0,0,0,0,0,0
37.8801,0,0,0,0,0,0,0,0,0,0,0,0,0,0,0,0
37.8901,0,0,0,0,0,0,0,0,0,0,0,0,0,0,0,0
37.9001,0,0,0,0,0,0,0,0,0,0,0,0,0,0,0,0
37.9101,0,0,0,0,0,0,0,0,0,0,0,0,0,0,0,0
37.92,0,0,0,0,0,0,0,0,0,0,0,0,0,0,0,0
37.9301,0,0,0,0,0,0,0,0,0,0,0,0,0,0,0,0
37.9401,0,0,0,0,0,0,0,0,0,0,0,0,0,0,0,0
37.9501,0,0,0,0,0,0,0,0,0,0,0,0,0,0,0,0
37.9601,0,0,0,0,0,0,0,0,0,0,0,0,0,0,0,0
37.9701,0,0,0,0,0,0,0,0,0,0,0,0,0,0,0,0
37.9801,0,0,0,0,0,0,0,0,0,0,0,0,0,0,0,0
37.9901,0,0,0,0,0,0,0,0,0,0,0,0,0,0,0,0
38.0001,0,0,0,0,0,0,0,0,0,0,0,0,0,0,0,0
38.0101,0,0,0,0,0,0,0,0,0,0,0,0,0,0,0,0
38.0201,0,0,0,0,0,0,0,0,0,0,0,0,0,0,0,0
38.0301,0,0,0,0,0,0,0,0,0,0,0,0,0,0,0,0
38.0401,0,0,0,0,0,0,0,0,0,0,0,0,0,0,0,0
38.0501,0,0,0,0,0,0,0,0,0,0,0,0,0,0,0,0
38.0601,0,0,0,0,0,0,0,0,0,0,0,0,0,0,0,0
38.0701,0,0,0,0,0,0,0,0,0,0,0,0,0,0,0,0
38.0801,0,0,0,0,0,0,0,0,0,0,0,0,0,0,0,0
38.0901,0,0,0,0,0,0,0,0,0,0,0,0,0,0,0,0
38.1001,0,0,0,0,0,0,0,0,0,0,0,0,0,0,0,0
38.1101,0,0,0,0,0,0,0,0,0,0,0,0,0,0,0,0
38.1201,0,0,0,0,0,0,0,0,0,0,0,0,0,0,0,0
38.1301,0,0,0,0,0,0,0,0,0,0,0,0,0,0,0,0
38.1401,0,0,0,0,0,0,0,0,0,0,0,0,0,0,0,0
38.1501,0,0,0,0,0,0,0,0,0,0,0,0,0,0,0,0
38.1601,0,0,0,0,0,0,0,0,0,0,0,0,0,0,0,0
38.1701,0,0,0,0,0,0,0,0,0,0,0,0,0,0,0,0
38.1801,0,0,0,0,0,0,0,0,0,0,0,0,0,0,0,0
38.19,0,0,0,0,0,0,0,0,0,0,0,0,0,0,0,0
38.2001,0,0,0,0,0,0,0,0,0,0,0,0,0,0,0,0
38.2101,0,0,0,0,0,0,0,0,0,0,0,0,0,0,0,0
38.2201,0,0,0,0,0,0,0,0,0,0,0,0,0,0,0,0
38.2301,0,0,0,0,0,0,0,0,0,0,0,0,0,0,0,0
38.2401,0,0,0,0,0,0,0,0,0,0,0,0,0,0,0,0
38.2501,0,0,0,0,0,0,0,0,0,0,0,0,0,0,0,0
38.2601,0,0,0,0,0,0,0,0,0,0,0,0,0,0,0,0
38.2701,0,0,0,0,0,0,0,0,0,0,0,0,0,0,0,0
38.2801,0,0,0,0,0,0,0,0,0,0,0,0,0,0,0,0
38.2901,0,0,0,0,0,0,0,0,0,0,0,0,0,0,0,0
38.3001,0,0,0,0,0,0,0,0,0,0,0,0,0,0,0,0
38.3101,0,0,0,0,0,0,0,0,0,0,0,0,0,0,0,0
38.3201,0,0,0,0,0,0,0,0,0,0,0,0,0,0,0,0
38.3301,0,0,0,0,0,0,0,0,0,0,0,0,0,0,0,0
38.3401,0,0,0,0,0,0,0,0,0,0,0,0,0,0,0,0
38.3501,0,0,0,0,0,0,0,0,0,0,0,0,0,0,0,0
38.3601,0,0,0,0,0,0,0,0,0,0,0,0,0,0,0,0
38.3701,0,0,0,0,0,0,0,0,0,0,0,0,0,0,0,0
38.3801,0,0,0,0,0,0,0,0,0,0,0,0,0,0,0,0
38.3901,0,0,0,0,0,0,0,0,0,0,0,0,0,0,0,0
38.4001,0,0,0,0,0,0,0,0,0,0,0,0,0,0,0,0
38.4101,0,0,0,0,0,0,0,0,0,0,0,0,0,0,0,0
38.4201,0,0,0,0,0,0,0,0,0,0,0,0,0,0,0,0
38.4301,0,0,0,0,0,0,0,0,0,0,0,0,0,0,0,0
38.4401,0,0,0,0,0,0,0,0,0,0,0,0,0,0,0,0
38.4501,0,0,0,0,0,0,0,0,0,0,0,0,0,0,0,0
38.4601,0,0,0,0,0,0,0,0,0,0,0,0,0,0,0,0
38.4701,0,0,0,0,0,0,0,0,0,0,0,0,0,0,0,0
38.4801,0,0,0,0,0,0,0,0,0,0,0,0,0,0,0,0
38.4901,0,0,0,0,0,0,0,0,0,0,0,0,0,0,0,0
38.5001,0,0,0,0,0,0,0,0,0,0,0,0,0,0,0,0
38.5101,0,0,0,0,0,0,0,0,0,0,0,0,0,0,0,0
38.5201,0,0,0,0,0,0,0,0,0,0,0,0,0,0,0,0
38.5301,0,0,0,0,0,0,0,0,0,0,0,0,0,0,0,0
38.5401,0,0,0,0,0,0,0,0,0,0,0,0,0,0,0,0
38.5501,0,0,0,0,0,0,0,0,0,0,0,0,0,0,0,0
38.5601,0,0,0,0,0,0,0,0,0,0,0,0,0,0,0,0
38.5701,0,0,0,0,0,0,0,0,0,0,0,0,0,0,0,0
38.5801,0,0,0,0,0,0,0,0,0,0,0,0,0,0,0,0
38.5901,0,0,0,0,0,0,0,0,0,0,0,0,0,0,0,0
38.6001,0,0,0,0,0,0,0,0,0,0,0,0,0,0,0,0
38.6101,0,0,0,0,0,0,0,0,0,0,0,0,0,0,0,0
38.6201,0,0,0,0,0,0,0,0,0,0,0,0,0,0,0,0
38.6301,0,0,0,0,0,0,0,0,0,0,0,0,0,0,0,0
38.6401,0,0,0,0,0,0,0,0,0,0,0,0,0,0,0,0
38.6501,0,0,0,0,0,0,0,0,0,0,0,0,0,0,0,0
38.6601,0,0,0,0,0,0,0,0,0,0,0,0,0,0,0,0
38.6701,0,0,0,0,0,0,0,0,0,0,0,0,0,0,0,0
38.6801,0,0,0,0,0,0,0,0,0,0,0,0,0,0,0,0
38.6901,0,0,0,0,0,0,0,0,0,0,0,0,0,0,0,0
38.7001,0,0,0,0,0,0,0,0,0,0,0,0,0,0,0,0
38.7101,0,0,0,0,0,0,0,0,0,0,0,0,0,0,0,0
38.7201,0,0,0,0,0,0,0,0,0,0,0,0,0,0,0,0
38.7301,0,0,0,0,0,0,0,0,0,0,0,0,0,0,0,0
38.7401,0,0,0,0,0,0,0,0,0,0,0,0,0,0,0,0
38.7501,0,0,0,0,0,0,0,0,0,0,0,0,0,0,0,0
38.7601,0,0,0,0,0,0,0,0,0,0,0,0,0,0,0,0
38.7701,0,0,0,0,0,0,0,0,0,0,0,0,0,0,0,0
38.7801,0,0,0,0,0,0,0,0,0,0,0,0,0,0,0,0
38.7901,0,0,0,0,0,0,0,0,0,0,0,0,0,0,0,0
38.8001,0,0,0,0,0,0,0,0,0,0,0,0,0,0,0,0
38.8101,0,0,0,0,0,0,0,0,0,0,0,0,0,0,0,0
38.8201,0,0,0,0,0,0,0,0,0,0,0,0,0,0,0,0
38.8301,0,0,0,0,0,0,0,0,0,0,0,0,0,0,0,0
38.8401,0,0,0,0,0,0,0,0,0,0,0,0,0,0,0,0
38.8501,0,0,0,0,0,0,0,0,0,0,0,0,0,0,0,0
38.8601,0,0,0,0,0,0,0,0,0,0,0,0,0,0,0,0
38.8701,0,0,0,0,0,0,0,0,0,0,0,0,0,0,0,0
38.8801,0,0,0,0,0,0,0,0,0,0,0,0,0,0,0,0
38.8901,0,0,0,0,0,0,0,0,0,0,0,0,0,0,0,0
38.9001,0,0,0,0,0,0,0,0,0,0,0,0,0,0,0,0
38.9101,0,0,0,0,0,0,0,0,0,0,0,0,0,0,0,0
38.9201,0,0,0,0,0,0,0,0,0,0,0,0,0,0,0,0
38.9301,0,0,0,0,0,0,0,0,0,0,0,0,0,0,0,0
38.9401,0,0,0,0,0,0,0,0,0,0,0,0,0,0,0,0
38.9501,0,0,0,0,0,0,0,0,0,0,0,0,0,0,0,0
38.9601,0,0,0,0,0,0,0,0,0,0,0,0,0,0,0,0
38.9701,0,0,0,0,0,0,0,0,0,0,0,0,0,0,0,0
38.9801,0,0,0,0,0,0,0,0,0,0,0,0,0,0,0,0
38.9901,0,0,0,0,0,0,0,0,0,0,0,0,0,0,0,0
39.0001,0,0,0,0,0,0,0,0,0,0,0,0,0,0,0,0
39.0101,0,0,0,0,0,0,0,0,0,0,0,0,0,0,0,0
39.0201,0,0,0,0,0,0,0,0,0,0,0,0,0,0,0,0
39.0301,0,0,0,0,0,0,0,0,0,0,0,0,0,0,0,0
39.0401,0,0,0,0,0,0,0,0,0,0,0,0,0,0,0,0
39.0501,0,0,0,0,0,0,0,0,0,0,0,0,0,0,0,0
39.0601,0,0,0,0,0,0,0,0,0,0,0,0,0,0,0,0
39.0701,0,0,0,0,0,0,0,0,0,0,0,0,0,0,0,0
39.0801,0,0,0,0,0,0,0,0,0,0,0,0,0,0,0,0
39.0901,0,0,0,0,0,0,0,0,0,0,0,0,0,0,0,0
39.1001,0,0,0,0,0,0,0,0,0,0,0,0,0,0,0,0
39.1101,0,0,0,0,0,0,0,0,0,0,0,0,0,0,0,0
39.1201,0,0,0,0,0,0,0,0,0,0,0,0,0,0,0,0
39.1301,0,0,0,0,0,0,0,0,0,0,0,0,0,0,0,0
39.1401,0,0,0,0,0,0,0,0,0,0,0,0,0,0,0,0
39.1501,0,0,0,0,0,0,0,0,0,0,0,0,0,0,0,0
39.1601,0,0,0,0,0,0,0,0,0,0,0,0,0,0,0,0
39.1701,0,0,0,0,0,0,0,0,0,0,0,0,0,0,0,0
39.1801,0,0,0,0,0,0,0,0,0,0,0,0,0,0,0,0
39.1901,0,0,0,0,0,0,0,0,0,0,0,0,0,0,0,0
39.2001,0,0,0,0,0,0,0,0,0,0,0,0,0,0,0,0
39.2101,0,0,0,0,0,0,0,0,0,0,0,0,0,0,0,0
39.2201,0,0,0,0,0,0,0,0,0,0,0,0,0,0,0,0
39.2301,0,0,0,0,0,0,0,0,0,0,0,0,0,0,0,0
39.2401,0,0,0,0,0,0,0,0,0,0,0,0,0,0,0,0
39.2501,0,0,0,0,0,0,0,0,0,0,0,0,0,0,0,0
39.2601,0,0,0,0,0,0,0,0,0,0,0,0,0,0,0,0
39.2701,0,0,0,0,0,0,0,0,0,0,0,0,0,0,0,0
39.2801,0,0,0,0,0,0,0,0,0,0,0,0,0,0,0,0
39.2901,3.7253e-27,-3.7253e-27,3.7253e-27,-3.7253e-27,0.08,0.08,0.08,0.08,3.7253e-27,-3.7253e-27,3.7253e-27,-3.7253e-27,0.08,0.08,0.08,0.08
39.3001,3.7253e-27,-3.7253e-27,3.7253e-27,-3.7253e-27,0.08,0.08,0.08,0.08,3.7253e-27,-3.7253e-27,3.7253e-27,-3.7253e-27,0.08,0.08,0.08,0.08
39.3101,3.7253e-27,-3.7253e-27,3.7253e-27,-3.7253e-27,0.08,0.08,0.08,0.08,3.7253e-27,-3.7253e-27,3.7253e-27,-3.7253e-27,0.08,0.08,0.08,0.08
39.3201,3.7253e-27,-3.7253e-27,3.7253e-27,-3.7253e-27,0.08,0.08,0.08,0.08,3.7253e-27,-3.7253e-27,3.7253e-27,-3.7253e-27,0.08,0.08,0.08,0.08
39.3301,3.7253e-27,-3.7253e-27,3.7253e-27,-3.7253e-27,0.08,0.08,0.08,0.08,3.7253e-27,-3.7253e-27,3.7253e-27,-3.7253e-27,0.08,0.08,0.08,0.08
39.3401,2.69153e-27,-2.69153e-27,2.69153e-27,-2.69153e-27,0.0578,0.0578,0.0578,0.0578,2.69153e-27,-2.69153e-27,2.69153e-27,-2.69153e-27,0.0578,0.0578,0.0578,0.0578
39.3501,2.69153e-27,-2.69153e-27,2.69153e-27,-2.69153e-27,0.0578,0.0578,0.0578,0.0578,2.69153e-27,-2.69153e-27,2.69153e-27,-2.69153e-27,0.0578,0.0578,0.0578,0.0578
39.3601,2.69153e-27,-2.69153e-27,2.69153e-27,-2.69153e-27,0.0578,0.0578,0.0578,0.0578,2.69153e-27,-2.69153e-27,2.69153e-27,-2.69153e-27,0.0578,0.0578,0.0578,0.0578
39.3701,2.69153e-27,-2.69153e-27,2.69153e-27,-2.69153e-27,0.0578,0.0578,0.0578,0.0578,2.69153e-27,-2.69153e-27,2.69153e-27,-2.69153e-27,0.0578,0.0578,0.0578,0.0578
39.3801,2.69153e-27,-2.69153e-27,2.69153e-27,-2.69153e-27,0.0578,0.0578,0.0578,0.0578,2.69153e-27,-2.69153e-27,2.69153e-27,-2.69153e-27,0.0578,0.0578,0.0578,0.0578
39.3901,1.94463e-27,-1.94463e-27,1.94463e-27,-1.94463e-27,0.0417605,0.0417605,0.0417605,0.0417605,1.94463e-27,-1.94463e-27,1.94463e-27,-1.94463e-27,0.0417605,0.0417605,0.0417605,0.0417605
39.4001,1.94463e-27,-1.94463e-27,1.94463e-27,-1.94463e-27,0.0417605,0.0417605,0.0417605,0.0417605,1.94463e-27,-1.94463e-27,1.94463e-27,-1.94463e-27,0.0417605,0.0417605,0.0417605,0.0417605
39.4101,1.94463e-27,-1.94463e-27,1.94463e-27,-1.94463e-27,0.0417605,0.0417605,0.0417605,0.0417605,1.94463e-27,-1.94463e-27,1.94463e-27,-1.94463e-27,0.0417605,0.0417605,0.0417605,0.0417605
39.4201,1.94463e-27,-1.94463e-27,1.94463e-27,-1.94463e-27,0.0417605,0.0417605,0.0417605,0.0417605,1.94463e-27,-1.94463e-27,1.94463e-27,-1.94463e-27,0.0417605,0.0417605,0.0417605,0.0417605
39.4301,1.94463e-27,-1.94463e-27,1.94463e-27,-1.94463e-27,0.0417605,0.0417605,0.0417605,0.0417605,1.94463e-27,-1.94463e-27,1.94463e-27,-1.94463e-27,0.0417605,0.0417605,0.0417605,0.0417605
39.4401,1.40499e-27,-1.40499e-27,1.40499e-27,-1.40499e-27,0.030172,0.030172,0.030172,0.030172,1.40499e-27,-1.40499e-27,1.40499e-27,-1.40499e-27,0.030172,0.030172,0.030172,0.030172
39.4501,1.40499e-27,-1.40499e-27,1.40499e-27,-1.40499e-27,0.030172,0.030172,0.030172,0.030172,1.40499e-27,-1.40499e-27,1.40499e-27,-1.40499e-27,0.030172,0.030172,0.030172,0.030172
39.4601,1.40499e-27,-1.40499e-27,1.40499e-27,-1.40499e-27,0.030172,0.030172,0.030172,0.030172,1.40499e-27,-1.40499e-27,1.40499e-27,-1.40499e-27,0.030172,0.030172,0.030172,0.030172
39.4701,1.40499e-27,-1.40499e-27,1.40499e-27,-1.40499e-27,0.030172,0.030172,0.030172,0.030172,1.40499e-27,-1.40499e-27,1.40499e-27,-1.40499e-27,0.030172,0.030172,0.030172,0.030172
39.4801,1.40499e-27,-1.40499e-27,1.40499e-27,-1.40499e-27,0.030172,0.030172,0.030172,0.030172,1.40499e-27,-1.40499e-27,1.40499e-27,-1.40499e-27,0.030172,0.030172,0.030172,0.030172
39.4901,1.01511e-27,-1.01511e-27,1.01511e-27,-1.01511e-27,0.0217992,0.0217992,0.0217992,0.0217992,1.01511e-27,-1.01511e-27,1.01511e-27,-1.01511e-27,0.0217992,0.0217992,0.0217992,0.0217992
39.5001,1.01511e-27,-1.01511e-27,1.01511e-27,-1.01511e-27,0.0217992,0.0217992,0.0217992,0.0217992,1.01511e-27,-1.01511e-27,1.01511e-27,-1.01511e-27,0.0217992,0.0217992,0.0217992,0.0217992
39.5101,1.01511e-27,-1.01511e-27,1.01511e-27,-1.01511e-27,0.0217992,0.0217992,0.0217992,0.0217992,1.01511e-27,-1.01511e-27,1.01511e-27,-1.01511e-27,0.0217992,0.0217992,0.0217992,0.0217992
39.5201,1.01511e-27,-1.01511e-27,1.01511e-27,-1.01511e-27,0.0217992,0.0217992,0.0217992,0.0217992,1.01511e-27,-1.01511e-27,1.01511e-27,-1.01511e-27,0.0217992,0.0217992,0.0217992,0.0217992
39.5301,7.33416e-28,-7.33416e-28,7.33416e-28,-7.33416e-28,0.01575,0.01575,0.01575,0.01575,7.33416e-28,-7.33416e-28,7.33416e-28,-7.33416e-28,0.01575,0.01575,0.01575,0.01575
39.5401,7.33416e-28,-7.33416e-28,7.33416e-28,-7.33416e-28,0.01575,0.01575,0.01575,0.01575,7.33416e-28,-7.33416e-28,7.33416e-28,-7.33416e-28,0.01575,0.01575,0.01575,0.01575
39.5501,7.33416e-28,-7.33416e-28,7.33416e-28,-7.33416e-28,0.01575,0.01575,0.01575,0.01575,7.33416e-28,-7.33416e-28,7.33416e-28,-7.33416e-28,0.01575,0.01575,0.01575,0.01575
39.5601,7.33416e-28,-7.33416e-28,7.33416e-28,-7.33416e-28,0.01575,0.01575,0.01575,0.01575,7.33416e-28,-7.33416e-28,7.33416e-28,-7.33416e-28,0.01575,0.01575,0.01575,0.01575
39.5701,7.33416e-28,-7.33416e-28,7.33416e-28,-7.33416e-28,0.01575,0.01575,0.01575,0.01575,7.33416e-28,-7.33416e-28,7.33416e-28,-7.33416e-28,0.01575,0.01575,0.01575,0.01575
39.5801,7.33416e-28,-7.33416e-28,7.33416e-28,-7.33416e-28,0.01575,0.01575,0.01575,0.01575,7.33416e-28,-7.33416e-28,7.33416e-28,-7.33416e-28,0.01575,0.01575,0.01575,0.01575
39.5901,5.29893e-28,-5.29893e-28,5.29893e-28,-5.29893e-28,0.0113793,0.0113793,0.0113793,0.0113793,5.29893e-28,-5.29893e-28,5.29893e-28,-5.29893e-28,0.0113793,0.0113793,0.0113793,0.0113793
39.6001,5.29893e-28,-5.29893e-28,5.29893e-28,-5.29893e-28,0.0113793,0.0113793,0.0113793,0.0113793,5.29893e-28,-5.29893e-28,5.29893e-28,-5.29893e-28,0.0113793,0.0113793,0.0113793,0.0113793
39.6101,5.29893e-28,-5.29893e-28,5.29893e-28,-5.29893e-28,0.0113793,0.0113793,0.0113793,0.0113793,5.29893e-28,-5.29893e-28,5.29893e-28,-5.29893e-28,0.0113793,0.0113793,0.0113793,0.0113793
39.6201,5.29893e-28,-5.29893e-28,5.29893e-28,-5.29893e-28,0.0113793,0.0113793,0.0113793,0.0113793,5.29893e-28,-5.29893e-28,5.29893e-28,-5.29893e-28,0.0113793,0.0113793,0.0113793,0.0113793
39.6301,5.29893e-28,-5.29893e-28,5.29893e-28,-5.29893e-28,0.0113793,0.0113793,0.0113793,0.0113793,5.29893e-28,-5.29893e-28,5.29893e-28,-5.29893e-28,0.0113793,0.0113793,0.0113793,0.0113793
39.6401,3.82848e-28,-3.82848e-28,3.82848e-28,-3.82848e-28,0.00822157,0.00822157,0.00822157,0.00822157,3.82848e-28,-3.82848e-28,3.82848e-28,-3.82848e-28,0.00822157,0.00822157,0.00822157,0.00822157
39.6501,3.82848e-28,-3.82848e-28,3.82848e-28,-3.82848e-28,0.00822157,0.00822157,0.00822157,0.00822157,3.82848e-28,-3.82848e-28,3.82848e-28,-3.82848e-28,0.00822157,0.00822157,0.00822157,0.00822157
39.6601,3.82848e-28,-3.82848e-28,3.82848e-28,-3.82848e-28,0.00822157,0.00822157,0.00822157,0.00822157,3.82848e-28,-3.82848e-28,3.82848e-28,-3.82848e-28,0.00822157,0.00822157,0.00822157,0.00822157
39.6701,3.82848e-28,-3.82848e-28,3.82848e-28,-3.82848e-28,0.00822157,0.00822157,0.00822157,0.00822157,3.82848e-28,-3.82848e-28,3.82848e-28,-3.82848e-28,0.00822157,0.00822157,0.00822157,0.00822157
39.6801,3.82848e-28,-3.82848e-28,3.82848e-28,-3.82848e-28,0.00822157,0.00822157,0.00822157,0.00822157,3.82848e-28,-3.82848e-28,3.82848e-28,-3.82848e-28,0.00822157,0.00822157,0.00822157,0.00822157
39.6901,2.76608e-28,-2.76608e-28,2.76608e-28,-2.76608e-28,0.00594009,0.00594009,0.00594009,0.00594009,2.76608e-28,-2.76608e-28,2.76608e-28,-2.76608e-28,0.00594009,0.00594009,0.00594009,0.00594009
39.7001,2.76608e-28,-2.76608e-28,2.76608e-28,-2.76608e-28,0.00594009,0.00594009,0.00594009,0.00594009,2.76608e-28,-2.76608e-28,2.76608e-28,-2.76608e-28,0.00594009,0.00594009,0.00594009,0.00594009
39.7101,2.76608e-28,-2.76608e-28,2.76608e-28,-2.76608e-28,0.00594009,0.00594009,0.00594009,0.00594009,2.76608e-28,-2.76608e-28,2.76608e-28,-2.76608e-28,0.00594009,0.00594009,0.00594009,0.00594009
39.7201,0,0,0,0,0,0,0,0,0,0,0,0,0,0,0,0
39.7301,0,0,0,0,0,0,0,0,0,0,0,0,0,0,0,0
39.7401,0,0,0,0,0,0,0,0,0,0,0,0,0,0,0,0
39.7501,0,0,0,0,0,0,0,0,0,0,0,0,0,0,0,0
39.7601,0,0,0,0,0,0,0,0,0,0,0,0,0,0,0,0
39.7701,0,0,0,0,0,0,0,0,0,0,0,0,0,0,0,0
39.7801,0,0,0,0,0,0,0,0,0,0,0,0,0,0,0,0
39.7901,1.69872e-28,-1.69872e-28,1.69872e-28,-1.69872e-28,0.083648,0.083648,0.083648,0.083648,1.69872e-28,-1.69872e-28,1.69872e-28,-1.69872e-28,0.083648,0.083648,0.083648,0.083648
39.8001,1.69872e-28,-1.69872e-28,1.69872e-28,-1.69872e-28,0.083648,0.083648,0.083648,0.083648,1.69872e-28,-1.69872e-28,1.69872e-28,-1.69872e-28,0.083648,0.083648,0.083648,0.083648
39.8101,1.69872e-28,-1.69872e-28,1.69872e-28,-1.69872e-28,0.083648,0.083648,0.083648,0.083648,1.69872e-28,-1.69872e-28,1.69872e-28,-1.69872e-28,0.083648,0.083648,0.083648,0.083648
39.82,1.69872e-28,-1.69872e-28,1.69872e-28,-1.69872e-28,0.083648,0.083648,0.083648,0.083648,1.69872e-28,-1.69872e-28,1.69872e-28,-1.69872e-28,0.083648,0.083648,0.083648,0.083648
39.8301,1.69872e-28,-1.69872e-28,1.69872e-28,-1.69872e-28,0.083648,0.083648,0.083648,0.083648,1.69872e-28,-1.69872e-28,1.69872e-28,-1.69872e-28,0.083648,0.083648,0.083648,0.083648
39.8401,1.69872e-28,-1.69872e-28,1.69872e-28,-1.69872e-28,0.243648,0.243648,0.243648,0.243648,1.69872e-28,-1.69872e-28,1.69872e-28,-1.69872e-28,0.243648,0.243648,0.243648,0.243648
39.8501,1.69872e-28,-1.69872e-28,1.69872e-28,-1.69872e-28,0.243648,0.243648,0.243648,0.243648,1.69872e-28,-1.69872e-28,1.69872e-28,-1.69872e-28,0.243648,0.243648,0.243648,0.243648
39.8601,1.69872e-28,-1.69872e-28,1.69872e-28,-1.69872e-28,0.243648,0.243648,0.243648,0.243648,1.69872e-28,-1.69872e-28,1.69872e-28,-1.69872e-28,0.243648,0.243648,0.243648,0.243648
39.8701,1.69872e-28,-1.69872e-28,1.69872e-28,-1.69872e-28,0.243648,0.243648,0.243648,0.243648,1.69872e-28,-1.69872e-28,1.69872e-28,-1.69872e-28,0.243648,0.243648,0.243648,0.243648
39.8801,1.69872e-28,-1.69872e-28,1.69872e-28,-1.69872e-28,0.243648,0.243648,0.243648,0.243648,1.69872e-28,-1.69872e-28,1.69872e-28,-1.69872e-28,0.243648,0.243648,0.243648,0.243648
39.8901,1.69872e-28,-1.69872e-28,1.69872e-28,-1.69872e-28,0.243648,0.243648,0.243648,0.243648,1.69872e-28,-1.69872e-28,1.69872e-28,-1.69872e-28,0.243648,0.243648,0.243648,0.243648
39.9001,1.44391e-28,-1.44391e-28,1.44391e-28,-1.44391e-28,0.287101,0.287101,0.287101,0.287101,1.44391e-28,-1.44391e-28,1.44391e-28,-1.44391e-28,0.287101,0.287101,0.287101,0.287101
39.9101,1.44391e-28,-1.44391e-28,1.44391e-28,-1.44391e-28,0.287101,0.287101,0.287101,0.287101,1.44391e-28,-1.44391e-28,1.44391e-28,-1.44391e-28,0.287101,0.287101,0.287101,0.287101
39.9201,1.44391e-28,-1.44391e-28,1.44391e-28,-1.44391e-28,0.287101,0.287101,0.287101,0.287101,1.44391e-28,-1.44391e-28,1.44391e-28,-1.44391e-28,0.287101,0.287101,0.287101,0.287101
39.9301,1.44391e-28,-1.44391e-28,1.44391e-28,-1.44391e-28,0.287101,0.287101,0.287101,0.287101,1.44391e-28,-1.44391e-28,1.44391e-28,-1.44391e-28,0.287101,0.287101,0.287101,0.287101
39.9401,1.22732e-28,-1.22732e-28,1.22732e-28,-1.22732e-28,0.324036,0.324036,0.324036,0.324036,1.22732e-28,-1.22732e-28,1.22732e-28,-1.22732e-28,0.324036,0.324036,0.324036,0.324036
39.9501,1.22732e-28,-1.22732e-28,1.22732e-28,-1.22732e-28,0.324036,0.324036,0.324036,0.324036,1.22732e-28,-1.22732e-28,1.22732e-28,-1.22732e-28,0.324036,0.324036,0.324036,0.324036
39.9601,1.22732e-28,-1.22732e-28,1.22732e-28,-1.22732e-28,0.324036,0.324036,0.324036,0.324036,1.22732e-28,-1.22732e-28,1.22732e-28,-1.22732e-28,0.324036,0.324036,0.324036,0.324036
39.9701,1.22732e-28,-1.22732e-28,1.22732e-28,-1.22732e-28,0.324036,0.324036,0.324036,0.324036,1.22732e-28,-1.22732e-28,1.22732e-28,-1.22732e-28,0.324036,0.324036,0.324036,0.324036
39.9801,1.22732e-28,-1.22732e-28,1.22732e-28,-1.22732e-28,0.324036,0.324036,0.324036,0.324036,1.22732e-28,-1.22732e-28,1.22732e-28,-1.22732e-28,0.324036,0.324036,0.324036,0.324036
39.9901,1.22732e-28,-1.22732e-28,1.22732e-28,-1.22732e-28,0.324036,0.324036,0.324036,0.324036,1.22732e-28,-1.22732e-28,1.22732e-28,-1.22732e-28,0.324036,0.324036,0.324036,0.324036
40.0001,1.22732e-28,-1.22732e-28,1.22732e-28,-1.22732e-28,0.484036,0.484036,0.484036,0.484036,1.22732e-28,-1.22732e-28,1.22732e-28,-1.22732e-28,0.484036,0.484036,0.484036,0.484036
40.0101,1.22732e-28,-1.22732e-28,1.22732e-28,-1.22732e-28,0.484036,0.484036,0.484036,0.484036,1.22732e-28,-1.22732e-28,1.22732e-28,-1.22732e-28,0.484036,0.484036,0.484036,0.484036
40.0201,1.22732e-28,-1.22732e-28,1.22732e-28,-1.22732e-28,0.484036,0.484036,0.484036,0.484036,1.22732e-28,-1.22732e-28,1.22732e-28,-1.22732e-28,0.484036,0.484036,0.484036,0.484036
40.0301,1.22732e-28,-1.22732e-28,1.22732e-28,-1.22732e-28,0.484036,0.484036,0.484036,0.484036,1.22732e-28,-1.22732e-28,1.22732e-28,-1.22732e-28,0.484036,0.484036,0.484036,0.484036
40.0401,1.04322e-28,-1.04322e-28,1.04322e-28,-1.04322e-28,0.47943,0.47943,0.47943,0.47943,1.04322e-28,-1.04322e-28,1.04322e-28,-1.04322e-28,0.47943,0.47943,0.47943,0.47943
40.0501,1.04322e-28,-1.04322e-28,1.04322e-28,-1.04322e-28,0.47943,0.47943,0.47943,0.47943,1.04322e-28,-1.04322e-28,1.04322e-28,-1.04322e-28,0.47943,0.47943,0.47943,0.47943
40.0601,1.04322e-28,-1.04322e-28,1.04322e-28,-1.04322e-28,0.47943,0.47943,0.47943,0.47943,1.04322e-28,-1.04322e-28,1.04322e-28,-1.04322e-28,0.47943,0.47943,0.47943,0.47943
40.0701,1.04322e-28,-1.04322e-28,1.04322e-28,-1.04322e-28,0.47943,0.47943,0.47943,0.47943,1.04322e-28,-1.04322e-28,1.04322e-28,-1.04322e-28,0.47943,0.47943,0.47943,0.47943
40.0801,1.04322e-28,-1.04322e-28,1.04322e-28,-1.04322e-28,0.47943,0.47943,0.47943,0.47943,1.04322e-28,-1.04322e-28,1.04322e-28,-1.04322e-28,0.47943,0.47943,0.47943,0.47943
40.0901,1.04322e-28,-1.04322e-28,1.04322e-28,-1.04322e-28,0.47943,0.47943,0.47943,0.47943,1.04322e-28,-1.04322e-28,1.04322e-28,-1.04322e-28,0.47943,0.47943,0.47943,0.47943
40.1001,1.04322e-28,-1.04322e-28,1.04322e-28,-1.04322e-28,0.63943,0.63943,0.63943,0.63943,1.04322e-28,-1.04322e-28,1.04322e-28,-1.04322e-28,0.63943,0.63943,0.63943,0.63943
40.1101,1.04322e-28,-1.04322e-28,1.04322e-28,-1.04322e-28,0.63943,0.63943,0.63943,0.63943,1.04322e-28,-1.04322e-28,1.04322e-28,-1.04322e-28,0.63943,0.63943,0.63943,0.63943
40.1201,1.04322e-28,-1.04322e-28,1.04322e-28,-1.04322e-28,0.63943,0.63943,0.63943,0.63943,1.04322e-28,-1.04322e-28,1.04322e-28,-1.04322e-28,0.63943,0.63943,0.63943,0.63943
40.1301,1.04322e-28,-1.04322e-28,1.04322e-28,-1.04322e-28,0.63943,0.63943,0.63943,0.63943,1.04322e-28,-1.04322e-28,1.04322e-28,-1.04322e-28,0.63943,0.63943,0.63943,0.63943
40.1401,8.8674e-29,-8.8674e-29,8.8674e-29,-8.8674e-29,0.611516,0.611516,0.611516,0.611516,8.8674e-29,-8.8674e-29,8.8674e-29,-8.8674e-29,0.611516,0.611516,0.611516,0.611516
40.1501,8.8674e-29,-8.8674e-29,8.8674e-29,-8.8674e-29,0.611516,0.611516,0.611516,0.611516,8.8674e-29,-8.8674e-29,8.8674e-29,-8.8674e-29,0.611516,0.611516,0.611516,0.611516
40.1601,8.8674e-29,-8.8674e-29,8.8674e-29,-8.8674e-29,0.611516,0.611516,0.611516,0.611516,8.8674e-29,-8.8674e-29,8.8674e-29,-8.8674e-29,0.611516,0.611516,0.611516,0.611516
40.1701,8.8674e-29,-8.8674e-29,8.8674e-29,-8.8674e-29,0.611516,0.611516,0.611516,0.611516,8.8674e-29,-8.8674e-29,8.8674e-29,-8.8674e-29,0.611516,0.611516,0.611516,0.611516
40.1801,8.8674e-29,-8.8674e-29,8.8674e-29,-8.8674e-29,0.611516,0.611516,0.611516,0.611516,8.8674e-29,-8.8674e-29,8.8674e-29,-8.8674e-29,0.611516,0.611516,0.611516,0.611516
40.1901,8.8674e-29,-8.8674e-29,8.8674e-29,-8.8674e-29,0.611516,0.611516,0.611516,0.611516,8.8674e-29,-8.8674e-29,8.8674e-29,-8.8674e-29,0.611516,0.611516,0.611516,0.611516
40.2001,8.8674e-29,-8.8674e-29,8.8674e-29,-8.8674e-29,0.771516,0.771516,0.771516,0.771516,8.8674e-29,-8.8674e-29,8.8674e-29,-8.8674e-29,0.771516,0.771516,0.771516,0.771516
40.2101,8.8674e-29,-8.8674e-29,8.8674e-29,-8.8674e-29,0.771516,0.771516,0.771516,0.771516,8.8674e-29,-8.8674e-29,8.8674e-29,-8.8674e-29,0.771516,0.771516,0.771516,0.771516
40.2201,8.8674e-29,-8.8674e-29,8.8674e-29,-8.8674e-29,0.771516,0.771516,0.771516,0.771516,8.8674e-29,-8.8674e-29,8.8674e-29,-8.8674e-29,0.771516,0.771516,0.771516,0.771516
40.2301,8.8674e-29,-8.8674e-29,8.8674e-29,-8.8674e-29,0.771516,0.771516,0.771516,0.771516,8.8674e-29,-8.8674e-29,8.8674e-29,-8.8674e-29,0.771516,0.771516,0.771516,0.771516
40.2401,8.8674e-29,-8.8674e-29,8.8674e-29,-8.8674e-29,0.931516,0.931516,0.931516,0.931516,8.8674e-29,-8.8674e-29,8.8674e-29,-8.8674e-29,0.931516,0.931516,0.931516,0.931516
40.2501,8.8674e-29,-8.8674e-29,8.8674e-29,-8.8674e-29,0.931516,0.931516,0.931516,0.931516,8.8674e-29,-8.8674e-29,8.8674e-29,-8.8674e-29,0.931516,0.931516,0.931516,0.931516
40.2601,8.8674e-29,-8.8674e-29,8.8674e-29,-8.8674e-29,0.931516,0.931516,0.931516,0.931516,8.8674e-29,-8.8674e-29,8.8674e-29,-8.8674e-29,0.931516,0.931516,0.931516,0.931516
40.2701,8.8674e-29,-8.8674e-29,8.8674e-29,-8.8674e-29,0.931516,0.931516,0.931516,0.931516,8.8674e-29,-8.8674e-29,8.8674e-29,-8.8674e-29,0.931516,0.931516,0.931516,0.931516
40.2801,8.8674e-29,-8.8674e-29,8.8674e-29,-8.8674e-29,0.931516,0.931516,0.931516,0.931516,8.8674e-29,-8.8674e-29,8.8674e-29,-8.8674e-29,0.931516,0.931516,0.931516,0.931516
40.2901,8.8674e-29,-8.8674e-29,8.8674e-29,-8.8674e-29,0.931516,0.931516,0.931516,0.931516,8.8674e-29,-8.8674e-29,8.8674e-29,-8.8674e-29,0.931516,0.931516,0.931516,0.931516
40.3001,7.53729e-29,-7.53729e-29,7.53729e-29,-7.53729e-29,0.871788,0.871788,0.871788,0.871788,7.53729e-29,-7.53729e-29,7.53729e-29,-7.53729e-29,0.871788,0.871788,0.871788,0.871788
40.3101,7.53729e-29,-7.53729e-29,7.53729e-29,-7.53729e-29,0.871788,0.871788,0.871788,0.871788,7.53729e-29,-7.53729e-29,7.53729e-29,-7.53729e-29,0.871788,0.871788,0.871788,0.871788
40.3201,7.53729e-29,-7.53729e-29,7.53729e-29,-7.53729e-29,0.871788,0.871788,0.871788,0.871788,7.53729e-29,-7.53729e-29,7.53729e-29,-7.53729e-29,0.871788,0.871788,0.871788,0.871788
40.3301,7.53729e-29,-7.53729e-29,7.53729e-29,-7.53729e-29,0.871788,0.871788,0.871788,0.871788,7.53729e-29,-7.53729e-29,7.53729e-29,-7.53729e-29,0.871788,0.871788,0.871788,0.871788
40.3401,6.4067e-29,-6.4067e-29,6.4067e-29,-6.4067e-29,0.82102,0.82102,0.82102,0.82102,6.4067e-29,-6.4067e-29,6.4067e-29,-6.4067e-29,0.82102,0.82102,0.82102,0.82102
40.3501,6.4067e-29,-6.4067e-29,6.4067e-29,-6.4067e-29,0.82102,0.82102,0.82102,0.82102,6.4067e-29,-6.4067e-29,6.4067e-29,-6.4067e-29,0.82102,0.82102,0.82102,0.82102
40.3601,6.4067e-29,-6.4067e-29,6.4067e-29,-6.4067e-29,0.82102,0.82102,0.82102,0.82102,6.4067e-29,-6.4067e-29,6.4067e-29,-6.4067e-29,0.82102,0.82102,0.82102,0.82102
40.3701,6.4067e-29,-6.4067e-29,6.4067e-29,-6.4067e-29,0.82102,0.82102,0.82102,0.82102,6.4067e-29,-6.4067e-29,6.4067e-29,-6.4067e-29,0.82102,0.82102,0.82102,0.82102
40.3801,6.4067e-29,-6.4067e-29,6.4067e-29,-6.4067e-29,0.82102,0.82102,0.82102,0.82102,6.4067e-29,-6.4067e-29,6.4067e-29,-6.4067e-29,0.82102,0.82102,0.82102,0.82102
40.3901,6.4067e-29,-6.4067e-29,6.4067e-29,-6.4067e-29,0.82102,0.82102,0.82102,0.82102,6.4067e-29,-6.4067e-29,6.4067e-29,-6.4067e-29,0.82102,0.82102,0.82102,0.82102
40.4001,6.4067e-29,-6.4067e-29,6.4067e-29,-6.4067e-29,0.98102,0.98102,0.98102,0.98102,6.4067e-29,-6.4067e-29,6.4067e-29,-6.4067e-29,0.98102,0.98102,0.98102,0.98102
40.4101,6.4067e-29,-6.4067e-29,6.4067e-29,-6.4067e-29,0.98102,0.98102,0.98102,0.98102,6.4067e-29,-6.4067e-29,6.4067e-29,-6.4067e-29,0.98102,0.98102,0.98102,0.98102
40.4201,6.4067e-29,-6.4067e-29,6.4067e-29,-6.4067e-29,0.98102,0.98102,0.98102,0.98102,6.4067e-29,-6.4067e-29,6.4067e-29,-6.4067e-29,0.98102,0.98102,0.98102,0.98102
40.4301,6.4067e-29,-6.4067e-29,6.4067e-29,-6.4067e-29,0.98102,0.98102,0.98102,0.98102,6.4067e-29,-6.4067e-29,6.4067e-29,-6.4067e-29,0.98102,0.98102,0.98102,0.98102
40.4401,4.62884e-29,-4.62884e-29,4.62884e-29,-4.62884e-29,0.708787,0.708787,0.708787,0.708787,4.62884e-29,-4.62884e-29,4.62884e-29,-4.62884e-29,0.708787,0.708787,0.708787,0.708787
40.4501,4.62884e-29,-4.62884e-29,4.62884e-29,-4.62884e-29,0.708787,0.708787,0.708787,0.708787,4.62884e-29,-4.62884e-29,4.62884e-29,-4.62884e-29,0.708787,0.708787,0.708787,0.708787
40.4601,4.62884e-29,-4.62884e-29,4.62884e-29,-4.62884e-29,0.708787,0.708787,0.708787,0.708787,4.62884e-29,-4.62884e-29,4.62884e-29,-4.62884e-29,0.708787,0.708787,0.708787,0.708787
40.4701,4.62884e-29,-4.62884e-29,4.62884e-29,-4.62884e-29,0.708787,0.708787,0.708787,0.708787,4.62884e-29,-4.62884e-29,4.62884e-29,-4.62884e-29,0.708787,0.708787,0.708787,0.708787
40.4801,4.62884e-29,-4.62884e-29,4.62884e-29,-4.62884e-29,0.708787,0.708787,0.708787,0.708787,4.62884e-29,-4.62884e-29,4.62884e-29,-4.62884e-29,0.708787,0.708787,0.708787,0.708787
40.4901,4.62884e-29,-4.62884e-29,4.62884e-29,-4.62884e-29,0.708787,0.708787,0.708787,0.708787,4.62884e-29,-4.62884e-29,4.62884e-29,-4.62884e-29,0.708787,0.708787,0.708787,0.708787
40.5001,3.34434e-29,-3.34434e-29,3.34434e-29,-3.34434e-29,0.512099,0.512099,0.512099,0.512099,3.34434e-29,-3.34434e-29,3.34434e-29,-3.34434e-29,0.512099,0.512099,0.512099,0.512099
40.5101,3.34434e-29,-3.34434e-29,3.34434e-29,-3.34434e-29,0.512099,0.512099,0.512099,0.512099,3.34434e-29,-3.34434e-29,3.34434e-29,-3.34434e-29,0.512099,0.512099,0.512099,0.512099
40.5201,3.34434e-29,-3.34434e-29,3.34434e-29,-3.34434e-29,0.512099,0.512099,0.512099,0.512099,3.34434e-29,-3.34434e-29,3.34434e-29,-3.34434e-29,0.512099,0.512099,0.512099,0.512099
40.5301,3.34434e-29,-3.34434e-29,3.34434e-29,-3.34434e-29,0.512099,0.512099,0.512099,0.512099,3.34434e-29,-3.34434e-29,3.34434e-29,-3.34434e-29,0.512099,0.512099,0.512099,0.512099
40.5401,2.41628e-29,-2.41628e-29,2.41628e-29,-2.41628e-29,0.369991,0.369991,0.369991,0.369991,2.41628e-29,-2.41628e-29,2.41628e-29,-2.41628e-29,0.369991,0.369991,0.369991,0.369991
40.5501,2.41628e-29,-2.41628e-29,2.41628e-29,-2.41628e-29,0.369991,0.369991,0.369991,0.369991,2.41628e-29,-2.41628e-29,2.41628e-29,-2.41628e-29,0.369991,0.369991,0.369991,0.369991
40.5601,2.41628e-29,-2.41628e-29,2.41628e-29,-2.41628e-29,0.369991,0.369991,0.369991,0.369991,2.41628e-29,-2.41628e-29,2.41628e-29,-2.41628e-29,0.369991,0.369991,0.369991,0.369991
40.5701,2.41628e-29,-2.41628e-29,2.41628e-29,-2.41628e-29,0.369991,0.369991,0.369991,0.369991,2.41628e-29,-2.41628e-29,2.41628e-29,-2.41628e-29,0.369991,0.369991,0.369991,0.369991
40.5801,2.41628e-29,-2.41628e-29,2.41628e-29,-2.41628e-29,0.369991,0.369991,0.369991,0.369991,2.41628e-29,-2.41628e-29,2.41628e-29,-2.41628e-29,0.369991,0.369991,0.369991,0.369991
40.5901,2.41628e-29,-2.41628e-29,2.41628e-29,-2.41628e-29,0.369991,0.369991,0.369991,0.369991,2.41628e-29,-2.41628e-29,2.41628e-29,-2.41628e-29,0.369991,0.369991,0.369991,0.369991
40.6001,1.74576e-29,-1.74576e-29,1.74576e-29,-1.74576e-29,0.267319,0.267319,0.267319,0.267319,1.74576e-29,-1.74576e-29,1.74576e-29,-1.74576e-29,0.267319,0.267319,0.267319,0.267319
40.6101,1.74576e-29,-1.74576e-29,1.74576e-29,-1.74576e-29,0.267319,0.267319,0.267319,0.267319,1.74576e-29,-1.74576e-29,1.74576e-29,-1.74576e-29,0.267319,0.267319,0.267319,0.267319
40.6201,1.74576e-29,-1.74576e-29,1.74576e-29,-1.74576e-29,0.267319,0.267319,0.267319,0.267319,1.74576e-29,-1.74576e-29,1.74576e-29,-1.74576e-29,0.267319,0.267319,0.267319,0.267319
40.6301,1.74576e-29,-1.74576e-29,1.74576e-29,-1.74576e-29,0.267319,0.267319,0.267319,0.267319,1.74576e-29,-1.74576e-29,1.74576e-29,-1.74576e-29,0.267319,0.267319,0.267319,0.267319
40.6401,1.26131e-29,-1.26131e-29,1.26131e-29,-1.26131e-29,0.193138,0.193138,0.193138,0.193138,1.26131e-29,-1.26131e-29,1.26131e-29,-1.26131e-29,0.193138,0.193138,0.193138,0.193138
40.6501,1.26131e-29,-1.26131e-29,1.26131e-29,-1.26131e-29,0.193138,0.193138,0.193138,0.193138,1.26131e-29,-1.26131e-29,1.26131e-29,-1.26131e-29,0.193138,0.193138,0.193138,0.193138
40.6601,1.26131e-29,-1.26131e-29,1.26131e-29,-1.26131e-29,0.193138,0.193138,0.193138,0.193138,1.26131e-29,-1.26131e-29,1.26131e-29,-1.26131e-29,0.193138,0.193138,0.193138,0.193138
40.6701,1.26131e-29,-1.26131e-29,1.26131e-29,-1.26131e-29,0.193138,0.193138,0.193138,0.193138,1.26131e-29,-1.26131e-29,1.26131e-29,-1.26131e-29,0.193138,0.193138,0.193138,0.193138
40.6801,1.26131e-29,-1.26131e-29,1.26131e-29,-1.26131e-29,0.193138,0.193138,0.193138,0.193138,1.26131e-29,-1.26131e-29,1.26131e-29,-1.26131e-29,0.193138,0.193138,0.193138,0.193138
40.6901,1.26131e-29,-1.26131e-29,1.26131e-29,-1.26131e-29,0.193138,0.193138,0.193138,0.193138,1.26131e-29,-1.26131e-29,1.26131e-29,-1.26131e-29,0.193138,0.193138,0.193138,0.193138
40.7001,9.113e-30,-9.113e-30,9.113e-30,-9.113e-30,0.139542,0.139542,0.139542,0.139542,9.113e-30,-9.113e-30,9.113e-30,-9.113e-30,0.139542,0.139542,0.139542,0.139542
40.7101,9.113e-30,-9.113e-30,9.113e-30,-9.113e-30,0.139542,0.139542,0.139542,0.139542,9.113e-30,-9.113e-30,9.113e-30,-9.113e-30,0.139542,0.139542,0.139542,0.139542
40.7201,9.113e-30,-9.113e-30,9.113e-30,-9.113e-30,0.139542,0.139542,0.139542,0.139542,9.113e-30,-9.113e-30,9.113e-30,-9.113e-30,0.139542,0.139542,0.139542,0.139542
40.7301,9.113e-30,-9.113e-30,9.113e-30,-9.113e-30,0.139542,0.139542,0.139542,0.139542,9.113e-30,-9.113e-30,9.113e-30,-9.113e-30,0.139542,0.139542,0.139542,0.139542
40.7401,7.74605e-30,-7.74605e-30,7.74605e-30,-7.74605e-30,0.198611,0.198611,0.0386107,0.0386107,7.74605e-30,-7.74605e-30,7.74605e-30,-7.74605e-30,0.198611,0.198611,0.0386107,0.0386107
40.7501,7.74605e-30,-7.74605e-30,7.74605e-30,-7.74605e-30,0.198611,0.198611,0.0386107,0.0386107,7.74605e-30,-7.74605e-30,7.74605e-30,-7.74605e-30,0.198611,0.198611,0.0386107,0.0386107
40.7601,7.74605e-30,-7.74605e-30,7.74605e-30,-7.74605e-30,0.198611,0.198611,0.0386107,0.0386107,7.74605e-30,-7.74605e-30,7.74605e-30,-7.74605e-30,0.198611,0.198611,0.0386107,0.0386107
40.7701,7.74605e-30,-7.74605e-30,7.74605e-30,-7.74605e-30,0.198611,0.198611,0.0386107,0.0386107,7.74605e-30,-7.74605e-30,7.74605e-30,-7.74605e-30,0.198611,0.198611,0.0386107,0.0386107
40.7801,7.74605e-30,-7.74605e-30,7.74605e-30,-7.74605e-30,0.198611,0.198611,0.0386107,0.0386107,7.74605e-30,-7.74605e-30,7.74605e-30,-7.74605e-30,0.198611,0.198611,0.0386107,0.0386107
40.7901,7.74605e-30,-7.74605e-30,7.74605e-30,-7.74605e-30,0.198611,0.198611,0.0386107,0.0386107,7.74605e-30,-7.74605e-30,7.74605e-30,-7.74605e-30,0.198611,0.198611,0.0386107,0.0386107
40.8001,5.59652e-30,-5.59652e-30,5.59652e-30,-5.59652e-30,0.143496,0.143496,0.0278963,0.0278963,5.59652e-30,-5.59652e-30,5.59652e-30,-5.59652e-30,0.143496,0.143496,0.0278963,0.0278963
40.8101,5.59652e-30,-5.59652e-30,5.59652e-30,-5.59652e-30,0.143496,0.143496,0.0278963,0.0278963,5.59652e-30,-5.59652e-30,5.59652e-30,-5.59652e-30,0.143496,0.143496,0.0278963,0.0278963
40.8201,5.59652e-30,-5.59652e-30,5.59652e-30,-5.59652e-30,0.143496,0.143496,0.0278963,0.0278963,5.59652e-30,-5.59652e-30,5.59652e-30,-5.59652e-30,0.143496,0.143496,0.0278963,0.0278963
40.8301,5.59652e-30,-5.59652e-30,5.59652e-30,-5.59652e-30,0.143496,0.143496,0.0278963,0.0278963,5.59652e-30,-5.59652e-30,5.59652e-30,-5.59652e-30,0.143496,0.143496,0.0278963,0.0278963
40.8401,4.04349e-30,-4.04349e-30,4.04349e-30,-4.04349e-30,0.103676,0.103676,0.020155,0.020155,4.04349e-30,-4.04349e-30,4.04349e-30,-4.04349e-30,0.103676,0.103676,0.020155,0.020155
40.8501,4.04349e-30,-4.04349e-30,4.04349e-30,-4.04349e-30,0.103676,0.103676,0.020155,0.020155,4.04349e-30,-4.04349e-30,4.04349e-30,-4.04349e-30,0.103676,0.103676,0.020155,0.020155
40.8601,4.04349e-30,-4.04349e-30,4.04349e-30,-4.04349e-30,0.103676,0.103676,0.020155,0.020155,4.04349e-30,-4.04349e-30,4.04349e-30,-4.04349e-30,0.103676,0.103676,0.020155,0.020155
40.8701,4.04349e-30,-4.04349e-30,4.04349e-30,-4.04349e-30,0.103676,0.103676,0.020155,0.020155,4.04349e-30,-4.04349e-30,4.04349e-30,-4.04349e-30,0.103676,0.103676,0.020155,0.020155
40.8801,4.04349e-30,-4.04349e-30,4.04349e-30,-4.04349e-30,0.103676,0.103676,0.020155,0.020155,4.04349e-30,-4.04349e-30,4.04349e-30,-4.04349e-30,0.103676,0.103676,0.020155,0.020155
40.8901,4.04349e-30,-4.04349e-30,4.04349e-30,-4.04349e-30,0.103676,0.103676,0.020155,0.020155,4.04349e-30,-4.04349e-30,4.04349e-30,-4.04349e-30,0.103676,0.103676,0.020155,0.020155
40.9001,2.92142e-30,-2.92142e-30,2.92142e-30,-2.92142e-30,0.0749059,0.0749059,0.014562,0.014562,2.92142e-30,-2.92142e-30,2.92142e-30,-2.92142e-30,0.0749059,0.0749059,0.014562,0.014562
40.9101,2.92142e-30,-2.92142e-30,2.92142e-30,-2.92142e-30,0.0749059,0.0749059,0.014562,0.014562,2.92142e-30,-2.92142e-30,2.92142e-30,-2.92142e-30,0.0749059,0.0749059,0.014562,0.014562
40.9201,2.92142e-30,-2.92142e-30,2.92142e-30,-2.92142e-30,0.0749059,0.0749059,0.014562,0.014562,2.92142e-30,-2.92142e-30,2.92142e-30,-2.92142e-30,0.0749059,0.0749059,0.014562,0.014562
40.9301,2.92142e-30,-2.92142e-30,2.92142e-30,-2.92142e-30,0.0749059,0.0749059,0.014562,0.014562,2.92142e-30,-2.92142e-30,2.92142e-30,-2.92142e-30,0.0749059,0.0749059,0.014562,0.014562
40.9401,2.11073e-30,-2.11073e-30,2.11073e-30,-2.11073e-30,0.0541195,0.0541195,0.0105211,0.0105211,2.11073e-30,-2.11073e-30,2.11073e-30,-2.11073e-30,0.0541195,0.0541195,0.0105211,0.0105211
40.9501,2.11073e-30,-2.11073e-30,2.11073e-30,-2.11073e-30,0.0541195,0.0541195,0.0105211,0.0105211,2.11073e-30,-2.11073e-30,2.11073e-30,-2.11073e-30,0.0541195,0.0541195,0.0105211,0.0105211
40.9601,2.11073e-30,-2.11073e-30,2.11073e-30,-2.11073e-30,0.0541195,0.0541195,0.0105211,0.0105211,2.11073e-30,-2.11073e-30,2.11073e-30,-2.11073e-30,0.0541195,0.0541195,0.0105211,0.0105211
40.9701,2.11073e-30,-2.11073e-30,2.11073e-30,-2.11073e-30,0.0541195,0.0541195,0.0105211,0.0105211,2.11073e-30,-2.11073e-30,2.11073e-30,-2.11073e-30,0.0541195,0.0541195,0.0105211,0.0105211
40.9801,2.11073e-30,-2.11073e-30,2.11073e-30,-2.11073e-30,0.0541195,0.0541195,0.0105211,0.0105211,2.11073e-30,-2.11073e-30,2.11073e-30,-2.11073e-30,0.0541195,0.0541195,0.0105211,0.0105211
40.9901,2.11073e-30,-2.11073e-30,2.11073e-30,-2.11073e-30,0.0541195,0.0541195,0.0105211,0.0105211,2.11073e-30,-2.11073e-30,2.11073e-30,-2.11073e-30,0.0541195,0.0541195,0.0105211,0.0105211
41.0001,1.525e-30,-1.525e-30,1.525e-30,-1.525e-30,0.0391014,0.0391014,0.00760146,0.00760146,1.525e-30,-1.525e-30,1.525e-30,-1.525e-30,0.0391014,0.0391014,0.00760146,0.00760146
41.0101,1.525e-30,-1.525e-30,1.525e-30,-1.525e-30,0.0391014,0.0391014,0.00760146,0.00760146,1.525e-30,-1.525e-30,1.525e-30,-1.525e-30,0.0391014,0.0391014,0.00760146,0.00760146
41.0201,1.525e-30,-1.525e-30,1.525e-30,-1.525e-30,0.0391014,0.0391014,0.00760146,0.00760146,1.525e-30,-1.525e-30,1.525e-30,-1.525e-30,0.0391014,0.0391014,0.00760146,0.00760146
41.0301,1.525e-30,-1.525e-30,1.525e-30,-1.525e-30,0.0391014,0.0391014,0.00760146,0.00760146,1.525e-30,-1.525e-30,1.525e-30,-1.525e-30,0.0391014,0.0391014,0.00760146,0.00760146
41.0401,1.10181e-30,-1.10181e-30,1.10181e-30,-1.10181e-30,0.0282507,0.0282507,0.00549206,0.00549206,1.10181e-30,-1.10181e-30,1.10181e-30,-1.10181e-30,0.0282507,0.0282507,0.00549206,0.00549206
41.0501,1.10181e-30,-1.10181e-30,1.10181e-30,-1.10181e-30,0.0282507,0.0282507,0.00549206,0.00549206,1.10181e-30,-1.10181e-30,1.10181e-30,-1.10181e-30,0.0282507,0.0282507,0.00549206,0.00549206
41.0601,1.10181e-30,-1.10181e-30,1.10181e-30,-1.10181e-30,0.0282507,0.0282507,0.00549206,0.00549206,1.10181e-30,-1.10181e-30,1.10181e-30,-1.10181e-30,0.0282507,0.0282507,0.00549206,0.00549206
41.0701,1.10181e-30,-1.10181e-30,1.10181e-30,-1.10181e-30,0.0282507,0.0282507,0.00549206,0.00549206,1.10181e-30,-1.10181e-30,1.10181e-30,-1.10181e-30,0.0282507,0.0282507,0.00549206,0.00549206
41.0801,1.10181e-30,-1.10181e-30,1.10181e-30,-1.10181e-30,0.0282507,0.0282507,0.00549206,0.00549206,1.10181e-30,-1.10181e-30,1.10181e-30,-1.10181e-30,0.0282507,0.0282507,0.00549206,0.00549206
41.0901,1.10181e-30,-1.10181e-30,1.10181e-30,-1.10181e-30,0.0282507,0.0282507,0.00549206,0.00549206,1.10181e-30,-1.10181e-30,1.10181e-30,-1.10181e-30,0.0282507,0.0282507,0.00549206,0.00549206
41.1001,7.96059e-31,-7.96059e-31,7.96059e-31,-7.96059e-31,0.0204112,0.0204112,0.00396801,0.00396801,7.96059e-31,-7.96059e-31,7.96059e-31,-7.96059e-31,0.0204112,0.0204112,0.00396801,0.00396801
41.1101,7.96059e-31,-7.96059e-31,7.96059e-31,-7.96059e-31,0.0204112,0.0204112,0.00396801,0.00396801,7.96059e-31,-7.96059e-31,7.96059e-31,-7.96059e-31,0.0204112,0.0204112,0.00396801,0.00396801
41.1201,7.96059e-31,-7.96059e-31,7.96059e-31,-7.96059e-31,0.0204112,0.0204112,0.00396801,0.00396801,7.96059e-31,-7.96059e-31,7.96059e-31,-7.96059e-31,0.0204112,0.0204112,0.00396801,0.00396801
41.1301,7.96059e-31,-7.96059e-31,7.96059e-31,-7.96059e-31,0.0204112,0.0204112,0.00396801,0.00396801,7.96059e-31,-7.96059e-31,7.96059e-31,-7.96059e-31,0.0204112,0.0204112,0.00396801,0.00396801
41.1401,5.75153e-31,-5.75153e-31,5.75153e-31,-5.75153e-31,0.0147471,0.0147471,0.00286689,0.00286689,5.75153e-31,-5.75153e-31,5.75153e-31,-5.75153e-31,0.0147471,0.0147471,0.00286689,0.00286689
41.1501,5.75153e-31,-5.75153e-31,5.75153e-31,-5.75153e-31,0.0147471,0.0147471,0.00286689,0.00286689,5.75153e-31,-5.75153e-31,5.75153e-31,-5.75153e-31,0.0147471,0.0147471,0.00286689,0.00286689
41.1601,5.75153e-31,-5.75153e-31,5.75153e-31,-5.75153e-31,0.0147471,0.0147471,0.00286689,0.00286689,5.75153e-31,-5.75153e-31,5.75153e-31,-5.75153e-31,0.0147471,0.0147471,0.00286689,0.00286689
41.1701,5.75153e-31,-5.75153e-31,5.75153e-31,-5.75153e-31,0.0147471,0.0147471,0.00286689,0.00286689,5.75153e-31,-5.75153e-31,5.75153e-31,-5.75153e-31,0.0147471,0.0147471,0.00286689,0.00286689
41.1801,5.75153e-31,-5.75153e-31,5.75153e-31,-5.75153e-31,0.0147471,0.0147471,0.00286689,0.00286689,5.75153e-31,-5.75153e-31,5.75153e-31,-5.75153e-31,0.0147471,0.0147471,0.00286689,0.00286689
41.1901,5.75153e-31,-5.75153e-31,5.75153e-31,-5.75153e-31,0.0147471,0.0147471,0.00286689,0.00286689,5.75153e-31,-5.75153e-31,5.75153e-31,-5.75153e-31,0.0147471,0.0147471,0.00286689,0.00286689
41.2001,4.15548e-31,-4.15548e-31,4.15548e-31,-4.15548e-31,0.0106548,0.0106548,0.00207133,0.00207133,4.15548e-31,-4.15548e-31,4.15548e-31,-4.15548e-31,0.0106548,0.0106548,0.00207133,0.00207133
41.2101,4.15548e-31,-4.15548e-31,4.15548e-31,-4.15548e-31,0.0106548,0.0106548,0.00207133,0.00207133,4.15548e-31,-4.15548e-31,4.15548e-31,-4.15548e-31,0.0106548,0.0106548,0.00207133,0.00207133
41.2201,4.15548e-31,-4.15548e-31,4.15548e-31,-4.15548e-31,0.0106548,0.0106548,0.00207133,0.00207133,4.15548e-31,-4.15548e-31,4.15548e-31,-4.15548e-31,0.0106548,0.0106548,0.00207133,0.00207133
41.2301,4.15548e-31,-4.15548e-31,4.15548e-31,-4.15548e-31,0.0106548,0.0106548,0.00207133,0.00207133,4.15548e-31,-4.15548e-31,4.15548e-31,-4.15548e-31,0.0106548,0.0106548,0.00207133,0.00207133
41.2401,3.53216e-31,-3.53216e-31,3.53216e-31,-3.53216e-31,0.0890565,0.0890565,-0.0782394,-0.0782394,3.53216e-31,-3.53216e-31,3.53216e-31,-3.53216e-31,0.0890565,0.0890565,-0.0782394,-0.0782394
41.2501,3.53216e-31,-3.53216e-31,3.53216e-31,-3.53216e-31,0.0890565,0.0890565,-0.0782394,-0.0782394,3.53216e-31,-3.53216e-31,3.53216e-31,-3.53216e-31,0.0890565,0.0890565,-0.0782394,-0.0782394
41.2601,3.53216e-31,-3.53216e-31,3.53216e-31,-3.53216e-31,0.0890565,0.0890565,-0.0782394,-0.0782394,3.53216e-31,-3.53216e-31,3.53216e-31,-3.53216e-31,0.0890565,0.0890565,-0.0782394,-0.0782394
41.2701,3.53216e-31,-3.53216e-31,3.53216e-31,-3.53216e-31,0.0890565,0.0890565,-0.0782394,-0.0782394,3.53216e-31,-3.53216e-31,3.53216e-31,-3.53216e-31,0.0890565,0.0890565,-0.0782394,-0.0782394
41.2801,3.53216e-31,-3.53216e-31,3.53216e-31,-3.53216e-31,0.0890565,0.0890565,-0.0782394,-0.0782394,3.53216e-31,-3.53216e-31,3.53216e-31,-3.53216e-31,0.0890565,0.0890565,-0.0782394,-0.0782394
41.2901,3.53216e-31,-3.53216e-31,3.53216e-31,-3.53216e-31,0.0890565,0.0890565,-0.0782394,-0.0782394,3.53216e-31,-3.53216e-31,3.53216e-31,-3.53216e-31,0.0890565,0.0890565,-0.0782394,-0.0782394
41.3001,3.53216e-31,-3.53216e-31,3.53216e-31,-3.53216e-31,0.249057,0.249057,-0.238239,-0.238239,3.53216e-31,-3.53216e-31,3.53216e-31,-3.53216e-31,0.249057,0.249057,-0.238239,-0.238239
41.3101,3.53216e-31,-3.53216e-31,3.53216e-31,-3.53216e-31,0.249057,0.249057,-0.238239,-0.238239,3.53216e-31,-3.53216e-31,3.53216e-31,-3.53216e-31,0.249057,0.249057,-0.238239,-0.238239
41.3201,3.53216e-31,-3.53216e-31,3.53216e-31,-3.53216e-31,0.249057,0.249057,-0.238239,-0.238239,3.53216e-31,-3.53216e-31,3.53216e-31,-3.53216e-31,0.249057,0.249057,-0.238239,-0.238239
41.3301,3.53216e-31,-3.53216e-31,3.53216e-31,-3.53216e-31,0.249057,0.249057,-0.238239,-0.238239,3.53216e-31,-3.53216e-31,3.53216e-31,-3.53216e-31,0.249057,0.249057,-0.238239,-0.238239
41.3401,3.00233e-31,-3.00233e-31,3.00233e-31,-3.00233e-31,0.279698,0.279698,-0.270503,-0.270503,3.00233e-31,-3.00233e-31,3.00233e-31,-3.00233e-31,0.279698,0.279698,-0.270503,-0.270503
41.3501,3.00233e-31,-3.00233e-31,3.00233e-31,-3.00233e-31,0.279698,0.279698,-0.270503,-0.270503,3.00233e-31,-3.00233e-31,3.00233e-31,-3.00233e-31,0.279698,0.279698,-0.270503,-0.270503
41.3601,3.00233e-31,-3.00233e-31,3.00233e-31,-3.00233e-31,0.279698,0.279698,-0.270503,-0.270503,3.00233e-31,-3.00233e-31,3.00233e-31,-3.00233e-31,0.279698,0.279698,-0.270503,-0.270503
41.3701,3.00233e-31,-3.00233e-31,3.00233e-31,-3.00233e-31,0.279698,0.279698,-0.270503,-0.270503,3.00233e-31,-3.00233e-31,3.00233e-31,-3.00233e-31,0.279698,0.279698,-0.270503,-0.270503
41.3801,3.00233e-31,-3.00233e-31,3.00233e-31,-3.00233e-31,0.279698,0.279698,-0.270503,-0.270503,3.00233e-31,-3.00233e-31,3.00233e-31,-3.00233e-31,0.279698,0.279698,-0.270503,-0.270503
41.3901,3.00233e-31,-3.00233e-31,3.00233e-31,-3.00233e-31,0.279698,0.279698,-0.270503,-0.270503,3.00233e-31,-3.00233e-31,3.00233e-31,-3.00233e-31,0.279698,0.279698,-0.270503,-0.270503
41.4001,3.00233e-31,-3.00233e-31,3.00233e-31,-3.00233e-31,0.439698,0.439698,-0.430503,-0.430503,3.00233e-31,-3.00233e-31,3.00233e-31,-3.00233e-31,0.439698,0.439698,-0.430503,-0.430503
41.4101,3.00233e-31,-3.00233e-31,3.00233e-31,-3.00233e-31,0.439698,0.439698,-0.430503,-0.430503,3.00233e-31,-3.00233e-31,3.00233e-31,-3.00233e-31,0.439698,0.439698,-0.430503,-0.430503
41.4201,3.00233e-31,-3.00233e-31,3.00233e-31,-3.00233e-31,0.439698,0.439698,-0.430503,-0.430503,3.00233e-31,-3.00233e-31,3.00233e-31,-3.00233e-31,0.439698,0.439698,-0.430503,-0.430503
41.4301,3.00233e-31,-3.00233e-31,3.00233e-31,-3.00233e-31,0.439698,0.439698,-0.430503,-0.430503,3.00233e-31,-3.00233e-31,3.00233e-31,-3.00233e-31,0.439698,0.439698,-0.430503,-0.430503
41.4401,3.00233e-31,-3.00233e-31,3.00233e-31,-3.00233e-31,0.599698,0.599698,-0.590503,-0.590503,3.00233e-31,-3.00233e-31,3.00233e-31,-3.00233e-31,0.599698,0.599698,-0.590503,-0.590503
41.4501,3.00233e-31,-3.00233e-31,3.00233e-31,-3.00233e-31,0.599698,0.599698,-0.590503,-0.590503,3.00233e-31,-3.00233e-31,3.00233e-31,-3.00233e-31,0.599698,0.599698,-0.590503,-0.590503
41.4601,3.00233e-31,-3.00233e-31,3.00233e-31,-3.00233e-31,0.599698,0.599698,-0.590503,-0.590503,3.00233e-31,-3.00233e-31,3.00233e-31,-3.00233e-31,0.599698,0.599698,-0.590503,-0.590503
41.4701,3.00233e-31,-3.00233e-31,3.00233e-31,-3.00233e-31,0.599698,0.599698,-0.590503,-0.590503,3.00233e-31,-3.00233e-31,3.00233e-31,-3.00233e-31,0.599698,0.599698,-0.590503,-0.590503
41.4801,3.00233e-31,-3.00233e-31,3.00233e-31,-3.00233e-31,0.599698,0.599698,-0.590503,-0.590503,3.00233e-31,-3.00233e-31,3.00233e-31,-3.00233e-31,0.599698,0.599698,-0.590503,-0.590503
41.4901,3.00233e-31,-3.00233e-31,3.00233e-31,-3.00233e-31,0.599698,0.599698,-0.590503,-0.590503,3.00233e-31,-3.00233e-31,3.00233e-31,-3.00233e-31,0.599698,0.599698,-0.590503,-0.590503
41.5001,2.55198e-31,-2.55198e-31,2.55198e-31,-2.55198e-31,0.589743,0.589743,-0.581928,-0.581928,2.55198e-31,-2.55198e-31,2.55198e-31,-2.55198e-31,0.589743,0.589743,-0.581928,-0.581928
41.5101,2.55198e-31,-2.55198e-31,2.55198e-31,-2.55198e-31,0.589743,0.589743,-0.581928,-0.581928,2.55198e-31,-2.55198e-31,2.55198e-31,-2.55198e-31,0.589743,0.589743,-0.581928,-0.581928
41.5201,2.55198e-31,-2.55198e-31,2.55198e-31,-2.55198e-31,0.589743,0.589743,-0.581928,-0.581928,2.55198e-31,-2.55198e-31,2.55198e-31,-2.55198e-31,0.589743,0.589743,-0.581928,-0.581928
41.5301,2.55198e-31,-2.55198e-31,2.55198e-31,-2.55198e-31,0.589743,0.589743,-0.581928,-0.581928,2.55198e-31,-2.55198e-31,2.55198e-31,-2.55198e-31,0.589743,0.589743,-0.581928,-0.581928
41.5401,2.16919e-31,-2.16919e-31,2.16919e-31,-2.16919e-31,0.581282,0.581282,-0.574639,-0.574639,2.16919e-31,-2.16919e-31,2.16919e-31,-2.16919e-31,0.581282,0.581282,-0.574639,-0.574639
41.5501,2.16919e-31,-2.16919e-31,2.16919e-31,-2.16919e-31,0.581282,0.581282,-0.574639,-0.574639,2.16919e-31,-2.16919e-31,2.16919e-31,-2.16919e-31,0.581282,0.581282,-0.574639,-0.574639
41.5601,2.16919e-31,-2.16919e-31,2.16919e-31,-2.16919e-31,0.581282,0.581282,-0.574639,-0.574639,2.16919e-31,-2.16919e-31,2.16919e-31,-2.16919e-31,0.581282,0.581282,-0.574639,-0.574639
41.5701,2.16919e-31,-2.16919e-31,2.16919e-31,-2.16919e-31,0.581282,0.581282,-0.574639,-0.574639,2.16919e-31,-2.16919e-31,2.16919e-31,-2.16919e-31,0.581282,0.581282,-0.574639,-0.574639
41.5801,2.16919e-31,-2.16919e-31,2.16919e-31,-2.16919e-31,0.581282,0.581282,-0.574639,-0.574639,2.16919e-31,-2.16919e-31,2.16919e-31,-2.16919e-31,0.581282,0.581282,-0.574639,-0.574639
41.5901,2.16919e-31,-2.16919e-31,2.16919e-31,-2.16919e-31,0.581282,0.581282,-0.574639,-0.574639,2.16919e-31,-2.16919e-31,2.16919e-31,-2.16919e-31,0.581282,0.581282,-0.574639,-0.574639
41.6001,2.16919e-31,-2.16919e-31,2.16919e-31,-2.16919e-31,0.741282,0.741282,-0.734639,-0.734639,2.16919e-31,-2.16919e-31,2.16919e-31,-2.16919e-31,0.741282,0.741282,-0.734639,-0.734639
41.6101,2.16919e-31,-2.16919e-31,2.16919e-31,-2.16919e-31,0.741282,0.741282,-0.734639,-0.734639,2.16919e-31,-2.16919e-31,2.16919e-31,-2.16919e-31,0.741282,0.741282,-0.734639,-0.734639
41.6201,2.16919e-31,-2.16919e-31,2.16919e-31,-2.16919e-31,0.741282,0.741282,-0.734639,-0.734639,2.16919e-31,-2.16919e-31,2.16919e-31,-2.16919e-31,0.741282,0.741282,-0.734639,-0.734639
41.6301,2.16919e-31,-2.16919e-31,2.16919e-31,-2.16919e-31,0.741282,0.741282,-0.734639,-0.734639,2.16919e-31,-2.16919e-31,2.16919e-31,-2.16919e-31,0.741282,0.741282,-0.734639,-0.734639
41.6401,1.84381e-31,-1.84381e-31,1.84381e-31,-1.84381e-31,0.69809,0.69809,-0.692443,-0.692443,1.84381e-31,-1.84381e-31,1.84381e-31,-1.84381e-31,0.69809,0.69809,-0.692443,-0.692443
41.6501,1.84381e-31,-1.84381e-31,1.84381e-31,-1.84381e-31,0.69809,0.69809,-0.692443,-0.692443,1.84381e-31,-1.84381e-31,1.84381e-31,-1.84381e-31,0.69809,0.69809,-0.692443,-0.692443
41.6601,1.84381e-31,-1.84381e-31,1.84381e-31,-1.84381e-31,0.69809,0.69809,-0.692443,-0.692443,1.84381e-31,-1.84381e-31,1.84381e-31,-1.84381e-31,0.69809,0.69809,-0.692443,-0.692443
41.6701,1.84381e-31,-1.84381e-31,1.84381e-31,-1.84381e-31,0.69809,0.69809,-0.692443,-0.692443,1.84381e-31,-1.84381e-31,1.84381e-31,-1.84381e-31,0.69809,0.69809,-0.692443,-0.692443
41.6801,1.84381e-31,-1.84381e-31,1.84381e-31,-1.84381e-31,0.69809,0.69809,-0.692443,-0.692443,1.84381e-31,-1.84381e-31,1.84381e-31,-1.84381e-31,0.69809,0.69809,-0.692443,-0.692443
41.6901,1.84381e-31,-1.84381e-31,1.84381e-31,-1.84381e-31,0.69809,0.69809,-0.692443,-0.692443,1.84381e-31,-1.84381e-31,1.84381e-31,-1.84381e-31,0.69809,0.69809,-0.692443,-0.692443
41.7001,1.84381e-31,-1.84381e-31,1.84381e-31,-1.84381e-31,0.85809,0.85809,-0.852443,-0.852443,1.84381e-31,-1.84381e-31,1.84381e-31,-1.84381e-31,0.85809,0.85809,-0.852443,-0.852443
41.7101,1.84381e-31,-1.84381e-31,1.84381e-31,-1.84381e-31,0.85809,0.85809,-0.852443,-0.852443,1.84381e-31,-1.84381e-31,1.84381e-31,-1.84381e-31,0.85809,0.85809,-0.852443,-0.852443
41.7201,1.84381e-31,-1.84381e-31,1.84381e-31,-1.84381e-31,0.85809,0.85809,-0.852443,-0.852443,1.84381e-31,-1.84381e-31,1.84381e-31,-1.84381e-31,0.85809,0.85809,-0.852443,-0.852443
41.7301,1.84381e-31,-1.84381e-31,1.84381e-31,-1.84381e-31,0.85809,0.85809,-0.852443,-0.852443,1.84381e-31,-1.84381e-31,1.84381e-31,-1.84381e-31,0.85809,0.85809,-0.852443,-0.852443
41.7401,1.84381e-31,-1.84381e-31,1.84381e-31,-1.84381e-31,1,1,-0.997177,-0.997177,1.84381e-31,-1.84381e-31,1.84381e-31,-1.84381e-31,1,1,-0.997177,-0.997177
41.7501,1.84381e-31,-1.84381e-31,1.84381e-31,-1.84381e-31,1,1,-0.997177,-0.997177,1.84381e-31,-1.84381e-31,1.84381e-31,-1.84381e-31,1,1,-0.997177,-0.997177
41.7601,1.84381e-31,-1.84381e-31,1.84381e-31,-1.84381e-31,1,1,-0.997177,-0.997177,1.84381e-31,-1.84381e-31,1.84381e-31,-1.84381e-31,1,1,-0.997177,-0.997177
41.77,1.84381e-31,-1.84381e-31,1.84381e-31,-1.84381e-31,1,1,-0.997177,-0.997177,1.84381e-31,-1.84381e-31,1.84381e-31,-1.84381e-31,1,1,-0.997177,-0.997177
41.7801,1.84381e-31,-1.84381e-31,1.84381e-31,-1.84381e-31,1,1,-0.997177,-0.997177,1.84381e-31,-1.84381e-31,1.84381e-31,-1.84381e-31,1,1,-0.997177,-0.997177
41.7901,1.84381e-31,-1.84381e-31,1.84381e-31,-1.84381e-31,1,1,-0.997177,-0.997177,1.84381e-31,-1.84381e-31,1.84381e-31,-1.84381e-31,1,1,-0.997177,-0.997177
41.8001,1.56724e-31,-1.56724e-31,1.56724e-31,-1.56724e-31,0.9324,0.9324,-0.9276,-0.9276,1.56724e-31,-1.56724e-31,1.56724e-31,-1.56724e-31,0.9324,0.9324,-0.9276,-0.9276
41.8101,1.56724e-31,-1.56724e-31,1.56724e-31,-1.56724e-31,0.9324,0.9324,-0.9276,-0.9276,1.56724e-31,-1.56724e-31,1.56724e-31,-1.56724e-31,0.9324,0.9324,-0.9276,-0.9276
41.8201,1.56724e-31,-1.56724e-31,1.56724e-31,-1.56724e-31,0.9324,0.9324,-0.9276,-0.9276,1.56724e-31,-1.56724e-31,1.56724e-31,-1.56724e-31,0.9324,0.9324,-0.9276,-0.9276
41.8301,1.56724e-31,-1.56724e-31,1.56724e-31,-1.56724e-31,0.9324,0.9324,-0.9276,-0.9276,1.56724e-31,-1.56724e-31,1.56724e-31,-1.56724e-31,0.9324,0.9324,-0.9276,-0.9276
41.8401,1.33215e-31,-1.33215e-31,1.33215e-31,-1.33215e-31,0.87254,0.87254,-0.86846,-0.86846,1.33215e-31,-1.33215e-31,1.33215e-31,-1.33215e-31,0.87254,0.87254,-0.86846,-0.86846
41.8501,1.33215e-31,-1.33215e-31,1.33215e-31,-1.33215e-31,0.87254,0.87254,-0.86846,-0.86846,1.33215e-31,-1.33215e-31,1.33215e-31,-1.33215e-31,0.87254,0.87254,-0.86846,-0.86846
41.8601,1.33215e-31,-1.33215e-31,1.33215e-31,-1.33215e-31,0.87254,0.87254,-0.86846,-0.86846,1.33215e-31,-1.33215e-31,1.33215e-31,-1.33215e-31,0.87254,0.87254,-0.86846,-0.86846
41.8701,1.33215e-31,-1.33215e-31,1.33215e-31,-1.33215e-31,0.87254,0.87254,-0.86846,-0.86846,1.33215e-31,-1.33215e-31,1.33215e-31,-1.33215e-31,0.87254,0.87254,-0.86846,-0.86846
41.8801,1.33215e-31,-1.33215e-31,1.33215e-31,-1.33215e-31,0.87254,0.87254,-0.86846,-0.86846,1.33215e-31,-1.33215e-31,1.33215e-31,-1.33215e-31,0.87254,0.87254,-0.86846,-0.86846
41.8901,1.33215e-31,-1.33215e-31,1.33215e-31,-1.33215e-31,0.87254,0.87254,-0.86846,-0.86846,1.33215e-31,-1.33215e-31,1.33215e-31,-1.33215e-31,0.87254,0.87254,-0.86846,-0.86846
41.9001,1.33215e-31,-1.33215e-31,1.33215e-31,-1.33215e-31,1,1,-0.99796,-0.99796,1.33215e-31,-1.33215e-31,1.33215e-31,-1.33215e-31,1,1,-0.99796,-0.99796
41.9101,1.33215e-31,-1.33215e-31,1.33215e-31,-1.33215e-31,1,1,-0.99796,-0.99796,1.33215e-31,-1.33215e-31,1.33215e-31,-1.33215e-31,1,1,-0.99796,-0.99796
41.9201,1.33215e-31,-1.33215e-31,1.33215e-31,-1.33215e-31,1,1,-0.99796,-0.99796,1.33215e-31,-1.33215e-31,1.33215e-31,-1.33215e-31,1,1,-0.99796,-0.99796
41.9301,1.33215e-31,-1.33215e-31,1.33215e-31,-1.33215e-31,1,1,-0.99796,-0.99796,1.33215e-31,-1.33215e-31,1.33215e-31,-1.33215e-31,1,1,-0.99796,-0.99796
41.9401,1.13233e-31,-1.13233e-31,1.13233e-31,-1.13233e-31,0.851734,0.851734,-0.848266,-0.848266,1.13233e-31,-1.13233e-31,1.13233e-31,-1.13233e-31,0.851734,0.851734,-0.848266,-0.848266
41.9501,1.13233e-31,-1.13233e-31,1.13233e-31,-1.13233e-31,0.851734,0.851734,-0.848266,-0.848266,1.13233e-31,-1.13233e-31,1.13233e-31,-1.13233e-31,0.851734,0.851734,-0.848266,-0.848266
41.9601,1.13233e-31,-1.13233e-31,1.13233e-31,-1.13233e-31,0.851734,0.851734,-0.848266,-0.848266,1.13233e-31,-1.13233e-31,1.13233e-31,-1.13233e-31,0.851734,0.851734,-0.848266,-0.848266
41.9701,1.13233e-31,-1.13233e-31,1.13233e-31,-1.13233e-31,0.851734,0.851734,-0.848266,-0.848266,1.13233e-31,-1.13233e-31,1.13233e-31,-1.13233e-31,0.851734,0.851734,-0.848266,-0.848266
41.9801,1.13233e-31,-1.13233e-31,1.13233e-31,-1.13233e-31,0.851734,0.851734,-0.848266,-0.848266,1.13233e-31,-1.13233e-31,1.13233e-31,-1.13233e-31,0.851734,0.851734,-0.848266,-0.848266
41.9901,1.13233e-31,-1.13233e-31,1.13233e-31,-1.13233e-31,0.851734,0.851734,-0.848266,-0.848266,1.13233e-31,-1.13233e-31,1.13233e-31,-1.13233e-31,0.851734,0.851734,-0.848266,-0.848266
42.0001,1.13233e-31,-1.13233e-31,1.13233e-31,-1.13233e-31,1,1,-0.998266,-0.998266,1.13233e-31,-1.13233e-31,1.13233e-31,-1.13233e-31,1,1,-0.998266,-0.998266
42.0101,1.13233e-31,-1.13233e-31,1.13233e-31,-1.13233e-31,1,1,-0.998266,-0.998266,1.13233e-31,-1.13233e-31,1.13233e-31,-1.13233e-31,1,1,-0.998266,-0.998266
42.0201,1.13233e-31,-1.13233e-31,1.13233e-31,-1.13233e-31,1,1,-0.998266,-0.998266,1.13233e-31,-1.13233e-31,1.13233e-31,-1.13233e-31,1,1,-0.998266,-0.998266
42.0301,1.13233e-31,-1.13233e-31,1.13233e-31,-1.13233e-31,1,1,-0.998266,-0.998266,1.13233e-31,-1.13233e-31,1.13233e-31,-1.13233e-31,1,1,-0.998266,-0.998266
42.0401,1.13233e-31,-1.13233e-31,1.13233e-31,-1.13233e-31,1,1,-0.998266,-0.998266,1.13233e-31,-1.13233e-31,1.13233e-31,-1.13233e-31,1,1,-0.998266,-0.998266
42.0501,1.13233e-31,-1.13233e-31,1.13233e-31,-1.13233e-31,1,1,-0.998266,-0.998266,1.13233e-31,-1.13233e-31,1.13233e-31,-1.13233e-31,1,1,-0.998266,-0.998266
42.0601,1.13233e-31,-1.13233e-31,1.13233e-31,-1.13233e-31,1,1,-0.998266,-0.998266,1.13233e-31,-1.13233e-31,1.13233e-31,-1.13233e-31,1,1,-0.998266,-0.998266
42.0701,1.13233e-31,-1.13233e-31,1.13233e-31,-1.13233e-31,1,1,-0.998266,-0.998266,1.13233e-31,-1.13233e-31,1.13233e-31,-1.13233e-31,1,1,-0.998266,-0.998266
42.0801,1.13233e-31,-1.13233e-31,1.13233e-31,-1.13233e-31,1,1,-0.998266,-0.998266,1.13233e-31,-1.13233e-31,1.13233e-31,-1.13233e-31,1,1,-0.998266,-0.998266
42.0901,1.13233e-31,-1.13233e-31,1.13233e-31,-1.13233e-31,1,1,-0.998266,-0.998266,1.13233e-31,-1.13233e-31,1.13233e-31,-1.13233e-31,1,1,-0.998266,-0.998266
42.1001,9.62479e-32,-9.62479e-32,9.62479e-32,-9.62479e-32,0.931474,0.931474,-0.928526,-0.928526,9.62479e-32,-9.62479e-32,9.62479e-32,-9.62479e-32,0.931474,0.931474,-0.928526,-0.928526
42.1101,9.62479e-32,-9.62479e-32,9.62479e-32,-9.62479e-32,0.931474,0.931474,-0.928526,-0.928526,9.62479e-32,-9.62479e-32,9.62479e-32,-9.62479e-32,0.931474,0.931474,-0.928526,-0.928526
42.1201,9.62479e-32,-9.62479e-32,9.62479e-32,-9.62479e-32,0.931474,0.931474,-0.928526,-0.928526,9.62479e-32,-9.62479e-32,9.62479e-32,-9.62479e-32,0.931474,0.931474,-0.928526,-0.928526
42.1301,9.62479e-32,-9.62479e-32,9.62479e-32,-9.62479e-32,0.931474,0.931474,-0.928526,-0.928526,9.62479e-32,-9.62479e-32,9.62479e-32,-9.62479e-32,0.931474,0.931474,-0.928526,-0.928526
42.1401,8.18107e-32,-8.18107e-32,8.18107e-32,-8.18107e-32,0.871753,0.871753,-0.869247,-0.869247,8.18107e-32,-8.18107e-32,8.18107e-32,-8.18107e-32,0.871753,0.871753,-0.869247,-0.869247
42.1501,8.18107e-32,-8.18107e-32,8.18107e-32,-8.18107e-32,0.871753,0.871753,-0.869247,-0.869247,8.18107e-32,-8.18107e-32,8.18107e-32,-8.18107e-32,0.871753,0.871753,-0.869247,-0.869247
42.1601,8.18107e-32,-8.18107e-32,8.18107e-32,-8.18107e-32,0.871753,0.871753,-0.869247,-0.869247,8.18107e-32,-8.18107e-32,8.18107e-32,-8.18107e-32,0.871753,0.871753,-0.869247,-0.869247
42.1701,8.18107e-32,-8.18107e-32,8.18107e-32,-8.18107e-32,0.871753,0.871753,-0.869247,-0.869247,8.18107e-32,-8.18107e-32,8.18107e-32,-8.18107e-32,0.871753,0.871753,-0.869247,-0.869247
42.1801,8.18107e-32,-8.18107e-32,8.18107e-32,-8.18107e-32,0.871753,0.871753,-0.869247,-0.869247,8.18107e-32,-8.18107e-32,8.18107e-32,-8.18107e-32,0.871753,0.871753,-0.869247,-0.869247
42.1901,8.18107e-32,-8.18107e-32,8.18107e-32,-8.18107e-32,0.871753,0.871753,-0.869247,-0.869247,8.18107e-32,-8.18107e-32,8.18107e-32,-8.18107e-32,0.871753,0.871753,-0.869247,-0.869247
42.2001,8.18107e-32,-8.18107e-32,8.18107e-32,-8.18107e-32,1,1,-0.998747,-0.998747,8.18107e-32,-8.18107e-32,8.18107e-32,-8.18107e-32,1,1,-0.998747,-0.998747
42.2101,8.18107e-32,-8.18107e-32,8.18107e-32,-8.18107e-32,1,1,-0.998747,-0.998747,8.18107e-32,-8.18107e-32,8.18107e-32,-8.18107e-32,1,1,-0.998747,-0.998747
42.2201,8.18107e-32,-8.18107e-32,8.18107e-32,-8.18107e-32,1,1,-0.998747,-0.998747,8.18107e-32,-8.18107e-32,8.18107e-32,-8.18107e-32,1,1,-0.998747,-0.998747
42.2301,8.18107e-32,-8.18107e-32,8.18107e-32,-8.18107e-32,1,1,-0.998747,-0.998747,8.18107e-32,-8.18107e-32,8.18107e-32,-8.18107e-32,1,1,-0.998747,-0.998747
42.2401,6.95391e-32,-6.95391e-32,6.95391e-32,-6.95391e-32,0.931065,0.931065,-0.928935,-0.928935,6.95391e-32,-6.95391e-32,6.95391e-32,-6.95391e-32,0.931065,0.931065,-0.928935,-0.928935
42.2501,6.95391e-32,-6.95391e-32,6.95391e-32,-6.95391e-32,0.931065,0.931065,-0.928935,-0.928935,6.95391e-32,-6.95391e-32,6.95391e-32,-6.95391e-32,0.931065,0.931065,-0.928935,-0.928935
42.2601,6.95391e-32,-6.95391e-32,6.95391e-32,-6.95391e-32,0.931065,0.931065,-0.928935,-0.928935,6.95391e-32,-6.95391e-32,6.95391e-32,-6.95391e-32,0.931065,0.931065,-0.928935,-0.928935
42.2701,6.95391e-32,-6.95391e-32,6.95391e-32,-6.95391e-32,0.931065,0.931065,-0.928935,-0.928935,6.95391e-32,-6.95391e-32,6.95391e-32,-6.95391e-32,0.931065,0.931065,-0.928935,-0.928935
42.2801,6.95391e-32,-6.95391e-32,6.95391e-32,-6.95391e-32,0.931065,0.931065,-0.928935,-0.928935,6.95391e-32,-6.95391e-32,6.95391e-32,-6.95391e-32,0.931065,0.931065,-0.928935,-0.928935
42.2901,6.95391e-32,-6.95391e-32,6.95391e-32,-6.95391e-32,0.931065,0.931065,-0.928935,-0.928935,6.95391e-32,-6.95391e-32,6.95391e-32,-6.95391e-32,0.931065,0.931065,-0.928935,-0.928935
42.3001,6.95391e-32,-6.95391e-32,6.95391e-32,-6.95391e-32,1,1,-0.998935,-0.998935,6.95391e-32,-6.95391e-32,6.95391e-32,-6.95391e-32,1,1,-0.998935,-0.998935
42.3101,6.95391e-32,-6.95391e-32,6.95391e-32,-6.95391e-32,1,1,-0.998935,-0.998935,6.95391e-32,-6.95391e-32,6.95391e-32,-6.95391e-32,1,1,-0.998935,-0.998935
42.3201,6.95391e-32,-6.95391e-32,6.95391e-32,-6.95391e-32,1,1,-0.998935,-0.998935,6.95391e-32,-6.95391e-32,6.95391e-32,-6.95391e-32,1,1,-0.998935,-0.998935
42.3301,6.95391e-32,-6.95391e-32,6.95391e-32,-6.95391e-32,1,1,-0.998935,-0.998935,6.95391e-32,-6.95391e-32,6.95391e-32,-6.95391e-32,1,1,-0.998935,-0.998935
42.3401,5.91083e-32,-5.91083e-32,5.91083e-32,-5.91083e-32,0.850905,0.850905,-0.849095,-0.849095,5.91083e-32,-5.91083e-32,5.91083e-32,-5.91083e-32,0.850905,0.850905,-0.849095,-0.849095
42.3501,5.91083e-32,-5.91083e-32,5.91083e-32,-5.91083e-32,0.850905,0.850905,-0.849095,-0.849095,5.91083e-32,-5.91083e-32,5.91083e-32,-5.91083e-32,0.850905,0.850905,-0.849095,-0.849095
42.3601,5.91083e-32,-5.91083e-32,5.91083e-32,-5.91083e-32,0.850905,0.850905,-0.849095,-0.849095,5.91083e-32,-5.91083e-32,5.91083e-32,-5.91083e-32,0.850905,0.850905,-0.849095,-0.849095
42.3701,5.91083e-32,-5.91083e-32,5.91083e-32,-5.91083e-32,0.850905,0.850905,-0.849095,-0.849095,5.91083e-32,-5.91083e-32,5.91083e-32,-5.91083e-32,0.850905,0.850905,-0.849095,-0.849095
42.3801,5.91083e-32,-5.91083e-32,5.91083e-32,-5.91083e-32,0.850905,0.850905,-0.849095,-0.849095,5.91083e-32,-5.91083e-32,5.91083e-32,-5.91083e-32,0.850905,0.850905,-0.849095,-0.849095
42.3901,5.91083e-32,-5.91083e-32,5.91083e-32,-5.91083e-32,0.850905,0.850905,-0.849095,-0.849095,5.91083e-32,-5.91083e-32,5.91083e-32,-5.91083e-32,0.850905,0.850905,-0.849095,-0.849095
42.4001,5.91083e-32,-5.91083e-32,5.91083e-32,-5.91083e-32,1,1,-0.999095,-0.999095,5.91083e-32,-5.91083e-32,5.91083e-32,-5.91083e-32,1,1,-0.999095,-0.999095
42.4101,5.91083e-32,-5.91083e-32,5.91083e-32,-5.91083e-32,1,1,-0.999095,-0.999095,5.91083e-32,-5.91083e-32,5.91083e-32,-5.91083e-32,1,1,-0.999095,-0.999095
42.4201,5.91083e-32,-5.91083e-32,5.91083e-32,-5.91083e-32,1,1,-0.999095,-0.999095,5.91083e-32,-5.91083e-32,5.91083e-32,-5.91083e-32,1,1,-0.999095,-0.999095
42.4301,5.91083e-32,-5.91083e-32,5.91083e-32,-5.91083e-32,1,1,-0.999095,-0.999095,5.91083e-32,-5.91083e-32,5.91083e-32,-5.91083e-32,1,1,-0.999095,-0.999095
42.4401,5.91083e-32,-5.91083e-32,5.91083e-32,-5.91083e-32,1,1,-0.999095,-0.999095,5.91083e-32,-5.91083e-32,5.91083e-32,-5.91083e-32,1,1,-0.999095,-0.999095
42.4501,5.91083e-32,-5.91083e-32,5.91083e-32,-5.91083e-32,1,1,-0.999095,-0.999095,5.91083e-32,-5.91083e-32,5.91083e-32,-5.91083e-32,1,1,-0.999095,-0.999095
42.4601,5.91083e-32,-5.91083e-32,5.91083e-32,-5.91083e-32,1,1,-0.999095,-0.999095,5.91083e-32,-5.91083e-32,5.91083e-32,-5.91083e-32,1,1,-0.999095,-0.999095
42.4701,5.91083e-32,-5.91083e-32,5.91083e-32,-5.91083e-32,1,1,-0.999095,-0.999095,5.91083e-32,-5.91083e-32,5.91083e-32,-5.91083e-32,1,1,-0.999095,-0.999095
42.4801,5.91083e-32,-5.91083e-32,5.91083e-32,-5.91083e-32,1,1,-0.999095,-0.999095,5.91083e-32,-5.91083e-32,5.91083e-32,-5.91083e-32,1,1,-0.999095,-0.999095
42.4901,5.91083e-32,-5.91083e-32,5.91083e-32,-5.91083e-32,1,1,-0.999095,-0.999095,5.91083e-32,-5.91083e-32,5.91083e-32,-5.91083e-32,1,1,-0.999095,-0.999095
42.5001,5.0242e-32,-5.0242e-32,5.0242e-32,-5.0242e-32,0.930769,0.930769,-0.929231,-0.929231,5.0242e-32,-5.0242e-32,5.0242e-32,-5.0242e-32,0.930769,0.930769,-0.929231,-0.929231
42.5101,5.0242e-32,-5.0242e-32,5.0242e-32,-5.0242e-32,0.930769,0.930769,-0.929231,-0.929231,5.0242e-32,-5.0242e-32,5.0242e-32,-5.0242e-32,0.930769,0.930769,-0.929231,-0.929231
42.5201,5.0242e-32,-5.0242e-32,5.0242e-32,-5.0242e-32,0.930769,0.930769,-0.929231,-0.929231,5.0242e-32,-5.0242e-32,5.0242e-32,-5.0242e-32,0.930769,0.930769,-0.929231,-0.929231
42.5301,5.0242e-32,-5.0242e-32,5.0242e-32,-5.0242e-32,0.930769,0.930769,-0.929231,-0.929231,5.0242e-32,-5.0242e-32,5.0242e-32,-5.0242e-32,0.930769,0.930769,-0.929231,-0.929231
42.5401,4.27057e-32,-4.27057e-32,4.27057e-32,-4.27057e-32,0.871154,0.871154,-0.869846,-0.869846,4.27057e-32,-4.27057e-32,4.27057e-32,-4.27057e-32,0.871154,0.871154,-0.869846,-0.869846
42.5501,4.27057e-32,-4.27057e-32,4.27057e-32,-4.27057e-32,0.871154,0.871154,-0.869846,-0.869846,4.27057e-32,-4.27057e-32,4.27057e-32,-4.27057e-32,0.871154,0.871154,-0.869846,-0.869846
42.5601,4.27057e-32,-4.27057e-32,4.27057e-32,-4.27057e-32,0.871154,0.871154,-0.869846,-0.869846,4.27057e-32,-4.27057e-32,4.27057e-32,-4.27057e-32,0.871154,0.871154,-0.869846,-0.869846
42.5701,4.27057e-32,-4.27057e-32,4.27057e-32,-4.27057e-32,0.871154,0.871154,-0.869846,-0.869846,4.27057e-32,-4.27057e-32,4.27057e-32,-4.27057e-32,0.871154,0.871154,-0.869846,-0.869846
42.5801,4.27057e-32,-4.27057e-32,4.27057e-32,-4.27057e-32,0.871154,0.871154,-0.869846,-0.869846,4.27057e-32,-4.27057e-32,4.27057e-32,-4.27057e-32,0.871154,0.871154,-0.869846,-0.869846
42.5901,4.27057e-32,-4.27057e-32,4.27057e-32,-4.27057e-32,0.871154,0.871154,-0.869846,-0.869846,4.27057e-32,-4.27057e-32,4.27057e-32,-4.27057e-32,0.871154,0.871154,-0.869846,-0.869846
42.6001,4.27057e-32,-4.27057e-32,4.27057e-32,-4.27057e-32,1,1,-0.999346,-0.999346,4.27057e-32,-4.27057e-32,4.27057e-32,-4.27057e-32,1,1,-0.999346,-0.999346
42.6101,4.27057e-32,-4.27057e-32,4.27057e-32,-4.27057e-32,1,1,-0.999346,-0.999346,4.27057e-32,-4.27057e-32,4.27057e-32,-4.27057e-32,1,1,-0.999346,-0.999346
42.6201,4.27057e-32,-4.27057e-32,4.27057e-32,-4.27057e-32,1,1,-0.999346,-0.999346,4.27057e-32,-4.27057e-32,4.27057e-32,-4.27057e-32,1,1,-0.999346,-0.999346
42.6301,4.27057e-32,-4.27057e-32,4.27057e-32,-4.27057e-32,1,1,-0.999346,-0.999346,4.27057e-32,-4.27057e-32,4.27057e-32,-4.27057e-32,1,1,-0.999346,-0.999346
42.6401,3.08549e-32,-3.08549e-32,3.08549e-32,-3.08549e-32,0.722973,0.722973,-0.722028,-0.722028,3.08549e-32,-3.08549e-32,3.08549e-32,-3.08549e-32,0.722973,0.722973,-0.722028,-0.722028
42.6501,3.08549e-32,-3.08549e-32,3.08549e-32,-3.08549e-32,0.722973,0.722973,-0.722028,-0.722028,3.08549e-32,-3.08549e-32,3.08549e-32,-3.08549e-32,0.722973,0.722973,-0.722028,-0.722028
42.6601,3.08549e-32,-3.08549e-32,3.08549e-32,-3.08549e-32,0.722973,0.722973,-0.722028,-0.722028,3.08549e-32,-3.08549e-32,3.08549e-32,-3.08549e-32,0.722973,0.722973,-0.722028,-0.722028
42.6701,3.08549e-32,-3.08549e-32,3.08549e-32,-3.08549e-32,0.722973,0.722973,-0.722028,-0.722028,3.08549e-32,-3.08549e-32,3.08549e-32,-3.08549e-32,0.722973,0.722973,-0.722028,-0.722028
42.6801,3.08549e-32,-3.08549e-32,3.08549e-32,-3.08549e-32,0.722973,0.722973,-0.722028,-0.722028,3.08549e-32,-3.08549e-32,3.08549e-32,-3.08549e-32,0.722973,0.722973,-0.722028,-0.722028
42.6901,3.08549e-32,-3.08549e-32,3.08549e-32,-3.08549e-32,0.722973,0.722973,-0.722028,-0.722028,3.08549e-32,-3.08549e-32,3.08549e-32,-3.08549e-32,0.722973,0.722973,-0.722028,-0.722028
42.7001,2.22926e-32,-2.22926e-32,2.22926e-32,-2.22926e-32,0.522348,0.522348,-0.521665,-0.521665,2.22926e-32,-2.22926e-32,2.22926e-32,-2.22926e-32,0.522348,0.522348,-0.521665,-0.521665
42.7101,2.22926e-32,-2.22926e-32,2.22926e-32,-2.22926e-32,0.522348,0.522348,-0.521665,-0.521665,2.22926e-32,-2.22926e-32,2.22926e-32,-2.22926e-32,0.522348,0.522348,-0.521665,-0.521665
42.7201,2.22926e-32,-2.22926e-32,2.22926e-32,-2.22926e-32,0.522348,0.522348,-0.521665,-0.521665,2.22926e-32,-2.22926e-32,2.22926e-32,-2.22926e-32,0.522348,0.522348,-0.521665,-0.521665
42.7301,2.22926e-32,-2.22926e-32,2.22926e-32,-2.22926e-32,0.522348,0.522348,-0.521665,-0.521665,2.22926e-32,-2.22926e-32,2.22926e-32,-2.22926e-32,0.522348,0.522348,-0.521665,-0.521665
42.7401,1.61064e-32,-1.61064e-32,1.61064e-32,-1.61064e-32,0.377396,0.377396,-0.376903,-0.376903,1.61064e-32,-1.61064e-32,1.61064e-32,-1.61064e-32,0.377396,0.377396,-0.376903,-0.376903
42.7501,1.61064e-32,-1.61064e-32,1.61064e-32,-1.61064e-32,0.377396,0.377396,-0.376903,-0.376903,1.61064e-32,-1.61064e-32,1.61064e-32,-1.61064e-32,0.377396,0.377396,-0.376903,-0.376903
42.7601,1.61064e-32,-1.61064e-32,1.61064e-32,-1.61064e-32,0.377396,0.377396,-0.376903,-0.376903,1.61064e-32,-1.61064e-32,1.61064e-32,-1.61064e-32,0.377396,0.377396,-0.376903,-0.376903
42.7701,1.61064e-32,-1.61064e-32,1.61064e-32,-1.61064e-32,0.377396,0.377396,-0.376903,-0.376903,1.61064e-32,-1.61064e-32,1.61064e-32,-1.61064e-32,0.377396,0.377396,-0.376903,-0.376903
42.7801,1.61064e-32,-1.61064e-32,1.61064e-32,-1.61064e-32,0.377396,0.377396,-0.376903,-0.376903,1.61064e-32,-1.61064e-32,1.61064e-32,-1.61064e-32,0.377396,0.377396,-0.376903,-0.376903
42.7901,1.61064e-32,-1.61064e-32,1.61064e-32,-1.61064e-32,0.377396,0.377396,-0.376903,-0.376903,1.61064e-32,-1.61064e-32,1.61064e-32,-1.61064e-32,0.377396,0.377396,-0.376903,-0.376903
42.8001,1.16369e-32,-1.16369e-32,1.16369e-32,-1.16369e-32,0.272669,0.272669,-0.272312,-0.272312,1.16369e-32,-1.16369e-32,1.16369e-32,-1.16369e-32,0.272669,0.272669,-0.272312,-0.272312
42.8101,1.16369e-32,-1.16369e-32,1.16369e-32,-1.16369e-32,0.272669,0.272669,-0.272312,-0.272312,1.16369e-32,-1.16369e-32,1.16369e-32,-1.16369e-32,0.272669,0.272669,-0.272312,-0.272312
42.8201,1.16369e-32,-1.16369e-32,1.16369e-32,-1.16369e-32,0.272669,0.272669,-0.272312,-0.272312,1.16369e-32,-1.16369e-32,1.16369e-32,-1.16369e-32,0.272669,0.272669,-0.272312,-0.272312
42.8301,1.16369e-32,-1.16369e-32,1.16369e-32,-1.16369e-32,0.272669,0.272669,-0.272312,-0.272312,1.16369e-32,-1.16369e-32,1.16369e-32,-1.16369e-32,0.272669,0.272669,-0.272312,-0.272312
42.8401,8.40766e-33,-8.40766e-33,8.40766e-33,-8.40766e-33,0.197003,0.197003,-0.196746,-0.196746,8.40766e-33,-8.40766e-33,8.40766e-33,-8.40766e-33,0.197003,0.197003,-0.196746,-0.196746
42.8501,8.40766e-33,-8.40766e-33,8.40766e-33,-8.40766e-33,0.197003,0.197003,-0.196746,-0.196746,8.40766e-33,-8.40766e-33,8.40766e-33,-8.40766e-33,0.197003,0.197003,-0.196746,-0.196746
42.8601,8.40766e-33,-8.40766e-33,8.40766e-33,-8.40766e-33,0.197003,0.197003,-0.196746,-0.196746,8.40766e-33,-8.40766e-33,8.40766e-33,-8.40766e-33,0.197003,0.197003,-0.196746,-0.196746
42.87,8.40766e-33,-8.40766e-33,8.40766e-33,-8.40766e-33,0.197003,0.197003,-0.196746,-0.196746,8.40766e-33,-8.40766e-33,8.40766e-33,-8.40766e-33,0.197003,0.197003,-0.196746,-0.196746
42.8801,8.40766e-33,-8.40766e-33,8.40766e-33,-8.40766e-33,0.197003,0.197003,-0.196746,-0.196746,8.40766e-33,-8.40766e-33,8.40766e-33,-8.40766e-33,0.197003,0.197003,-0.196746,-0.196746
42.8901,8.40766e-33,-8.40766e-33,8.40766e-33,-8.40766e-33,0.197003,0.197003,-0.196746,-0.196746,8.40766e-33,-8.40766e-33,8.40766e-33,-8.40766e-33,0.197003,0.197003,-0.196746,-0.196746
42.9001,6.07454e-33,-6.07454e-33,6.07454e-33,-6.07454e-33,0.142335,0.142335,-0.142149,-0.142149,6.07454e-33,-6.07454e-33,6.07454e-33,-6.07454e-33,0.142335,0.142335,-0.142149,-0.142149
42.9101,6.07454e-33,-6.07454e-33,6.07454e-33,-6.07454e-33,0.142335,0.142335,-0.142149,-0.142149,6.07454e-33,-6.07454e-33,6.07454e-33,-6.07454e-33,0.142335,0.142335,-0.142149,-0.142149
42.9201,6.07454e-33,-6.07454e-33,6.07454e-33,-6.07454e-33,0.142335,0.142335,-0.142149,-0.142149,6.07454e-33,-6.07454e-33,6.07454e-33,-6.07454e-33,0.142335,0.142335,-0.142149,-0.142149
42.9301,6.07454e-33,-6.07454e-33,6.07454e-33,-6.07454e-33,0.142335,0.142335,-0.142149,-0.142149,6.07454e-33,-6.07454e-33,6.07454e-33,-6.07454e-33,0.142335,0.142335,-0.142149,-0.142149
42.9401,4.38885e-33,-4.38885e-33,4.38885e-33,-4.38885e-33,0.102837,0.102837,-0.102702,-0.102702,4.38885e-33,-4.38885e-33,4.38885e-33,-4.38885e-33,0.102837,0.102837,-0.102702,-0.102702
42.9501,4.38885e-33,-4.38885e-33,4.38885e-33,-4.38885e-33,0.102837,0.102837,-0.102702,-0.102702,4.38885e-33,-4.38885e-33,4.38885e-33,-4.38885e-33,0.102837,0.102837,-0.102702,-0.102702
42.9601,4.38885e-33,-4.38885e-33,4.38885e-33,-4.38885e-33,0.102837,0.102837,-0.102702,-0.102702,4.38885e-33,-4.38885e-33,4.38885e-33,-4.38885e-33,0.102837,0.102837,-0.102702,-0.102702
42.9701,4.38885e-33,-4.38885e-33,4.38885e-33,-4.38885e-33,0.102837,0.102837,-0.102702,-0.102702,4.38885e-33,-4.38885e-33,4.38885e-33,-4.38885e-33,0.102837,0.102837,-0.102702,-0.102702
42.9801,4.38885e-33,-4.38885e-33,4.38885e-33,-4.38885e-33,0.102837,0.102837,-0.102702,-0.102702,4.38885e-33,-4.38885e-33,4.38885e-33,-4.38885e-33,0.102837,0.102837,-0.102702,-0.102702
42.9901,4.38885e-33,-4.38885e-33,4.38885e-33,-4.38885e-33,0.102837,0.102837,-0.102702,-0.102702,4.38885e-33,-4.38885e-33,4.38885e-33,-4.38885e-33,0.102837,0.102837,-0.102702,-0.102702
43.0001,3.73052e-33,-3.73052e-33,3.73052e-33,-3.73052e-33,0.167411,0.167411,-0.0072971,-0.0072971,3.73052e-33,-3.73052e-33,3.73052e-33,-3.73052e-33,0.167411,0.167411,-0.0072971,-0.0072971
43.0101,3.73052e-33,-3.73052e-33,3.73052e-33,-3.73052e-33,0.167411,0.167411,-0.0072971,-0.0072971,3.73052e-33,-3.73052e-33,3.73052e-33,-3.73052e-33,0.167411,0.167411,-0.0072971,-0.0072971
43.0201,3.73052e-33,-3.73052e-33,3.73052e-33,-3.73052e-33,0.167411,0.167411,-0.0072971,-0.0072971,3.73052e-33,-3.73052e-33,3.73052e-33,-3.73052e-33,0.167411,0.167411,-0.0072971,-0.0072971
43.0301,3.73052e-33,-3.73052e-33,3.73052e-33,-3.73052e-33,0.167411,0.167411,-0.0072971,-0.0072971,3.73052e-33,-3.73052e-33,3.73052e-33,-3.73052e-33,0.167411,0.167411,-0.0072971,-0.0072971
43.0401,2.6953e-33,-2.6953e-33,2.6953e-33,-2.6953e-33,0.120955,0.120955,-0.00527215,-0.00527215,2.6953e-33,-2.6953e-33,2.6953e-33,-2.6953e-33,0.120955,0.120955,-0.00527215,-0.00527215
43.0501,2.6953e-33,-2.6953e-33,2.6953e-33,-2.6953e-33,0.120955,0.120955,-0.00527215,-0.00527215,2.6953e-33,-2.6953e-33,2.6953e-33,-2.6953e-33,0.120955,0.120955,-0.00527215,-0.00527215
43.0601,2.6953e-33,-2.6953e-33,2.6953e-33,-2.6953e-33,0.120955,0.120955,-0.00527215,-0.00527215,2.6953e-33,-2.6953e-33,2.6953e-33,-2.6953e-33,0.120955,0.120955,-0.00527215,-0.00527215
43.0701,2.6953e-33,-2.6953e-33,2.6953e-33,-2.6953e-33,0.120955,0.120955,-0.00527215,-0.00527215,2.6953e-33,-2.6953e-33,2.6953e-33,-2.6953e-33,0.120955,0.120955,-0.00527215,-0.00527215
43.0801,2.6953e-33,-2.6953e-33,2.6953e-33,-2.6953e-33,0.120955,0.120955,-0.00527215,-0.00527215,2.6953e-33,-2.6953e-33,2.6953e-33,-2.6953e-33,0.120955,0.120955,-0.00527215,-0.00527215
43.0901,2.6953e-33,-2.6953e-33,2.6953e-33,-2.6953e-33,0.120955,0.120955,-0.00527215,-0.00527215,2.6953e-33,-2.6953e-33,2.6953e-33,-2.6953e-33,0.120955,0.120955,-0.00527215,-0.00527215
43.1001,1.94736e-33,-1.94736e-33,1.94736e-33,-1.94736e-33,0.0873898,0.0873898,-0.00380913,-0.00380913,1.94736e-33,-1.94736e-33,1.94736e-33,-1.94736e-33,0.0873898,0.0873898,-0.00380913,-0.00380913
43.1101,1.94736e-33,-1.94736e-33,1.94736e-33,-1.94736e-33,0.0873898,0.0873898,-0.00380913,-0.00380913,1.94736e-33,-1.94736e-33,1.94736e-33,-1.94736e-33,0.0873898,0.0873898,-0.00380913,-0.00380913
43.1201,1.94736e-33,-1.94736e-33,1.94736e-33,-1.94736e-33,0.0873898,0.0873898,-0.00380913,-0.00380913,1.94736e-33,-1.94736e-33,1.94736e-33,-1.94736e-33,0.0873898,0.0873898,-0.00380913,-0.00380913
43.1301,1.94736e-33,-1.94736e-33,1.94736e-33,-1.94736e-33,0.0873898,0.0873898,-0.00380913,-0.00380913,1.94736e-33,-1.94736e-33,1.94736e-33,-1.94736e-33,0.0873898,0.0873898,-0.00380913,-0.00380913
43.1401,1.40697e-33,-1.40697e-33,1.40697e-33,-1.40697e-33,0.0631391,0.0631391,-0.0027521,-0.0027521,1.40697e-33,-1.40697e-33,1.40697e-33,-1.40697e-33,0.0631391,0.0631391,-0.0027521,-0.0027521
43.1501,1.40697e-33,-1.40697e-33,1.40697e-33,-1.40697e-33,0.0631391,0.0631391,-0.0027521,-0.0027521,1.40697e-33,-1.40697e-33,1.40697e-33,-1.40697e-33,0.0631391,0.0631391,-0.0027521,-0.0027521
43.1601,1.40697e-33,-1.40697e-33,1.40697e-33,-1.40697e-33,0.0631391,0.0631391,-0.0027521,-0.0027521,1.40697e-33,-1.40697e-33,1.40697e-33,-1.40697e-33,0.0631391,0.0631391,-0.0027521,-0.0027521
43.1701,1.40697e-33,-1.40697e-33,1.40697e-33,-1.40697e-33,0.0631391,0.0631391,-0.0027521,-0.0027521,1.40697e-33,-1.40697e-33,1.40697e-33,-1.40697e-33,0.0631391,0.0631391,-0.0027521,-0.0027521
43.1801,1.40697e-33,-1.40697e-33,1.40697e-33,-1.40697e-33,0.0631391,0.0631391,-0.0027521,-0.0027521,1.40697e-33,-1.40697e-33,1.40697e-33,-1.40697e-33,0.0631391,0.0631391,-0.0027521,-0.0027521
43.1901,1.40697e-33,-1.40697e-33,1.40697e-33,-1.40697e-33,0.0631391,0.0631391,-0.0027521,-0.0027521,1.40697e-33,-1.40697e-33,1.40697e-33,-1.40697e-33,0.0631391,0.0631391,-0.0027521,-0.0027521
43.2001,1.01653e-33,-1.01653e-33,1.01653e-33,-1.01653e-33,0.045618,0.045618,-0.00198839,-0.00198839,1.01653e-33,-1.01653e-33,1.01653e-33,-1.01653e-33,0.045618,0.045618,-0.00198839,-0.00198839
43.2101,1.01653e-33,-1.01653e-33,1.01653e-33,-1.01653e-33,0.045618,0.045618,-0.00198839,-0.00198839,1.01653e-33,-1.01653e-33,1.01653e-33,-1.01653e-33,0.045618,0.045618,-0.00198839,-0.00198839
43.22,1.01653e-33,-1.01653e-33,1.01653e-33,-1.01653e-33,0.045618,0.045618,-0.00198839,-0.00198839,1.01653e-33,-1.01653e-33,1.01653e-33,-1.01653e-33,0.045618,0.045618,-0.00198839,-0.00198839
43.2301,1.01653e-33,-1.01653e-33,1.01653e-33,-1.01653e-33,0.045618,0.045618,-0.00198839,-0.00198839,1.01653e-33,-1.01653e-33,1.01653e-33,-1.01653e-33,0.045618,0.045618,-0.00198839,-0.00198839
43.2401,7.34445e-34,-7.34445e-34,7.34445e-34,-7.34445e-34,0.032959,0.032959,-0.00143661,-0.00143661,7.34445e-34,-7.34445e-34,7.34445e-34,-7.34445e-34,0.032959,0.032959,-0.00143661,-0.00143661
43.2501,7.34445e-34,-7.34445e-34,7.34445e-34,-7.34445e-34,0.032959,0.032959,-0.00143661,-0.00143661,7.34445e-34,-7.34445e-34,7.34445e-34,-7.34445e-34,0.032959,0.032959,-0.00143661,-0.00143661
43.2601,7.34445e-34,-7.34445e-34,7.34445e-34,-7.34445e-34,0.032959,0.032959,-0.00143661,-0.00143661,7.34445e-34,-7.34445e-34,7.34445e-34,-7.34445e-34,0.032959,0.032959,-0.00143661,-0.00143661
43.2701,7.34445e-34,-7.34445e-34,7.34445e-34,-7.34445e-34,0.032959,0.032959,-0.00143661,-0.00143661,7.34445e-34,-7.34445e-34,7.34445e-34,-7.34445e-34,0.032959,0.032959,-0.00143661,-0.00143661
43.2801,7.34445e-34,-7.34445e-34,7.34445e-34,-7.34445e-34,0.032959,0.032959,-0.00143661,-0.00143661,7.34445e-34,-7.34445e-34,7.34445e-34,-7.34445e-34,0.032959,0.032959,-0.00143661,-0.00143661
43.2901,7.34445e-34,-7.34445e-34,7.34445e-34,-7.34445e-34,0.032959,0.032959,-0.00143661,-0.00143661,7.34445e-34,-7.34445e-34,7.34445e-34,-7.34445e-34,0.032959,0.032959,-0.00143661,-0.00143661
43.3001,5.30636e-34,-5.30636e-34,5.30636e-34,-5.30636e-34,0.0238129,0.0238129,-0.00103795,-0.00103795,5.30636e-34,-5.30636e-34,5.30636e-34,-5.30636e-34,0.0238129,0.0238129,-0.00103795,-0.00103795
43.3101,5.30636e-34,-5.30636e-34,5.30636e-34,-5.30636e-34,0.0238129,0.0238129,-0.00103795,-0.00103795,5.30636e-34,-5.30636e-34,5.30636e-34,-5.30636e-34,0.0238129,0.0238129,-0.00103795,-0.00103795
43.3201,5.30636e-34,-5.30636e-34,5.30636e-34,-5.30636e-34,0.0238129,0.0238129,-0.00103795,-0.00103795,5.30636e-34,-5.30636e-34,5.30636e-34,-5.30636e-34,0.0238129,0.0238129,-0.00103795,-0.00103795
43.3301,5.30636e-34,-5.30636e-34,5.30636e-34,-5.30636e-34,0.0238129,0.0238129,-0.00103795,-0.00103795,5.30636e-34,-5.30636e-34,5.30636e-34,-5.30636e-34,0.0238129,0.0238129,-0.00103795,-0.00103795
43.3401,3.83385e-34,-3.83385e-34,3.83385e-34,-3.83385e-34,0.0172048,0.0172048,-0.00074992,-0.00074992,3.83385e-34,-3.83385e-34,3.83385e-34,-3.83385e-34,0.0172048,0.0172048,-0.00074992,-0.00074992
43.3501,3.83385e-34,-3.83385e-34,3.83385e-34,-3.83385e-34,0.0172048,0.0172048,-0.00074992,-0.00074992,3.83385e-34,-3.83385e-34,3.83385e-34,-3.83385e-34,0.0172048,0.0172048,-0.00074992,-0.00074992
43.3601,3.83385e-34,-3.83385e-34,3.83385e-34,-3.83385e-34,0.0172048,0.0172048,-0.00074992,-0.00074992,3.83385e-34,-3.83385e-34,3.83385e-34,-3.83385e-34,0.0172048,0.0172048,-0.00074992,-0.00074992
43.3701,3.83385e-34,-3.83385e-34,3.83385e-34,-3.83385e-34,0.0172048,0.0172048,-0.00074992,-0.00074992,3.83385e-34,-3.83385e-34,3.83385e-34,-3.83385e-34,0.0172048,0.0172048,-0.00074992,-0.00074992
43.3801,3.83385e-34,-3.83385e-34,3.83385e-34,-3.83385e-34,0.0172048,0.0172048,-0.00074992,-0.00074992,3.83385e-34,-3.83385e-34,3.83385e-34,-3.83385e-34,0.0172048,0.0172048,-0.00074992,-0.00074992
43.3901,3.83385e-34,-3.83385e-34,3.83385e-34,-3.83385e-34,0.0172048,0.0172048,-0.00074992,-0.00074992,3.83385e-34,-3.83385e-34,3.83385e-34,-3.83385e-34,0.0172048,0.0172048,-0.00074992,-0.00074992
43.4001,2.76995e-34,-2.76995e-34,2.76995e-34,-2.76995e-34,0.0124305,0.0124305,-0.000541817,-0.000541817,2.76995e-34,-2.76995e-34,2.76995e-34,-2.76995e-34,0.0124305,0.0124305,-0.000541817,-0.000541817
43.4101,2.76995e-34,-2.76995e-34,2.76995e-34,-2.76995e-34,0.0124305,0.0124305,-0.000541817,-0.000541817,2.76995e-34,-2.76995e-34,2.76995e-34,-2.76995e-34,0.0124305,0.0124305,-0.000541817,-0.000541817
43.4201,2.76995e-34,-2.76995e-34,2.76995e-34,-2.76995e-34,0.0124305,0.0124305,-0.000541817,-0.000541817,2.76995e-34,-2.76995e-34,2.76995e-34,-2.76995e-34,0.0124305,0.0124305,-0.000541817,-0.000541817
43.4301,2.76995e-34,-2.76995e-34,2.76995e-34,-2.76995e-34,0.0124305,0.0124305,-0.000541817,-0.000541817,2.76995e-34,-2.76995e-34,2.76995e-34,-2.76995e-34,0.0124305,0.0124305,-0.000541817,-0.000541817
43.4401,0,0,0,0,0,0,0,0,0,0,0,0,0,0,0,0
43.4501,0,0,0,0,0,0,0,0,0,0,0,0,0,0,0,0
43.4601,0,0,0,0,0,0,0,0,0,0,0,0,0,0,0,0
43.47,0,0,0,0,0,0,0,0,0,0,0,0,0,0,0,0
43.4801,0,0,0,0,0,0,0,0,0,0,0,0,0,0,0,0
43.4901,0,0,0,0,0,0,0,0,0,0,0,0,0,0,0,0
43.5001,1.7011e-34,-1.7011e-34,1.7011e-34,-1.7011e-34,0.0876339,0.0876339,0.0796673,0.0796673,1.7011e-34,-1.7011e-34,1.7011e-34,-1.7011e-34,0.0876339,0.0876339,0.0796673,0.0796673
43.5101,1.7011e-34,-1.7011e-34,1.7011e-34,-1.7011e-34,0.0876339,0.0876339,0.0796673,0.0796673,1.7011e-34,-1.7011e-34,1.7011e-34,-1.7011e-34,0.0876339,0.0876339,0.0796673,0.0796673
43.5201,1.7011e-34,-1.7011e-34,1.7011e-34,-1.7011e-34,0.0876339,0.0876339,0.0796673,0.0796673,1.7011e-34,-1.7011e-34,1.7011e-34,-1.7011e-34,0.0876339,0.0876339,0.0796673,0.0796673
43.5301,1.7011e-34,-1.7011e-34,1.7011e-34,-1.7011e-34,0.0876339,0.0876339,0.0796673,0.0796673,1.7011e-34,-1.7011e-34,1.7011e-34,-1.7011e-34,0.0876339,0.0876339,0.0796673,0.0796673
43.5401,1.22904e-34,-1.22904e-34,1.22904e-34,-1.22904e-34,0.0633155,0.0633155,0.0575596,0.0575596,1.22904e-34,-1.22904e-34,1.22904e-34,-1.22904e-34,0.0633155,0.0633155,0.0575596,0.0575596
43.5501,1.22904e-34,-1.22904e-34,1.22904e-34,-1.22904e-34,0.0633155,0.0633155,0.0575596,0.0575596,1.22904e-34,-1.22904e-34,1.22904e-34,-1.22904e-34,0.0633155,0.0633155,0.0575596,0.0575596
43.5601,1.22904e-34,-1.22904e-34,1.22904e-34,-1.22904e-34,0.0633155,0.0633155,0.0575596,0.0575596,1.22904e-34,-1.22904e-34,1.22904e-34,-1.22904e-34,0.0633155,0.0633155,0.0575596,0.0575596
43.5701,1.22904e-34,-1.22904e-34,1.22904e-34,-1.22904e-34,0.0633155,0.0633155,0.0575596,0.0575596,1.22904e-34,-1.22904e-34,1.22904e-34,-1.22904e-34,0.0633155,0.0633155,0.0575596,0.0575596
43.5801,1.22904e-34,-1.22904e-34,1.22904e-34,-1.22904e-34,0.0633155,0.0633155,0.0575596,0.0575596,1.22904e-34,-1.22904e-34,1.22904e-34,-1.22904e-34,0.0633155,0.0633155,0.0575596,0.0575596
43.5901,1.22904e-34,-1.22904e-34,1.22904e-34,-1.22904e-34,0.0633155,0.0633155,0.0575596,0.0575596,1.22904e-34,-1.22904e-34,1.22904e-34,-1.22904e-34,0.0633155,0.0633155,0.0575596,0.0575596
43.6001,8.87984e-35,-8.87984e-35,8.87984e-35,-8.87984e-35,0.0457454,0.0457454,0.0415868,0.0415868,8.87984e-35,-8.87984e-35,8.87984e-35,-8.87984e-35,0.0457454,0.0457454,0.0415868,0.0415868
43.6101,8.87984e-35,-8.87984e-35,8.87984e-35,-8.87984e-35,0.0457454,0.0457454,0.0415868,0.0415868,8.87984e-35,-8.87984e-35,8.87984e-35,-8.87984e-35,0.0457454,0.0457454,0.0415868,0.0415868
43.6201,7.54786e-35,-7.54786e-35,7.54786e-35,-7.54786e-35,0.0388836,0.0388836,0.0353488,0.0353488,7.54786e-35,-7.54786e-35,7.54786e-35,-7.54786e-35,0.0388836,0.0388836,0.0353488,0.0353488
43.6301,7.54786e-35,-7.54786e-35,7.54786e-35,-7.54786e-35,0.0388836,0.0388836,0.0353488,0.0353488,7.54786e-35,-7.54786e-35,7.54786e-35,-7.54786e-35,0.0388836,0.0388836,0.0353488,0.0353488
43.6401,7.54786e-35,-7.54786e-35,7.54786e-35,-7.54786e-35,0.0388836,0.0388836,0.0353488,0.0353488,7.54786e-35,-7.54786e-35,7.54786e-35,-7.54786e-35,0.0388836,0.0388836,0.0353488,0.0353488
43.6501,7.54786e-35,-7.54786e-35,7.54786e-35,-7.54786e-35,0.0388836,0.0388836,0.0353488,0.0353488,7.54786e-35,-7.54786e-35,7.54786e-35,-7.54786e-35,0.0388836,0.0388836,0.0353488,0.0353488
43.6601,7.54786e-35,-7.54786e-35,7.54786e-35,-7.54786e-35,0.0388836,0.0388836,0.0353488,0.0353488,7.54786e-35,-7.54786e-35,7.54786e-35,-7.54786e-35,0.0388836,0.0388836,0.0353488,0.0353488
43.6701,7.54786e-35,-7.54786e-35,7.54786e-35,-7.54786e-35,0.0388836,0.0388836,0.0353488,0.0353488,7.54786e-35,-7.54786e-35,7.54786e-35,-7.54786e-35,0.0388836,0.0388836,0.0353488,0.0353488
43.6801,7.54786e-35,-7.54786e-35,7.54786e-35,-7.54786e-35,0.0388836,0.0388836,0.0353488,0.0353488,7.54786e-35,-7.54786e-35,7.54786e-35,-7.54786e-35,0.0388836,0.0388836,0.0353488,0.0353488
43.6901,7.54786e-35,-7.54786e-35,7.54786e-35,-7.54786e-35,0.0388836,0.0388836,0.0353488,0.0353488,7.54786e-35,-7.54786e-35,7.54786e-35,-7.54786e-35,0.0388836,0.0388836,0.0353488,0.0353488
43.7001,5.45333e-35,-5.45333e-35,5.45333e-35,-5.45333e-35,-0.0297066,-0.0297066,0.0833395,0.0833395,5.45333e-35,-5.45333e-35,5.45333e-35,-5.45333e-35,-0.0297066,-0.0297066,0.0833395,0.0833395
43.7101,5.45333e-35,-5.45333e-35,5.45333e-35,-5.45333e-35,-0.0297066,-0.0297066,0.0833395,0.0833395,5.45333e-35,-5.45333e-35,5.45333e-35,-5.45333e-35,-0.0297066,-0.0297066,0.0833395,0.0833395
43.7201,4.63533e-35,-4.63533e-35,4.63533e-35,-4.63533e-35,-0.0252506,-0.0252506,0.0708386,0.0708386,4.63533e-35,-4.63533e-35,4.63533e-35,-4.63533e-35,-0.0252506,-0.0252506,0.0708386,0.0708386
43.7301,4.63533e-35,-4.63533e-35,4.63533e-35,-4.63533e-35,-0.0252506,-0.0252506,0.0708386,0.0708386,4.63533e-35,-4.63533e-35,4.63533e-35,-4.63533e-35,-0.0252506,-0.0252506,0.0708386,0.0708386
43.7401,4.63533e-35,-4.63533e-35,4.63533e-35,-4.63533e-35,-0.0252506,-0.0252506,0.0708386,0.0708386,4.63533e-35,-4.63533e-35,4.63533e-35,-4.63533e-35,-0.0252506,-0.0252506,0.0708386,0.0708386
43.7501,4.63533e-35,-4.63533e-35,4.63533e-35,-4.63533e-35,-0.0252506,-0.0252506,0.0708386,0.0708386,4.63533e-35,-4.63533e-35,4.63533e-35,-4.63533e-35,-0.0252506,-0.0252506,0.0708386,0.0708386
43.7601,4.63533e-35,-4.63533e-35,4.63533e-35,-4.63533e-35,-0.0252506,-0.0252506,0.0708386,0.0708386,4.63533e-35,-4.63533e-35,4.63533e-35,-4.63533e-35,-0.0252506,-0.0252506,0.0708386,0.0708386
43.7701,4.63533e-35,-4.63533e-35,4.63533e-35,-4.63533e-35,-0.0252506,-0.0252506,0.0708386,0.0708386,4.63533e-35,-4.63533e-35,4.63533e-35,-4.63533e-35,-0.0252506,-0.0252506,0.0708386,0.0708386
43.7801,4.63533e-35,-4.63533e-35,4.63533e-35,-4.63533e-35,-0.0252506,-0.0252506,0.0708386,0.0708386,4.63533e-35,-4.63533e-35,4.63533e-35,-4.63533e-35,-0.0252506,-0.0252506,0.0708386,0.0708386
43.7901,4.63533e-35,-4.63533e-35,4.63533e-35,-4.63533e-35,-0.0252506,-0.0252506,0.0708386,0.0708386,4.63533e-35,-4.63533e-35,4.63533e-35,-4.63533e-35,-0.0252506,-0.0252506,0.0708386,0.0708386
43.8001,2.84667e-35,-2.84667e-35,2.84667e-35,-2.84667e-35,-0.015507,-0.015507,0.0435037,0.0435037,2.84667e-35,-2.84667e-35,2.84667e-35,-2.84667e-35,-0.015507,-0.015507,0.0435037,0.0435037
43.8101,2.84667e-35,-2.84667e-35,2.84667e-35,-2.84667e-35,-0.015507,-0.015507,0.0435037,0.0435037,2.84667e-35,-2.84667e-35,2.84667e-35,-2.84667e-35,-0.015507,-0.015507,0.0435037,0.0435037
43.8201,2.41967e-35,-2.41967e-35,2.41967e-35,-2.41967e-35,-0.013181,-0.013181,0.0369782,0.0369782,2.41967e-35,-2.41967e-35,2.41967e-35,-2.41967e-35,-0.013181,-0.013181,0.0369782,0.0369782
43.83,2.41967e-35,-2.41967e-35,2.41967e-35,-2.41967e-35,-0.013181,-0.013181,0.0369782,0.0369782,2.41967e-35,-2.41967e-35,2.41967e-35,-2.41967e-35,-0.013181,-0.013181,0.0369782,0.0369782
43.8401,2.41967e-35,-2.41967e-35,2.41967e-35,-2.41967e-35,-0.013181,-0.013181,0.0369782,0.0369782,2.41967e-35,-2.41967e-35,2.41967e-35,-2.41967e-35,-0.013181,-0.013181,0.0369782,0.0369782
43.8501,2.41967e-35,-2.41967e-35,2.41967e-35,-2.41967e-35,-0.013181,-0.013181,0.0369782,0.0369782,2.41967e-35,-2.41967e-35,2.41967e-35,-2.41967e-35,-0.013181,-0.013181,0.0369782,0.0369782
43.8601,2.41967e-35,-2.41967e-35,2.41967e-35,-2.41967e-35,-0.013181,-0.013181,0.0369782,0.0369782,2.41967e-35,-2.41967e-35,2.41967e-35,-2.41967e-35,-0.013181,-0.013181,0.0369782,0.0369782
43.8701,2.41967e-35,-2.41967e-35,2.41967e-35,-2.41967e-35,-0.013181,-0.013181,0.0369782,0.0369782,2.41967e-35,-2.41967e-35,2.41967e-35,-2.41967e-35,-0.013181,-0.013181,0.0369782,0.0369782
43.8801,2.41967e-35,-2.41967e-35,2.41967e-35,-2.41967e-35,-0.013181,-0.013181,0.0369782,0.0369782,2.41967e-35,-2.41967e-35,2.41967e-35,-2.41967e-35,-0.013181,-0.013181,0.0369782,0.0369782
43.8901,2.41967e-35,-2.41967e-35,2.41967e-35,-2.41967e-35,-0.013181,-0.013181,0.0369782,0.0369782,2.41967e-35,-2.41967e-35,2.41967e-35,-2.41967e-35,-0.013181,-0.013181,0.0369782,0.0369782
43.9001,1.48598e-35,-1.48598e-35,1.48598e-35,-1.48598e-35,-0.00809476,-0.00809476,0.0227092,0.0227092,1.48598e-35,-1.48598e-35,1.48598e-35,-1.48598e-35,-0.00809476,-0.00809476,0.0227092,0.0227092
43.9101,1.48598e-35,-1.48598e-35,1.48598e-35,-1.48598e-35,-0.00809476,-0.00809476,0.0227092,0.0227092,1.48598e-35,-1.48598e-35,1.48598e-35,-1.48598e-35,-0.00809476,-0.00809476,0.0227092,0.0227092
43.9201,1.26308e-35,-1.26308e-35,1.26308e-35,-1.26308e-35,-0.00688055,-0.00688055,0.0193028,0.0193028,1.26308e-35,-1.26308e-35,1.26308e-35,-1.26308e-35,-0.00688055,-0.00688055,0.0193028,0.0193028
43.9301,1.26308e-35,-1.26308e-35,1.26308e-35,-1.26308e-35,-0.00688055,-0.00688055,0.0193028,0.0193028,1.26308e-35,-1.26308e-35,1.26308e-35,-1.26308e-35,-0.00688055,-0.00688055,0.0193028,0.0193028
43.9401,1.26308e-35,-1.26308e-35,1.26308e-35,-1.26308e-35,-0.00688055,-0.00688055,0.0193028,0.0193028,1.26308e-35,-1.26308e-35,1.26308e-35,-1.26308e-35,-0.00688055,-0.00688055,0.0193028,0.0193028
43.9501,1.26308e-35,-1.26308e-35,1.26308e-35,-1.26308e-35,-0.00688055,-0.00688055,0.0193028,0.0193028,1.26308e-35,-1.26308e-35,1.26308e-35,-1.26308e-35,-0.00688055,-0.00688055,0.0193028,0.0193028
43.9601,1.26308e-35,-1.26308e-35,1.26308e-35,-1.26308e-35,-0.00688055,-0.00688055,0.0193028,0.0193028,1.26308e-35,-1.26308e-35,1.26308e-35,-1.26308e-35,-0.00688055,-0.00688055,0.0193028,0.0193028
43.9701,1.26308e-35,-1.26308e-35,1.26308e-35,-1.26308e-35,-0.00688055,-0.00688055,0.0193028,0.0193028,1.26308e-35,-1.26308e-35,1.26308e-35,-1.26308e-35,-0.00688055,-0.00688055,0.0193028,0.0193028
43.9801,1.26308e-35,-1.26308e-35,1.26308e-35,-1.26308e-35,-0.00688055,-0.00688055,0.0193028,0.0193028,1.26308e-35,-1.26308e-35,1.26308e-35,-1.26308e-35,-0.00688055,-0.00688055,0.0193028,0.0193028
43.9901,1.26308e-35,-1.26308e-35,1.26308e-35,-1.26308e-35,-0.00688055,-0.00688055,0.0193028,0.0193028,1.26308e-35,-1.26308e-35,1.26308e-35,-1.26308e-35,-0.00688055,-0.00688055,0.0193028,0.0193028
44.0001,7.75691e-36,-7.75691e-36,7.75691e-36,-7.75691e-36,-0.00422552,-0.00422552,0.0118544,0.0118544,7.75691e-36,-7.75691e-36,7.75691e-36,-7.75691e-36,-0.00422552,-0.00422552,0.0118544,0.0118544
44.0101,7.75691e-36,-7.75691e-36,7.75691e-36,-7.75691e-36,-0.00422552,-0.00422552,0.0118544,0.0118544,7.75691e-36,-7.75691e-36,7.75691e-36,-7.75691e-36,-0.00422552,-0.00422552,0.0118544,0.0118544
44.0201,6.59338e-36,-6.59338e-36,6.59338e-36,-6.59338e-36,-0.00359169,-0.00359169,0.0100762,0.0100762,6.59338e-36,-6.59338e-36,6.59338e-36,-6.59338e-36,-0.00359169,-0.00359169,0.0100762,0.0100762
44.0301,6.59338e-36,-6.59338e-36,6.59338e-36,-6.59338e-36,-0.00359169,-0.00359169,0.0100762,0.0100762,6.59338e-36,-6.59338e-36,6.59338e-36,-6.59338e-36,-0.00359169,-0.00359169,0.0100762,0.0100762
44.0401,6.59338e-36,-6.59338e-36,6.59338e-36,-6.59338e-36,-0.00359169,-0.00359169,0.0100762,0.0100762,6.59338e-36,-6.59338e-36,6.59338e-36,-6.59338e-36,-0.00359169,-0.00359169,0.0100762,0.0100762
44.0501,6.59338e-36,-6.59338e-36,6.59338e-36,-6.59338e-36,-0.00359169,-0.00359169,0.0100762,0.0100762,6.59338e-36,-6.59338e-36,6.59338e-36,-6.59338e-36,-0.00359169,-0.00359169,0.0100762,0.0100762
44.0601,6.59338e-36,-6.59338e-36,6.59338e-36,-6.59338e-36,-0.00359169,-0.00359169,0.0100762,0.0100762,6.59338e-36,-6.59338e-36,6.59338e-36,-6.59338e-36,-0.00359169,-0.00359169,0.0100762,0.0100762
44.0701,6.59338e-36,-6.59338e-36,6.59338e-36,-6.59338e-36,-0.00359169,-0.00359169,0.0100762,0.0100762,6.59338e-36,-6.59338e-36,6.59338e-36,-6.59338e-36,-0.00359169,-0.00359169,0.0100762,0.0100762
44.0801,6.59338e-36,-6.59338e-36,6.59338e-36,-6.59338e-36,-0.00359169,-0.00359169,0.0100762,0.0100762,6.59338e-36,-6.59338e-36,6.59338e-36,-6.59338e-36,-0.00359169,-0.00359169,0.0100762,0.0100762
44.0901,0,0,0,0,0,0,0,0,0,0,0,0,0,0,0,0
44.1001,0,0,0,0,0,0,0,0,0,0,0,0,0,0,0,0
44.1101,0,0,0,0,0,0,0,0,0,0,0,0,0,0,0,0
44.1201,0,0,0,0,0,0,0,0,0,0,0,0,0,0,0,0
44.1301,0,0,0,0,0,0,0,0,0,0,0,0,0,0,0,0
44.1401,0,0,0,0,0,0,0,0,0,0,0,0,0,0,0,0
44.1501,0,0,0,0,0,0,0,0,0,0,0,0,0,0,0,0
44.1601,0,0,0,0,0,0,0,0,0,0,0,0,0,0,0,0
44.1701,0,0,0,0,0,0,0,0,0,0,0,0,0,0,0,0
44.1801,0,0,0,0,0,0,0,0,0,0,0,0,0,0,0,0
44.1901,0,0,0,0,0,0,0,0,0,0,0,0,0,0,0,0
44.2001,2.92552e-36,-2.92552e-36,2.92552e-36,-2.92552e-36,-0.149594,-0.149594,0.152471,0.152471,2.92552e-36,-2.92552e-36,2.92552e-36,-2.92552e-36,-0.149594,-0.149594,0.152471,0.152471
44.2101,2.92552e-36,-2.92552e-36,2.92552e-36,-2.92552e-36,-0.149594,-0.149594,0.152471,0.152471,2.92552e-36,-2.92552e-36,2.92552e-36,-2.92552e-36,-0.149594,-0.149594,0.152471,0.152471
44.2201,2.48669e-36,-2.48669e-36,2.48669e-36,-2.48669e-36,-0.127155,-0.127155,0.1296,0.1296,2.48669e-36,-2.48669e-36,2.48669e-36,-2.48669e-36,-0.127155,-0.127155,0.1296,0.1296
44.2301,2.48669e-36,-2.48669e-36,2.48669e-36,-2.48669e-36,-0.127155,-0.127155,0.1296,0.1296,2.48669e-36,-2.48669e-36,2.48669e-36,-2.48669e-36,-0.127155,-0.127155,0.1296,0.1296
44.2401,2.48669e-36,-2.48669e-36,2.48669e-36,-2.48669e-36,-0.127155,-0.127155,0.1296,0.1296,2.48669e-36,-2.48669e-36,2.48669e-36,-2.48669e-36,-0.127155,-0.127155,0.1296,0.1296
44.2501,2.48669e-36,-2.48669e-36,2.48669e-36,-2.48669e-36,-0.127155,-0.127155,0.1296,0.1296,2.48669e-36,-2.48669e-36,2.48669e-36,-2.48669e-36,-0.127155,-0.127155,0.1296,0.1296
44.2601,2.48669e-36,-2.48669e-36,2.48669e-36,-2.48669e-36,-0.127155,-0.127155,0.1296,0.1296,2.48669e-36,-2.48669e-36,2.48669e-36,-2.48669e-36,-0.127155,-0.127155,0.1296,0.1296
44.2701,2.48669e-36,-2.48669e-36,2.48669e-36,-2.48669e-36,-0.127155,-0.127155,0.1296,0.1296,2.48669e-36,-2.48669e-36,2.48669e-36,-2.48669e-36,-0.127155,-0.127155,0.1296,0.1296
44.2801,2.48669e-36,-2.48669e-36,2.48669e-36,-2.48669e-36,-0.127155,-0.127155,0.1296,0.1296,2.48669e-36,-2.48669e-36,2.48669e-36,-2.48669e-36,-0.127155,-0.127155,0.1296,0.1296
44.2901,2.48669e-36,-2.48669e-36,2.48669e-36,-2.48669e-36,-0.127155,-0.127155,0.1296,0.1296,2.48669e-36,-2.48669e-36,2.48669e-36,-2.48669e-36,-0.127155,-0.127155,0.1296,0.1296
44.3001,2.48669e-36,-2.48669e-36,2.48669e-36,-2.48669e-36,-0.367155,-0.367155,0.3696,0.3696,2.48669e-36,-2.48669e-36,2.48669e-36,-2.48669e-36,-0.367155,-0.367155,0.3696,0.3696
44.3101,2.48669e-36,-2.48669e-36,2.48669e-36,-2.48669e-36,-0.367155,-0.367155,0.3696,0.3696,2.48669e-36,-2.48669e-36,2.48669e-36,-2.48669e-36,-0.367155,-0.367155,0.3696,0.3696
44.3201,2.48669e-36,-2.48669e-36,2.48669e-36,-2.48669e-36,-0.447155,-0.447155,0.4496,0.4496,2.48669e-36,-2.48669e-36,2.48669e-36,-2.48669e-36,-0.447155,-0.447155,0.4496,0.4496
44.3301,2.48669e-36,-2.48669e-36,2.48669e-36,-2.48669e-36,-0.447155,-0.447155,0.4496,0.4496,2.48669e-36,-2.48669e-36,2.48669e-36,-2.48669e-36,-0.447155,-0.447155,0.4496,0.4496
44.3401,2.48669e-36,-2.48669e-36,2.48669e-36,-2.48669e-36,-0.447155,-0.447155,0.4496,0.4496,2.48669e-36,-2.48669e-36,2.48669e-36,-2.48669e-36,-0.447155,-0.447155,0.4496,0.4496
44.3501,2.48669e-36,-2.48669e-36,2.48669e-36,-2.48669e-36,-0.447155,-0.447155,0.4496,0.4496,2.48669e-36,-2.48669e-36,2.48669e-36,-2.48669e-36,-0.447155,-0.447155,0.4496,0.4496
44.3601,2.48669e-36,-2.48669e-36,2.48669e-36,-2.48669e-36,-0.447155,-0.447155,0.4496,0.4496,2.48669e-36,-2.48669e-36,2.48669e-36,-2.48669e-36,-0.447155,-0.447155,0.4496,0.4496
44.3701,2.48669e-36,-2.48669e-36,2.48669e-36,-2.48669e-36,-0.447155,-0.447155,0.4496,0.4496,2.48669e-36,-2.48669e-36,2.48669e-36,-2.48669e-36,-0.447155,-0.447155,0.4496,0.4496
44.3801,2.48669e-36,-2.48669e-36,2.48669e-36,-2.48669e-36,-0.447155,-0.447155,0.4496,0.4496,2.48669e-36,-2.48669e-36,2.48669e-36,-2.48669e-36,-0.447155,-0.447155,0.4496,0.4496
44.3901,2.48669e-36,-2.48669e-36,2.48669e-36,-2.48669e-36,-0.447155,-0.447155,0.4496,0.4496,2.48669e-36,-2.48669e-36,2.48669e-36,-2.48669e-36,-0.447155,-0.447155,0.4496,0.4496
44.4001,1.52714e-36,-1.52714e-36,1.52714e-36,-1.52714e-36,-0.274609,-0.274609,0.276111,0.276111,1.52714e-36,-1.52714e-36,1.52714e-36,-1.52714e-36,-0.274609,-0.274609,0.276111,0.276111
44.4101,1.52714e-36,-1.52714e-36,1.52714e-36,-1.52714e-36,-0.274609,-0.274609,0.276111,0.276111,1.52714e-36,-1.52714e-36,1.52714e-36,-1.52714e-36,-0.274609,-0.274609,0.276111,0.276111
44.4201,1.29807e-36,-1.29807e-36,1.29807e-36,-1.29807e-36,-0.233417,-0.233417,0.234694,0.234694,1.29807e-36,-1.29807e-36,1.29807e-36,-1.29807e-36,-0.233417,-0.233417,0.234694,0.234694
44.4301,1.29807e-36,-1.29807e-36,1.29807e-36,-1.29807e-36,-0.233417,-0.233417,0.234694,0.234694,1.29807e-36,-1.29807e-36,1.29807e-36,-1.29807e-36,-0.233417,-0.233417,0.234694,0.234694
44.4401,1.29807e-36,-1.29807e-36,1.29807e-36,-1.29807e-36,-0.233417,-0.233417,0.234694,0.234694,1.29807e-36,-1.29807e-36,1.29807e-36,-1.29807e-36,-0.233417,-0.233417,0.234694,0.234694
44.4501,1.29807e-36,-1.29807e-36,1.29807e-36,-1.29807e-36,-0.233417,-0.233417,0.234694,0.234694,1.29807e-36,-1.29807e-36,1.29807e-36,-1.29807e-36,-0.233417,-0.233417,0.234694,0.234694
44.4601,1.29807e-36,-1.29807e-36,1.29807e-36,-1.29807e-36,-0.233417,-0.233417,0.234694,0.234694,1.29807e-36,-1.29807e-36,1.29807e-36,-1.29807e-36,-0.233417,-0.233417,0.234694,0.234694
44.4701,1.29807e-36,-1.29807e-36,1.29807e-36,-1.29807e-36,-0.233417,-0.233417,0.234694,0.234694,1.29807e-36,-1.29807e-36,1.29807e-36,-1.29807e-36,-0.233417,-0.233417,0.234694,0.234694
44.4801,1.29807e-36,-1.29807e-36,1.29807e-36,-1.29807e-36,-0.233417,-0.233417,0.234694,0.234694,1.29807e-36,-1.29807e-36,1.29807e-36,-1.29807e-36,-0.233417,-0.233417,0.234694,0.234694
44.4901,1.29807e-36,-1.29807e-36,1.29807e-36,-1.29807e-36,-0.233417,-0.233417,0.234694,0.234694,1.29807e-36,-1.29807e-36,1.29807e-36,-1.29807e-36,-0.233417,-0.233417,0.234694,0.234694
44.5001,7.97176e-37,-7.97176e-37,7.97176e-37,-7.97176e-37,-0.143348,-0.143348,0.144132,0.144132,7.97176e-37,-7.97176e-37,7.97176e-37,-7.97176e-37,-0.143348,-0.143348,0.144132,0.144132
44.5101,7.97176e-37,-7.97176e-37,7.97176e-37,-7.97176e-37,-0.143348,-0.143348,0.144132,0.144132,7.97176e-37,-7.97176e-37,7.97176e-37,-7.97176e-37,-0.143348,-0.143348,0.144132,0.144132
44.5201,6.77599e-37,-6.77599e-37,6.77599e-37,-6.77599e-37,-0.121845,-0.121845,0.122512,0.122512,6.77599e-37,-6.77599e-37,6.77599e-37,-6.77599e-37,-0.121845,-0.121845,0.122512,0.122512
44.5301,6.77599e-37,-6.77599e-37,6.77599e-37,-6.77599e-37,-0.121845,-0.121845,0.122512,0.122512,6.77599e-37,-6.77599e-37,6.77599e-37,-6.77599e-37,-0.121845,-0.121845,0.122512,0.122512
44.5401,6.77599e-37,-6.77599e-37,6.77599e-37,-6.77599e-37,-0.121845,-0.121845,0.122512,0.122512,6.77599e-37,-6.77599e-37,6.77599e-37,-6.77599e-37,-0.121845,-0.121845,0.122512,0.122512
44.5501,6.77599e-37,-6.77599e-37,6.77599e-37,-6.77599e-37,-0.121845,-0.121845,0.122512,0.122512,6.77599e-37,-6.77599e-37,6.77599e-37,-6.77599e-37,-0.121845,-0.121845,0.122512,0.122512
44.5601,6.77599e-37,-6.77599e-37,6.77599e-37,-6.77599e-37,-0.121845,-0.121845,0.122512,0.122512,6.77599e-37,-6.77599e-37,6.77599e-37,-6.77599e-37,-0.121845,-0.121845,0.122512,0.122512
44.5701,6.77599e-37,-6.77599e-37,6.77599e-37,-6.77599e-37,-0.121845,-0.121845,0.122512,0.122512,6.77599e-37,-6.77599e-37,6.77599e-37,-6.77599e-37,-0.121845,-0.121845,0.122512,0.122512
44.5801,6.77599e-37,-6.77599e-37,6.77599e-37,-6.77599e-37,-0.121845,-0.121845,0.122512,0.122512,6.77599e-37,-6.77599e-37,6.77599e-37,-6.77599e-37,-0.121845,-0.121845,0.122512,0.122512
44.5901,6.77599e-37,-6.77599e-37,6.77599e-37,-6.77599e-37,-0.121845,-0.121845,0.122512,0.122512,6.77599e-37,-6.77599e-37,6.77599e-37,-6.77599e-37,-0.121845,-0.121845,0.122512,0.122512
44.6001,4.16131e-37,-4.16131e-37,4.16131e-37,-4.16131e-37,-0.0748283,-0.0748283,0.0752376,0.0752376,4.16131e-37,-4.16131e-37,4.16131e-37,-4.16131e-37,-0.0748283,-0.0748283,0.0752376,0.0752376
44.6101,4.16131e-37,-4.16131e-37,4.16131e-37,-4.16131e-37,-0.0748283,-0.0748283,0.0752376,0.0752376,4.16131e-37,-4.16131e-37,4.16131e-37,-4.16131e-37,-0.0748283,-0.0748283,0.0752376,0.0752376
44.6201,3.53711e-37,-3.53711e-37,3.53711e-37,-3.53711e-37,-0.0636041,-0.0636041,0.0639519,0.0639519,3.53711e-37,-3.53711e-37,3.53711e-37,-3.53711e-37,-0.0636041,-0.0636041,0.0639519,0.0639519
44.6301,3.53711e-37,-3.53711e-37,3.53711e-37,-3.53711e-37,-0.0636041,-0.0636041,0.0639519,0.0639519,3.53711e-37,-3.53711e-37,3.53711e-37,-3.53711e-37,-0.0636041,-0.0636041,0.0639519,0.0639519
44.6401,3.53711e-37,-3.53711e-37,3.53711e-37,-3.53711e-37,-0.0636041,-0.0636041,0.0639519,0.0639519,3.53711e-37,-3.53711e-37,3.53711e-37,-3.53711e-37,-0.0636041,-0.0636041,0.0639519,0.0639519
44.6501,3.53711e-37,-3.53711e-37,3.53711e-37,-3.53711e-37,-0.0636041,-0.0636041,0.0639519,0.0639519,3.53711e-37,-3.53711e-37,3.53711e-37,-3.53711e-37,-0.0636041,-0.0636041,0.0639519,0.0639519
44.6601,3.53711e-37,-3.53711e-37,3.53711e-37,-3.53711e-37,-0.0636041,-0.0636041,0.0639519,0.0639519,3.53711e-37,-3.53711e-37,3.53711e-37,-3.53711e-37,-0.0636041,-0.0636041,0.0639519,0.0639519
44.6701,3.53711e-37,-3.53711e-37,3.53711e-37,-3.53711e-37,-0.0636041,-0.0636041,0.0639519,0.0639519,3.53711e-37,-3.53711e-37,3.53711e-37,-3.53711e-37,-0.0636041,-0.0636041,0.0639519,0.0639519
44.6801,3.53711e-37,-3.53711e-37,3.53711e-37,-3.53711e-37,-0.0636041,-0.0636041,0.0639519,0.0639519,3.53711e-37,-3.53711e-37,3.53711e-37,-3.53711e-37,-0.0636041,-0.0636041,0.0639519,0.0639519
44.6901,3.53711e-37,-3.53711e-37,3.53711e-37,-3.53711e-37,-0.0636041,-0.0636041,0.0639519,0.0639519,3.53711e-37,-3.53711e-37,3.53711e-37,-3.53711e-37,-0.0636041,-0.0636041,0.0639519,0.0639519
44.7001,2.17223e-37,-2.17223e-37,2.17223e-37,-2.17223e-37,-0.0390608,-0.0390608,0.0392745,0.0392745,2.17223e-37,-2.17223e-37,2.17223e-37,-2.17223e-37,-0.0390608,-0.0390608,0.0392745,0.0392745
44.7101,2.17223e-37,-2.17223e-37,2.17223e-37,-2.17223e-37,-0.0390608,-0.0390608,0.0392745,0.0392745,2.17223e-37,-2.17223e-37,2.17223e-37,-2.17223e-37,-0.0390608,-0.0390608,0.0392745,0.0392745
44.7201,1.84639e-37,-1.84639e-37,1.84639e-37,-1.84639e-37,-0.0332017,-0.0332017,0.0333833,0.0333833,1.84639e-37,-1.84639e-37,1.84639e-37,-1.84639e-37,-0.0332017,-0.0332017,0.0333833,0.0333833
44.7301,1.84639e-37,-1.84639e-37,1.84639e-37,-1.84639e-37,-0.0332017,-0.0332017,0.0333833,0.0333833,1.84639e-37,-1.84639e-37,1.84639e-37,-1.84639e-37,-0.0332017,-0.0332017,0.0333833,0.0333833
44.7401,1.84639e-37,-1.84639e-37,1.84639e-37,-1.84639e-37,-0.0332017,-0.0332017,0.0333833,0.0333833,1.84639e-37,-1.84639e-37,1.84639e-37,-1.84639e-37,-0.0332017,-0.0332017,0.0333833,0.0333833
44.7501,1.84639e-37,-1.84639e-37,1.84639e-37,-1.84639e-37,-0.0332017,-0.0332017,0.0333833,0.0333833,1.84639e-37,-1.84639e-37,1.84639e-37,-1.84639e-37,-0.0332017,-0.0332017,0.0333833,0.0333833
44.7601,1.84639e-37,-1.84639e-37,1.84639e-37,-1.84639e-37,-0.0332017,-0.0332017,0.0333833,0.0333833,1.84639e-37,-1.84639e-37,1.84639e-37,-1.84639e-37,-0.0332017,-0.0332017,0.0333833,0.0333833
44.7701,1.84639e-37,-1.84639e-37,1.84639e-37,-1.84639e-37,-0.0332017,-0.0332017,0.0333833,0.0333833,1.84639e-37,-1.84639e-37,1.84639e-37,-1.84639e-37,-0.0332017,-0.0332017,0.0333833,0.0333833
44.7801,1.84639e-37,-1.84639e-37,1.84639e-37,-1.84639e-37,-0.0332017,-0.0332017,0.0333833,0.0333833,1.84639e-37,-1.84639e-37,1.84639e-37,-1.84639e-37,-0.0332017,-0.0332017,0.0333833,0.0333833
44.7901,1.84639e-37,-1.84639e-37,1.84639e-37,-1.84639e-37,-0.0332017,-0.0332017,0.0333833,0.0333833,1.84639e-37,-1.84639e-37,1.84639e-37,-1.84639e-37,-0.0332017,-0.0332017,0.0333833,0.0333833
44.8001,1.13392e-37,-1.13392e-37,1.13392e-37,-1.13392e-37,-0.02039,-0.02039,0.0205015,0.0205015,1.13392e-37,-1.13392e-37,1.13392e-37,-1.13392e-37,-0.02039,-0.02039,0.0205015,0.0205015
44.8101,1.13392e-37,-1.13392e-37,1.13392e-37,-1.13392e-37,-0.02039,-0.02039,0.0205015,0.0205015,1.13392e-37,-1.13392e-37,1.13392e-37,-1.13392e-37,-0.02039,-0.02039,0.0205015,0.0205015
44.8201,9.63829e-38,-9.63829e-38,9.63829e-38,-9.63829e-38,-0.0173315,-0.0173315,0.0174263,0.0174263,9.63829e-38,-9.63829e-38,9.63829e-38,-9.63829e-38,-0.0173315,-0.0173315,0.0174263,0.0174263
44.8301,9.63829e-38,-9.63829e-38,9.63829e-38,-9.63829e-38,-0.0173315,-0.0173315,0.0174263,0.0174263,9.63829e-38,-9.63829e-38,9.63829e-38,-9.63829e-38,-0.0173315,-0.0173315,0.0174263,0.0174263
44.8401,9.63829e-38,-9.63829e-38,9.63829e-38,-9.63829e-38,-0.0173315,-0.0173315,0.0174263,0.0174263,9.63829e-38,-9.63829e-38,9.63829e-38,-9.63829e-38,-0.0173315,-0.0173315,0.0174263,0.0174263
44.8501,9.63829e-38,-9.63829e-38,9.63829e-38,-9.63829e-38,-0.0173315,-0.0173315,0.0174263,0.0174263,9.63829e-38,-9.63829e-38,9.63829e-38,-9.63829e-38,-0.0173315,-0.0173315,0.0174263,0.0174263
44.8601,9.63829e-38,-9.63829e-38,9.63829e-38,-9.63829e-38,-0.0173315,-0.0173315,0.0174263,0.0174263,9.63829e-38,-9.63829e-38,9.63829e-38,-9.63829e-38,-0.0173315,-0.0173315,0.0174263,0.0174263
44.8701,9.63829e-38,-9.63829e-38,9.63829e-38,-9.63829e-38,-0.0173315,-0.0173315,0.0174263,0.0174263,9.63829e-38,-9.63829e-38,9.63829e-38,-9.63829e-38,-0.0173315,-0.0173315,0.0174263,0.0174263
44.8801,9.63829e-38,-9.63829e-38,9.63829e-38,-9.63829e-38,-0.0173315,-0.0173315,0.0174263,0.0174263,9.63829e-38,-9.63829e-38,9.63829e-38,-9.63829e-38,-0.0173315,-0.0173315,0.0174263,0.0174263
44.8901,9.63829e-38,-9.63829e-38,9.63829e-38,-9.63829e-38,-0.0173315,-0.0173315,0.0174263,0.0174263,9.63829e-38,-9.63829e-38,9.63829e-38,-9.63829e-38,-0.0173315,-0.0173315,0.0174263,0.0174263
44.9001,5.91912e-38,-5.91912e-38,5.91912e-38,-5.91912e-38,-0.0106437,-0.0106437,0.0107019,0.0107019,5.91912e-38,-5.91912e-38,5.91912e-38,-5.91912e-38,-0.0106437,-0.0106437,0.0107019,0.0107019
44.9101,5.91912e-38,-5.91912e-38,5.91912e-38,-5.91912e-38,-0.0106437,-0.0106437,0.0107019,0.0107019,5.91912e-38,-5.91912e-38,5.91912e-38,-5.91912e-38,-0.0106437,-0.0106437,0.0107019,0.0107019
44.9201,5.03125e-38,-5.03125e-38,5.03125e-38,-5.03125e-38,-0.00904715,-0.00904715,0.00909663,0.00909663,5.03125e-38,-5.03125e-38,5.03125e-38,-5.03125e-38,-0.00904715,-0.00904715,0.00909663,0.00909663
44.9301,5.03125e-38,-5.03125e-38,5.03125e-38,-5.03125e-38,-0.00904715,-0.00904715,0.00909663,0.00909663,5.03125e-38,-5.03125e-38,5.03125e-38,-5.03125e-38,-0.00904715,-0.00904715,0.00909663,0.00909663
44.9401,5.03125e-38,-5.03125e-38,5.03125e-38,-5.03125e-38,-0.00904715,-0.00904715,0.00909663,0.00909663,5.03125e-38,-5.03125e-38,5.03125e-38,-5.03125e-38,-0.00904715,-0.00904715,0.00909663,0.00909663
44.9501,5.03125e-38,-5.03125e-38,5.03125e-38,-5.03125e-38,-0.00904715,-0.00904715,0.00909663,0.00909663,5.03125e-38,-5.03125e-38,5.03125e-38,-5.03125e-38,-0.00904715,-0.00904715,0.00909663,0.00909663
44.9601,5.03125e-38,-5.03125e-38,5.03125e-38,-5.03125e-38,-0.00904715,-0.00904715,0.00909663,0.00909663,5.03125e-38,-5.03125e-38,5.03125e-38,-5.03125e-38,-0.00904715,-0.00904715,0.00909663,0.00909663
44.9701,5.03125e-38,-5.03125e-38,5.03125e-38,-5.03125e-38,-0.00904715,-0.00904715,0.00909663,0.00909663,5.03125e-38,-5.03125e-38,5.03125e-38,-5.03125e-38,-0.00904715,-0.00904715,0.00909663,0.00909663
44.9801,5.03125e-38,-5.03125e-38,5.03125e-38,-5.03125e-38,-0.00904715,-0.00904715,0.00909663,0.00909663,5.03125e-38,-5.03125e-38,5.03125e-38,-5.03125e-38,-0.00904715,-0.00904715,0.00909663,0.00909663
44.9901,5.03125e-38,-5.03125e-38,5.03125e-38,-5.03125e-38,-0.00904715,-0.00904715,0.00909663,0.00909663,5.03125e-38,-5.03125e-38,5.03125e-38,-5.03125e-38,-0.00904715,-0.00904715,0.00909663,0.00909663
45.0001,5.03125e-38,-5.03125e-38,5.03125e-38,-5.03125e-38,-0.00904715,-0.00904715,0.00909663,0.00909663,5.03125e-38,-5.03125e-38,5.03125e-38,-5.03125e-38,-0.00904715,-0.00904715,0.00909663,0.00909663
45.0101,5.03125e-38,-5.03125e-38,5.03125e-38,-5.03125e-38,-0.00904715,-0.00904715,0.00909663,0.00909663,5.03125e-38,-5.03125e-38,5.03125e-38,-5.03125e-38,-0.00904715,-0.00904715,0.00909663,0.00909663
45.0201,0,0,0,0,0,0,0,0,0,0,0,0,0,0,0,0
45.0301,0,0,0,0,0,0,0,0,0,0,0,0,0,0,0,0
45.0401,0,0,0,0,0,0,0,0,0,0,0,0,0,0,0,0
45.0501,0,0,0,0,0,0,0,0,0,0,0,0,0,0,0,0
45.0601,0,0,0,0,0,0,0,0,0,0,0,0,0,0,0,0
45.0701,0,0,0,0,0,0,0,0,0,0,0,0,0,0,0,0
45.0801,0,0,0,0,0,0,0,0,0,0,0,0,0,0,0,0
45.0901,0,0,0,0,0,0,0,0,0,0,0,0,0,0,0,0
45.1001,0,0,0,0,0,0,0,0,0,0,0,0,0,0,0,0
45.1101,0,0,0,0,0,0,0,0,0,0,0,0,0,0,0,0
45.1201,0,0,0,0,0,0,0,0,0,0,0,0,0,0,0,0
45.1301,0,0,0,0,0,0,0,0,0,0,0,0,0,0,0,0
45.1401,0,0,0,0,0,0,0,0,0,0,0,0,0,0,0,0
45.1501,0,0,0,0,0,0,0,0,0,0,0,0,0,0,0,0
45.1601,0,0,0,0,0,0,0,0,0,0,0,0,0,0,0,0
45.1701,0,0,0,0,0,0,0,0,0,0,0,0,0,0,0,0
45.1801,0,0,0,0,0,0,0,0,0,0,0,0,0,0,0,0
45.1901,0,0,0,0,0,0,0,0,0,0,0,0,0,0,0,0
45.2001,0,0,0,0,0,0,0,0,0,0,0,0,0,0,0,0
45.2101,0,0,0,0,0,0,0,0,0,0,0,0,0,0,0,0
45.2201,0,0,0,0,0,0,0,0,0,0,0,0,0,0,0,0
45.2301,0,0,0,0,0,0,0,0,0,0,0,0,0,0,0,0
45.2401,0,0,0,0,0,0,0,0,0,0,0,0,0,0,0,0
45.2501,0,0,0,0,0,0,0,0,0,0,0,0,0,0,0,0
45.2601,0,0,0,0,0,0,0,0,0,0,0,0,0,0,0,0
45.2701,0,0,0,0,0,0,0,0,0,0,0,0,0,0,0,0
45.2801,0,0,0,0,0,0,0,0,0,0,0,0,0,0,0,0
45.2901,0,0,0,0,0,0,0,0,0,0,0,0,0,0,0,0
45.3001,0,0,0,0,0,0,0,0,0,0,0,0,0,0,0,0
45.3101,0,0,0,0,0,0,0,0,0,0,0,0,0,0,0,0
45.3201,0,0,0,0,0,0,0,0,0,0,0,0,0,0,0,0
45.3301,0,0,0,0,0,0,0,0,0,0,0,0,0,0,0,0
45.3401,0,0,0,0,0,0,0,0,0,0,0,0,0,0,0,0
45.3501,0,0,0,0,0,0,0,0,0,0,0,0,0,0,0,0
45.3601,0,0,0,0,0,0,0,0,0,0,0,0,0,0,0,0
45.3701,0,0,0,0,0,0,0,0,0,0,0,0,0,0,0,0
45.3801,0,0,0,0,0,0,0,0,0,0,0,0,0,0,0,0
45.3901,0,0,0,0,0,0,0,0,0,0,0,0,0,0,0,0
45.4001,0,0,0,0,0,0,0,0,0,0,0,0,0,0,0,0
45.4101,0,0,0,0,0,0,0,0,0,0,0,0,0,0,0,0
45.4201,0,0,0,0,0,0,0,0,0,0,0,0,0,0,0,0
45.4301,0,0,0,0,0,0,0,0,0,0,0,0,0,0,0,0
45.4401,0,0,0,0,0,0,0,0,0,0,0,0,0,0,0,0
45.4501,0,0,0,0,0,0,0,0,0,0,0,0,0,0,0,0
45.4601,0,0,0,0,0,0,0,0,0,0,0,0,0,0,0,0
45.4701,0,0,0,0,0,0,0,0,0,0,0,0,0,0,0,0
45.4801,0,0,0,0,0,0,0,0,0,0,0,0,0,0,0,0
45.4901,0,0,0,0,0,0,0,0,0,0,0,0,0,0,0,0
45.5001,0,0,0,0,0,0,0,0,0,0,0,0,0,0,0,0
45.5101,0,0,0,0,0,0,0,0,0,0,0,0,0,0,0,0
45.5201,0,0,0,0,0,0,0,0,0,0,0,0,0,0,0,0
45.5301,0,0,0,0,0,0,0,0,0,0,0,0,0,0,0,0
45.5401,0,0,0,0,0,0,0,0,0,0,0,0,0,0,0,0
45.5501,0,0,0,0,0,0,0,0,0,0,0,0,0,0,0,0
45.5601,0,0,0,0,0,0,0,0,0,0,0,0,0,0,0,0
45.5701,0,0,0,0,0,0,0,0,0,0,0,0,0,0,0,0
45.5801,0,0,0,0,0,0,0,0,0,0,0,0,0,0,0,0
45.5901,0,0,0,0,0,0,0,0,0,0,0,0,0,0,0,0
45.6001,0,0,0,0,0,0,0,0,0,0,0,0,0,0,0,0
45.6101,0,0,0,0,0,0,0,0,0,0,0,0,0,0,0,0
45.6201,0,0,0,0,0,0,0,0,0,0,0,0,0,0,0,0
45.6301,0,0,0,0,0,0,0,0,0,0,0,0,0,0,0,0
45.6401,0,0,0,0,0,0,0,0,0,0,0,0,0,0,0,0
45.6501,0,0,0,0,0,0,0,0,0,0,0,0,0,0,0,0
45.6601,0,0,0,0,0,0,0,0,0,0,0,0,0,0,0,0
45.6701,0,0,0,0,0,0,0,0,0,0,0,0,0,0,0,0
45.6801,0,0,0,0,0,0,0,0,0,0,0,0,0,0,0,0
45.6901,0,0,0,0,0,0,0,0,0,0,0,0,0,0,0,0
45.7001,0,0,0,0,0,0,0,0,0,0,0,0,0,0,0,0
45.7101,0,0,0,0,0,0,0,0,0,0,0,0,0,0,0,0
45.7201,0,0,0,0,0,0,0,0,0,0,0,0,0,0,0,0
45.7301,0,0,0,0,0,0,0,0,0,0,0,0,0,0,0,0
45.7401,0,0,0,0,0,0,0,0,0,0,0,0,0,0,0,0
45.7501,0,0,0,0,0,0,0,0,0,0,0,0,0,0,0,0
45.7601,0,0,0,0,0,0,0,0,0,0,0,0,0,0,0,0
45.7701,0,0,0,0,0,0,0,0,0,0,0,0,0,0,0,0
45.7801,0,0,0,0,0,0,0,0,0,0,0,0,0,0,0,0
45.7901,0,0,0,0,0,0,0,0,0,0,0,0,0,0,0,0
45.8001,0,0,0,0,0,0,0,0,0,0,0,0,0,0,0,0
45.8101,0,0,0,0,0,0,0,0,0,0,0,0,0,0,0,0
45.8201,0,0,0,0,0,0,0,0,0,0,0,0,0,0,0,0
45.8301,0,0,0,0,0,0,0,0,0,0,0,0,0,0,0,0
45.8401,0,0,0,0,0,0,0,0,0,0,0,0,0,0,0,0
45.8501,0,0,0,0,0,0,0,0,0,0,0,0,0,0,0,0
45.8601,0,0,0,0,0,0,0,0,0,0,0,0,0,0,0,0
45.8701,0,0,0,0,0,0,0,0,0,0,0,0,0,0,0,0
45.8801,0,0,0,0,0,0,0,0,0,0,0,0,0,0,0,0
45.8901,0,0,0,0,0,0,0,0,0,0,0,0,0,0,0,0
45.9,0,0,0,0,0,0,0,0,0,0,0,0,0,0,0,0
45.9101,0,0,0,0,0,0,0,0,0,0,0,0,0,0,0,0
45.9201,0,0,0,0,0,0,0,0,0,0,0,0,0,0,0,0
45.9301,0,0,0,0,0,0,0,0,0,0,0,0,0,0,0,0
45.9401,0,0,0,0,0,0,0,0,0,0,0,0,0,0,0,0
45.9501,0,0,0,0,0,0,0,0,0,0,0,0,0,0,0,0
45.9601,0,0,0,0,0,0,0,0,0,0,0,0,0,0,0,0
45.9701,0,0,0,0,0,0,0,0,0,0,0,0,0,0,0,0
45.9801,0,0,0,0,0,0,0,0,0,0,0,0,0,0,0,0
45.9901,0,0,0,0,0,0,0,0,0,0,0,0,0,0,0,0
46.0001,0,0,0,0,0,0,0,0,0,0,0,0,0,0,0,0
46.0101,0,0,0,0,0,0,0,0,0,0,0,0,0,0,0,0
46.0201,0,0,0,0,0,0,0,0,0,0,0,0,0,0,0,0
46.0301,0,0,0,0,0,0,0,0,0,0,0,0,0,0,0,0
46.0401,0,0,0,0,0,0,0,0,0,0,0,0,0,0,0,0
46.0501,0,0,0,0,0,0,0,0,0,0,0,0,0,0,0,0
46.0601,0,0,0,0,0,0,0,0,0,0,0,0,0,0,0,0
46.0701,0,0,0,0,0,0,0,0,0,0,0,0,0,0,0,0
46.0801,0,0,0,0,0,0,0,0,0,0,0,0,0,0,0,0
46.0901,0,0,0,0,0,0,0,0,0,0,0,0,0,0,0,0
46.1001,0,0,0,0,0,0,0,0,0,0,0,0,0,0,0,0
46.1101,0,0,0,0,0,0,0,0,0,0,0,0,0,0,0,0
46.12,0,0,0,0,0,0,0,0,0,0,0,0,0,0,0,0
46.1301,0,0,0,0,0,0,0,0,0,0,0,0,0,0,0,0
46.1401,0,0,0,0,0,0,0,0,0,0,0,0,0,0,0,0
46.1501,0,0,0,0,0,0,0,0,0,0,0,0,0,0,0,0
46.1601,0,0,0,0,0,0,0,0,0,0,0,0,0,0,0,0
46.1701,0,0,0,0,0,0,0,0,0,0,0,0,0,0,0,0
46.1801,0,0,0,0,0,0,0,0,0,0,0,0,0,0,0,0
46.1901,0,0,0,0,0,0,0,0,0,0,0,0,0,0,0,0
46.2001,0,0,0,0,0,0,0,0,0,0,0,0,0,0,0,0
46.2101,0,0,0,0,0,0,0,0,0,0,0,0,0,0,0,0
46.2201,0,0,0,0,0,0,0,0,0,0,0,0,0,0,0,0
46.2301,0,0,0,0,0,0,0,0,0,0,0,0,0,0,0,0
46.2401,0,0,0,0,0,0,0,0,0,0,0,0,0,0,0,0
46.25,0,0,0,0,0,0,0,0,0,0,0,0,0,0,0,0
46.2601,0,0,0,0,0,0,0,0,0,0,0,0,0,0,0,0
46.2701,0,0,0,0,0,0,0,0,0,0,0,0,0,0,0,0
46.2801,0,0,0,0,0,0,0,0,0,0,0,0,0,0,0,0
46.2901,0,0,0,0,0,0,0,0,0,0,0,0,0,0,0,0
46.3001,0,0,0,0,0,0,0,0,0,0,0,0,0,0,0,0
46.3101,0,0,0,0,0,0,0,0,0,0,0,0,0,0,0,0
46.3201,0,0,0,0,0,0,0,0,0,0,0,0,0,0,0,0
46.3301,0,0,0,0,0,0,0,0,0,0,0,0,0,0,0,0
46.3401,0,0,0,0,0,0,0,0,0,0,0,0,0,0,0,0
46.3501,0,0,0,0,0,0,0,0,0,0,0,0,0,0,0,0
46.3601,0,0,0,0,0,0,0,0,0,0,0,0,0,0,0,0
46.3701,0,0,0,0,0,0,0,0,0,0,0,0,0,0,0,0
46.3801,0,0,0,0,0,0,0,0,0,0,0,0,0,0,0,0
46.3901,0,0,0,0,0,0,0,0,0,0,0,0,0,0,0,0
46.3913,0,0,0,0,0,0,0,0,0,0,0,0,0,0,0,0
46.3924,0,0,0,0,0,0,0,0,0,0,0,0,0,0,0,0
