t_s,ch1_cmd,ch2_cmd,ch3_cmd,ch4_cmd,ch5_cmd,ch6_cmd,ch7_cmd,ch8_cmd,ch1_applied,ch2_applied,ch3_applied,ch4_applied,ch5_applied,ch6_applied,ch7_applied,ch8_applied
0.200071,0,0,0,0,0,0,0,0,0,0,0,0,0,0,0,0
0.210061,0,0,0,0,0,0,0,0,0,0,0,0,0,0,0,0
0.22006,0,0,0,0,0,0,0,0,0,0,0,0,0,0,0,0
0.230077,0,0,0,0,0,0,0,0,0,0,0,0,0,0,0,0
0.240065,0,0,0,0,0,0,0,0,0,0,0,0,0,0,0,0
0.250059,0,0,0,0,0,0,0,0,0,0,0,0,0,0,0,0
0.260058,0,0,0,0,0,0,0,0,0,0,0,0,0,0,0,0
0.270059,0,0,0,0,0,0,0,0,0,0,0,0,0,0,0,0
0.280057,0,0,0,0,0,0,0,0,0,0,0,0,0,0,0,0
0.290062,0,0,0,0,0,0,0,0,0,0,0,0,0,0,0,0
0.300061,0,0,0,0,0,0,0,0,0,0,0,0,0,0,0,0
0.31006,0,0,0,0,0,0,0,0,0,0,0,0,0,0,0,0
0.32006,0,0,0,0,0,0,0,0,0,0,0,0,0,0,0,0
0.330063,0,0,0,0,0,0,0,0,0,0,0,0,0,0,0,0
0.340059,0,0,0,0,0,0,0,0,0,0,0,0,0,0,0,0
0.350058,0,0,0,0,0,0,0,0,0,0,0,0,0,0,0,0
0.360063,0,0,0,0,0,0,0,0,0,0,0,0,0,0,0,0
0.370065,0,0,0,0,0,0,0,0,0,0,0,0,0,0,0,0
0.380059,0,0,0,0,0,0,0,0,0,0,0,0,0,0,0,0
0.390058,0,0,0,0,0,0,0,0,0,0,0,0,0,0,0,0
0.400059,0,0,0,0,0,0,0,0,0,0,0,0,0,0,0,0
0.410059,0,0,0,0,0,0,0,0,0,0,0,0,0,0,0,0
0.42006,0,0,0,0,0,0,0,0,0,0,0,0,0,0,0,0
0.430061,0,0,0,0,0,0,0,0,0,0,0,0,0,0,0,0
0.440059,0,0,0,0,0,0,0,0,0,0,0,0,0,0,0,0
0.450065,0,0,0,0,0,0,0,0,0,0,0,0,0,0,0,0
0.46006,0,0,0,0,0,0,0,0,0,0,0,0,0,0,0,0
0.470061,0,0,0,0,0,0,0,0,0,0,0,0,0,0,0,0
0.480059,0,0,0,0,0,0,0,0,0,0,0,0,0,0,0,0
0.490065,0,0,0,0,0,0,0,0,0,0,0,0,0,0,0,0
0.500069,0,0,0,0,0,0,0,0,0,0,0,0,0,0,0,0
0.510061,0,0,0,0,0,0,0,0,0,0,0,0,0,0,0,0
0.52006,0,0,0,0,0,0,0,0,0,0,0,0,0,0,0,0
0.530058,0,0,0,0,0,0,0,0,0,0,0,0,0,0,0,0
0.540058,0,0,0,0,0,0,0,0,0,0,0,0,0,0,0,0
0.550061,0,0,0,0,0,0,0,0,0,0,0,0,0,0,0,0
0.560067,0,0,0,0,0,0,0,0,0,0,0,0,0,0,0,0
0.570067,0,0,0,0,0,0,0,0,0,0,0,0,0,0,0,0
0.58006,0,0,0,0,0,0,0,0,0,0,0,0,0,0,0,0
0.590064,0,0,0,0,0,0,0,0,0,0,0,0,0,0,0,0
0.600063,0,0,0,0,0,0,0,0,0,0,0,0,0,0,0,0
0.610061,0,0,0,0,0,0,0,0,0,0,0,0,0,0,0,0
0.620062,0,0,0,0,0,0,0,0,0,0,0,0,0,0,0,0
0.630062,0,0,0,0,0,0,0,0,0,0,0,0,0,0,0,0
0.640065,0,0,0,0,0,0,0,0,0,0,0,0,0,0,0,0
0.650059,0,0,0,0,0,0,0,0,0,0,0,0,0,0,0,0
0.660064,0,0,0,0,0,0,0,0,0,0,0,0,0,0,0,0
0.670068,0,0,0,0,0,0,0,0,0,0,0,0,0,0,0,0
0.680059,0,0,0,0,0,0,0,0,0,0,0,0,0,0,0,0
0.690058,0,0,0,0,0,0,0,0,0,0,0,0,0,0,0,0
0.700063,0,0,0,0,0,0,0,0,0,0,0,0,0,0,0,0
0.710065,0,0,0,0,0,0,0,0,0,0,0,0,0,0,0,0
0.720059,0,0,0,0,0,0,0,0,0,0,0,0,0,0,0,0
0.730058,0,0,0,0,0,0,0,0,0,0,0,0,0,0,0,0
0.740061,0,0,0,0,0,0,0,0,0,0,0,0,0,0,0,0
0.75006,0,0,0,0,0,0,0,0,0,0,0,0,0,0,0,0
0.760057,0,0,0,0,0,0,0,0,0,0,0,0,0,0,0,0
0.770058,0,0,0,0,0,0,0,0,0,0,0,0,0,0,0,0
0.780058,0,0,0,0,0,0,0,0,0,0,0,0,0,0,0,0
0.790058,0,0,0,0,0,0,0,0,0,0,0,0,0,0,0,0
0.800058,0,0,0,0,0,0,0,0,0,0,0,0,0,0,0,0
0.810058,0,0,0,0,0,0,0,0,0,0,0,0,0,0,0,0
0.820063,0,0,0,0,0,0,0,0,0,0,0,0,0,0,0,0
0.830063,0,0,0,0,0,0,0,0,0,0,0,0,0,0,0,0
0.840058,0,0,0,0,0,0,0,0,0,0,0,0,0,0,0,0
0.850059,0,0,0,0,0,0,0,0,0,0,0,0,0,0,0,0
0.860058,0,0,0,0,0,0,0,0,0,0,0,0,0,0,0,0
0.870058,0,0,0,0,0,0,0,0,0,0,0,0,0,0,0,0
0.880062,0,0,0,0,0,0,0,0,0,0,0,0,0,0,0,0
0.890063,0,0,0,0,0,0,0,0,0,0,0,0,0,0,0,0
0.900058,0,0,0,0,0,0,0,0,0,0,0,0,0,0,0,0
0.910063,0,0,0,0,0,0,0,0,0,0,0,0,0,0,0,0
0.920058,0,0,0,0,0,0,0,0,0,0,0,0,0,0,0,0
0.930063,0,0,0,0,0,0,0,0,0,0,0,0,0,0,0,0
0.940058,0,0,0,0,0,0,0,0,0,0,0,0,0,0,0,0
0.950064,0,0,0,0,0,0,0,0,0,0,0,0,0,0,0,0
0.960058,0,0,0,0,0,0,0,0,0,0,0,0,0,0,0,0
0.970066,0,0,0,0,0,0,0,0,0,0,0,0,0,0,0,0
0.980058,0,0,0,0,0,0,0,0,0,0,0,0,0,0,0,0
0.990068,0,0,0,0,0,0,0,0,0,0,0,0,0,0,0,0
1.00006,0,0,0,0,0,0,0,0,0,0,0,0,0,0,0,0
1.01006,0,0,0,0,0,0,0,0,0,0,0,0,0,0,0,0
1.02006,0,0,0,0,0,0,0,0,0,0,0,0,0,0,0,0
1.03006,0,0,0,0,0,0,0,0,0,0,0,0,0,0,0,0
1.04006,0,0,0,0,0,0,0,0,0,0,0,0,0,0,0,0
1.05006,0,0,0,0,0,0,0,0,0,0,0,0,0,0,0,0
1.06007,0,0,0,0,0,0,0,0,0,0,0,0,0,0,0,0
1.07008,0,0,0,0,0,0,0,0,0,0,0,0,0,0,0,0
1.08006,0,0,0,0,0,0,0,0,0,0,0,0,0,0,0,0
1.09006,0,0,0,0,0,0,0,0,0,0,0,0,0,0,0,0
1.10006,0,0,0,0,0,0,0,0,0,0,0,0,0,0,0,0
1.11006,0,0,0,0,0,0,0,0,0,0,0,0,0,0,0,0
1.12006,0,0,0,0,0,0,0,0,0,0,0,0,0,0,0,0
1.13006,0,0,0,0,0,0,0,0,0,0,0,0,0,0,0,0
1.14006,0,0,0,0,0,0,0,0,0,0,0,0,0,0,0,0
1.15006,0,0,0,0,0,0,0,0,0,0,0,0,0,0,0,0
1.16007,0,0,0,0,0,0,0,0,0,0,0,0,0,0,0,0
1.17006,0,0,0,0,0,0,0,0,0,0,0,0,0,0,0,0
1.18006,0,0,0,0,0,0,0,0,0,0,0,0,0,0,0,0
1.19006,0,0,0,0,0,0,0,0,0,0,0,0,0,0,0,0
1.20006,0,0,0,0,0,0,0,0,0,0,0,0,0,0,0,0
1.21006,0,0,0,0,0,0,0,0,0,0,0,0,0,0,0,0
1.22006,0,0,0,0,0,0,0,0,0,0,0,0,0,0,0,0
1.23006,0,0,0,0,0,0,0,0,0,0,0,0,0,0,0,0
1.24006,0,0,0,0,0,0,0,0,0,0,0,0,0,0,0,0
1.25006,0,0,0,0,0,0,0,0,0,0,0,0,0,0,0,0
1.26006,0,0,0,0,0,0,0,0,0,0,0,0,0,0,0,0
1.27006,0,0,0,0,0,0,0,0,0,0,0,0,0,0,0,0
1.28006,0,0,0,0,0,0,0,0,0,0,0,0,0,0,0,0
1.29006,0,0,0,0,0,0,0,0,0,0,0,0,0,0,0,0
1.30006,0,0,0,0,0,0,0,0,0,0,0,0,0,0,0,0
1.31006,0,0,0,0,0,0,0,0,0,0,0,0,0,0,0,0
1.32006,0,0,0,0,0,0,0,0,0,0,0,0,0,0,0,0
1.33006,0,0,0,0,0,0,0,0,0,0,0,0,0,0,0,0
1.34006,0,0,0,0,0,0,0,0,0,0,0,0,0,0,0,0
1.35006,0,0,0,0,0,0,0,0,0,0,0,0,0,0,0,0
1.36006,0,0,0,0,0,0,0,0,0,0,0,0,0,0,0,0
1.37006,0,0,0,0,0,0,0,0,0,0,0,0,0,0,0,0
1.38006,0,0,0,0,0,0,0,0,0,0,0,0,0,0,0,0
1.39006,0,0,0,0,0,0,0,0,0,0,0,0,0,0,0,0
1.40006,0,0,0,0,0,0,0,0,0,0,0,0,0,0,0,0
1.41006,0,0,0,0,0,0,0,0,0,0,0,0,0,0,0,0
1.42006,0,0,0,0,0,0,0,0,0,0,0,0,0,0,0,0
1.43006,0,0,0,0,0,0,0,0,0,0,0,0,0,0,0,0
1.44006,0,0,0,0,0,0,0,0,0,0,0,0,0,0,0,0
1.45006,0,0,0,0,0,0,0,0,0,0,0,0,0,0,0,0
1.46006,0,0,0,0,0,0,0,0,0,0,0,0,0,0,0,0
1.47006,0,0,0,0,0,0,0,0,0,0,0,0,0,0,0,0
1.48006,0,0,0,0,0,0,0,0,0,0,0,0,0,0,0,0
1.49006,0,0,0,0,0,0,0,0,0,0,0,0,0,0,0,0
1.50006,0,0,0,0,0,0,0,0,0,0,0,0,0,0,0,0
1.51006,0,0,0,0,0,0,0,0,0,0,0,0,0,0,0,0
1.52006,0,0,0,0,0,0,0,0,0,0,0,0,0,0,0,0
1.53009,0,0,0,0,0,0,0,0,0,0,0,0,0,0,0,0
1.54006,0,0,0,0,0,0,0,0,0,0,0,0,0,0,0,0
1.55006,0,0,0,0,0,0,0,0,0,0,0,0,0,0,0,0
1.56006,0,0,0,0,0,0,0,0,0,0,0,0,0,0,0,0
1.57006,0,0,0,0,0,0,0,0,0,0,0,0,0,0,0,0
1.58006,0,0,0,0,0,0,0,0,0,0,0,0,0,0,0,0
1.59006,0,0,0,0,0,0,0,0,0,0,0,0,0,0,0,0
1.60006,0,0,0,0,0,0,0,0,0,0,0,0,0,0,0,0
1.61006,0,0,0,0,0,0,0,0,0,0,0,0,0,0,0,0
1.62006,0,0,0,0,0,0,0,0,0,0,0,0,0,0,0,0
1.63007,0,0,0,0,0,0,0,0,0,0,0,0,0,0,0,0
1.64006,0,0,0,0,0,0,0,0,0,0,0,0,0,0,0,0
1.65006,0,0,0,0,0,0,0,0,0,0,0,0,0,0,0,0
1.66007,0,0,0,0,0,0,0,0,0,0,0,0,0,0,0,0
1.67006,0,0,0,0,0,0,0,0,0,0,0,0,0,0,0,0
1.68006,0,0,0,0,0,0,0,0,0,0,0,0,0,0,0,0
1.69006,0,0,0,0,0,0,0,0,0,0,0,0,0,0,0,0
1.70006,0,0,0,0,0,0,0,0,0,0,0,0,0,0,0,0
1.71006,0,0,0,0,0,0,0,0,0,0,0,0,0,0,0,0
1.72006,0,0,0,0,0,0,0,0,0,0,0,0,0,0,0,0
1.73006,0,0,0,0,0,0,0,0,0,0,0,0,0,0,0,0
1.74006,0,0,0,0,0,0,0,0,0,0,0,0,0,0,0,0
1.75006,0,0,0,0,0,0,0,0,0,0,0,0,0,0,0,0
1.76006,0,0,0,0,0,0,0,0,0,0,0,0,0,0,0,0
1.77006,0,0,0,0,0,0,0,0,0,0,0,0,0,0,0,0
1.78007,0,0,0,0,0,0,0,0,0,0,0,0,0,0,0,0
1.79006,0,0,0,0,0,0,0,0,0,0,0,0,0,0,0,0
1.80006,0,0,0,0,0,0,0,0,0,0,0,0,0,0,0,0
1.81006,0,0,0,0,0,0,0,0,0,0,0,0,0,0,0,0
1.82006,0,0,0,0,0,0,0,0,0,0,0,0,0,0,0,0
1.83002,0,0,0,0,0,0,0,0,0,0,0,0,0,0,0,0
1.84006,0,0,0,0,0,0,0,0,0,0,0,0,0,0,0,0
1.85006,0,0,0,0,0,0,0,0,0,0,0,0,0,0,0,0
1.86006,0,0,0,0,0,0,0,0,0,0,0,0,0,0,0,0
1.87001,0,0,0,0,0,0,0,0,0,0,0,0,0,0,0,0
1.88006,0,0,0,0,0,0,0,0,0,0,0,0,0,0,0,0
1.89006,0,0,0,0,0,0,0,0,0,0,0,0,0,0,0,0
1.90007,0,0,0,0,0,0,0,0,0,0,0,0,0,0,0,0
1.91006,0,0,0,0,0,0,0,0,0,0,0,0,0,0,0,0
1.92001,0,0,0,0,0,0,0,0,0,0,0,0,0,0,0,0
1.93006,0,0,0,0,0,0,0,0,0,0,0,0,0,0,0,0
1.94007,0,0,0,0,0,0,0,0,0,0,0,0,0,0,0,0
1.95007,0,0,0,0,0,0,0,0,0,0,0,0,0,0,0,0
1.96006,0,0,0,0,0,0,0,0,0,0,0,0,0,0,0,0
1.97006,0,0,0,0,0,0,0,0,0,0,0,0,0,0,0,0
1.98006,0,0,0,0,0,0,0,0,0,0,0,0,0,0,0,0
1.99006,0,0,0,0,0,0,0,0,0,0,0,0,0,0,0,0
2.00006,0,0,0,0,0,0,0,0,0,0,0,0,0,0,0,0
2.01006,0,0,0,0,0,0,0,0,0,0,0,0,0,0,0,0
2.02006,0,0,0,0,0,0,0,0,0,0,0,0,0,0,0,0
2.03006,0,0,0,0,0,0,0,0,0,0,0,0,0,0,0,0
2.04006,0,0,0,0,0,0,0,0,0,0,0,0,0,0,0,0
2.05006,0,0,0,0,0,0,0,0,0,0,0,0,0,0,0,0
2.06006,0,0,0,0,0,0,0,0,0,0,0,0,0,0,0,0
2.07006,0,0,0,0,0,0,0,0,0,0,0,0,0,0,0,0
2.08006,0,0,0,0,0,0,0,0,0,0,0,0,0,0,0,0
2.09006,0,0,0,0,0,0,0,0,0,0,0,0,0,0,0,0
2.10006,0,0,0,0,0,0,0,0,0,0,0,0,0,0,0,0
2.11006,0,0,0,0,0,0,0,0,0,0,0,0,0,0,0,0
2.12006,0,0,0,0,0,0,0,0,0,0,0,0,0,0,0,0
2.13006,0,0,0,0,0,0,0,0,0,0,0,0,0,0,0,0
2.14006,0,0,0,0,0,0,0,0,0,0,0,0,0,0,0,0
2.15006,0,0,0,0,0,0,0,0,0,0,0,0,0,0,0,0
2.16006,0,0,0,0,0,0,0,0,0,0,0,0,0,0,0,0
2.17006,0,0,0,0,0,0,0,0,0,0,0,0,0,0,0,0
2.18006,0,0,0,0,0,0,0,0,0,0,0,0,0,0,0,0
2.19006,0,0,0,0,0,0,0,0,0,0,0,0,0,0,0,0
2.20006,0,0,0,0,0,0,0,0,0,0,0,0,0,0,0,0
2.21006,0,0,0,0,0,0,0,0,0,0,0,0,0,0,0,0
2.22006,0,0,0,0,0,0,0,0,0,0,0,0,0,0,0,0
2.23006,0,0,0,0,0,0,0,0,0,0,0,0,0,0,0,0
2.24006,0,0,0,0,0,0,0,0,0,0,0,0,0,0,0,0
2.25006,0,0,0,0,0,0,0,0,0,0,0,0,0,0,0,0
2.26007,0,0,0,0,0,0,0,0,0,0,0,0,0,0,0,0
2.27006,0,0,0,0,0,0,0,0,0,0,0,0,0,0,0,0
2.28011,0,0,0,0,0,0,0,0,0,0,0,0,0,0,0,0
2.29006,0,0,0,0,0,0,0,0,0,0,0,0,0,0,0,0
2.30006,0,0,0,0,0,0,0,0,0,0,0,0,0,0,0,0
2.31006,0,0,0,0,0,0,0,0,0,0,0,0,0,0,0,0
2.32006,0,0,0,0,0,0,0,0,0,0,0,0,0,0,0,0
2.33006,0,0,0,0,0,0,0,0,0,0,0,0,0,0,0,0
2.34006,0,0,0,0,0,0,0,0,0,0,0,0,0,0,0,0
2.35006,0,0,0,0,0,0,0,0,0,0,0,0,0,0,0,0
2.36006,0,0,0,0,0,0,0,0,0,0,0,0,0,0,0,0
2.37006,0,0,0,0,0,0,0,0,0,0,0,0,0,0,0,0
2.38006,0,0,0,0,0,0,0,0,0,0,0,0,0,0,0,0
2.39006,0,0,0,0,0,0,0,0,0,0,0,0,0,0,0,0
2.40006,0,0,0,0,0,0,0,0,0,0,0,0,0,0,0,0
2.41006,0,0,0,0,0,0,0,0,0,0,0,0,0,0,0,0
2.42006,0,0,0,0,0,0,0,0,0,0,0,0,0,0,0,0
2.43006,0,0,0,0,0,0,0,0,0,0,0,0,0,0,0,0
2.44006,0,0,0,0,0,0,0,0,0,0,0,0,0,0,0,0
2.45006,0,0,0,0,0,0,0,0,0,0,0,0,0,0,0,0
2.46006,0,0,0,0,0,0,0,0,0,0,0,0,0,0,0,0
2.47006,0,0,0,0,0,0,0,0,0,0,0,0,0,0,0,0
2.48006,0,0,0,0,0,0,0,0,0,0,0,0,0,0,0,0
2.49006,0,0,0,0,0,0,0,0,0,0,0,0,0,0,0,0
2.50006,0,0,0,0,0,0,0,0,0,0,0,0,0,0,0,0
2.51007,0,0,0,0,0,0,0,0,0,0,0,0,0,0,0,0
2.52007,0,0,0,0,0,0,0,0,0,0,0,0,0,0,0,0
2.53007,0,0,0,0,0,0,0,0,0,0,0,0,0,0,0,0
2.54006,0,0,0,0,0,0,0,0,0,0,0,0,0,0,0,0
2.55006,0,0,0,0,0,0,0,0,0,0,0,0,0,0,0,0
2.56006,0,0,0,0,0,0,0,0,0,0,0,0,0,0,0,0
2.57006,0,0,0,0,0,0,0,0,0,0,0,0,0,0,0,0
2.58006,0,0,0,0,0,0,0,0,0,0,0,0,0,0,0,0
2.59006,0,0,0,0,0,0,0,0,0,0,0,0,0,0,0,0
2.60002,0,0,0,0,0,0,0,0,0,0,0,0,0,0,0,0
2.61006,0,0,0,0,0,0,0,0,0,0,0,0,0,0,0,0
2.62006,0,0,0,0,0,0,0,0,0,0,0,0,0,0,0,0
2.63006,0,0,0,0,0,0,0,0,0,0,0,0,0,0,0,0
2.64006,0,0,0,0,0,0,0,0,0,0,0,0,0,0,0,0
2.65006,0,0,0,0,0,0,0,0,0,0,0,0,0,0,0,0
2.66006,0,0,0,0,0,0,0,0,0,0,0,0,0,0,0,0
2.67006,0,0,0,0,0,0,0,0,0,0,0,0,0,0,0,0
2.68006,0,0,0,0,0,0,0,0,0,0,0,0,0,0,0,0
2.69006,0,0,0,0,0,0,0,0,0,0,0,0,0,0,0,0
2.70006,0,0,0,0,0,0,0,0,0,0,0,0,0,0,0,0
2.71006,0,0,0,0,0,0,0,0,0,0,0,0,0,0,0,0
2.72006,0,0,0,0,0,0,0,0,0,0,0,0,0,0,0,0
2.73006,0,0,0,0,0,0,0,0,0,0,0,0,0,0,0,0
2.74006,0,0,0,0,0,0,0,0,0,0,0,0,0,0,0,0
2.75006,0,0,0,0,0,0,0,0,0,0,0,0,0,0,0,0
2.76006,0,0,0,0,0,0,0,0,0,0,0,0,0,0,0,0
2.77006,0,0,0,0,0,0,0,0,0,0,0,0,0,0,0,0
2.78006,0,0,0,0,0,0,0,0,0,0,0,0,0,0,0,0
2.79006,0,0,0,0,0,0,0,0,0,0,0,0,0,0,0,0
2.80006,0,0,0,0,0,0,0,0,0,0,0,0,0,0,0,0
2.81006,0,0,0,0,0,0,0,0,0,0,0,0,0,0,0,0
2.82006,0,0,0,0,0,0,0,0,0,0,0,0,0,0,0,0
2.83006,0,0,0,0,0,0,0,0,0,0,0,0,0,0,0,0
2.84006,0,0,0,0,0,0,0,0,0,0,0,0,0,0,0,0
2.85007,0,0,0,0,0,0,0,0,0,0,0,0,0,0,0,0
2.86006,0,0,0,0,0,0,0,0,0,0,0,0,0,0,0,0
2.87006,0,0,0,0,0,0,0,0,0,0,0,0,0,0,0,0
2.88006,0,0,0,0,0,0,0,0,0,0,0,0,0,0,0,0
2.89006,0,0,0,0,0,0,0,0,0,0,0,0,0,0,0,0
2.90006,0,0,0,0,0,0,0,0,0,0,0,0,0,0,0,0
2.91006,0,0,0,0,0,0,0,0,0,0,0,0,0,0,0,0
2.92006,0,0,0,0,0,0,0,0,0,0,0,0,0,0,0,0
2.93006,0,0,0,0,0,0,0,0,0,0,0,0,0,0,0,0
2.94006,0,0,0,0,0,0,0,0,0,0,0,0,0,0,0,0
2.95006,0,0,0,0,0,0,0,0,0,0,0,0,0,0,0,0
2.96006,0,0,0,0,0,0,0,0,0,0,0,0,0,0,0,0
2.97006,0,0,0,0,0,0,0,0,0,0,0,0,0,0,0,0
2.98007,0,0,0,0,0,0,0,0,0,0,0,0,0,0,0,0
2.99006,0,0,0,0,0,0,0,0,0,0,0,0,0,0,0,0
3.00006,0,0,0,0,0,0,0,0,0,0,0,0,0,0,0,0
3.01006,0,0,0,0,0,0,0,0,0,0,0,0,0,0,0,0
3.02006,0,0,0,0,0,0,0,0,0,0,0,0,0,0,0,0
3.03006,0,0,0,0,0,0,0,0,0,0,0,0,0,0,0,0
3.04006,0,0,0,0,0,0,0,0,0,0,0,0,0,0,0,0
3.05006,0,0,0,0,0,0,0,0,0,0,0,0,0,0,0,0
3.06006,0,0,0,0,0,0,0,0,0,0,0,0,0,0,0,0
3.07006,0,0,0,0,0,0,0,0,0,0,0,0,0,0,0,0
3.08006,0,0,0,0,0,0,0,0,0,0,0,0,0,0,0,0
3.09006,0,0,0,0,0,0,0,0,0,0,0,0,0,0,0,0
3.10006,0,0,0,0,0,0,0,0,0,0,0,0,0,0,0,0
3.11006,0,0,0,0,0,0,0,0,0,0,0,0,0,0,0,0
3.12006,0,0,0,0,0,0,0,0,0,0,0,0,0,0,0,0
3.13006,0,0,0,0,0,0,0,0,0,0,0,0,0,0,0,0
3.14006,0,0,0,0,0,0,0,0,0,0,0,0,0,0,0,0
3.15006,0,0,0,0,0,0,0,0,0,0,0,0,0,0,0,0
3.16006,0,0,0,0,0,0,0,0,0,0,0,0,0,0,0,0
3.17006,0,0,0,0,0,0,0,0,0,0,0,0,0,0,0,0
3.18006,0,0,0,0,0,0,0,0,0,0,0,0,0,0,0,0
3.19006,0,0,0,0,0,0,0,0,0,0,0,0,0,0,0,0
3.20006,0,0,0,0,0,0,0,0,0,0,0,0,0,0,0,0
3.21006,0,0,0,0,0,0,0,0,0,0,0,0,0,0,0,0
3.22006,0,0,0,0,0,0,0,0,0,0,0,0,0,0,0,0
3.23006,0,0,0,0,0,0,0,0,0,0,0,0,0,0,0,0
3.24006,0,0,0,0,0,0,0,0,0,0,0,0,0,0,0,0
3.25007,0,0,0,0,0,0,0,0,0,0,0,0,0,0,0,0
3.26006,0,0,0,0,0,0,0,0,0,0,0,0,0,0,0,0
3.27006,0,0,0,0,0,0,0,0,0,0,0,0,0,0,0,0
3.28006,0,0,0,0,0,0,0,0,0,0,0,0,0,0,0,0
3.29006,0,0,0,0,0,0,0,0,0,0,0,0,0,0,0,0
3.30006,0,0,0,0,0,0,0,0,0,0,0,0,0,0,0,0
3.31007,0,0,0,0,0,0,0,0,0,0,0,0,0,0,0,0
3.32006,0,0,0,0,0,0,0,0,0,0,0,0,0,0,0,0
3.33006,0,0,0,0,0,0,0,0,0,0,0,0,0,0,0,0
3.34006,0,0,0,0,0,0,0,0,0,0,0,0,0,0,0,0
3.35006,0,0,0,0,0,0,0,0,0,0,0,0,0,0,0,0
3.36006,0,0,0,0,0,0,0,0,0,0,0,0,0,0,0,0
3.37006,0,0,0,0,0,0,0,0,0,0,0,0,0,0,0,0
3.38006,0,0,0,0,0,0,0,0,0,0,0,0,0,0,0,0
3.39006,0,0,0,0,0,0,0,0,0,0,0,0,0,0,0,0
3.40006,0,0,0,0,0,0,0,0,0,0,0,0,0,0,0,0
3.41006,0,0,0,0,0,0,0,0,0,0,0,0,0,0,0,0
3.42006,0,0,0,0,0,0,0,0,0,0,0,0,0,0,0,0
3.43007,0,0,0,0,0,0,0,0,0,0,0,0,0,0,0,0
3.44006,0,0,0,0,0,0,0,0,0,0,0,0,0,0,0,0
3.45006,0,0,0,0,0,0,0,0,0,0,0,0,0,0,0,0
3.46006,0,0,0,0,0,0,0,0,0,0,0,0,0,0,0,0
3.47006,0,0,0,0,0,0,0,0,0,0,0,0,0,0,0,0
3.48006,0,0,0,0,0,0,0,0,0,0,0,0,0,0,0,0
3.49006,0,0,0,0,0,0,0,0,0,0,0,0,0,0,0,0
3.50006,0,0,0,0,0,0,0,0,0,0,0,0,0,0,0,0
3.51007,0,0,0,0,0,0,0,0,0,0,0,0,0,0,0,0
3.52006,0,0,0,0,0,0,0,0,0,0,0,0,0,0,0,0
3.53006,0,0,0,0,0,0,0,0,0,0,0,0,0,0,0,0
3.54006,0,0,0,0,0,0,0,0,0,0,0,0,0,0,0,0
3.55006,0,0,0,0,0,0,0,0,0,0,0,0,0,0,0,0
3.56006,0,0,0,0,0,0,0,0,0,0,0,0,0,0,0,0
3.57006,0,0,0,0,0,0,0,0,0,0,0,0,0,0,0,0
3.58006,0,0,0,0,0,0,0,0,0,0,0,0,0,0,0,0
3.59006,0,0,0,0,0,0,0,0,0,0,0,0,0,0,0,0
3.60006,0,0,0,0,0,0,0,0,0,0,0,0,0,0,0,0
3.61006,0,0,0,0,0,0,0,0,0,0,0,0,0,0,0,0
3.62006,0,0,0,0,0,0,0,0,0,0,0,0,0,0,0,0
3.63006,0,0,0,0,0,0,0,0,0,0,0,0,0,0,0,0
3.64006,0,0,0,0,0,0,0,0,0,0,0,0,0,0,0,0
3.65006,0,0,0,0,0,0,0,0,0,0,0,0,0,0,0,0
3.66006,0,0,0,0,0,0,0,0,0,0,0,0,0,0,0,0
3.67006,0,0,0,0,0,0,0,0,0,0,0,0,0,0,0,0
3.68006,0,0,0,0,0,0,0,0,0,0,0,0,0,0,0,0
3.69006,0,0,0,0,0,0,0,0,0,0,0,0,0,0,0,0
3.70006,0,0,0,0,0,0,0,0,0,0,0,0,0,0,0,0
3.71006,0,0,0,0,0,0,0,0,0,0,0,0,0,0,0,0
3.72006,0,0,0,0,0,0,0,0,0,0,0,0,0,0,0,0
3.73007,0,0,0,0,0,0,0,0,0,0,0,0,0,0,0,0
3.74006,0,0,0,0,0,0,0,0,0,0,0,0,0,0,0,0
3.75007,0,0,0,0,0,0,0,0,0,0,0,0,0,0,0,0
3.76006,0,0,0,0,0,0,0,0,0,0,0,0,0,0,0,0
3.77006,0,0,0,0,0,0,0,0,0,0,0,0,0,0,0,0
3.78006,0,0,0,0,0,0,0,0,0,0,0,0,0,0,0,0
3.79006,0,0,0,0,0,0,0,0,0,0,0,0,0,0,0,0
3.80006,0,0,0,0,0,0,0,0,0,0,0,0,0,0,0,0
3.81006,0,0,0,0,0,0,0,0,0,0,0,0,0,0,0,0
3.82006,0,0,0,0,0,0,0,0,0,0,0,0,0,0,0,0
3.83006,0,0,0,0,0,0,0,0,0,0,0,0,0,0,0,0
3.84006,0,0,0,0,0,0,0,0,0,0,0,0,0,0,0,0
3.85006,0,0,0,0,0,0,0,0,0,0,0,0,0,0,0,0
3.86006,0,0,0,0,0,0,0,0,0,0,0,0,0,0,0,0
3.87006,0,0,0,0,0,0,0,0,0,0,0,0,0,0,0,0
3.88006,0,0,0,0,0,0,0,0,0,0,0,0,0,0,0,0
3.89006,0,0,0,0,0,0,0,0,0,0,0,0,0,0,0,0
3.90006,0,0,0,0,0,0,0,0,0,0,0,0,0,0,0,0
3.91006,0,0,0,0,0,0,0,0,0,0,0,0,0,0,0,0
3.92006,0,0,0,0,0,0,0,0,0,0,0,0,0,0,0,0
3.93006,0,0,0,0,0,0,0,0,0,0,0,0,0,0,0,0
3.94006,0,0,0,0,0,0,0,0,0,0,0,0,0,0,0,0
3.95009,0,0,0,0,0,0,0,0,0,0,0,0,0,0,0,0
3.96008,0,0,0,0,0,0,0,0,0,0,0,0,0,0,0,0
3.97009,0,0,0,0,0,0,0,0,0,0,0,0,0,0,0,0
3.98008,0,0,0,0,0,0,0,0,0,0,0,0,0,0,0,0
3.99008,0,0,0,0,0,0,0,0,0,0,0,0,0,0,0,0
4.00008,0,0,0,0,0,0,0,0,0,0,0,0,0,0,0,0
4.01022,0,0,0,0,0,0,0,0,0,0,0,0,0,0,0,0
4.02022,0,0,0,0,0,0,0,0,0,0,0,0,0,0,0,0
4.03009,0,0,0,0,0,0,0,0,0,0,0,0,0,0,0,0
4.04008,0,0,0,0,0,0,0,0,0,0,0,0,0,0,0,0
4.05024,0,0,0,0,0,0,0,0,0,0,0,0,0,0,0,0
4.0603,0,0,0,0,0,0,0,0,0,0,0,0,0,0,0,0
4.07027,0,0,0,0,0,0,0,0,0,0,0,0,0,0,0,0
4.0803,0,0,0,0,0,0,0,0,0,0,0,0,0,0,0,0
4.0903,0,0,0,0,0,0,0,0,0,0,0,0,0,0,0,0
4.10033,0,0,0,0,0,0,0,0,0,0,0,0,0,0,0,0
4.11007,0,0,0,0,0,0,0,0,0,0,0,0,0,0,0,0
4.12006,0,0,0,0,0,0,0,0,0,0,0,0,0,0,0,0
4.13006,0,0,0,0,0,0,0,0,0,0,0,0,0,0,0,0
4.14006,0,0,0,0,0,0,0,0,0,0,0,0,0,0,0,0
4.15006,0,0,0,0,0,0,0,0,0,0,0,0,0,0,0,0
4.16007,0,0,0,0,0,0,0,0,0,0,0,0,0,0,0,0
4.17009,0,0,0,0,0,0,0,0,0,0,0,0,0,0,0,0
4.18008,0,0,0,0,0,0,0,0,0,0,0,0,0,0,0,0
4.19002,0,0,0,0,0,0,0,0,0,0,0,0,0,0,0,0
4.20006,0,0,0,0,0,0,0,0,0,0,0,0,0,0,0,0
4.21006,0,0,0,0,0,0,0,0,0,0,0,0,0,0,0,0
4.22006,0,0,0,0,0,0,0,0,0,0,0,0,0,0,0,0
4.23006,0,0,0,0,0,0,0,0,0,0,0,0,0,0,0,0
4.24007,0,0,0,0,0,0,0,0,0,0,0,0,0,0,0,0
4.25007,0,0,0,0,0,0,0,0,0,0,0,0,0,0,0,0
4.26006,0,0,0,0,0,0,0,0,0,0,0,0,0,0,0,0
4.27006,0,0,0,0,0,0,0,0,0,0,0,0,0,0,0,0
4.28006,0,0,0,0,0,0,0,0,0,0,0,0,0,0,0,0
4.29006,0,0,0,0,0,0,0,0,0,0,0,0,0,0,0,0
4.30006,0,0,0,0,0,0,0,0,0,0,0,0,0,0,0,0
4.31006,0,0,0,0,0,0,0,0,0,0,0,0,0,0,0,0
4.32006,0,0,0,0,0,0,0,0,0,0,0,0,0,0,0,0
4.33006,0,0,0,0,0,0,0,0,0,0,0,0,0,0,0,0
4.34006,0,0,0,0,0,0,0,0,0,0,0,0,0,0,0,0
4.35006,0,0,0,0,0,0,0,0,0,0,0,0,0,0,0,0
4.36006,0,0,0,0,0,0,0,0,0,0,0,0,0,0,0,0
4.37006,0,0,0,0,0,0,0,0,0,0,0,0,0,0,0,0
4.38006,0,0,0,0,0,0,0,0,0,0,0,0,0,0,0,0
4.39006,0,0,0,0,0,0,0,0,0,0,0,0,0,0,0,0
4.40006,0,0,0,0,0,0,0,0,0,0,0,0,0,0,0,0
4.41006,0,0,0,0,0,0,0,0,0,0,0,0,0,0,0,0
4.42006,0,0,0,0,0,0,0,0,0,0,0,0,0,0,0,0
4.43006,0,0,0,0,0,0,0,0,0,0,0,0,0,0,0,0
4.44007,0,0,0,0,0,0,0,0,0,0,0,0,0,0,0,0
4.45007,0,0,0,0,0,0,0,0,0,0,0,0,0,0,0,0
4.46006,0,0,0,0,0,0,0,0,0,0,0,0,0,0,0,0
4.47006,0,0,0,0,0,0,0,0,0,0,0,0,0,0,0,0
4.48006,0,0,0,0,0,0,0,0,0,0,0,0,0,0,0,0
4.49006,0,0,0,0,0,0,0,0,0,0,0,0,0,0,0,0
4.50006,0,0,0,0,0,0,0,0,0,0,0,0,0,0,0,0
4.51006,0,0,0,0,0,0,0,0,0,0,0,0,0,0,0,0
4.52001,0,0,0,0,0,0,0,0,0,0,0,0,0,0,0,0
4.53006,0,0,0,0,0,0,0,0,0,0,0,0,0,0,0,0
4.54006,0,0,0,0,0,0,0,0,0,0,0,0,0,0,0,0
4.55007,0,0,0,0,0,0,0,0,0,0,0,0,0,0,0,0
4.56006,0,0,0,0,0,0,0,0,0,0,0,0,0,0,0,0
4.57006,0,0,0,0,0,0,0,0,0,0,0,0,0,0,0,0
4.58006,0,0,0,0,0,0,0,0,0,0,0,0,0,0,0,0
4.59007,0,0,0,0,0,0,0,0,0,0,0,0,0,0,0,0
4.60006,0,0,0,0,0,0,0,0,0,0,0,0,0,0,0,0
4.61006,0,0,0,0,0,0,0,0,0,0,0,0,0,0,0,0
4.62006,0,0,0,0,0,0,0,0,0,0,0,0,0,0,0,0
4.63006,0,0,0,0,0,0,0,0,0,0,0,0,0,0,0,0
4.64006,0,0,0,0,0,0,0,0,0,0,0,0,0,0,0,0
4.65007,0,0,0,0,0,0,0,0,0,0,0,0,0,0,0,0
4.66007,0,0,0,0,0,0,0,0,0,0,0,0,0,0,0,0
4.67006,0,0,0,0,0,0,0,0,0,0,0,0,0,0,0,0
4.68006,0,0,0,0,0,0,0,0,0,0,0,0,0,0,0,0
4.69006,0,0,0,0,0,0,0,0,0,0,0,0,0,0,0,0
4.70006,0,0,0,0,0,0,0,0,0,0,0,0,0,0,0,0
4.71006,0,0,0,0,0,0,0,0,0,0,0,0,0,0,0,0
4.72006,0,0,0,0,0,0,0,0,0,0,0,0,0,0,0,0
4.73007,0,0,0,0,0,0,0,0,0,0,0,0,0,0,0,0
4.74006,0,0,0,0,0,0,0,0,0,0,0,0,0,0,0,0
4.75006,0,0,0,0,0,0,0,0,0,0,0,0,0,0,0,0
4.76006,0,0,0,0,0,0,0,0,0,0,0,0,0,0,0,0
4.77006,0,0,0,0,0,0,0,0,0,0,0,0,0,0,0,0
4.78006,0,0,0,0,0,0,0,0,0,0,0,0,0,0,0,0
4.79006,0,0,0,0,0,0,0,0,0,0,0,0,0,0,0,0
4.80006,0,0,0,0,0,0,0,0,0,0,0,0,0,0,0,0
4.81006,0,0,0,0,0,0,0,0,0,0,0,0,0,0,0,0
4.82006,0,0,0,0,0,0,0,0,0,0,0,0,0,0,0,0
4.83006,0,0,0,0,0,0,0,0,0,0,0,0,0,0,0,0
4.84006,0,0,0,0,0,0,0,0,0,0,0,0,0,0,0,0
4.85006,0,0,0,0,0,0,0,0,0,0,0,0,0,0,0,0
4.86006,0,0,0,0,0,0,0,0,0,0,0,0,0,0,0,0
4.87006,0,0,0,0,0,0,0,0,0,0,0,0,0,0,0,0
4.88007,0,0,0,0,0,0,0,0,0,0,0,0,0,0,0,0
4.89007,0,0,0,0,0,0,0,0,0,0,0,0,0,0,0,0
4.90006,0,0,0,0,0,0,0,0,0,0,0,0,0,0,0,0
4.91006,0,0,0,0,0,0,0,0,0,0,0,0,0,0,0,0
4.92006,0,0,0,0,0,0,0,0,0,0,0,0,0,0,0,0
4.93006,0,0,0,0,0,0,0,0,0,0,0,0,0,0,0,0
4.94006,0,0,0,0,0,0,0,0,0,0,0,0,0,0,0,0
4.95006,0,0,0,0,0,0,0,0,0,0,0,0,0,0,0,0
4.96006,0,0,0,0,0,0,0,0,0,0,0,0,0,0,0,0
4.97007,0,0,0,0,0,0,0,0,0,0,0,0,0,0,0,0
4.98007,0,0,0,0,0,0,0,0,0,0,0,0,0,0,0,0
4.99007,0,0,0,0,0,0,0,0,0,0,0,0,0,0,0,0
5.00007,0,0,0,0,0,0,0,0,0,0,0,0,0,0,0,0
5.01007,0,0,0,0,0,0,0,0,0,0,0,0,0,0,0,0
5.02006,0,0,0,0,0,0,0,0,0,0,0,0,0,0,0,0
5.03006,0,0,0,0,0,0,0,0,0,0,0,0,0,0,0,0
5.04006,0,0,0,0,0,0,0,0,0,0,0,0,0,0,0,0
5.05006,0,0,0,0,0,0,0,0,0,0,0,0,0,0,0,0
5.06006,0,0,0,0,0,0,0,0,0,0,0,0,0,0,0,0
5.07006,0,0,0,0,0,0,0,0,0,0,0,0,0,0,0,0
5.08006,0,0,0,0,0,0,0,0,0,0,0,0,0,0,0,0
5.09006,0,0,0,0,0,0,0,0,0,0,0,0,0,0,0,0
5.10006,0,0,0,0,0,0,0,0,0,0,0,0,0,0,0,0
5.11006,0,0,0,0,0,0,0,0,0,0,0,0,0,0,0,0
5.12006,0,0,0,0,0,0,0,0,0,0,0,0,0,0,0,0
5.13007,0,0,0,0,0,0,0,0,0,0,0,0,0,0,0,0
5.14006,0,0,0,0,0,0,0,0,0,0,0,0,0,0,0,0
5.15006,0,0,0,0,0,0,0,0,0,0,0,0,0,0,0,0
5.16006,0,0,0,0,0,0,0,0,0,0,0,0,0,0,0,0
5.17006,0,0,0,0,0,0,0,0,0,0,0,0,0,0,0,0
5.18006,0,0,0,0,0,0,0,0,0,0,0,0,0,0,0,0
5.19004,0,0,0,0,0,0,0,0,0,0,0,0,0,0,0,0
5.20006,0,0,0,0,0,0,0,0,0,0,0,0,0,0,0,0
5.21007,0,0,0,0,0,0,0,0,0,0,0,0,0,0,0,0
5.22006,0,0,0,0,0,0,0,0,0,0,0,0,0,0,0,0
5.23006,0,0,0,0,0,0,0,0,0,0,0,0,0,0,0,0
5.24006,0,0,0,0,0,0,0,0,0,0,0,0,0,0,0,0
5.25006,0,0,0,0,0,0,0,0,0,0,0,0,0,0,0,0
5.26006,0,0,0,0,0,0,0,0,0,0,0,0,0,0,0,0
5.27007,0,0,0,0,0,0,0,0,0,0,0,0,0,0,0,0
5.28006,0,0,0,0,0,0,0,0,0,0,0,0,0,0,0,0
5.29006,0,0,0,0,0,0,0,0,0,0,0,0,0,0,0,0
5.30007,0,0,0,0,0,0,0,0,0,0,0,0,0,0,0,0
5.31007,0,0,0,0,0,0,0,0,0,0,0,0,0,0,0,0
5.32006,0,0,0,0,0,0,0,0,0,0,0,0,0,0,0,0
5.33006,0,0,0,0,0,0,0,0,0,0,0,0,0,0,0,0
5.34006,0,0,0,0,0,0,0,0,0,0,0,0,0,0,0,0
5.35006,0,0,0,0,0,0,0,0,0,0,0,0,0,0,0,0
5.36006,0,0,0,0,0,0,0,0,0,0,0,0,0,0,0,0
5.37006,0,0,0,0,0,0,0,0,0,0,0,0,0,0,0,0
5.38006,0,0,0,0,0,0,0,0,0,0,0,0,0,0,0,0
5.39006,0,0,0,0,0,0,0,0,0,0,0,0,0,0,0,0
5.40006,0,0,0,0,0,0,0,0,0,0,0,0,0,0,0,0
5.41006,0,0,0,0,0,0,0,0,0,0,0,0,0,0,0,0
5.42006,0,0,0,0,0,0,0,0,0,0,0,0,0,0,0,0
5.43007,0,0,0,0,0,0,0,0,0,0,0,0,0,0,0,0
5.44006,0,0,0,0,0,0,0,0,0,0,0,0,0,0,0,0
5.45007,0,0,0,0,0,0,0,0,0,0,0,0,0,0,0,0
5.46006,0,0,0,0,0,0,0,0,0,0,0,0,0,0,0,0
5.47006,0,0,0,0,0,0,0,0,0,0,0,0,0,0,0,0
5.48006,0,0,0,0,0,0,0,0,0,0,0,0,0,0,0,0
5.49006,0,0,0,0,0,0,0,0,0,0,0,0,0,0,0,0
5.50006,0,0,0,0,0,0,0,0,0,0,0,0,0,0,0,0
5.51006,0,0,0,0,0,0,0,0,0,0,0,0,0,0,0,0
5.52006,0,0,0,0,0,0,0,0,0,0,0,0,0,0,0,0
5.53006,0,0,0,0,0,0,0,0,0,0,0,0,0,0,0,0
5.54006,0,0,0,0,0,0,0,0,0,0,0,0,0,0,0,0
5.55006,0,0,0,0,0,0,0,0,0,0,0,0,0,0,0,0
5.56006,0,0,0,0,0,0,0,0,0,0,0,0,0,0,0,0
5.57006,0,0,0,0,0,0,0,0,0,0,0,0,0,0,0,0
5.58006,0,0,0,0,0,0,0,0,0,0,0,0,0,0,0,0
5.59006,0,0,0,0,0,0,0,0,0,0,0,0,0,0,0,0
5.60006,0,0,0,0,0,0,0,0,0,0,0,0,0,0,0,0
5.61006,0,0,0,0,0,0,0,0,0,0,0,0,0,0,0,0
5.62006,0,0,0,0,0,0,0,0,0,0,0,0,0,0,0,0
5.63006,0,0,0,0,0,0,0,0,0,0,0,0,0,0,0,0
5.64004,0,0,0,0,0,0,0,0,0,0,0,0,0,0,0,0
5.65006,0,0,0,0,0,0,0,0,0,0,0,0,0,0,0,0
5.66006,0,0,0,0,0,0,0,0,0,0,0,0,0,0,0,0
5.67006,0,0,0,0,0,0,0,0,0,0,0,0,0,0,0,0
5.68006,0,0,0,0,0,0,0,0,0,0,0,0,0,0,0,0
5.69007,0,0,0,0,0,0,0,0,0,0,0,0,0,0,0,0
5.70006,0,0,0,0,0,0,0,0,0,0,0,0,0,0,0,0
5.71006,0,0,0,0,0,0,0,0,0,0,0,0,0,0,0,0
5.72007,0,0,0,0,0,0,0,0,0,0,0,0,0,0,0,0
5.73006,0,0,0,0,0,0,0,0,0,0,0,0,0,0,0,0
5.74006,0,0,0,0,0,0,0,0,0,0,0,0,0,0,0,0
5.75006,0,0,0,0,0,0,0,0,0,0,0,0,0,0,0,0
5.76006,0,0,0,0,0,0,0,0,0,0,0,0,0,0,0,0
5.77007,0,0,0,0,0,0,0,0,0,0,0,0,0,0,0,0
5.78006,0,0,0,0,0,0,0,0,0,0,0,0,0,0,0,0
5.79006,0,0,0,0,0,0,0,0,0,0,0,0,0,0,0,0
5.80006,0,0,0,0,0,0,0,0,0,0,0,0,0,0,0,0
5.81006,0,0,0,0,0,0,0,0,0,0,0,0,0,0,0,0
5.82006,0,0,0,0,0,0,0,0,0,0,0,0,0,0,0,0
5.83007,0,0,0,0,0,0,0,0,0,0,0,0,0,0,0,0
5.84006,0,0,0,0,0,0,0,0,0,0,0,0,0,0,0,0
5.85006,0,0,0,0,0,0,0,0,0,0,0,0,0,0,0,0
5.86006,0,0,0,0,0,0,0,0,0,0,0,0,0,0,0,0
5.87007,0,0,0,0,0,0,0,0,0,0,0,0,0,0,0,0
5.88006,0,0,0,0,0,0,0,0,0,0,0,0,0,0,0,0
5.89007,0,0,0,0,0,0,0,0,0,0,0,0,0,0,0,0
5.90006,0,0,0,0,0,0,0,0,0,0,0,0,0,0,0,0
5.91006,0,0,0,0,0,0,0,0,0,0,0,0,0,0,0,0
5.92006,0,0,0,0,0,0,0,0,0,0,0,0,0,0,0,0
5.93006,0,0,0,0,0,0,0,0,0,0,0,0,0,0,0,0
5.94006,0,0,0,0,0,0,0,0,0,0,0,0,0,0,0,0
5.95007,0,0,0,0,0,0,0,0,0,0,0,0,0,0,0,0
5.96006,0,0,0,0,0,0,0,0,0,0,0,0,0,0,0,0
5.97007,0,0,0,0,0,0,0,0,0,0,0,0,0,0,0,0
5.98006,0,0,0,0,0,0,0,0,0,0,0,0,0,0,0,0
5.99006,0,0,0,0,0,0,0,0,0,0,0,0,0,0,0,0
6.00007,0,0,0,0,0,0,0,0,0,0,0,0,0,0,0,0
6.01006,0,0,0,0,0,0,0,0,0,0,0,0,0,0,0,0
6.02006,0,0,0,0,0,0,0,0,0,0,0,0,0,0,0,0
6.03006,0,0,0,0,0,0,0,0,0,0,0,0,0,0,0,0
6.04006,0,0,0,0,0,0,0,0,0,0,0,0,0,0,0,0
6.05007,0,0,0,0,0,0,0,0,0,0,0,0,0,0,0,0
6.06006,0,0,0,0,0,0,0,0,0,0,0,0,0,0,0,0
6.07006,0,0,0,0,0,0,0,0,0,0,0,0,0,0,0,0
6.08006,0,0,0,0,0,0,0,0,0,0,0,0,0,0,0,0
6.09006,0,0,0,0,0,0,0,0,0,0,0,0,0,0,0,0
6.10007,0,0,0,0,0,0,0,0,0,0,0,0,0,0,0,0
6.11006,0,0,0,0,0,0,0,0,0,0,0,0,0,0,0,0
6.12006,0,0,0,0,0,0,0,0,0,0,0,0,0,0,0,0
6.13006,0,0,0,0,0,0,0,0,0,0,0,0,0,0,0,0
6.14006,0,0,0,0,0,0,0,0,0,0,0,0,0,0,0,0
6.15006,0,0,0,0,0,0,0,0,0,0,0,0,0,0,0,0
6.16006,0,0,0,0,0,0,0,0,0,0,0,0,0,0,0,0
6.17006,0,0,0,0,0,0,0,0,0,0,0,0,0,0,0,0
6.18006,0,0,0,0,0,0,0,0,0,0,0,0,0,0,0,0
6.19006,0,0,0,0,0,0,0,0,0,0,0,0,0,0,0,0
6.20006,0,0,0,0,0,0,0,0,0,0,0,0,0,0,0,0
6.21006,0,0,0,0,0,0,0,0,0,0,0,0,0,0,0,0
6.22006,0,0,0,0,0,0,0,0,0,0,0,0,0,0,0,0
6.23006,0,0,0,0,0,0,0,0,0,0,0,0,0,0,0,0
6.24006,0,0,0,0,0,0,0,0,0,0,0,0,0,0,0,0
6.25006,0,0,0,0,0,0,0,0,0,0,0,0,0,0,0,0
6.26007,0,0,0,0,0,0,0,0,0,0,0,0,0,0,0,0
6.27007,0,0,0,0,0,0,0,0,0,0,0,0,0,0,0,0
6.28006,0,0,0,0,0,0,0,0,0,0,0,0,0,0,0,0
6.29006,0,0,0,0,0,0,0,0,0,0,0,0,0,0,0,0
6.30006,0,0,0,0,0,0,0,0,0,0,0,0,0,0,0,0
6.31006,0,0,0,0,0,0,0,0,0,0,0,0,0,0,0,0
6.32006,0,0,0,0,0,0,0,0,0,0,0,0,0,0,0,0
6.33006,0,0,0,0,0,0,0,0,0,0,0,0,0,0,0,0
6.34006,0,0,0,0,0,0,0,0,0,0,0,0,0,0,0,0
6.35006,0,0,0,0,0,0,0,0,0,0,0,0,0,0,0,0
6.36006,0,0,0,0,0,0,0,0,0,0,0,0,0,0,0,0
6.37006,0,0,0,0,0,0,0,0,0,0,0,0,0,0,0,0
6.38006,0,0,0,0,0,0,0,0,0,0,0,0,0,0,0,0
6.39006,0,0,0,0,0,0,0,0,0,0,0,0,0,0,0,0
6.40006,0,0,0,0,0,0,0,0,0,0,0,0,0,0,0,0
6.41006,0,0,0,0,0,0,0,0,0,0,0,0,0,0,0,0
6.42006,0,0,0,0,0,0,0,0,0,0,0,0,0,0,0,0
6.43006,0,0,0,0,0,0,0,0,0,0,0,0,0,0,0,0
6.44006,0,0,0,0,0,0,0,0,0,0,0,0,0,0,0,0
6.45006,0,0,0,0,0,0,0,0,0,0,0,0,0,0,0,0
6.46006,0,0,0,0,0,0,0,0,0,0,0,0,0,0,0,0
6.47006,0,0,0,0,0,0,0,0,0,0,0,0,0,0,0,0
6.48006,0,0,0,0,0,0,0,0,0,0,0,0,0,0,0,0
6.49006,0,0,0,0,0,0,0,0,0,0,0,0,0,0,0,0
6.50006,0,0,0,0,0,0,0,0,0,0,0,0,0,0,0,0
6.51006,0,0,0,0,0,0,0,0,0,0,0,0,0,0,0,0
6.52006,0,0,0,0,0,0,0,0,0,0,0,0,0,0,0,0
6.53006,0,0,0,0,0,0,0,0,0,0,0,0,0,0,0,0
6.54006,0,0,0,0,0,0,0,0,0,0,0,0,0,0,0,0
6.55006,0,0,0,0,0,0,0,0,0,0,0,0,0,0,0,0
6.56006,0,0,0,0,0,0,0,0,0,0,0,0,0,0,0,0
6.57006,0,0,0,0,0,0,0,0,0,0,0,0,0,0,0,0
6.58006,0,0,0,0,0,0,0,0,0,0,0,0,0,0,0,0
6.59006,0,0,0,0,0,0,0,0,0,0,0,0,0,0,0,0
6.60006,0,0,0,0,0,0,0,0,0,0,0,0,0,0,0,0
6.61006,0,0,0,0,0,0,0,0,0,0,0,0,0,0,0,0
6.62006,0,0,0,0,0,0,0,0,0,0,0,0,0,0,0,0
6.63006,0,0,0,0,0,0,0,0,0,0,0,0,0,0,0,0
6.64006,0,0,0,0,0,0,0,0,0,0,0,0,0,0,0,0
6.65007,0,0,0,0,0,0,0,0,0,0,0,0,0,0,0,0
6.66006,0,0,0,0,0,0,0,0,0,0,0,0,0,0,0,0
6.67006,0,0,0,0,0,0,0,0,0,0,0,0,0,0,0,0
6.68006,0,0,0,0,0,0,0,0,0,0,0,0,0,0,0,0
6.69006,0,0,0,0,0,0,0,0,0,0,0,0,0,0,0,0
6.70006,0,0,0,0,0,0,0,0,0,0,0,0,0,0,0,0
6.71006,0,0,0,0,0,0,0,0,0,0,0,0,0,0,0,0
6.72006,0,0,0,0,0,0,0,0,0,0,0,0,0,0,0,0
6.73006,0,0,0,0,0,0,0,0,0,0,0,0,0,0,0,0
6.74006,0,0,0,0,0,0,0,0,0,0,0,0,0,0,0,0
6.75006,0,0,0,0,0,0,0,0,0,0,0,0,0,0,0,0
6.76006,0,0,0,0,0,0,0,0,0,0,0,0,0,0,0,0
6.77006,0,0,0,0,0,0,0,0,0,0,0,0,0,0,0,0
6.78006,0,0,0,0,0,0,0,0,0,0,0,0,0,0,0,0
6.79006,0,0,0,0,0,0,0,0,0,0,0,0,0,0,0,0
6.80006,0,0,0,0,0,0,0,0,0,0,0,0,0,0,0,0
6.81007,0,0,0,0,0,0,0,0,0,0,0,0,0,0,0,0
6.82006,0,0,0,0,0,0,0,0,0,0,0,0,0,0,0,0
6.83006,0,0,0,0,0,0,0,0,0,0,0,0,0,0,0,0
6.84006,0,0,0,0,0,0,0,0,0,0,0,0,0,0,0,0
6.85006,0,0,0,0,0,0,0,0,0,0,0,0,0,0,0,0
6.86007,0,0,0,0,0,0,0,0,0,0,0,0,0,0,0,0
6.87007,0,0,0,0,0,0,0,0,0,0,0,0,0,0,0,0
6.88006,0,0,0,0,0,0,0,0,0,0,0,0,0,0,0,0
6.89006,0,0,0,0,0,0,0,0,0,0,0,0,0,0,0,0
6.90007,0,0,0,0,0,0,0,0,0,0,0,0,0,0,0,0
6.91006,0,0,0,0,0,0,0,0,0,0,0,0,0,0,0,0
6.92006,0,0,0,0,0,0,0,0,0,0,0,0,0,0,0,0
6.93007,0,0,0,0,0,0,0,0,0,0,0,0,0,0,0,0
6.94006,0,0,0,0,0,0,0,0,0,0,0,0,0,0,0,0
6.95006,0,0,0,0,0,0,0,0,0,0,0,0,0,0,0,0
6.96007,0,0,0,0,0,0,0,0,0,0,0,0,0,0,0,0
6.97006,0,0,0,0,0,0,0,0,0,0,0,0,0,0,0,0
6.98006,0,0,0,0,0,0,0,0,0,0,0,0,0,0,0,0
6.99007,0,0,0,0,0,0,0,0,0,0,0,0,0,0,0,0
7.00005,0,0,0,0,0,0,0,0,0,0,0,0,0,0,0,0
7.01007,0,0,0,0,0,0,0,0,0,0,0,0,0,0,0,0
7.02006,0,0,0,0,0,0,0,0,0,0,0,0,0,0,0,0
7.03006,0,0,0,0,0,0,0,0,0,0,0,0,0,0,0,0
7.04006,0,0,0,0,0,0,0,0,0,0,0,0,0,0,0,0
7.05006,0,0,0,0,0,0,0,0,0,0,0,0,0,0,0,0
7.06006,0,0,0,0,0,0,0,0,0,0,0,0,0,0,0,0
7.07006,0,0,0,0,0,0,0,0,0,0,0,0,0,0,0,0
7.08006,0,0,0,0,0,0,0,0,0,0,0,0,0,0,0,0
7.09006,0,0,0,0,0,0,0,0,0,0,0,0,0,0,0,0
7.10006,0,0,0,0,0,0,0,0,0,0,0,0,0,0,0,0
7.11006,0,0,0,0,0,0,0,0,0,0,0,0,0,0,0,0
7.12008,0,0,0,0,0,0,0,0,0,0,0,0,0,0,0,0
7.13006,0,0,0,0,0,0,0,0,0,0,0,0,0,0,0,0
7.14006,0,0,0,0,0,0,0,0,0,0,0,0,0,0,0,0
7.15007,0,0,0,0,0,0,0,0,0,0,0,0,0,0,0,0
7.16006,0,0,0,0,0,0,0,0,0,0,0,0,0,0,0,0
7.17006,0,0,0,0,0,0,0,0,0,0,0,0,0,0,0,0
7.18006,0,0,0,0,0,0,0,0,0,0,0,0,0,0,0,0
7.19006,0,0,0,0,0,0,0,0,0,0,0,0,0,0,0,0
7.20006,0,0,0,0,0,0,0,0,0,0,0,0,0,0,0,0
7.21006,0,0,0,0,0,0,0,0,0,0,0,0,0,0,0,0
7.22006,0,0,0,0,0,0,0,0,0,0,0,0,0,0,0,0
7.23006,0,0,0,0,0,0,0,0,0,0,0,0,0,0,0,0
7.24006,0,0,0,0,0,0,0,0,0,0,0,0,0,0,0,0
7.25006,0,0,0,0,0,0,0,0,0,0,0,0,0,0,0,0
7.26006,0,0,0,0,0,0,0,0,0,0,0,0,0,0,0,0
7.27006,0,0,0,0,0,0,0,0,0,0,0,0,0,0,0,0
7.28006,0,0,0,0,0,0,0,0,0,0,0,0,0,0,0,0
7.29006,0,0,0,0,0,0,0,0,0,0,0,0,0,0,0,0
7.30006,0,0,0,0,0,0,0,0,0,0,0,0,0,0,0,0
7.31006,0,0,0,0,0,0,0,0,0,0,0,0,0,0,0,0
7.32006,0,0,0,0,0,0,0,0,0,0,0,0,0,0,0,0
7.33006,0,0,0,0,0,0,0,0,0,0,0,0,0,0,0,0
7.34006,0,0,0,0,0,0,0,0,0,0,0,0,0,0,0,0
7.35006,0,0,0,0,0,0,0,0,0,0,0,0,0,0,0,0
7.36006,0,0,0,0,0,0,0,0,0,0,0,0,0,0,0,0
7.37006,0,0,0,0,0,0,0,0,0,0,0,0,0,0,0,0
7.38006,0,0,0,0,0,0,0,0,0,0,0,0,0,0,0,0
7.39006,0,0,0,0,0,0,0,0,0,0,0,0,0,0,0,0
7.40006,0,0,0,0,0,0,0,0,0,0,0,0,0,0,0,0
7.41006,0,0,0,0,0,0,0,0,0,0,0,0,0,0,0,0
7.42006,0,0,0,0,0,0,0,0,0,0,0,0,0,0,0,0
7.43006,0,0,0,0,0,0,0,0,0,0,0,0,0,0,0,0
7.44006,0,0,0,0,0,0,0,0,0,0,0,0,0,0,0,0
7.45006,0,0,0,0,0,0,0,0,0,0,0,0,0,0,0,0
7.46006,0,0,0,0,0,0,0,0,0,0,0,0,0,0,0,0
7.47006,0,0,0,0,0,0,0,0,0,0,0,0,0,0,0,0
7.48006,0,0,0,0,0,0,0,0,0,0,0,0,0,0,0,0
7.49006,0,0,0,0,0,0,0,0,0,0,0,0,0,0,0,0
7.50006,0,0,0,0,0,0,0,0,0,0,0,0,0,0,0,0
7.51006,0,0,0,0,0,0,0,0,0,0,0,0,0,0,0,0
7.52006,0,0,0,0,0,0,0,0,0,0,0,0,0,0,0,0
7.53006,0,0,0,0,0,0,0,0,0,0,0,0,0,0,0,0
7.54006,0,0,0,0,0,0,0,0,0,0,0,0,0,0,0,0
7.55022,0,0,0,0,0,0,0,0,0,0,0,0,0,0,0,0
7.56008,0,0,0,0,0,0,0,0,0,0,0,0,0,0,0,0
7.57006,0,0,0,0,0,0,0,0,0,0,0,0,0,0,0,0
7.58006,0,0,0,0,0,0,0,0,0,0,0,0,0,0,0,0
7.59007,0,0,0,0,0,0,0,0,0,0,0,0,0,0,0,0
7.60006,0,0,0,0,0,0,0,0,0,0,0,0,0,0,0,0
7.61006,0,0,0,0,0,0,0,0,0,0,0,0,0,0,0,0
7.62006,0,0,0,0,0,0,0,0,0,0,0,0,0,0,0,0
7.63006,0,0,0,0,0,0,0,0,0,0,0,0,0,0,0,0
7.64006,0,0,0,0,0,0,0,0,0,0,0,0,0,0,0,0
7.65006,0,0,0,0,0,0,0,0,0,0,0,0,0,0,0,0
7.66006,0,0,0,0,0,0,0,0,0,0,0,0,0,0,0,0
7.67006,0,0,0,0,0,0,0,0,0,0,0,0,0,0,0,0
7.68006,0,0,0,0,0,0,0,0,0,0,0,0,0,0,0,0
7.69006,0,0,0,0,0,0,0,0,0,0,0,0,0,0,0,0
7.70006,0,0,0,0,0,0,0,0,0,0,0,0,0,0,0,0
7.71007,0,0,0,0,0,0,0,0,0,0,0,0,0,0,0,0
7.72006,0,0,0,0,0,0,0,0,0,0,0,0,0,0,0,0
7.73006,0,0,0,0,0,0,0,0,0,0,0,0,0,0,0,0
7.74006,0,0,0,0,0,0,0,0,0,0,0,0,0,0,0,0
7.75006,0,0,0,0,0,0,0,0,0,0,0,0,0,0,0,0
7.76006,0,0,0,0,0,0,0,0,0,0,0,0,0,0,0,0
7.77006,0,0,0,0,0,0,0,0,0,0,0,0,0,0,0,0
7.78006,0,0,0,0,0,0,0,0,0,0,0,0,0,0,0,0
7.79006,0,0,0,0,0,0,0,0,0,0,0,0,0,0,0,0
7.80006,0,0,0,0,0,0,0,0,0,0,0,0,0,0,0,0
7.81006,0,0,0,0,0,0,0,0,0,0,0,0,0,0,0,0
7.82006,0,0,0,0,0,0,0,0,0,0,0,0,0,0,0,0
7.83006,0,0,0,0,0,0,0,0,0,0,0,0,0,0,0,0
7.84006,0,0,0,0,0,0,0,0,0,0,0,0,0,0,0,0
7.85006,0,0,0,0,0,0,0,0,0,0,0,0,0,0,0,0
7.86006,0,0,0,0,0,0,0,0,0,0,0,0,0,0,0,0
7.87006,0,0,0,0,0,0,0,0,0,0,0,0,0,0,0,0
7.88006,0,0,0,0,0,0,0,0,0,0,0,0,0,0,0,0
7.89007,0,0,0,0,0,0,0,0,0,0,0,0,0,0,0,0
7.90006,0,0,0,0,0,0,0,0,0,0,0,0,0,0,0,0
7.91006,0,0,0,0,0,0,0,0,0,0,0,0,0,0,0,0
7.92006,0,0,0,0,0,0,0,0,0,0,0,0,0,0,0,0
7.93006,0,0,0,0,0,0,0,0,0,0,0,0,0,0,0,0
7.94006,0,0,0,0,0,0,0,0,0,0,0,0,0,0,0,0
7.95006,0,0,0,0,0,0,0,0,0,0,0,0,0,0,0,0
7.96006,0,0,0,0,0,0,0,0,0,0,0,0,0,0,0,0
7.97006,0,0,0,0,0,0,0,0,0,0,0,0,0,0,0,0
7.98006,0,0,0,0,0,0,0,0,0,0,0,0,0,0,0,0
7.99006,0,0,0,0,0,0,0,0,0,0,0,0,0,0,0,0
8.00006,0,0,0,0,0,0,0,0,0,0,0,0,0,0,0,0
8.01006,0,0,0,0,0,0,0,0,0,0,0,0,0,0,0,0
8.02006,0,0,0,0,0,0,0,0,0,0,0,0,0,0,0,0
8.03006,0,0,0,0,0,0,0,0,0,0,0,0,0,0,0,0
8.04006,0,0,0,0,0,0,0,0,0,0,0,0,0,0,0,0
8.05006,0,0,0,0,0,0,0,0,0,0,0,0,0,0,0,0
8.06006,0,0,0,0,0,0,0,0,0,0,0,0,0,0,0,0
8.07006,0,0,0,0,0,0,0,0,0,0,0,0,0,0,0,0
8.08007,0,0,0,0,0,0,0,0,0,0,0,0,0,0,0,0
8.09007,0,0,0,0,0,0,0,0,0,0,0,0,0,0,0,0
8.10006,0,0,0,0,0,0,0,0,0,0,0,0,0,0,0,0
8.11006,0,0,0,0,0,0,0,0,0,0,0,0,0,0,0,0
8.12006,0,0,0,0,0,0,0,0,0,0,0,0,0,0,0,0
8.13006,0,0,0,0,0,0,0,0,0,0,0,0,0,0,0,0
8.14006,0,0,0,0,0,0,0,0,0,0,0,0,0,0,0,0
8.15006,0,0,0,0,0,0,0,0,0,0,0,0,0,0,0,0
8.16006,0,0,0,0,0,0,0,0,0,0,0,0,0,0,0,0
8.17006,0,0,0,0,0,0,0,0,0,0,0,0,0,0,0,0
8.18006,0,0,0,0,0,0,0,0,0,0,0,0,0,0,0,0
8.19006,0,0,0,0,0,0,0,0,0,0,0,0,0,0,0,0
8.20006,0,0,0,0,0,0,0,0,0,0,0,0,0,0,0,0
8.21007,0,0,0,0,0,0,0,0,0,0,0,0,0,0,0,0
8.22006,0,0,0,0,0,0,0,0,0,0,0,0,0,0,0,0
8.23006,0,0,0,0,0,0,0,0,0,0,0,0,0,0,0,0
8.24006,0,0,0,0,0,0,0,0,0,0,0,0,0,0,0,0
8.25006,0,0,0,0,0,0,0,0,0,0,0,0,0,0,0,0
8.26006,0,0,0,0,0,0,0,0,0,0,0,0,0,0,0,0
8.27006,0,0,0,0,0,0,0,0,0,0,0,0,0,0,0,0
8.28006,0,0,0,0,0,0,0,0,0,0,0,0,0,0,0,0
8.29006,0,0,0,0,0,0,0,0,0,0,0,0,0,0,0,0
8.30007,0,0,0,0,0,0,0,0,0,0,0,0,0,0,0,0
8.31006,0,0,0,0,0,0,0,0,0,0,0,0,0,0,0,0
8.32006,0,0,0,0,0,0,0,0,0,0,0,0,0,0,0,0
8.33006,0,0,0,0,0,0,0,0,0,0,0,0,0,0,0,0
8.34006,0,0,0,0,0,0,0,0,0,0,0,0,0,0,0,0
8.35006,0,0,0,0,0,0,0,0,0,0,0,0,0,0,0,0
8.36006,0,0,0,0,0,0,0,0,0,0,0,0,0,0,0,0
8.37006,0,0,0,0,0,0,0,0,0,0,0,0,0,0,0,0
8.38006,0,0,0,0,0,0,0,0,0,0,0,0,0,0,0,0
8.39007,0,0,0,0,0,0,0,0,0,0,0,0,0,0,0,0
8.40006,0,0,0,0,0,0,0,0,0,0,0,0,0,0,0,0
8.41007,0,0,0,0,0,0,0,0,0,0,0,0,0,0,0,0
8.42006,0,0,0,0,0,0,0,0,0,0,0,0,0,0,0,0
8.43006,0,0,0,0,0,0,0,0,0,0,0,0,0,0,0,0
8.44006,0,0,0,0,0,0,0,0,0,0,0,0,0,0,0,0
8.45006,0,0,0,0,0,0,0,0,0,0,0,0,0,0,0,0
8.46006,0,0,0,0,0,0,0,0,0,0,0,0,0,0,0,0
8.47007,0,0,0,0,0,0,0,0,0,0,0,0,0,0,0,0
8.48006,0,0,0,0,0,0,0,0,0,0,0,0,0,0,0,0
8.49006,0,0,0,0,0,0,0,0,0,0,0,0,0,0,0,0
8.50006,0,0,0,0,0,0,0,0,0,0,0,0,0,0,0,0
8.51006,0,0,0,0,0,0,0,0,0,0,0,0,0,0,0,0
8.52006,0,0,0,0,0,0,0,0,0,0,0,0,0,0,0,0
8.53006,0,0,0,0,0,0,0,0,0,0,0,0,0,0,0,0
8.54006,0,0,0,0,0,0,0,0,0,0,0,0,0,0,0,0
8.55006,0,0,0,0,0,0,0,0,0,0,0,0,0,0,0,0
8.56006,0,0,0,0,0,0,0,0,0,0,0,0,0,0,0,0
8.57006,0,0,0,0,0,0,0,0,0,0,0,0,0,0,0,0
8.58007,0,0,0,0,0,0,0,0,0,0,0,0,0,0,0,0
8.59007,0,0,0,0,0,0,0,0,0,0,0,0,0,0,0,0
8.60006,0,0,0,0,0,0,0,0,0,0,0,0,0,0,0,0
8.61006,0,0,0,0,0,0,0,0,0,0,0,0,0,0,0,0
8.62006,0,0,0,0,0,0,0,0,0,0,0,0,0,0,0,0
8.63006,0,0,0,0,0,0,0,0,0,0,0,0,0,0,0,0
8.64006,0,0,0,0,0,0,0,0,0,0,0,0,0,0,0,0
8.65006,0,0,0,0,0,0,0,0,0,0,0,0,0,0,0,0
8.66006,0,0,0,0,0,0,0,0,0,0,0,0,0,0,0,0
8.67006,0,0,0,0,0,0,0,0,0,0,0,0,0,0,0,0
8.68006,0,0,0,0,0,0,0,0,0,0,0,0,0,0,0,0
8.69006,0,0,0,0,0,0,0,0,0,0,0,0,0,0,0,0
8.70006,0,0,0,0,0,0,0,0,0,0,0,0,0,0,0,0
8.71007,0,0,0,0,0,0,0,0,0,0,0,0,0,0,0,0
8.72006,0,0,0,0,0,0,0,0,0,0,0,0,0,0,0,0
8.73006,0,0,0,0,0,0,0,0,0,0,0,0,0,0,0,0
8.74007,0,0,0,0,0,0,0,0,0,0,0,0,0,0,0,0
8.75007,0,0,0,0,0,0,0,0,0,0,0,0,0,0,0,0
8.76006,0,0,0,0,0,0,0,0,0,0,0,0,0,0,0,0
8.77006,0,0,0,0,0,0,0,0,0,0,0,0,0,0,0,0
8.78006,0,0,0,0,0,0,0,0,0,0,0,0,0,0,0,0
8.79007,0,0,0,0,0,0,0,0,0,0,0,0,0,0,0,0
8.80006,0,0,0,0,0,0,0,0,0,0,0,0,0,0,0,0
8.81006,0,0,0,0,0,0,0,0,0,0,0,0,0,0,0,0
8.82006,0,0,0,0,0,0,0,0,0,0,0,0,0,0,0,0
8.83006,0,0,0,0,0,0,0,0,0,0,0,0,0,0,0,0
8.84006,0,0,0,0,0,0,0,0,0,0,0,0,0,0,0,0
8.85006,0,0,0,0,0,0,0,0,0,0,0,0,0,0,0,0
8.86006,0,0,0,0,0,0,0,0,0,0,0,0,0,0,0,0
8.87006,0,0,0,0,0,0,0,0,0,0,0,0,0,0,0,0
8.88006,0,0,0,0,0,0,0,0,0,0,0,0,0,0,0,0
8.89006,0,0,0,0,0,0,0,0,0,0,0,0,0,0,0,0
8.90006,0,0,0,0,0,0,0,0,0,0,0,0,0,0,0,0
8.91006,0,0,0,0,0,0,0,0,0,0,0,0,0,0,0,0
8.92006,0,0,0,0,0,0,0,0,0,0,0,0,0,0,0,0
8.93006,0,0,0,0,0,0,0,0,0,0,0,0,0,0,0,0
8.94006,0,0,0,0,0,0,0,0,0,0,0,0,0,0,0,0
8.95006,0,0,0,0,0,0,0,0,0,0,0,0,0,0,0,0
8.96006,0,0,0,0,0,0,0,0,0,0,0,0,0,0,0,0
8.97006,0,0,0,0,0,0,0,0,0,0,0,0,0,0,0,0
8.98006,0,0,0,0,0,0,0,0,0,0,0,0,0,0,0,0
8.99007,0,0,0,0,0,0,0,0,0,0,0,0,0,0,0,0
9.00006,0,0,0,0,0,0,0,0,0,0,0,0,0,0,0,0
9.01006,0,0,0,0,0,0,0,0,0,0,0,0,0,0,0,0
9.02006,0,0,0,0,0,0,0,0,0,0,0,0,0,0,0,0
9.03006,0,0,0,0,0,0,0,0,0,0,0,0,0,0,0,0
9.04006,0,0,0,0,0,0,0,0,0,0,0,0,0,0,0,0
9.05006,0,0,0,0,0,0,0,0,0,0,0,0,0,0,0,0
9.06006,0,0,0,0,0,0,0,0,0,0,0,0,0,0,0,0
9.07006,0,0,0,0,0,0,0,0,0,0,0,0,0,0,0,0
9.08006,0,0,0,0,0,0,0,0,0,0,0,0,0,0,0,0
9.09006,0,0,0,0,0,0,0,0,0,0,0,0,0,0,0,0
9.10006,0,0,0,0,0,0,0,0,0,0,0,0,0,0,0,0
9.11023,0,0,0,0,0,0,0,0,0,0,0,0,0,0,0,0
9.12008,0,0,0,0,0,0,0,0,0,0,0,0,0,0,0,0
9.13008,0,0,0,0,0,0,0,0,0,0,0,0,0,0,0,0
9.14008,0,0,0,0,0,0,0,0,0,0,0,0,0,0,0,0
9.15022,0,0,0,0,0,0,0,0,0,0,0,0,0,0,0,0
9.16008,0,0,0,0,0,0,0,0,0,0,0,0,0,0,0,0
9.17009,0,0,0,0,0,0,0,0,0,0,0,0,0,0,0,0
9.18008,0,0,0,0,0,0,0,0,0,0,0,0,0,0,0,0
9.19008,0,0,0,0,0,0,0,0,0,0,0,0,0,0,0,0
9.20008,0,0,0,0,0,0,0,0,0,0,0,0,0,0,0,0
9.21008,0,0,0,0,0,0,0,0,0,0,0,0,0,0,0,0
9.22008,0,0,0,0,0,0,0,0,0,0,0,0,0,0,0,0
9.23009,0,0,0,0,0,0,0,0,0,0,0,0,0,0,0,0
9.24008,0,0,0,0,0,0,0,0,0,0,0,0,0,0,0,0
9.25008,0,0,0,0,0,0,0,0,0,0,0,0,0,0,0,0
9.26008,0,0,0,0,0,0,0,0,0,0,0,0,0,0,0,0
9.27024,0,0,0,0,0,0,0,0,0,0,0,0,0,0,0,0
9.28008,0,0,0,0,0,0,0,0,0,0,0,0,0,0,0,0
9.29007,0,0,0,0,0,0,0,0,0,0,0,0,0,0,0,0
9.30006,0,0,0,0,0,0,0,0,0,0,0,0,0,0,0,0
9.31007,0,0,0,0,0,0,0,0,0,0,0,0,0,0,0,0
9.32006,0,0,0,0,0,0,0,0,0,0,0,0,0,0,0,0
9.33007,0,0,0,0,0,0,0,0,0,0,0,0,0,0,0,0
9.34006,0,0,0,0,0,0,0,0,0,0,0,0,0,0,0,0
9.35007,0,0,0,0,0,0,0,0,0,0,0,0,0,0,0,0
9.36006,0,0,0,0,0,0,0,0,0,0,0,0,0,0,0,0
9.37007,0,0,0,0,0,0,0,0,0,0,0,0,0,0,0,0
9.38006,0,0,0,0,0,0,0,0,0,0,0,0,0,0,0,0
9.39006,0,0,0,0,0,0,0,0,0,0,0,0,0,0,0,0
9.40007,0,0,0,0,0,0,0,0,0,0,0,0,0,0,0,0
9.41006,0,0,0,0,0,0,0,0,0,0,0,0,0,0,0,0
9.42006,0,0,0,0,0,0,0,0,0,0,0,0,0,0,0,0
9.43006,0,0,0,0,0,0,0,0,0,0,0,0,0,0,0,0
9.44006,0,0,0,0,0,0,0,0,0,0,0,0,0,0,0,0
9.45006,0,0,0,0,0,0,0,0,0,0,0,0,0,0,0,0
9.46006,0,0,0,0,0,0,0,0,0,0,0,0,0,0,0,0
9.47006,0,0,0,0,0,0,0,0,0,0,0,0,0,0,0,0
9.48006,0,0,0,0,0,0,0,0,0,0,0,0,0,0,0,0
9.49006,0,0,0,0,0,0,0,0,0,0,0,0,0,0,0,0
9.50006,0,0,0,0,0,0,0,0,0,0,0,0,0,0,0,0
9.51006,0,0,0,0,0,0,0,0,0,0,0,0,0,0,0,0
9.52006,0,0,0,0,0,0,0,0,0,0,0,0,0,0,0,0
9.53006,0,0,0,0,0,0,0,0,0,0,0,0,0,0,0,0
9.54006,0,0,0,0,0,0,0,0,0,0,0,0,0,0,0,0
9.55006,0,0,0,0,0,0,0,0,0,0,0,0,0,0,0,0
9.56006,0,0,0,0,0,0,0,0,0,0,0,0,0,0,0,0
9.57006,0,0,0,0,0,0,0,0,0,0,0,0,0,0,0,0
9.58006,0,0,0,0,0,0,0,0,0,0,0,0,0,0,0,0
9.59006,0,0,0,0,0,0,0,0,0,0,0,0,0,0,0,0
9.60006,0,0,0,0,0,0,0,0,0,0,0,0,0,0,0,0
9.61006,0,0,0,0,0,0,0,0,0,0,0,0,0,0,0,0
9.62006,0,0,0,0,0,0,0,0,0,0,0,0,0,0,0,0
9.63006,0,0,0,0,0,0,0,0,0,0,0,0,0,0,0,0
9.64006,0,0,0,0,0,0,0,0,0,0,0,0,0,0,0,0
9.65006,0,0,0,0,0,0,0,0,0,0,0,0,0,0,0,0
9.66006,0,0,0,0,0,0,0,0,0,0,0,0,0,0,0,0
9.67006,0,0,0,0,0,0,0,0,0,0,0,0,0,0,0,0
9.68006,0,0,0,0,0,0,0,0,0,0,0,0,0,0,0,0
9.69006,0,0,0,0,0,0,0,0,0,0,0,0,0,0,0,0
9.70006,0,0,0,0,0,0,0,0,0,0,0,0,0,0,0,0
9.71006,0,0,0,0,0,0,0,0,0,0,0,0,0,0,0,0
9.72006,0,0,0,0,0,0,0,0,0,0,0,0,0,0,0,0
9.73006,0,0,0,0,0,0,0,0,0,0,0,0,0,0,0,0
9.74006,0,0,0,0,0,0,0,0,0,0,0,0,0,0,0,0
9.75006,0,0,0,0,0,0,0,0,0,0,0,0,0,0,0,0
9.76006,0,0,0,0,0,0,0,0,0,0,0,0,0,0,0,0
9.77006,0,0,0,0,0,0,0,0,0,0,0,0,0,0,0,0
9.78006,0,0,0,0,0,0,0,0,0,0,0,0,0,0,0,0
9.79006,0,0,0,0,0,0,0,0,0,0,0,0,0,0,0,0
9.80006,0,0,0,0,0,0,0,0,0,0,0,0,0,0,0,0
9.81007,0,0,0,0,0,0,0,0,0,0,0,0,0,0,0,0
9.82006,0,0,0,0,0,0,0,0,0,0,0,0,0,0,0,0
9.83006,0,0,0,0,0,0,0,0,0,0,0,0,0,0,0,0
9.84006,0,0,0,0,0,0,0,0,0,0,0,0,0,0,0,0
9.85006,0,0,0,0,0,0,0,0,0,0,0,0,0,0,0,0
9.86006,0,0,0,0,0,0,0,0,0,0,0,0,0,0,0,0
9.87006,0,0,0,0,0,0,0,0,0,0,0,0,0,0,0,0
9.88006,0,0,0,0,0,0,0,0,0,0,0,0,0,0,0,0
9.89006,0,0,0,0,0,0,0,0,0,0,0,0,0,0,0,0
9.90006,0,0,0,0,0,0,0,0,0,0,0,0,0,0,0,0
9.91006,0,0,0,0,0,0,0,0,0,0,0,0,0,0,0,0
9.92006,0,0,0,0,0,0,0,0,0,0,0,0,0,0,0,0
9.93006,0,0,0,0,0,0,0,0,0,0,0,0,0,0,0,0
9.94006,0,0,0,0,0,0,0,0,0,0,0,0,0,0,0,0
9.95006,0,0,0,0,0,0,0,0,0,0,0,0,0,0,0,0
9.96006,0,0,0,0,0,0,0,0,0,0,0,0,0,0,0,0
9.97006,0,0,0,0,0,0,0,0,0,0,0,0,0,0,0,0
9.98006,0,0,0,0,0,0,0,0,0,0,0,0,0,0,0,0
9.99006,0,0,0,0,0,0,0,0,0,0,0,0,0,0,0,0
10.0001,0,0,0,0,0,0,0,0,0,0,0,0,0,0,0,0
10.0101,0,0,0,0,0,0,0,0,0,0,0,0,0,0,0,0
10.0201,0,0,0,0,0,0,0,0,0,0,0,0,0,0,0,0
10.0301,0,0,0,0,0,0,0,0,0,0,0,0,0,0,0,0
10.0401,0,0,0,0,0,0,0,0,0,0,0,0,0,0,0,0
10.0501,0,0,0,0,0,0,0,0,0,0,0,0,0,0,0,0
10.0601,0,0,0,0,0,0,0,0,0,0,0,0,0,0,0,0
10.0701,0,0,0,0,0,0,0,0,0,0,0,0,0,0,0,0
10.0801,0,0,0,0,0,0,0,0,0,0,0,0,0,0,0,0
10.0901,0,0,0,0,0,0,0,0,0,0,0,0,0,0,0,0
10.1001,0,0,0,0,0,0,0,0,0,0,0,0,0,0,0,0
10.1101,0,0,0,0,0,0,0,0,0,0,0,0,0,0,0,0
10.1201,0,0,0,0,0,0,0,0,0,0,0,0,0,0,0,0
10.1301,0,0,0,0,0,0,0,0,0,0,0,0,0,0,0,0
10.1401,0,0,0,0,0,0,0,0,0,0,0,0,0,0,0,0
10.1501,0,0,0,0,0,0,0,0,0,0,0,0,0,0,0,0
10.1601,0,0,0,0,0,0,0,0,0,0,0,0,0,0,0,0
10.1701,0,0,0,0,0,0,0,0,0,0,0,0,0,0,0,0
10.1801,0,0,0,0,0,0,0,0,0,0,0,0,0,0,0,0
10.1901,0,0,0,0,0,0,0,0,0,0,0,0,0,0,0,0
10.2001,0,0,0,0,0,0,0,0,0,0,0,0,0,0,0,0
10.2101,0,0,0,0,0,0,0,0,0,0,0,0,0,0,0,0
10.2201,0,0,0,0,0,0,0,0,0,0,0,0,0,0,0,0
10.2301,0,0,0,0,0,0,0,0,0,0,0,0,0,0,0,0
10.24,0,0,0,0,0,0,0,0,0,0,0,0,0,0,0,0
10.2501,0,0,0,0,0,0,0,0,0,0,0,0,0,0,0,0
10.2601,0,0,0,0,0,0,0,0,0,0,0,0,0,0,0,0
10.2701,0,0,0,0,0,0,0,0,0,0,0,0,0,0,0,0
10.2801,0,0,0,0,0,0,0,0,0,0,0,0,0,0,0,0
10.2901,0,0,0,0,0,0,0,0,0,0,0,0,0,0,0,0
10.3001,0,0,0,0,0,0,0,0,0,0,0,0,0,0,0,0
10.3101,0,0,0,0,0,0,0,0,0,0,0,0,0,0,0,0
10.3201,0,0,0,0,0,0,0,0,0,0,0,0,0,0,0,0
10.3301,0,0,0,0,0,0,0,0,0,0,0,0,0,0,0,0
10.3401,0,0,0,0,0,0,0,0,0,0,0,0,0,0,0,0
10.3501,0,0,0,0,0,0,0,0,0,0,0,0,0,0,0,0
10.3601,0,0,0,0,0,0,0,0,0,0,0,0,0,0,0,0
10.3701,0,0,0,0,0,0,0,0,0,0,0,0,0,0,0,0
10.3801,0,0,0,0,0,0,0,0,0,0,0,0,0,0,0,0
10.3901,0,0,0,0,0,0,0,0,0,0,0,0,0,0,0,0
10.4001,0,0,0,0,0,0,0,0,0,0,0,0,0,0,0,0
10.4101,0,0,0,0,0,0,0,0,0,0,0,0,0,0,0,0
10.4201,0,0,0,0,0,0,0,0,0,0,0,0,0,0,0,0
10.4301,0,0,0,0,0,0,0,0,0,0,0,0,0,0,0,0
10.4401,0,0,0,0,0,0,0,0,0,0,0,0,0,0,0,0
10.4501,0,0,0,0,0,0,0,0,0,0,0,0,0,0,0,0
10.4601,0,0,0,0,0,0,0,0,0,0,0,0,0,0,0,0
10.4701,0,0,0,0,0,0,0,0,0,0,0,0,0,0,0,0
10.4801,0,0,0,0,0,0,0,0,0,0,0,0,0,0,0,0
10.4901,0,0,0,0,0,0,0,0,0,0,0,0,0,0,0,0
10.5001,0,0,0,0,0,0,0,0,0,0,0,0,0,0,0,0
10.5101,0,0,0,0,0,0,0,0,0,0,0,0,0,0,0,0
10.5201,0,0,0,0,0,0,0,0,0,0,0,0,0,0,0,0
10.5301,0,0,0,0,0,0,0,0,0,0,0,0,0,0,0,0
10.5401,0,0,0,0,0,0,0,0,0,0,0,0,0,0,0,0
10.5501,0,0,0,0,0,0,0,0,0,0,0,0,0,0,0,0
10.5601,0,0,0,0,0,0,0,0,0,0,0,0,0,0,0,0
10.5701,0,0,0,0,0,0,0,0,0,0,0,0,0,0,0,0
10.5801,0,0,0,0,0,0,0,0,0,0,0,0,0,0,0,0
10.5901,0,0,0,0,0,0,0,0,0,0,0,0,0,0,0,0
10.6001,0,0,0,0,0,0,0,0,0,0,0,0,0,0,0,0
10.6101,0,0,0,0,0,0,0,0,0,0,0,0,0,0,0,0
10.6201,0,0,0,0,0,0,0,0,0,0,0,0,0,0,0,0
10.6301,0,0,0,0,0,0,0,0,0,0,0,0,0,0,0,0
10.6401,0,0,0,0,0,0,0,0,0,0,0,0,0,0,0,0
10.6501,0,0,0,0,0,0,0,0,0,0,0,0,0,0,0,0
10.6601,0,0,0,0,0,0,0,0,0,0,0,0,0,0,0,0
10.6701,0,0,0,0,0,0,0,0,0,0,0,0,0,0,0,0
10.6801,0,0,0,0,0,0,0,0,0,0,0,0,0,0,0,0
10.6901,0,0,0,0,0,0,0,0,0,0,0,0,0,0,0,0
10.7001,0,0,0,0,0,0,0,0,0,0,0,0,0,0,0,0
10.7101,0,0,0,0,0,0,0,0,0,0,0,0,0,0,0,0
10.7201,0,0,0,0,0,0,0,0,0,0,0,0,0,0,0,0
10.7301,0,0,0,0,0,0,0,0,0,0,0,0,0,0,0,0
10.7401,0,0,0,0,0,0,0,0,0,0,0,0,0,0,0,0
10.7501,0,0,0,0,0,0,0,0,0,0,0,0,0,0,0,0
10.7601,0,0,0,0,0,0,0,0,0,0,0,0,0,0,0,0
10.7701,0,0,0,0,0,0,0,0,0,0,0,0,0,0,0,0
10.7801,0,0,0,0,0,0,0,0,0,0,0,0,0,0,0,0
10.7901,0,0,0,0,0,0,0,0,0,0,0,0,0,0,0,0
10.8001,0,0,0,0,0,0,0,0,0,0,0,0,0,0,0,0
10.8101,0,0,0,0,0,0,0,0,0,0,0,0,0,0,0,0
10.8201,0,0,0,0,0,0,0,0,0,0,0,0,0,0,0,0
10.8301,0,0,0,0,0,0,0,0,0,0,0,0,0,0,0,0
10.8401,0,0,0,0,0,0,0,0,0,0,0,0,0,0,0,0
10.8501,0,0,0,0,0,0,0,0,0,0,0,0,0,0,0,0
10.8601,0,0,0,0,0,0,0,0,0,0,0,0,0,0,0,0
10.8701,0,0,0,0,0,0,0,0,0,0,0,0,0,0,0,0
10.8801,0,0,0,0,0,0,0,0,0,0,0,0,0,0,0,0
10.8901,0,0,0,0,0,0,0,0,0,0,0,0,0,0,0,0
10.9001,0,0,0,0,0,0,0,0,0,0,0,0,0,0,0,0
10.9101,0,0,0,0,0,0,0,0,0,0,0,0,0,0,0,0
10.9201,0,0,0,0,0,0,0,0,0,0,0,0,0,0,0,0
10.9301,0,0,0,0,0,0,0,0,0,0,0,0,0,0,0,0
10.9401,0,0,0,0,0,0,0,0,0,0,0,0,0,0,0,0
10.9501,0,0,0,0,0,0,0,0,0,0,0,0,0,0,0,0
10.9601,0,0,0,0,0,0,0,0,0,0,0,0,0,0,0,0
10.9701,0,0,0,0,0,0,0,0,0,0,0,0,0,0,0,0
10.9801,0,0,0,0,0,0,0,0,0,0,0,0,0,0,0,0
10.9901,0,0,0,0,0,0,0,0,0,0,0,0,0,0,0,0
11.0001,0,0,0,0,0,0,0,0,0,0,0,0,0,0,0,0
11.0101,0,0,0,0,0,0,0,0,0,0,0,0,0,0,0,0
11.0201,0,0,0,0,0,0,0,0,0,0,0,0,0,0,0,0
11.0301,0,0,0,0,0,0,0,0,0,0,0,0,0,0,0,0
11.0401,0,0,0,0,0,0,0,0,0,0,0,0,0,0,0,0
11.0501,0,0,0,0,0,0,0,0,0,0,0,0,0,0,0,0
11.0601,0,0,0,0,0,0,0,0,0,0,0,0,0,0,0,0
11.0701,0,0,0,0,0,0,0,0,0,0,0,0,0,0,0,0
11.0801,0,0,0,0,0,0,0,0,0,0,0,0,0,0,0,0
11.0901,0,0,0,0,0,0,0,0,0,0,0,0,0,0,0,0
11.1001,0,0,0,0,0,0,0,0,0,0,0,0,0,0,0,0
11.1101,0,0,0,0,0,0,0,0,0,0,0,0,0,0,0,0
11.1201,0,0,0,0,0,0,0,0,0,0,0,0,0,0,0,0
11.1301,0,0,0,0,0,0,0,0,0,0,0,0,0,0,0,0
11.1401,0,0,0,0,0,0,0,0,0,0,0,0,0,0,0,0
11.1501,0,0,0,0,0,0,0,0,0,0,0,0,0,0,0,0
11.1601,0,0,0,0,0,0,0,0,0,0,0,0,0,0,0,0
11.1701,0,0,0,0,0,0,0,0,0,0,0,0,0,0,0,0
11.1801,0,0,0,0,0,0,0,0,0,0,0,0,0,0,0,0
11.1901,0,0,0,0,0,0,0,0,0,0,0,0,0,0,0,0
11.2001,0,0,0,0,0,0,0,0,0,0,0,0,0,0,0,0
11.2101,0,0,0,0,0,0,0,0,0,0,0,0,0,0,0,0
11.2201,0,0,0,0,0,0,0,0,0,0,0,0,0,0,0,0
11.2301,0,0,0,0,0,0,0,0,0,0,0,0,0,0,0,0
11.2401,0,0,0,0,0,0,0,0,0,0,0,0,0,0,0,0
11.2501,0,0,0,0,0,0,0,0,0,0,0,0,0,0,0,0
11.2601,0,0,0,0,0,0,0,0,0,0,0,0,0,0,0,0
11.2701,0,0,0,0,0,0,0,0,0,0,0,0,0,0,0,0
11.2801,0,0,0,0,0,0,0,0,0,0,0,0,0,0,0,0
11.2901,0,0,0,0,0,0,0,0,0,0,0,0,0,0,0,0
11.3001,0,0,0,0,0,0,0,0,0,0,0,0,0,0,0,0
11.3101,0,0,0,0,0,0,0,0,0,0,0,0,0,0,0,0
11.3201,0,0,0,0,0,0,0,0,0,0,0,0,0,0,0,0
11.3301,0,0,0,0,0,0,0,0,0,0,0,0,0,0,0,0
11.3401,0,0,0,0,0,0,0,0,0,0,0,0,0,0,0,0
11.3501,0,0,0,0,0,0,0,0,0,0,0,0,0,0,0,0
11.3601,0,0,0,0,0,0,0,0,0,0,0,0,0,0,0,0
11.3701,0,0,0,0,0,0,0,0,0,0,0,0,0,0,0,0
11.3801,0,0,0,0,0,0,0,0,0,0,0,0,0,0,0,0
11.3901,0,0,0,0,0,0,0,0,0,0,0,0,0,0,0,0
11.4001,0,0,0,0,0,0,0,0,0,0,0,0,0,0,0,0
11.4101,0,0,0,0,0,0,0,0,0,0,0,0,0,0,0,0
11.4201,0,0,0,0,0,0,0,0,0,0,0,0,0,0,0,0
11.4301,0,0,0,0,0,0,0,0,0,0,0,0,0,0,0,0
11.4401,0,0,0,0,0,0,0,0,0,0,0,0,0,0,0,0
11.4501,0,0,0,0,0,0,0,0,0,0,0,0,0,0,0,0
11.4601,0,0,0,0,0,0,0,0,0,0,0,0,0,0,0,0
11.4701,0,0,0,0,0,0,0,0,0,0,0,0,0,0,0,0
11.4801,0,0,0,0,0,0,0,0,0,0,0,0,0,0,0,0
11.4901,0,0,0,0,0,0,0,0,0,0,0,0,0,0,0,0
11.5001,0,0,0,0,0,0,0,0,0,0,0,0,0,0,0,0
11.5101,0,0,0,0,0,0,0,0,0,0,0,0,0,0,0,0
11.5201,0,0,0,0,0,0,0,0,0,0,0,0,0,0,0,0
11.5301,0,0,0,0,0,0,0,0,0,0,0,0,0,0,0,0
11.5401,0,0,0,0,0,0,0,0,0,0,0,0,0,0,0,0
11.5501,0,0,0,0,0,0,0,0,0,0,0,0,0,0,0,0
11.5601,0,0,0,0,0,0,0,0,0,0,0,0,0,0,0,0
11.5701,0,0,0,0,0,0,0,0,0,0,0,0,0,0,0,0
11.5801,0,0,0,0,0,0,0,0,0,0,0,0,0,0,0,0
11.5901,0,0,0,0,0,0,0,0,0,0,0,0,0,0,0,0
11.6001,0,0,0,0,0,0,0,0,0,0,0,0,0,0,0,0
11.6101,0,0,0,0,0,0,0,0,0,0,0,0,0,0,0,0
11.6201,0,0,0,0,0,0,0,0,0,0,0,0,0,0,0,0
11.6301,0,0,0,0,0,0,0,0,0,0,0,0,0,0,0,0
11.6401,0,0,0,0,0,0,0,0,0,0,0,0,0,0,0,0
11.6501,0,0,0,0,0,0,0,0,0,0,0,0,0,0,0,0
11.6601,0,0,0,0,0,0,0,0,0,0,0,0,0,0,0,0
11.6701,0,0,0,0,0,0,0,0,0,0,0,0,0,0,0,0
11.6801,0,0,0,0,0,0,0,0,0,0,0,0,0,0,0,0
11.6901,0,0,0,0,0,0,0,0,0,0,0,0,0,0,0,0
11.7001,0,0,0,0,0,0,0,0,0,0,0,0,0,0,0,0
11.7101,0,0,0,0,0,0,0,0,0,0,0,0,0,0,0,0
11.7201,0,0,0,0,0,0,0,0,0,0,0,0,0,0,0,0
11.7301,0,0,0,0,0,0,0,0,0,0,0,0,0,0,0,0
11.7401,0,0,0,0,0,0,0,0,0,0,0,0,0,0,0,0
11.7501,0,0,0,0,0,0,0,0,0,0,0,0,0,0,0,0
11.7601,0,0,0,0,0,0,0,0,0,0,0,0,0,0,0,0
11.7701,0,0,0,0,0,0,0,0,0,0,0,0,0,0,0,0
11.7801,0,0,0,0,0,0,0,0,0,0,0,0,0,0,0,0
11.7901,0,0,0,0,0,0,0,0,0,0,0,0,0,0,0,0
11.8001,0,0,0,0,0,0,0,0,0,0,0,0,0,0,0,0
11.8101,0,0,0,0,0,0,0,0,0,0,0,0,0,0,0,0
11.8201,0,0,0,0,0,0,0,0,0,0,0,0,0,0,0,0
11.8301,0,0,0,0,0,0,0,0,0,0,0,0,0,0,0,0
11.8401,0,0,0,0,0,0,0,0,0,0,0,0,0,0,0,0
11.8501,0,0,0,0,0,0,0,0,0,0,0,0,0,0,0,0
11.8601,0,0,0,0,0,0,0,0,0,0,0,0,0,0,0,0
11.8701,0,0,0,0,0,0,0,0,0,0,0,0,0,0,0,0
11.8801,0,0,0,0,0,0,0,0,0,0,0,0,0,0,0,0
11.8901,0,0,0,0,0,0,0,0,0,0,0,0,0,0,0,0
11.9001,0,0,0,0,0,0,0,0,0,0,0,0,0,0,0,0
11.9101,0,0,0,0,0,0,0,0,0,0,0,0,0,0,0,0
11.9201,0,0,0,0,0,0,0,0,0,0,0,0,0,0,0,0
11.9301,0,0,0,0,0,0,0,0,0,0,0,0,0,0,0,0
11.9401,0,0,0,0,0,0,0,0,0,0,0,0,0,0,0,0
11.9501,0,0,0,0,0,0,0,0,0,0,0,0,0,0,0,0
11.9601,0,0,0,0,0,0,0,0,0,0,0,0,0,0,0,0
11.9701,0,0,0,0,0,0,0,0,0,0,0,0,0,0,0,0
11.9801,0,0,0,0,0,0,0,0,0,0,0,0,0,0,0,0
11.9901,0,0,0,0,0,0,0,0,0,0,0,0,0,0,0,0
12.0001,0,0,0,0,0,0,0,0,0,0,0,0,0,0,0,0
12.0101,0,0,0,0,0,0,0,0,0,0,0,0,0,0,0,0
12.0201,0,0,0,0,0,0,0,0,0,0,0,0,0,0,0,0
12.0301,0,0,0,0,0,0,0,0,0,0,0,0,0,0,0,0
12.0401,0,0,0,0,0,0,0,0,0,0,0,0,0,0,0,0
12.0501,0,0,0,0,0,0,0,0,0,0,0,0,0,0,0,0
12.0601,0,0,0,0,0,0,0,0,0,0,0,0,0,0,0,0
12.0701,0,0,0,0,0,0,0,0,0,0,0,0,0,0,0,0
12.0801,0,0,0,0,0,0,0,0,0,0,0,0,0,0,0,0
12.0901,0,0,0,0,0,0,0,0,0,0,0,0,0,0,0,0
12.1001,0,0,0,0,0,0,0,0,0,0,0,0,0,0,0,0
12.1101,0,0,0,0,0,0,0,0,0,0,0,0,0,0,0,0
12.1201,0,0,0,0,0,0,0,0,0,0,0,0,0,0,0,0
12.1301,0,0,0,0,0,0,0,0,0,0,0,0,0,0,0,0
12.1401,0,0,0,0,0,0,0,0,0,0,0,0,0,0,0,0
12.1501,0,0,0,0,0,0,0,0,0,0,0,0,0,0,0,0
12.1601,0,0,0,0,0,0,0,0,0,0,0,0,0,0,0,0
12.1701,0,0,0,0,0,0,0,0,0,0,0,0,0,0,0,0
12.1801,0,0,0,0,0,0,0,0,0,0,0,0,0,0,0,0
12.1901,0,0,0,0,0,0,0,0,0,0,0,0,0,0,0,0
12.2001,0,0,0,0,0,0,0,0,0,0,0,0,0,0,0,0
12.2101,0,0,0,0,0,0,0,0,0,0,0,0,0,0,0,0
12.2201,0,0,0,0,0,0,0,0,0,0,0,0,0,0,0,0
12.2301,0,0,0,0,0,0,0,0,0,0,0,0,0,0,0,0
12.2401,0,0,0,0,0,0,0,0,0,0,0,0,0,0,0,0
12.2501,0,0,0,0,0,0,0,0,0,0,0,0,0,0,0,0
12.2601,0,0,0,0,0,0,0,0,0,0,0,0,0,0,0,0
12.2701,0,0,0,0,0,0,0,0,0,0,0,0,0,0,0,0
12.2801,0,0,0,0,0,0,0,0,0,0,0,0,0,0,0,0
12.2901,0,0,0,0,0,0,0,0,0,0,0,0,0,0,0,0
12.3001,0,0,0,0,0,0,0,0,0,0,0,0,0,0,0,0
12.3101,0,0,0,0,0,0,0,0,0,0,0,0,0,0,0,0
12.3201,0,0,0,0,0,0,0,0,0,0,0,0,0,0,0,0
12.3301,0,0,0,0,0,0,0,0,0,0,0,0,0,0,0,0
12.3401,0,0,0,0,0,0,0,0,0,0,0,0,0,0,0,0
12.3501,0,0,0,0,0,0,0,0,0,0,0,0,0,0,0,0
12.3601,0,0,0,0,0,0,0,0,0,0,0,0,0,0,0,0
12.3701,0,0,0,0,0,0,0,0,0,0,0,0,0,0,0,0
12.3801,0,0,0,0,0,0,0,0,0,0,0,0,0,0,0,0
12.3901,0,0,0,0,0,0,0,0,0,0,0,0,0,0,0,0
12.4001,0,0,0,0,0,0,0,0,0,0,0,0,0,0,0,0
12.4101,0,0,0,0,0,0,0,0,0,0,0,0,0,0,0,0
12.42,0,0,0,0,0,0,0,0,0,0,0,0,0,0,0,0
12.4301,0,0,0,0,0,0,0,0,0,0,0,0,0,0,0,0
12.4401,0,0,0,0,0,0,0,0,0,0,0,0,0,0,0,0
12.4501,0,0,0,0,0,0,0,0,0,0,0,0,0,0,0,0
12.4601,0,0,0,0,0,0,0,0,0,0,0,0,0,0,0,0
12.4701,0,0,0,0,0,0,0,0,0,0,0,0,0,0,0,0
12.4801,0,0,0,0,0,0,0,0,0,0,0,0,0,0,0,0
12.4901,0,0,0,0,0,0,0,0,0,0,0,0,0,0,0,0
12.5001,0,0,0,0,0,0,0,0,0,0,0,0,0,0,0,0
12.5101,0,0,0,0,0,0,0,0,0,0,0,0,0,0,0,0
12.5201,0,0,0,0,0,0,0,0,0,0,0,0,0,0,0,0
12.5301,0,0,0,0,0,0,0,0,0,0,0,0,0,0,0,0
12.5401,0,0,0,0,0,0,0,0,0,0,0,0,0,0,0,0
12.5501,0,0,0,0,0,0,0,0,0,0,0,0,0,0,0,0
12.5601,0,0,0,0,0,0,0,0,0,0,0,0,0,0,0,0
12.5701,0,0,0,0,0,0,0,0,0,0,0,0,0,0,0,0
12.5801,0,0,0,0,0,0,0,0,0,0,0,0,0,0,0,0
12.5901,0,0,0,0,0,0,0,0,0,0,0,0,0,0,0,0
12.6001,0,0,0,0,0,0,0,0,0,0,0,0,0,0,0,0
12.6101,0,0,0,0,0,0,0,0,0,0,0,0,0,0,0,0
12.62,0,0,0,0,0,0,0,0,0,0,0,0,0,0,0,0
12.6301,0,0,0,0,0,0,0,0,0,0,0,0,0,0,0,0
12.6401,0,0,0,0,0,0,0,0,0,0,0,0,0,0,0,0
12.6501,0,0,0,0,0,0,0,0,0,0,0,0,0,0,0,0
12.6601,0,0,0,0,0,0,0,0,0,0,0,0,0,0,0,0
12.67,0,0,0,0,0,0,0,0,0,0,0,0,0,0,0,0
12.6801,0,0,0,0,0,0,0,0,0,0,0,0,0,0,0,0
12.6901,0,0,0,0,0,0,0,0,0,0,0,0,0,0,0,0
12.7001,0,0,0,0,0,0,0,0,0,0,0,0,0,0,0,0
12.7101,0,0,0,0,0,0,0,0,0,0,0,0,0,0,0,0
12.7201,0,0,0,0,0,0,0,0,0,0,0,0,0,0,0,0
12.7301,0,0,0,0,0,0,0,0,0,0,0,0,0,0,0,0
12.7401,0,0,0,0,0,0,0,0,0,0,0,0,0,0,0,0
12.7501,0,0,0,0,0,0,0,0,0,0,0,0,0,0,0,0
12.7601,0,0,0,0,0,0,0,0,0,0,0,0,0,0,0,0
12.7701,0,0,0,0,0,0,0,0,0,0,0,0,0,0,0,0
12.7801,0,0,0,0,0,0,0,0,0,0,0,0,0,0,0,0
12.7901,0,0,0,0,0,0,0,0,0,0,0,0,0,0,0,0
12.8001,0,0,0,0,0,0,0,0,0,0,0,0,0,0,0,0
12.8101,0,0,0,0,0,0,0,0,0,0,0,0,0,0,0,0
12.8201,0,0,0,0,0,0,0,0,0,0,0,0,0,0,0,0
12.8301,0,0,0,0,0,0,0,0,0,0,0,0,0,0,0,0
12.8401,0,0,0,0,0,0,0,0,0,0,0,0,0,0,0,0
12.8501,0,0,0,0,0,0,0,0,0,0,0,0,0,0,0,0
12.8601,0,0,0,0,0,0,0,0,0,0,0,0,0,0,0,0
12.8701,0,0,0,0,0,0,0,0,0,0,0,0,0,0,0,0
12.8801,0,0,0,0,0,0,0,0,0,0,0,0,0,0,0,0
12.8901,0,0,0,0,0,0,0,0,0,0,0,0,0,0,0,0
12.9001,0,0,0,0,0,0,0,0,0,0,0,0,0,0,0,0
12.9101,0,0,0,0,0,0,0,0,0,0,0,0,0,0,0,0
12.9201,0,0,0,0,0,0,0,0,0,0,0,0,0,0,0,0
12.9301,0,0,0,0,0,0,0,0,0,0,0,0,0,0,0,0
12.9401,0,0,0,0,0,0,0,0,0,0,0,0,0,0,0,0
12.9501,0,0,0,0,0,0,0,0,0,0,0,0,0,0,0,0
12.9601,0,0,0,0,0,0,0,0,0,0,0,0,0,0,0,0
12.9701,0,0,0,0,0,0,0,0,0,0,0,0,0,0,0,0
12.9801,0,0,0,0,0,0,0,0,0,0,0,0,0,0,0,0
12.9901,0,0,0,0,0,0,0,0,0,0,0,0,0,0,0,0
13.0001,0,0,0,0,0,0,0,0,0,0,0,0,0,0,0,0
13.0101,0,0,0,0,0,0,0,0,0,0,0,0,0,0,0,0
13.0201,0,0,0,0,0,0,0,0,0,0,0,0,0,0,0,0
13.0301,0,0,0,0,0,0,0,0,0,0,0,0,0,0,0,0
13.0401,0,0,0,0,0,0,0,0,0,0,0,0,0,0,0,0
13.0501,0,0,0,0,0,0,0,0,0,0,0,0,0,0,0,0
13.0601,0,0,0,0,0,0,0,0,0,0,0,0,0,0,0,0
13.07,0,0,0,0,0,0,0,0,0,0,0,0,0,0,0,0
13.0801,0,0,0,0,0,0,0,0,0,0,0,0,0,0,0,0
13.0901,0,0,0,0,0,0,0,0,0,0,0,0,0,0,0,0
13.1001,0,0,0,0,0,0,0,0,0,0,0,0,0,0,0,0
13.1101,0,0,0,0,0,0,0,0,0,0,0,0,0,0,0,0
13.1201,0,0,0,0,0,0,0,0,0,0,0,0,0,0,0,0
13.1301,0,0,0,0,0,0,0,0,0,0,0,0,0,0,0,0
13.1401,0,0,0,0,0,0,0,0,0,0,0,0,0,0,0,0
13.1501,0,0,0,0,0,0,0,0,0,0,0,0,0,0,0,0
13.1601,0,0,0,0,0,0,0,0,0,0,0,0,0,0,0,0
13.1701,0,0,0,0,0,0,0,0,0,0,0,0,0,0,0,0
13.1801,0,0,0,0,0,0,0,0,0,0,0,0,0,0,0,0
13.1901,0,0,0,0,0,0,0,0,0,0,0,0,0,0,0,0
13.2001,0,0,0,0,0,0,0,0,0,0,0,0,0,0,0,0
13.2101,0,0,0,0,0,0,0,0,0,0,0,0,0,0,0,0
13.2201,0,0,0,0,0,0,0,0,0,0,0,0,0,0,0,0
13.2301,0,0,0,0,0,0,0,0,0,0,0,0,0,0,0,0
13.2401,0,0,0,0,0,0,0,0,0,0,0,0,0,0,0,0
13.25,0,0,0,0,0,0,0,0,0,0,0,0,0,0,0,0
13.2601,0,0,0,0,0,0,0,0,0,0,0,0,0,0,0,0
13.2701,0,0,0,0,0,0,0,0,0,0,0,0,0,0,0,0
13.2801,0,0,0,0,0,0,0,0,0,0,0,0,0,0,0,0
13.2901,0,0,0,0,0,0,0,0,0,0,0,0,0,0,0,0
13.3001,0,0,0,0,0,0,0,0,0,0,0,0,0,0,0,0
13.3101,0,0,0,0,0,0,0,0,0,0,0,0,0,0,0,0
13.3201,0,0,0,0,0,0,0,0,0,0,0,0,0,0,0,0
13.3301,0,0,0,0,0,0,0,0,0,0,0,0,0,0,0,0
13.3401,0,0,0,0,0,0,0,0,0,0,0,0,0,0,0,0
13.3501,0,0,0,0,0,0,0,0,0,0,0,0,0,0,0,0
13.3601,0,0,0,0,0,0,0,0,0,0,0,0,0,0,0,0
13.3701,0,0,0,0,0,0,0,0,0,0,0,0,0,0,0,0
13.3801,0,0,0,0,0,0,0,0,0,0,0,0,0,0,0,0
13.3901,0,0,0,0,0,0,0,0,0,0,0,0,0,0,0,0
13.4001,0,0,0,0,0,0,0,0,0,0,0,0,0,0,0,0
13.4101,0,0,0,0,0,0,0,0,0,0,0,0,0,0,0,0
13.4201,0,0,0,0,0,0,0,0,0,0,0,0,0,0,0,0
13.4301,0,0,0,0,0,0,0,0,0,0,0,0,0,0,0,0
13.4401,0,0,0,0,0,0,0,0,0,0,0,0,0,0,0,0
13.4501,0,0,0,0,0,0,0,0,0,0,0,0,0,0,0,0
13.4601,0,0,0,0,0,0,0,0,0,0,0,0,0,0,0,0
13.4701,0,0,0,0,0,0,0,0,0,0,0,0,0,0,0,0
13.4801,0,0,0,0,0,0,0,0,0,0,0,0,0,0,0,0
13.4901,0,0,0,0,0,0,0,0,0,0,0,0,0,0,0,0
13.5001,0,0,0,0,0,0,0,0,0,0,0,0,0,0,0,0
13.5101,0,0,0,0,0,0,0,0,0,0,0,0,0,0,0,0
13.5201,0,0,0,0,0,0,0,0,0,0,0,0,0,0,0,0
13.5301,0,0,0,0,0,0,0,0,0,0,0,0,0,0,0,0
13.5401,0,0,0,0,0,0,0,0,0,0,0,0,0,0,0,0
13.5501,0,0,0,0,0,0,0,0,0,0,0,0,0,0,0,0
13.5601,0,0,0,0,0,0,0,0,0,0,0,0,0,0,0,0
13.5701,0,0,0,0,0,0,0,0,0,0,0,0,0,0,0,0
13.5801,0,0,0,0,0,0,0,0,0,0,0,0,0,0,0,0
13.5901,0,0,0,0,0,0,0,0,0,0,0,0,0,0,0,0
13.6001,0,0,0,0,0,0,0,0,0,0,0,0,0,0,0,0
13.6101,0,0,0,0,0,0,0,0,0,0,0,0,0,0,0,0
13.6201,0,0,0,0,0,0,0,0,0,0,0,0,0,0,0,0
13.6301,0,0,0,0,0,0,0,0,0,0,0,0,0,0,0,0
13.6401,0,0,0,0,0,0,0,0,0,0,0,0,0,0,0,0
13.6501,0,0,0,0,0,0,0,0,0,0,0,0,0,0,0,0
13.6601,0,0,0,0,0,0,0,0,0,0,0,0,0,0,0,0
13.6701,0,0,0,0,0,0,0,0,0,0,0,0,0,0,0,0
13.6801,0,0,0,0,0,0,0,0,0,0,0,0,0,0,0,0
13.6901,0,0,0,0,0,0,0,0,0,0,0,0,0,0,0,0
13.7001,0,0,0,0,0,0,0,0,0,0,0,0,0,0,0,0
13.7101,0,0,0,0,0,0,0,0,0,0,0,0,0,0,0,0
13.7201,0,0,0,0,0,0,0,0,0,0,0,0,0,0,0,0
13.7301,0,0,0,0,0,0,0,0,0,0,0,0,0,0,0,0
13.7401,0,0,0,0,0,0,0,0,0,0,0,0,0,0,0,0
13.7501,0,0,0,0,0,0,0,0,0,0,0,0,0,0,0,0
13.7601,0,0,0,0,0,0,0,0,0,0,0,0,0,0,0,0
13.7701,0,0,0,0,0,0,0,0,0,0,0,0,0,0,0,0
13.7801,0,0,0,0,0,0,0,0,0,0,0,0,0,0,0,0
13.7901,0,0,0,0,0,0,0,0,0,0,0,0,0,0,0,0
13.8001,0,0,0,0,0,0,0,0,0,0,0,0,0,0,0,0
13.8101,0,0,0,0,0,0,0,0,0,0,0,0,0,0,0,0
13.8201,0,0,0,0,0,0,0,0,0,0,0,0,0,0,0,0
13.8301,0,0,0,0,0,0,0,0,0,0,0,0,0,0,0,0
13.8401,0,0,0,0,0,0,0,0,0,0,0,0,0,0,0,0
13.8501,0,0,0,0,0,0,0,0,0,0,0,0,0,0,0,0
13.8601,0,0,0,0,0,0,0,0,0,0,0,0,0,0,0,0
13.8701,0,0,0,0,0,0,0,0,0,0,0,0,0,0,0,0
13.8801,0,0,0,0,0,0,0,0,0,0,0,0,0,0,0,0
13.8901,0,0,0,0,0,0,0,0,0,0,0,0,0,0,0,0
13.9001,0,0,0,0,0,0,0,0,0,0,0,0,0,0,0,0
13.9101,0,0,0,0,0,0,0,0,0,0,0,0,0,0,0,0
13.9201,0,0,0,0,0,0,0,0,0,0,0,0,0,0,0,0
13.9301,0,0,0,0,0,0,0,0,0,0,0,0,0,0,0,0
13.9401,0,0,0,0,0,0,0,0,0,0,0,0,0,0,0,0
13.9501,0,0,0,0,0,0,0,0,0,0,0,0,0,0,0,0
13.9601,0,0,0,0,0,0,0,0,0,0,0,0,0,0,0,0
13.9701,0,0,0,0,0,0,0,0,0,0,0,0,0,0,0,0
13.9801,0,0,0,0,0,0,0,0,0,0,0,0,0,0,0,0
13.9901,0,0,0,0,0,0,0,0,0,0,0,0,0,0,0,0
14.0001,0,0,0,0,0,0,0,0,0,0,0,0,0,0,0,0
14.0101,0,0,0,0,0,0,0,0,0,0,0,0,0,0,0,0
14.0201,0,0,0,0,0,0,0,0,0,0,0,0,0,0,0,0
14.0301,0,0,0,0,0,0,0,0,0,0,0,0,0,0,0,0
14.0401,0,0,0,0,0,0,0,0,0,0,0,0,0,0,0,0
14.0501,0,0,0,0,0,0,0,0,0,0,0,0,0,0,0,0
14.0601,0,0,0,0,0,0,0,0,0,0,0,0,0,0,0,0
14.0701,0,0,0,0,0,0,0,0,0,0,0,0,0,0,0,0
14.0801,0,0,0,0,0,0,0,0,0,0,0,0,0,0,0,0
14.0901,0,0,0,0,0,0,0,0,0,0,0,0,0,0,0,0
14.1001,0,0,0,0,0,0,0,0,0,0,0,0,0,0,0,0
14.1101,0,0,0,0,0,0,0,0,0,0,0,0,0,0,0,0
14.1201,0,0,0,0,0,0,0,0,0,0,0,0,0,0,0,0
14.1301,0,0,0,0,0,0,0,0,0,0,0,0,0,0,0,0
14.1401,0,0,0,0,0,0,0,0,0,0,0,0,0,0,0,0
14.1501,0,0,0,0,0,0,0,0,0,0,0,0,0,0,0,0
14.1601,0,0,0,0,0,0,0,0,0,0,0,0,0,0,0,0
14.1701,0,0,0,0,0,0,0,0,0,0,0,0,0,0,0,0
14.1801,0,0,0,0,0,0,0,0,0,0,0,0,0,0,0,0
14.1901,0,0,0,0,0,0,0,0,0,0,0,0,0,0,0,0
14.2001,0,0,0,0,0,0,0,0,0,0,0,0,0,0,0,0
14.2101,0,0,0,0,0,0,0,0,0,0,0,0,0,0,0,0
14.2201,0,0,0,0,0,0,0,0,0,0,0,0,0,0,0,0
14.2301,0,0,0,0,0,0,0,0,0,0,0,0,0,0,0,0
14.2401,0,0,0,0,0,0,0,0,0,0,0,0,0,0,0,0
14.2501,0,0,0,0,0,0,0,0,0,0,0,0,0,0,0,0
14.2601,0,0,0,0,0,0,0,0,0,0,0,0,0,0,0,0
14.2701,0,0,0,0,0,0,0,0,0,0,0,0,0,0,0,0
14.2801,0,0,0,0,0,0,0,0,0,0,0,0,0,0,0,0
14.2901,0,0,0,0,0,0,0,0,0,0,0,0,0,0,0,0
14.3001,0,0,0,0,0,0,0,0,0,0,0,0,0,0,0,0
14.3101,0,0,0,0,0,0,0,0,0,0,0,0,0,0,0,0
14.3201,0,0,0,0,0,0,0,0,0,0,0,0,0,0,0,0
14.3301,0,0,0,0,0,0,0,0,0,0,0,0,0,0,0,0
14.3401,0,0,0,0,0,0,0,0,0,0,0,0,0,0,0,0
14.3501,0,0,0,0,0,0,0,0,0,0,0,0,0,0,0,0
14.3601,0,0,0,0,0,0,0,0,0,0,0,0,0,0,0,0
14.3701,0,0,0,0,0,0,0,0,0,0,0,0,0,0,0,0
14.3801,0,0,0,0,0,0,0,0,0,0,0,0,0,0,0,0
14.3901,0,0,0,0,0,0,0,0,0,0,0,0,0,0,0,0
14.4001,0,0,0,0,0,0,0,0,0,0,0,0,0,0,0,0
14.4101,0,0,0,0,0,0,0,0,0,0,0,0,0,0,0,0
14.4201,0,0,0,0,0,0,0,0,0,0,0,0,0,0,0,0
14.4301,0,0,0,0,0,0,0,0,0,0,0,0,0,0,0,0
14.4401,0,0,0,0,0,0,0,0,0,0,0,0,0,0,0,0
14.4501,0,0,0,0,0,0,0,0,0,0,0,0,0,0,0,0
14.4601,0,0,0,0,0,0,0,0,0,0,0,0,0,0,0,0
14.4701,0,0,0,0,0,0,0,0,0,0,0,0,0,0,0,0
14.4801,0,0,0,0,0,0,0,0,0,0,0,0,0,0,0,0
14.4901,0,0,0,0,0,0,0,0,0,0,0,0,0,0,0,0
14.5001,0,0,0,0,0,0,0,0,0,0,0,0,0,0,0,0
14.5101,0,0,0,0,0,0,0,0,0,0,0,0,0,0,0,0
14.5201,0,0,0,0,0,0,0,0,0,0,0,0,0,0,0,0
14.5301,0,0,0,0,0,0,0,0,0,0,0,0,0,0,0,0
14.5401,0,0,0,0,0,0,0,0,0,0,0,0,0,0,0,0
14.5501,0,0,0,0,0,0,0,0,0,0,0,0,0,0,0,0
14.5601,0,0,0,0,0,0,0,0,0,0,0,0,0,0,0,0
14.5701,0,0,0,0,0,0,0,0,0,0,0,0,0,0,0,0
14.5801,0,0,0,0,0,0,0,0,0,0,0,0,0,0,0,0
14.5901,0,0,0,0,0,0,0,0,0,0,0,0,0,0,0,0
14.6001,0,0,0,0,0,0,0,0,0,0,0,0,0,0,0,0
14.6101,0,0,0,0,0,0,0,0,0,0,0,0,0,0,0,0
14.6201,0,0,0,0,0,0,0,0,0,0,0,0,0,0,0,0
14.6301,0,0,0,0,0,0,0,0,0,0,0,0,0,0,0,0
14.6401,0,0,0,0,0,0,0,0,0,0,0,0,0,0,0,0
14.6501,0,0,0,0,0,0,0,0,0,0,0,0,0,0,0,0
14.6601,0,0,0,0,0,0,0,0,0,0,0,0,0,0,0,0
14.6701,0,0,0,0,0,0,0,0,0,0,0,0,0,0,0,0
14.6801,0,0,0,0,0,0,0,0,0,0,0,0,0,0,0,0
14.6901,0,0,0,0,0,0,0,0,0,0,0,0,0,0,0,0
14.7001,0,0,0,0,0,0,0,0,0,0,0,0,0,0,0,0
14.7101,0,0,0,0,0,0,0,0,0,0,0,0,0,0,0,0
14.7201,0,0,0,0,0,0,0,0,0,0,0,0,0,0,0,0
14.7301,0,0,0,0,0,0,0,0,0,0,0,0,0,0,0,0
14.7401,0,0,0,0,0,0,0,0,0,0,0,0,0,0,0,0
14.7501,0,0,0,0,0,0,0,0,0,0,0,0,0,0,0,0
14.7601,0,0,0,0,0,0,0,0,0,0,0,0,0,0,0,0
14.7701,0,0,0,0,0,0,0,0,0,0,0,0,0,0,0,0
14.7801,0,0,0,0,0,0,0,0,0,0,0,0,0,0,0,0
14.7901,0,0,0,0,0,0,0,0,0,0,0,0,0,0,0,0
14.8001,0,0,0,0,0,0,0,0,0,0,0,0,0,0,0,0
14.8101,0,0,0,0,0,0,0,0,0,0,0,0,0,0,0,0
14.8201,0,0,0,0,0,0,0,0,0,0,0,0,0,0,0,0
14.8301,0,0,0,0,0,0,0,0,0,0,0,0,0,0,0,0
14.8401,0,0,0,0,0,0,0,0,0,0,0,0,0,0,0,0
14.8501,0,0,0,0,0,0,0,0,0,0,0,0,0,0,0,0
14.8601,0,0,0,0,0,0,0,0,0,0,0,0,0,0,0,0
14.8701,0,0,0,0,0,0,0,0,0,0,0,0,0,0,0,0
14.8801,0,0,0,0,0,0,0,0,0,0,0,0,0,0,0,0
14.8901,0,0,0,0,0,0,0,0,0,0,0,0,0,0,0,0
14.9001,0,0,0,0,0,0,0,0,0,0,0,0,0,0,0,0
14.9101,0,0,0,0,0,0,0,0,0,0,0,0,0,0,0,0
14.9201,0,0,0,0,0,0,0,0,0,0,0,0,0,0,0,0
14.9301,0,0,0,0,0,0,0,0,0,0,0,0,0,0,0,0
14.9401,0,0,0,0,0,0,0,0,0,0,0,0,0,0,0,0
14.9501,0,0,0,0,0,0,0,0,0,0,0,0,0,0,0,0
14.9601,0,0,0,0,0,0,0,0,0,0,0,0,0,0,0,0
14.9701,0,0,0,0,0,0,0,0,0,0,0,0,0,0,0,0
14.9801,0,0,0,0,0,0,0,0,0,0,0,0,0,0,0,0
14.9901,0,0,0,0,0,0,0,0,0,0,0,0,0,0,0,0
15.0001,0,0,0,0,0,0,0,0,0,0,0,0,0,0,0,0
15.0101,0,0,0,0,0,0,0,0,0,0,0,0,0,0,0,0
15.0201,0,0,0,0,0,0,0,0,0,0,0,0,0,0,0,0
15.0301,0,0,0,0,0,0,0,0,0,0,0,0,0,0,0,0
15.0401,0,0,0,0,0,0,0,0,0,0,0,0,0,0,0,0
15.0501,0,0,0,0,0,0,0,0,0,0,0,0,0,0,0,0
15.0601,0,0,0,0,0,0,0,0,0,0,0,0,0,0,0,0
15.0701,0,0,0,0,0,0,0,0,0,0,0,0,0,0,0,0
15.0801,0,0,0,0,0,0,0,0,0,0,0,0,0,0,0,0
15.0901,0,0,0,0,0,0,0,0,0,0,0,0,0,0,0,0
15.1001,0,0,0,0,0,0,0,0,0,0,0,0,0,0,0,0
15.1101,0,0,0,0,0,0,0,0,0,0,0,0,0,0,0,0
15.1201,0,0,0,0,0,0,0,0,0,0,0,0,0,0,0,0
15.1301,0,0,0,0,0,0,0,0,0,0,0,0,0,0,0,0
15.1401,0,0,0,0,0,0,0,0,0,0,0,0,0,0,0,0
15.1501,0,0,0,0,0,0,0,0,0,0,0,0,0,0,0,0
15.1601,0,0,0,0,0,0,0,0,0,0,0,0,0,0,0,0
15.1701,0,0,0,0,0,0,0,0,0,0,0,0,0,0,0,0
15.1801,0,0,0,0,0,0,0,0,0,0,0,0,0,0,0,0
15.1901,0,0,0,0,0,0,0,0,0,0,0,0,0,0,0,0
15.2001,0,0,0,0,0,0,0,0,0,0,0,0,0,0,0,0
15.2101,0,0,0,0,0,0,0,0,0,0,0,0,0,0,0,0
15.2201,0,0,0,0,0,0,0,0,0,0,0,0,0,0,0,0
15.2301,0,0,0,0,0,0,0,0,0,0,0,0,0,0,0,0
15.2401,0,0,0,0,0,0,0,0,0,0,0,0,0,0,0,0
15.2501,0,0,0,0,0,0,0,0,0,0,0,0,0,0,0,0
15.2601,0,0,0,0,0,0,0,0,0,0,0,0,0,0,0,0
15.2701,0,0,0,0,0,0,0,0,0,0,0,0,0,0,0,0
15.2801,0,0,0,0,0,0,0,0,0,0,0,0,0,0,0,0
15.2901,0,0,0,0,0,0,0,0,0,0,0,0,0,0,0,0
15.3001,0,0,0,0,0,0,0,0,0,0,0,0,0,0,0,0
15.3101,0,0,0,0,0,0,0,0,0,0,0,0,0,0,0,0
15.3201,0,0,0,0,0,0,0,0,0,0,0,0,0,0,0,0
15.3301,0,0,0,0,0,0,0,0,0,0,0,0,0,0,0,0
15.3401,0,0,0,0,0,0,0,0,0,0,0,0,0,0,0,0
15.3501,0,0,0,0,0,0,0,0,0,0,0,0,0,0,0,0
15.3601,0,0,0,0,0,0,0,0,0,0,0,0,0,0,0,0
15.3701,0,0,0,0,0,0,0,0,0,0,0,0,0,0,0,0
15.3801,0,0,0,0,0,0,0,0,0,0,0,0,0,0,0,0
15.3901,0,0,0,0,0,0,0,0,0,0,0,0,0,0,0,0
15.4001,0,0,0,0,0,0,0,0,0,0,0,0,0,0,0,0
15.4101,0,0,0,0,0,0,0,0,0,0,0,0,0,0,0,0
15.4201,0,0,0,0,0,0,0,0,0,0,0,0,0,0,0,0
15.4301,0,0,0,0,0,0,0,0,0,0,0,0,0,0,0,0
15.4401,0,0,0,0,0,0,0,0,0,0,0,0,0,0,0,0
15.4501,0,0,0,0,0,0,0,0,0,0,0,0,0,0,0,0
15.4601,0,0,0,0,0,0,0,0,0,0,0,0,0,0,0,0
15.4701,0,0,0,0,0,0,0,0,0,0,0,0,0,0,0,0
15.4801,0,0,0,0,0,0,0,0,0,0,0,0,0,0,0,0
15.4901,0,0,0,0,0,0,0,0,0,0,0,0,0,0,0,0
15.5001,0,0,0,0,0,0,0,0,0,0,0,0,0,0,0,0
15.5101,0,0,0,0,0,0,0,0,0,0,0,0,0,0,0,0
15.5201,0,0,0,0,0,0,0,0,0,0,0,0,0,0,0,0
15.5301,0,0,0,0,0,0,0,0,0,0,0,0,0,0,0,0
15.5401,0,0,0,0,0,0,0,0,0,0,0,0,0,0,0,0
15.5501,0,0,0,0,0,0,0,0,0,0,0,0,0,0,0,0
15.5601,0,0,0,0,0,0,0,0,0,0,0,0,0,0,0,0
15.5701,0,0,0,0,0,0,0,0,0,0,0,0,0,0,0,0
15.5801,0,0,0,0,0,0,0,0,0,0,0,0,0,0,0,0
15.5901,0,0,0,0,0,0,0,0,0,0,0,0,0,0,0,0
15.6001,0,0,0,0,0,0,0,0,0,0,0,0,0,0,0,0
15.6101,0,0,0,0,0,0,0,0,0,0,0,0,0,0,0,0
15.6201,0,0,0,0,0,0,0,0,0,0,0,0,0,0,0,0
15.6301,0,0,0,0,0,0,0,0,0,0,0,0,0,0,0,0
15.6401,0,0,0,0,0,0,0,0,0,0,0,0,0,0,0,0
15.6501,0,0,0,0,0,0,0,0,0,0,0,0,0,0,0,0
15.6601,0,0,0,0,0,0,0,0,0,0,0,0,0,0,0,0
15.6701,0,0,0,0,0,0,0,0,0,0,0,0,0,0,0,0
15.6801,0,0,0,0,0,0,0,0,0,0,0,0,0,0,0,0
15.6901,0,0,0,0,0,0,0,0,0,0,0,0,0,0,0,0
15.7001,0,0,0,0,0,0,0,0,0,0,0,0,0,0,0,0
15.7101,0,0,0,0,0,0,0,0,0,0,0,0,0,0,0,0
15.7201,0,0,0,0,0,0,0,0,0,0,0,0,0,0,0,0
15.7301,0,0,0,0,0,0,0,0,0,0,0,0,0,0,0,0
15.7401,0,0,0,0,0,0,0,0,0,0,0,0,0,0,0,0
15.7501,0,0,0,0,0,0,0,0,0,0,0,0,0,0,0,0
15.7601,0,0,0,0,0,0,0,0,0,0,0,0,0,0,0,0
15.7701,0,0,0,0,0,0,0,0,0,0,0,0,0,0,0,0
15.7801,0,0,0,0,0,0,0,0,0,0,0,0,0,0,0,0
15.7901,0,0,0,0,0,0,0,0,0,0,0,0,0,0,0,0
15.8001,0,0,0,0,0,0,0,0,0,0,0,0,0,0,0,0
15.8101,0,0,0,0,0,0,0,0,0,0,0,0,0,0,0,0
15.8201,0,0,0,0,0,0,0,0,0,0,0,0,0,0,0,0
15.8301,0,0,0,0,0,0,0,0,0,0,0,0,0,0,0,0
15.8401,0,0,0,0,0,0,0,0,0,0,0,0,0,0,0,0
15.8501,0,0,0,0,0,0,0,0,0,0,0,0,0,0,0,0
15.8601,0,0,0,0,0,0,0,0,0,0,0,0,0,0,0,0
15.8701,0,0,0,0,0,0,0,0,0,0,0,0,0,0,0,0
15.8801,0,0,0,0,0,0,0,0,0,0,0,0,0,0,0,0
15.8901,0,0,0,0,0,0,0,0,0,0,0,0,0,0,0,0
15.9001,0,0,0,0,0,0,0,0,0,0,0,0,0,0,0,0
15.9101,0,0,0,0,0,0,0,0,0,0,0,0,0,0,0,0
15.9201,0,0,0,0,0,0,0,0,0,0,0,0,0,0,0,0
15.9301,0,0,0,0,0,0,0,0,0,0,0,0,0,0,0,0
15.9401,0,0,0,0,0,0,0,0,0,0,0,0,0,0,0,0
15.9501,0,0,0,0,0,0,0,0,0,0,0,0,0,0,0,0
15.9601,0,0,0,0,0,0,0,0,0,0,0,0,0,0,0,0
15.9701,0,0,0,0,0,0,0,0,0,0,0,0,0,0,0,0
15.9801,0,0,0,0,0,0,0,0,0,0,0,0,0,0,0,0
15.9901,0,0,0,0,0,0,0,0,0,0,0,0,0,0,0,0
16.0001,0,0,0,0,0,0,0,0,0,0,0,0,0,0,0,0
16.0101,0,0,0,0,0,0,0,0,0,0,0,0,0,0,0,0
16.0201,0,0,0,0,0,0,0,0,0,0,0,0,0,0,0,0
16.0301,0,0,0,0,0,0,0,0,0,0,0,0,0,0,0,0
16.0401,0,0,0,0,0,0,0,0,0,0,0,0,0,0,0,0
16.0501,0,0,0,0,0,0,0,0,0,0,0,0,0,0,0,0
16.0601,0,0,0,0,0,0,0,0,0,0,0,0,0,0,0,0
16.0701,0,0,0,0,0,0,0,0,0,0,0,0,0,0,0,0
16.0801,0,0,0,0,0,0,0,0,0,0,0,0,0,0,0,0
16.0901,0,0,0,0,0,0,0,0,0,0,0,0,0,0,0,0
16.1001,0,0,0,0,0,0,0,0,0,0,0,0,0,0,0,0
16.1101,0,0,0,0,0,0,0,0,0,0,0,0,0,0,0,0
16.1201,0,0,0,0,0,0,0,0,0,0,0,0,0,0,0,0
16.1301,0,0,0,0,0,0,0,0,0,0,0,0,0,0,0,0
16.1401,0,0,0,0,0,0,0,0,0,0,0,0,0,0,0,0
16.1501,0,0,0,0,0,0,0,0,0,0,0,0,0,0,0,0
16.1601,0,0,0,0,0,0,0,0,0,0,0,0,0,0,0,0
16.1701,0,0,0,0,0,0,0,0,0,0,0,0,0,0,0,0
16.1801,0,0,0,0,0,0,0,0,0,0,0,0,0,0,0,0
16.1901,0,0,0,0,0,0,0,0,0,0,0,0,0,0,0,0
16.2001,0,0,0,0,0,0,0,0,0,0,0,0,0,0,0,0
16.2101,0,0,0,0,0,0,0,0,0,0,0,0,0,0,0,0
16.2201,0,0,0,0,0,0,0,0,0,0,0,0,0,0,0,0
16.2301,0,0,0,0,0,0,0,0,0,0,0,0,0,0,0,0
16.2401,0,0,0,0,0,0,0,0,0,0,0,0,0,0,0,0
16.2501,0,0,0,0,0,0,0,0,0,0,0,0,0,0,0,0
16.2601,0,0,0,0,0,0,0,0,0,0,0,0,0,0,0,0
16.2701,0,0,0,0,0,0,0,0,0,0,0,0,0,0,0,0
16.28,0,0,0,0,0,0,0,0,0,0,0,0,0,0,0,0
16.2901,0,0,0,0,0,0,0,0,0,0,0,0,0,0,0,0
16.3001,0,0,0,0,0,0,0,0,0,0,0,0,0,0,0,0
16.3101,0,0,0,0,0,0,0,0,0,0,0,0,0,0,0,0
16.3201,0,0,0,0,0,0,0,0,0,0,0,0,0,0,0,0
16.3301,0,0,0,0,0,0,0,0,0,0,0,0,0,0,0,0
16.3401,0,0,0,0,0,0,0,0,0,0,0,0,0,0,0,0
16.3501,0,0,0,0,0,0,0,0,0,0,0,0,0,0,0,0
16.3601,0,0,0,0,0,0,0,0,0,0,0,0,0,0,0,0
16.3701,0,0,0,0,0,0,0,0,0,0,0,0,0,0,0,0
16.3801,0,0,0,0,0,0,0,0,0,0,0,0,0,0,0,0
16.3901,0,0,0,0,0,0,0,0,0,0,0,0,0,0,0,0
16.4001,0,0,0,0,0,0,0,0,0,0,0,0,0,0,0,0
16.4101,0,0,0,0,0,0,0,0,0,0,0,0,0,0,0,0
16.4201,0,0,0,0,0,0,0,0,0,0,0,0,0,0,0,0
16.4301,0,0,0,0,0,0,0,0,0,0,0,0,0,0,0,0
16.4401,0,0,0,0,0,0,0,0,0,0,0,0,0,0,0,0
16.4501,0,0,0,0,0,0,0,0,0,0,0,0,0,0,0,0
16.4601,0,0,0,0,0,0,0,0,0,0,0,0,0,0,0,0
16.4701,0,0,0,0,0,0,0,0,0,0,0,0,0,0,0,0
16.4801,0,0,0,0,0,0,0,0,0,0,0,0,0,0,0,0
16.4901,0,0,0,0,0,0,0,0,0,0,0,0,0,0,0,0
16.5001,0,0,0,0,0,0,0,0,0,0,0,0,0,0,0,0
16.5101,0,0,0,0,0,0,0,0,0,0,0,0,0,0,0,0
16.5201,0,0,0,0,0,0,0,0,0,0,0,0,0,0,0,0
16.5301,0,0,0,0,0,0,0,0,0,0,0,0,0,0,0,0
16.5401,0,0,0,0,0,0,0,0,0,0,0,0,0,0,0,0
16.5501,0,0,0,0,0,0,0,0,0,0,0,0,0,0,0,0
16.5601,0,0,0,0,0,0,0,0,0,0,0,0,0,0,0,0
16.5701,0,0,0,0,0,0,0,0,0,0,0,0,0,0,0,0
16.5801,0,0,0,0,0,0,0,0,0,0,0,0,0,0,0,0
16.5901,0,0,0,0,0,0,0,0,0,0,0,0,0,0,0,0
16.6001,0,0,0,0,0,0,0,0,0,0,0,0,0,0,0,0
16.6101,0,0,0,0,0,0,0,0,0,0,0,0,0,0,0,0
16.6201,0,0,0,0,0,0,0,0,0,0,0,0,0,0,0,0
16.6301,0,0,0,0,0,0,0,0,0,0,0,0,0,0,0,0
16.6401,0,0,0,0,0,0,0,0,0,0,0,0,0,0,0,0
16.6501,0,0,0,0,0,0,0,0,0,0,0,0,0,0,0,0
16.6601,0,0,0,0,0,0,0,0,0,0,0,0,0,0,0,0
16.6701,0,0,0,0,0,0,0,0,0,0,0,0,0,0,0,0
16.6801,0,0,0,0,0,0,0,0,0,0,0,0,0,0,0,0
16.6901,0,0,0,0,0,0,0,0,0,0,0,0,0,0,0,0
16.7001,0,0,0,0,0,0,0,0,0,0,0,0,0,0,0,0
16.7101,0,0,0,0,0,0,0,0,0,0,0,0,0,0,0,0
16.7201,0,0,0,0,0,0,0,0,0,0,0,0,0,0,0,0
16.7301,0,0,0,0,0,0,0,0,0,0,0,0,0,0,0,0
16.7401,0,0,0,0,0,0,0,0,0,0,0,0,0,0,0,0
16.7501,0,0,0,0,0,0,0,0,0,0,0,0,0,0,0,0
16.7601,0,0,0,0,0,0,0,0,0,0,0,0,0,0,0,0
16.7701,0,0,0,0,0,0,0,0,0,0,0,0,0,0,0,0
16.7801,0,0,0,0,0,0,0,0,0,0,0,0,0,0,0,0
16.7901,0,0,0,0,0,0,0,0,0,0,0,0,0,0,0,0
16.8001,0,0,0,0,0,0,0,0,0,0,0,0,0,0,0,0
16.8101,0,0,0,0,0,0,0,0,0,0,0,0,0,0,0,0
16.8201,0,0,0,0,0,0,0,0,0,0,0,0,0,0,0,0
16.8301,0,0,0,0,0,0,0,0,0,0,0,0,0,0,0,0
16.8401,0,0,0,0,0,0,0,0,0,0,0,0,0,0,0,0
16.8501,0,0,0,0,0,0,0,0,0,0,0,0,0,0,0,0
16.8601,0,0,0,0,0,0,0,0,0,0,0,0,0,0,0,0
16.8701,0,0,0,0,0,0,0,0,0,0,0,0,0,0,0,0
16.8801,0,0,0,0,0,0,0,0,0,0,0,0,0,0,0,0
16.8901,0,0,0,0,0,0,0,0,0,0,0,0,0,0,0,0
16.9001,0,0,0,0,0,0,0,0,0,0,0,0,0,0,0,0
16.9101,0,0,0,0,0,0,0,0,0,0,0,0,0,0,0,0
16.9201,0,0,0,0,0,0,0,0,0,0,0,0,0,0,0,0
16.9301,0,0,0,0,0,0,0,0,0,0,0,0,0,0,0,0
16.9401,0,0,0,0,0,0,0,0,0,0,0,0,0,0,0,0
16.9501,0,0,0,0,0,0,0,0,0,0,0,0,0,0,0,0
16.9601,0,0,0,0,0,0,0,0,0,0,0,0,0,0,0,0
16.9701,0,0,0,0,0,0,0,0,0,0,0,0,0,0,0,0
16.9801,0,0,0,0,0,0,0,0,0,0,0,0,0,0,0,0
16.9901,0,0,0,0,0,0,0,0,0,0,0,0,0,0,0,0
17.0001,0,0,0,0,0,0,0,0,0,0,0,0,0,0,0,0
17.0101,0,0,0,0,0,0,0,0,0,0,0,0,0,0,0,0
17.0201,0,0,0,0,0,0,0,0,0,0,0,0,0,0,0,0
17.0301,0,0,0,0,0,0,0,0,0,0,0,0,0,0,0,0
17.0401,0,0,0,0,0,0,0,0,0,0,0,0,0,0,0,0
17.0501,0,0,0,0,0,0,0,0,0,0,0,0,0,0,0,0
17.0601,0,0,0,0,0,0,0,0,0,0,0,0,0,0,0,0
17.0701,0,0,0,0,0,0,0,0,0,0,0,0,0,0,0,0
17.0801,0,0,0,0,0,0,0,0,0,0,0,0,0,0,0,0
17.0901,0,0,0,0,0,0,0,0,0,0,0,0,0,0,0,0
17.1001,0,0,0,0,0,0,0,0,0,0,0,0,0,0,0,0
17.1101,0,0,0,0,0,0,0,0,0,0,0,0,0,0,0,0
17.1201,0,0,0,0,0,0,0,0,0,0,0,0,0,0,0,0
17.1301,0,0,0,0,0,0,0,0,0,0,0,0,0,0,0,0
17.1401,0,0,0,0,0,0,0,0,0,0,0,0,0,0,0,0
17.1501,0,0,0,0,0,0,0,0,0,0,0,0,0,0,0,0
17.1601,0,0,0,0,0,0,0,0,0,0,0,0,0,0,0,0
17.1701,0,0,0,0,0,0,0,0,0,0,0,0,0,0,0,0
17.1801,0,0,0,0,0,0,0,0,0,0,0,0,0,0,0,0
17.1901,0,0,0,0,0,0,0,0,0,0,0,0,0,0,0,0
17.2001,0,0,0,0,0,0,0,0,0,0,0,0,0,0,0,0
17.2101,0,0,0,0,0,0,0,0,0,0,0,0,0,0,0,0
17.2201,0,0,0,0,0,0,0,0,0,0,0,0,0,0,0,0
17.2301,0,0,0,0,0,0,0,0,0,0,0,0,0,0,0,0
17.2401,0,0,0,0,0,0,0,0,0,0,0,0,0,0,0,0
17.2501,0,0,0,0,0,0,0,0,0,0,0,0,0,0,0,0
17.2601,0,0,0,0,0,0,0,0,0,0,0,0,0,0,0,0
17.2701,0,0,0,0,0,0,0,0,0,0,0,0,0,0,0,0
17.2801,0,0,0,0,0,0,0,0,0,0,0,0,0,0,0,0
17.2901,0,0,0,0,0,0,0,0,0,0,0,0,0,0,0,0
17.3001,0,0,0,0,0,0,0,0,0,0,0,0,0,0,0,0
17.3101,0,0,0,0,0,0,0,0,0,0,0,0,0,0,0,0
17.3201,0,0,0,0,0,0,0,0,0,0,0,0,0,0,0,0
17.3301,0,0,0,0,0,0,0,0,0,0,0,0,0,0,0,0
17.3401,0,0,0,0,0,0,0,0,0,0,0,0,0,0,0,0
17.3501,0,0,0,0,0,0,0,0,0,0,0,0,0,0,0,0
17.3601,0,0,0,0,0,0,0,0,0,0,0,0,0,0,0,0
17.3701,0,0,0,0,0,0,0,0,0,0,0,0,0,0,0,0
17.3801,0,0,0,0,0,0,0,0,0,0,0,0,0,0,0,0
17.3901,0,0,0,0,0,0,0,0,0,0,0,0,0,0,0,0
17.4001,0,0,0,0,0,0,0,0,0,0,0,0,0,0,0,0
17.4101,0,0,0,0,0,0,0,0,0,0,0,0,0,0,0,0
17.4201,0,0,0,0,0,0,0,0,0,0,0,0,0,0,0,0
17.4301,0,0,0,0,0,0,0,0,0,0,0,0,0,0,0,0
17.4401,0,0,0,0,0,0,0,0,0,0,0,0,0,0,0,0
17.4501,0,0,0,0,0,0,0,0,0,0,0,0,0,0,0,0
17.4601,0,0,0,0,0,0,0,0,0,0,0,0,0,0,0,0
17.4701,0,0,0,0,0,0,0,0,0,0,0,0,0,0,0,0
17.4801,0,0,0,0,0,0,0,0,0,0,0,0,0,0,0,0
17.4901,0,0,0,0,0,0,0,0,0,0,0,0,0,0,0,0
17.5001,0,0,0,0,0,0,0,0,0,0,0,0,0,0,0,0
17.5101,0,0,0,0,0,0,0,0,0,0,0,0,0,0,0,0
17.5201,0,0,0,0,0,0,0,0,0,0,0,0,0,0,0,0
17.5301,0,0,0,0,0,0,0,0,0,0,0,0,0,0,0,0
17.5401,0,0,0,0,0,0,0,0,0,0,0,0,0,0,0,0
17.5501,0,0,0,0,0,0,0,0,0,0,0,0,0,0,0,0
17.5601,0,0,0,0,0,0,0,0,0,0,0,0,0,0,0,0
17.5701,0,0,0,0,0,0,0,0,0,0,0,0,0,0,0,0
17.5801,0,0,0,0,0,0,0,0,0,0,0,0,0,0,0,0
17.5901,0,0,0,0,0,0,0,0,0,0,0,0,0,0,0,0
17.6001,0,0,0,0,0,0,0,0,0,0,0,0,0,0,0,0
17.6101,0,0,0,0,0,0,0,0,0,0,0,0,0,0,0,0
17.6201,0,0,0,0,0,0,0,0,0,0,0,0,0,0,0,0
17.6301,0,0,0,0,0,0,0,0,0,0,0,0,0,0,0,0
17.6401,0,0,0,0,0,0,0,0,0,0,0,0,0,0,0,0
17.6501,0,0,0,0,0,0,0,0,0,0,0,0,0,0,0,0
17.6601,0,0,0,0,0,0,0,0,0,0,0,0,0,0,0,0
17.6701,0,0,0,0,0,0,0,0,0,0,0,0,0,0,0,0
17.6801,0,0,0,0,0,0,0,0,0,0,0,0,0,0,0,0
17.6901,0,0,0,0,0,0,0,0,0,0,0,0,0,0,0,0
17.7001,0,0,0,0,0,0,0,0,0,0,0,0,0,0,0,0
17.7101,0,0,0,0,0,0,0,0,0,0,0,0,0,0,0,0
17.7201,0,0,0,0,0,0,0,0,0,0,0,0,0,0,0,0
17.7301,0,0,0,0,0,0,0,0,0,0,0,0,0,0,0,0
17.7401,0,0,0,0,0,0,0,0,0,0,0,0,0,0,0,0
17.7501,0,0,0,0,0,0,0,0,0,0,0,0,0,0,0,0
17.7601,0,0,0,0,0,0,0,0,0,0,0,0,0,0,0,0
17.7701,0,0,0,0,0,0,0,0,0,0,0,0,0,0,0,0
17.7801,0,0,0,0,0,0,0,0,0,0,0,0,0,0,0,0
17.7901,0,0,0,0,0,0,0,0,0,0,0,0,0,0,0,0
17.8001,0,0,0,0,0,0,0,0,0,0,0,0,0,0,0,0
17.8101,0,0,0,0,0,0,0,0,0,0,0,0,0,0,0,0
17.8201,0,0,0,0,0,0,0,0,0,0,0,0,0,0,0,0
17.8301,0,0,0,0,0,0,0,0,0,0,0,0,0,0,0,0
17.8401,0,0,0,0,0,0,0,0,0,0,0,0,0,0,0,0
17.8501,0,0,0,0,0,0,0,0,0,0,0,0,0,0,0,0
17.8601,0,0,0,0,0,0,0,0,0,0,0,0,0,0,0,0
17.8701,0,0,0,0,0,0,0,0,0,0,0,0,0,0,0,0
17.8801,0,0,0,0,0,0,0,0,0,0,0,0,0,0,0,0
17.8901,0,0,0,0,0,0,0,0,0,0,0,0,0,0,0,0
17.9,0,0,0,0,0,0,0,0,0,0,0,0,0,0,0,0
17.9101,0,0,0,0,0,0,0,0,0,0,0,0,0,0,0,0
17.9201,0,0,0,0,0,0,0,0,0,0,0,0,0,0,0,0
17.9301,0,0,0,0,0,0,0,0,0,0,0,0,0,0,0,0
17.9401,0,0,0,0,0,0,0,0,0,0,0,0,0,0,0,0
17.9501,0,0,0,0,0,0,0,0,0,0,0,0,0,0,0,0
17.9601,0,0,0,0,0,0,0,0,0,0,0,0,0,0,0,0
17.9701,0,0,0,0,0,0,0,0,0,0,0,0,0,0,0,0
17.9801,0,0,0,0,0,0,0,0,0,0,0,0,0,0,0,0
17.9901,0,0,0,0,0,0,0,0,0,0,0,0,0,0,0,0
18.0001,0,0,0,0,0,0,0,0,0,0,0,0,0,0,0,0
18.0101,0,0,0,0,0,0,0,0,0,0,0,0,0,0,0,0
18.0201,0,0,0,0,0,0,0,0,0,0,0,0,0,0,0,0
18.0301,0,0,0,0,0,0,0,0,0,0,0,0,0,0,0,0
18.0401,0,0,0,0,0,0,0,0,0,0,0,0,0,0,0,0
18.0501,0,0,0,0,0,0,0,0,0,0,0,0,0,0,0,0
18.0601,0,0,0,0,0,0,0,0,0,0,0,0,0,0,0,0
18.0701,0,0,0,0,0,0,0,0,0,0,0,0,0,0,0,0
18.0801,0,0,0,0,0,0,0,0,0,0,0,0,0,0,0,0
18.0901,0,0,0,0,0,0,0,0,0,0,0,0,0,0,0,0
18.1001,0,0,0,0,0,0,0,0,0,0,0,0,0,0,0,0
18.1101,0,0,0,0,0,0,0,0,0,0,0,0,0,0,0,0
18.1201,0,0,0,0,0,0,0,0,0,0,0,0,0,0,0,0
18.1301,0,0,0,0,0,0,0,0,0,0,0,0,0,0,0,0
18.1401,0,0,0,0,0,0,0,0,0,0,0,0,0,0,0,0
18.1501,0,0,0,0,0,0,0,0,0,0,0,0,0,0,0,0
18.1601,0,0,0,0,0,0,0,0,0,0,0,0,0,0,0,0
18.1701,0,0,0,0,0,0,0,0,0,0,0,0,0,0,0,0
18.1801,0,0,0,0,0,0,0,0,0,0,0,0,0,0,0,0
18.1901,0,0,0,0,0,0,0,0,0,0,0,0,0,0,0,0
18.2001,0,0,0,0,0,0,0,0,0,0,0,0,0,0,0,0
18.2101,0,0,0,0,0,0,0,0,0,0,0,0,0,0,0,0
18.2201,0,0,0,0,0,0,0,0,0,0,0,0,0,0,0,0
18.2301,0,0,0,0,0,0,0,0,0,0,0,0,0,0,0,0
18.2401,0,0,0,0,0,0,0,0,0,0,0,0,0,0,0,0
18.2501,0,0,0,0,0,0,0,0,0,0,0,0,0,0,0,0
18.2601,0,0,0,0,0,0,0,0,0,0,0,0,0,0,0,0
18.2701,0,0,0,0,0,0,0,0,0,0,0,0,0,0,0,0
18.2801,0,0,0,0,0,0,0,0,0,0,0,0,0,0,0,0
18.2901,0,0,0,0,0,0,0,0,0,0,0,0,0,0,0,0
18.3001,0,0,0,0,0,0,0,0,0,0,0,0,0,0,0,0
18.3101,0,0,0,0,0,0,0,0,0,0,0,0,0,0,0,0
18.3201,0,0,0,0,0,0,0,0,0,0,0,0,0,0,0,0
18.3301,0,0,0,0,0,0,0,0,0,0,0,0,0,0,0,0
18.3401,0,0,0,0,0,0,0,0,0,0,0,0,0,0,0,0
18.3501,0,0,0,0,0,0,0,0,0,0,0,0,0,0,0,0
18.3601,0,0,0,0,0,0,0,0,0,0,0,0,0,0,0,0
18.3701,0,0,0,0,0,0,0,0,0,0,0,0,0,0,0,0
18.3801,0,0,0,0,0,0,0,0,0,0,0,0,0,0,0,0
18.3901,0,0,0,0,0,0,0,0,0,0,0,0,0,0,0,0
18.4001,0,0,0,0,0,0,0,0,0,0,0,0,0,0,0,0
18.4101,0,0,0,0,0,0,0,0,0,0,0,0,0,0,0,0
18.4201,0,0,0,0,0,0,0,0,0,0,0,0,0,0,0,0
18.4301,0,0,0,0,0,0,0,0,0,0,0,0,0,0,0,0
18.4401,0,0,0,0,0,0,0,0,0,0,0,0,0,0,0,0
18.4501,0,0,0,0,0,0,0,0,0,0,0,0,0,0,0,0
18.4601,0,0,0,0,0,0,0,0,0,0,0,0,0,0,0,0
18.4701,0,0,0,0,0,0,0,0,0,0,0,0,0,0,0,0
18.4801,0,0,0,0,0,0,0,0,0,0,0,0,0,0,0,0
18.4901,0,0,0,0,0,0,0,0,0,0,0,0,0,0,0,0
18.5001,0,0,0,0,0,0,0,0,0,0,0,0,0,0,0,0
18.5101,0,0,0,0,0,0,0,0,0,0,0,0,0,0,0,0
18.5201,0,0,0,0,0,0,0,0,0,0,0,0,0,0,0,0
18.5301,0,0,0,0,0,0,0,0,0,0,0,0,0,0,0,0
18.5401,0,0,0,0,0,0,0,0,0,0,0,0,0,0,0,0
18.5501,0,0,0,0,0,0,0,0,0,0,0,0,0,0,0,0
18.5601,0,0,0,0,0,0,0,0,0,0,0,0,0,0,0,0
18.5701,0,0,0,0,0,0,0,0,0,0,0,0,0,0,0,0
18.58,0,0,0,0,0,0,0,0,0,0,0,0,0,0,0,0
18.5901,0,0,0,0,0,0,0,0,0,0,0,0,0,0,0,0
18.6001,0,0,0,0,0,0,0,0,0,0,0,0,0,0,0,0
18.6101,0,0,0,0,0,0,0,0,0,0,0,0,0,0,0,0
18.6201,0,0,0,0,0,0,0,0,0,0,0,0,0,0,0,0
18.6301,0,0,0,0,0,0,0,0,0,0,0,0,0,0,0,0
18.6401,0,0,0,0,0,0,0,0,0,0,0,0,0,0,0,0
18.6501,0,0,0,0,0,0,0,0,0,0,0,0,0,0,0,0
18.6601,0,0,0,0,0,0,0,0,0,0,0,0,0,0,0,0
18.6701,0,0,0,0,0,0,0,0,0,0,0,0,0,0,0,0
18.6801,0,0,0,0,0,0,0,0,0,0,0,0,0,0,0,0
18.6901,0,0,0,0,0,0,0,0,0,0,0,0,0,0,0,0
18.7001,0,0,0,0,0,0,0,0,0,0,0,0,0,0,0,0
18.7101,0,0,0,0,0,0,0,0,0,0,0,0,0,0,0,0
18.7201,0,0,0,0,0,0,0,0,0,0,0,0,0,0,0,0
18.7301,0,0,0,0,0,0,0,0,0,0,0,0,0,0,0,0
18.7401,0,0,0,0,0,0,0,0,0,0,0,0,0,0,0,0
18.7501,0,0,0,0,0,0,0,0,0,0,0,0,0,0,0,0
18.7601,0,0,0,0,0,0,0,0,0,0,0,0,0,0,0,0
18.7701,0,0,0,0,0,0,0,0,0,0,0,0,0,0,0,0
18.7801,0,0,0,0,0,0,0,0,0,0,0,0,0,0,0,0
18.7901,0,0,0,0,0,0,0,0,0,0,0,0,0,0,0,0
18.8001,0,0,0,0,0,0,0,0,0,0,0,0,0,0,0,0
18.8101,0,0,0,0,0,0,0,0,0,0,0,0,0,0,0,0
18.82,0,0,0,0,0,0,0,0,0,0,0,0,0,0,0,0
18.8301,0,0,0,0,0,0,0,0,0,0,0,0,0,0,0,0
18.8401,0,0,0,0,0,0,0,0,0,0,0,0,0,0,0,0
18.8501,0,0,0,0,0,0,0,0,0,0,0,0,0,0,0,0
18.8601,0,0,0,0,0,0,0,0,0,0,0,0,0,0,0,0
18.8701,0,0,0,0,0,0,0,0,0,0,0,0,0,0,0,0
18.8801,0,0,0,0,0,0,0,0,0,0,0,0,0,0,0,0
18.8901,0,0,0,0,0,0,0,0,0,0,0,0,0,0,0,0
18.9001,0,0,0,0,0,0,0,0,0,0,0,0,0,0,0,0
18.9101,0,0,0,0,0,0,0,0,0,0,0,0,0,0,0,0
18.9201,0,0,0,0,0,0,0,0,0,0,0,0,0,0,0,0
18.9301,0,0,0,0,0,0,0,0,0,0,0,0,0,0,0,0
18.9401,0,0,0,0,0,0,0,0,0,0,0,0,0,0,0,0
18.9501,0,0,0,0,0,0,0,0,0,0,0,0,0,0,0,0
18.9601,0,0,0,0,0,0,0,0,0,0,0,0,0,0,0,0
18.9701,0,0,0,0,0,0,0,0,0,0,0,0,0,0,0,0
18.9801,0,0,0,0,0,0,0,0,0,0,0,0,0,0,0,0
18.9901,0,0,0,0,0,0,0,0,0,0,0,0,0,0,0,0
19.0001,0,0,0,0,0,0,0,0,0,0,0,0,0,0,0,0
19.0101,0,0,0,0,0,0,0,0,0,0,0,0,0,0,0,0
19.0201,0,0,0,0,0,0,0,0,0,0,0,0,0,0,0,0
19.0301,0,0,0,0,0,0,0,0,0,0,0,0,0,0,0,0
19.0401,0,0,0,0,0,0,0,0,0,0,0,0,0,0,0,0
19.0501,0,0,0,0,0,0,0,0,0,0,0,0,0,0,0,0
19.0601,0,0,0,0,0,0,0,0,0,0,0,0,0,0,0,0
19.0701,0,0,0,0,0,0,0,0,0,0,0,0,0,0,0,0
19.0801,0,0,0,0,0,0,0,0,0,0,0,0,0,0,0,0
19.0901,0,0,0,0,0,0,0,0,0,0,0,0,0,0,0,0
19.1001,0,0,0,0,0,0,0,0,0,0,0,0,0,0,0,0
19.1101,0,0,0,0,0,0,0,0,0,0,0,0,0,0,0,0
19.1201,0,0,0,0,0,0,0,0,0,0,0,0,0,0,0,0
19.1301,0,0,0,0,0,0,0,0,0,0,0,0,0,0,0,0
19.1401,0,0,0,0,0,0,0,0,0,0,0,0,0,0,0,0
19.1501,0,0,0,0,0,0,0,0,0,0,0,0,0,0,0,0
19.1601,0,0,0,0,0,0,0,0,0,0,0,0,0,0,0,0
19.1701,0,0,0,0,0,0,0,0,0,0,0,0,0,0,0,0
19.1801,0,0,0,0,0,0,0,0,0,0,0,0,0,0,0,0
19.1901,0,0,0,0,0,0,0,0,0,0,0,0,0,0,0,0
19.2001,0,0,0,0,0,0,0,0,0,0,0,0,0,0,0,0
19.2101,0,0,0,0,0,0,0,0,0,0,0,0,0,0,0,0
19.2201,0,0,0,0,0,0,0,0,0,0,0,0,0,0,0,0
19.2301,0,0,0,0,0,0,0,0,0,0,0,0,0,0,0,0
19.2401,0,0,0,0,0,0,0,0,0,0,0,0,0,0,0,0
19.2501,0,0,0,0,0,0,0,0,0,0,0,0,0,0,0,0
19.2601,0,0,0,0,0,0,0,0,0,0,0,0,0,0,0,0
19.2701,0,0,0,0,0,0,0,0,0,0,0,0,0,0,0,0
19.2801,0,0,0,0,0,0,0,0,0,0,0,0,0,0,0,0
19.2901,0,0,0,0,0,0,0,0,0,0,0,0,0,0,0,0
19.3001,0,0,0,0,0,0,0,0,0,0,0,0,0,0,0,0
19.3101,0,0,0,0,0,0,0,0,0,0,0,0,0,0,0,0
19.3201,0,0,0,0,0,0,0,0,0,0,0,0,0,0,0,0
19.3301,0,0,0,0,0,0,0,0,0,0,0,0,0,0,0,0
19.3401,0,0,0,0,0,0,0,0,0,0,0,0,0,0,0,0
19.3501,0,0,0,0,0,0,0,0,0,0,0,0,0,0,0,0
19.3601,0,0,0,0,0,0,0,0,0,0,0,0,0,0,0,0
19.3701,0,0,0,0,0,0,0,0,0,0,0,0,0,0,0,0
19.3801,0,0,0,0,0,0,0,0,0,0,0,0,0,0,0,0
19.3901,0,0,0,0,0,0,0,0,0,0,0,0,0,0,0,0
19.4001,0,0,0,0,0,0,0,0,0,0,0,0,0,0,0,0
19.4101,0,0,0,0,0,0,0,0,0,0,0,0,0,0,0,0
19.4201,0,0,0,0,0,0,0,0,0,0,0,0,0,0,0,0
19.4301,0,0,0,0,0,0,0,0,0,0,0,0,0,0,0,0
19.4401,0,0,0,0,0,0,0,0,0,0,0,0,0,0,0,0
19.4501,0,0,0,0,0,0,0,0,0,0,0,0,0,0,0,0
19.4601,0,0,0,0,0,0,0,0,0,0,0,0,0,0,0,0
19.4701,0,0,0,0,0,0,0,0,0,0,0,0,0,0,0,0
19.4801,0,0,0,0,0,0,0,0,0,0,0,0,0,0,0,0
19.4901,0,0,0,0,0,0,0,0,0,0,0,0,0,0,0,0
19.5001,0,0,0,0,0,0,0,0,0,0,0,0,0,0,0,0
19.5101,0,0,0,0,0,0,0,0,0,0,0,0,0,0,0,0
19.5201,0,0,0,0,0,0,0,0,0,0,0,0,0,0,0,0
19.5301,0,0,0,0,0,0,0,0,0,0,0,0,0,0,0,0
19.5401,0,0,0,0,0,0,0,0,0,0,0,0,0,0,0,0
19.5501,0,0,0,0,0,0,0,0,0,0,0,0,0,0,0,0
19.5601,0,0,0,0,0,0,0,0,0,0,0,0,0,0,0,0
19.5701,0,0,0,0,0,0,0,0,0,0,0,0,0,0,0,0
19.5801,0,0,0,0,0,0,0,0,0,0,0,0,0,0,0,0
19.5901,0,0,0,0,0,0,0,0,0,0,0,0,0,0,0,0
19.6,0,0,0,0,0,0,0,0,0,0,0,0,0,0,0,0
19.6101,0,0,0,0,0,0,0,0,0,0,0,0,0,0,0,0
19.6201,0,0,0,0,0,0,0,0,0,0,0,0,0,0,0,0
19.6301,0,0,0,0,0,0,0,0,0,0,0,0,0,0,0,0
19.6401,0,0,0,0,0,0,0,0,0,0,0,0,0,0,0,0
19.6501,0,0,0,0,0,0,0,0,0,0,0,0,0,0,0,0
19.6601,0,0,0,0,0,0,0,0,0,0,0,0,0,0,0,0
19.6701,0,0,0,0,0,0,0,0,0,0,0,0,0,0,0,0
19.6801,0,0,0,0,0,0,0,0,0,0,0,0,0,0,0,0
19.6901,0,0,0,0,0,0,0,0,0,0,0,0,0,0,0,0
19.7001,0,0,0,0,0,0,0,0,0,0,0,0,0,0,0,0
19.7101,0,0,0,0,0,0,0,0,0,0,0,0,0,0,0,0
19.7201,0,0,0,0,0,0,0,0,0,0,0,0,0,0,0,0
19.7301,0,0,0,0,0,0,0,0,0,0,0,0,0,0,0,0
19.7401,0,0,0,0,0,0,0,0,0,0,0,0,0,0,0,0
19.7501,0,0,0,0,0,0,0,0,0,0,0,0,0,0,0,0
19.7601,0,0,0,0,0,0,0,0,0,0,0,0,0,0,0,0
19.7701,0,0,0,0,0,0,0,0,0,0,0,0,0,0,0,0
19.7801,0,0,0,0,0,0,0,0,0,0,0,0,0,0,0,0
19.7901,0,0,0,0,0,0,0,0,0,0,0,0,0,0,0,0
19.8001,0,0,0,0,0,0,0,0,0,0,0,0,0,0,0,0
19.8101,0,0,0,0,0,0,0,0,0,0,0,0,0,0,0,0
19.82,0,0,0,0,0,0,0,0,0,0,0,0,0,0,0,0
19.8301,0,0,0,0,0,0,0,0,0,0,0,0,0,0,0,0
19.8401,0,0,0,0,0,0,0,0,0,0,0,0,0,0,0,0
19.8501,0,0,0,0,0,0,0,0,0,0,0,0,0,0,0,0
19.8601,0,0,0,0,0,0,0,0,0,0,0,0,0,0,0,0
19.8701,0,0,0,0,0,0,0,0,0,0,0,0,0,0,0,0
19.8801,0,0,0,0,0,0,0,0,0,0,0,0,0,0,0,0
19.8901,0,0,0,0,0,0,0,0,0,0,0,0,0,0,0,0
19.9001,0,0,0,0,0,0,0,0,0,0,0,0,0,0,0,0
19.9101,0,0,0,0,0,0,0,0,0,0,0,0,0,0,0,0
19.9201,0,0,0,0,0,0,0,0,0,0,0,0,0,0,0,0
19.9301,0,0,0,0,0,0,0,0,0,0,0,0,0,0,0,0
19.9401,0,0,0,0,0,0,0,0,0,0,0,0,0,0,0,0
19.9501,0,0,0,0,0,0,0,0,0,0,0,0,0,0,0,0
19.9601,0,0,0,0,0,0,0,0,0,0,0,0,0,0,0,0
19.9701,0,0,0,0,0,0,0,0,0,0,0,0,0,0,0,0
19.9801,0,0,0,0,0,0,0,0,0,0,0,0,0,0,0,0
19.9901,0,0,0,0,0,0,0,0,0,0,0,0,0,0,0,0
20.0001,0,0,0,0,0,0,0,0,0,0,0,0,0,0,0,0
20.0101,0,0,0,0,0,0,0,0,0,0,0,0,0,0,0,0
20.0201,0,0,0,0,0,0,0,0,0,0,0,0,0,0,0,0
20.0301,0,0,0,0,0,0,0,0,0,0,0,0,0,0,0,0
20.0401,0,0,0,0,0,0,0,0,0,0,0,0,0,0,0,0
20.0501,0,0,0,0,0,0,0,0,0,0,0,0,0,0,0,0
20.0601,0,0,0,0,0,0,0,0,0,0,0,0,0,0,0,0
20.0701,0,0,0,0,0,0,0,0,0,0,0,0,0,0,0,0
20.0801,0,0,0,0,0,0,0,0,0,0,0,0,0,0,0,0
20.0901,0,0,0,0,0,0,0,0,0,0,0,0,0,0,0,0
20.1001,0,0,0,0,0,0,0,0,0,0,0,0,0,0,0,0
20.1101,0,0,0,0,0,0,0,0,0,0,0,0,0,0,0,0
20.1201,0,0,0,0,0,0,0,0,0,0,0,0,0,0,0,0
20.1301,0,0,0,0,0,0,0,0,0,0,0,0,0,0,0,0
20.1401,0,0,0,0,0,0,0,0,0,0,0,0,0,0,0,0
20.1501,0,0,0,0,0,0,0,0,0,0,0,0,0,0,0,0
20.1601,0,0,0,0,0,0,0,0,0,0,0,0,0,0,0,0
20.1701,0,0,0,0,0,0,0,0,0,0,0,0,0,0,0,0
20.1801,0,0,0,0,0,0,0,0,0,0,0,0,0,0,0,0
20.1901,0,0,0,0,0,0,0,0,0,0,0,0,0,0,0,0
20.2,0,0,0,0,0,0,0,0,0,0,0,0,0,0,0,0
20.2101,0,0,0,0,0,0,0,0,0,0,0,0,0,0,0,0
20.2201,0,0,0,0,0,0,0,0,0,0,0,0,0,0,0,0
20.2301,0,0,0,0,0,0,0,0,0,0,0,0,0,0,0,0
20.2401,0,0,0,0,0,0,0,0,0,0,0,0,0,0,0,0
20.2501,0,0,0,0,0,0,0,0,0,0,0,0,0,0,0,0
20.2601,0,0,0,0,0,0,0,0,0,0,0,0,0,0,0,0
20.2701,0,0,0,0,0,0,0,0,0,0,0,0,0,0,0,0
20.2801,0,0,0,0,0,0,0,0,0,0,0,0,0,0,0,0
20.2901,0,0,0,0,0,0,0,0,0,0,0,0,0,0,0,0
20.3001,0,0,0,0,0,0,0,0,0,0,0,0,0,0,0,0
20.3101,0,0,0,0,0,0,0,0,0,0,0,0,0,0,0,0
20.3201,0,0,0,0,0,0,0,0,0,0,0,0,0,0,0,0
20.3301,0,0,0,0,0,0,0,0,0,0,0,0,0,0,0,0
20.3401,0,0,0,0,0,0,0,0,0,0,0,0,0,0,0,0
20.3501,0,0,0,0,0,0,0,0,0,0,0,0,0,0,0,0
20.3601,0,0,0,0,0,0,0,0,0,0,0,0,0,0,0,0
20.3701,0,0,0,0,0,0,0,0,0,0,0,0,0,0,0,0
20.3801,0,0,0,0,0,0,0,0,0,0,0,0,0,0,0,0
20.3901,0,0,0,0,0,0,0,0,0,0,0,0,0,0,0,0
20.4001,0,0,0,0,0,0,0,0,0,0,0,0,0,0,0,0
20.4101,0,0,0,0,0,0,0,0,0,0,0,0,0,0,0,0
20.4201,0,0,0,0,0,0,0,0,0,0,0,0,0,0,0,0
20.4301,0,0,0,0,0,0,0,0,0,0,0,0,0,0,0,0
20.4401,0,0,0,0,0,0,0,0,0,0,0,0,0,0,0,0
20.4501,0,0,0,0,0,0,0,0,0,0,0,0,0,0,0,0
20.4601,0,0,0,0,0,0,0,0,0,0,0,0,0,0,0,0
20.4701,0,0,0,0,0,0,0,0,0,0,0,0,0,0,0,0
20.4801,0,0,0,0,0,0,0,0,0,0,0,0,0,0,0,0
20.4901,0,0,0,0,0,0,0,0,0,0,0,0,0,0,0,0
20.5001,0,0,0,0,0,0,0,0,0,0,0,0,0,0,0,0
20.5101,0,0,0,0,0,0,0,0,0,0,0,0,0,0,0,0
20.5201,0,0,0,0,0,0,0,0,0,0,0,0,0,0,0,0
20.5301,0,0,0,0,0,0,0,0,0,0,0,0,0,0,0,0
20.5401,0,0,0,0,0,0,0,0,0,0,0,0,0,0,0,0
20.5501,0,0,0,0,0,0,0,0,0,0,0,0,0,0,0,0
20.5601,0,0,0,0,0,0,0,0,0,0,0,0,0,0,0,0
20.57,0,0,0,0,0,0,0,0,0,0,0,0,0,0,0,0
20.5801,0,0,0,0,0,0,0,0,0,0,0,0,0,0,0,0
20.5901,0,0,0,0,0,0,0,0,0,0,0,0,0,0,0,0
20.6001,0,0,0,0,0,0,0,0,0,0,0,0,0,0,0,0
20.6101,0,0,0,0,0,0,0,0,0,0,0,0,0,0,0,0
20.6201,0,0,0,0,0,0,0,0,0,0,0,0,0,0,0,0
20.6301,0,0,0,0,0,0,0,0,0,0,0,0,0,0,0,0
20.6401,0,0,0,0,0,0,0,0,0,0,0,0,0,0,0,0
20.6501,0,0,0,0,0,0,0,0,0,0,0,0,0,0,0,0
20.6601,0,0,0,0,0,0,0,0,0,0,0,0,0,0,0,0
20.6701,0,0,0,0,0,0,0,0,0,0,0,0,0,0,0,0
20.6801,0,0,0,0,0,0,0,0,0,0,0,0,0,0,0,0
20.6901,0,0,0,0,0,0,0,0,0,0,0,0,0,0,0,0
20.7001,0,0,0,0,0,0,0,0,0,0,0,0,0,0,0,0
20.7101,0,0,0,0,0,0,0,0,0,0,0,0,0,0,0,0
20.7201,0,0,0,0,0,0,0,0,0,0,0,0,0,0,0,0
20.7301,0,0,0,0,0,0,0,0,0,0,0,0,0,0,0,0
20.7401,0,0,0,0,0,0,0,0,0,0,0,0,0,0,0,0
20.7501,0,0,0,0,0,0,0,0,0,0,0,0,0,0,0,0
20.7601,0,0,0,0,0,0,0,0,0,0,0,0,0,0,0,0
20.7701,0,0,0,0,0,0,0,0,0,0,0,0,0,0,0,0
20.7801,0,0,0,0,0,0,0,0,0,0,0,0,0,0,0,0
20.7901,0,0,0,0,0,0,0,0,0,0,0,0,0,0,0,0
20.8001,0,0,0,0,0,0,0,0,0,0,0,0,0,0,0,0
20.8101,0,0,0,0,0,0,0,0,0,0,0,0,0,0,0,0
20.8201,0,0,0,0,0,0,0,0,0,0,0,0,0,0,0,0
20.8301,0,0,0,0,0,0,0,0,0,0,0,0,0,0,0,0
20.8401,0,0,0,0,0,0,0,0,0,0,0,0,0,0,0,0
20.8501,0,0,0,0,0,0,0,0,0,0,0,0,0,0,0,0
20.8601,0,0,0,0,0,0,0,0,0,0,0,0,0,0,0,0
20.8701,0,0,0,0,0,0,0,0,0,0,0,0,0,0,0,0
20.8801,0,0,0,0,0,0,0,0,0,0,0,0,0,0,0,0
20.8901,0,0,0,0,0,0,0,0,0,0,0,0,0,0,0,0
20.9001,0,0,0,0,0,0,0,0,0,0,0,0,0,0,0,0
20.9101,0,0,0,0,0,0,0,0,0,0,0,0,0,0,0,0
20.9201,0,0,0,0,0,0,0,0,0,0,0,0,0,0,0,0
20.9301,0,0,0,0,0,0,0,0,0,0,0,0,0,0,0,0
20.9401,0,0,0,0,0,0,0,0,0,0,0,0,0,0,0,0
20.9501,0,0,0,0,0,0,0,0,0,0,0,0,0,0,0,0
20.9601,0,0,0,0,0,0,0,0,0,0,0,0,0,0,0,0
20.9701,0,0,0,0,0,0,0,0,0,0,0,0,0,0,0,0
20.9801,0,0,0,0,0,0,0,0,0,0,0,0,0,0,0,0
20.9901,0,0,0,0,0,0,0,0,0,0,0,0,0,0,0,0
21.0001,0,0,0,0,0,0,0,0,0,0,0,0,0,0,0,0
21.0101,0,0,0,0,0,0,0,0,0,0,0,0,0,0,0,0
21.0201,0,0,0,0,0,0,0,0,0,0,0,0,0,0,0,0
21.0301,0,0,0,0,0,0,0,0,0,0,0,0,0,0,0,0
21.0401,0,0,0,0,0,0,0,0,0,0,0,0,0,0,0,0
21.0501,0,0,0,0,0,0,0,0,0,0,0,0,0,0,0,0
21.0601,0,0,0,0,0,0,0,0,0,0,0,0,0,0,0,0
21.0701,0,0,0,0,0,0,0,0,0,0,0,0,0,0,0,0
21.0801,0,0,0,0,0,0,0,0,0,0,0,0,0,0,0,0
21.0901,0,0,0,0,0,0,0,0,0,0,0,0,0,0,0,0
21.1001,0,0,0,0,0,0,0,0,0,0,0,0,0,0,0,0
21.1101,0,0,0,0,0,0,0,0,0,0,0,0,0,0,0,0
21.1201,0,0,0,0,0,0,0,0,0,0,0,0,0,0,0,0
21.1301,0,0,0,0,0,0,0,0,0,0,0,0,0,0,0,0
21.1401,0,0,0,0,0,0,0,0,0,0,0,0,0,0,0,0
21.1501,0,0,0,0,0,0,0,0,0,0,0,0,0,0,0,0
21.1601,0,0,0,0,0,0,0,0,0,0,0,0,0,0,0,0
21.1701,0,0,0,0,0,0,0,0,0,0,0,0,0,0,0,0
21.1801,0,0,0,0,0,0,0,0,0,0,0,0,0,0,0,0
21.1901,0,0,0,0,0,0,0,0,0,0,0,0,0,0,0,0
21.2001,0,0,0,0,0,0,0,0,0,0,0,0,0,0,0,0
21.2101,0,0,0,0,0,0,0,0,0,0,0,0,0,0,0,0
21.2201,0,0,0,0,0,0,0,0,0,0,0,0,0,0,0,0
21.2301,0,0,0,0,0,0,0,0,0,0,0,0,0,0,0,0
21.2401,0,0,0,0,0,0,0,0,0,0,0,0,0,0,0,0
21.2501,0,0,0,0,0,0,0,0,0,0,0,0,0,0,0,0
21.2601,0,0,0,0,0,0,0,0,0,0,0,0,0,0,0,0
21.2701,0,0,0,0,0,0,0,0,0,0,0,0,0,0,0,0
21.2801,0,0,0,0,0,0,0,0,0,0,0,0,0,0,0,0
21.2901,0,0,0,0,0,0,0,0,0,0,0,0,0,0,0,0
21.3001,0,0,0,0,0,0,0,0,0,0,0,0,0,0,0,0
21.3101,0,0,0,0,0,0,0,0,0,0,0,0,0,0,0,0
21.3201,0,0,0,0,0,0,0,0,0,0,0,0,0,0,0,0
21.3301,0,0,0,0,0,0,0,0,0,0,0,0,0,0,0,0
21.3401,0,0,0,0,0,0,0,0,0,0,0,0,0,0,0,0
21.3501,0,0,0,0,0,0,0,0,0,0,0,0,0,0,0,0
21.3601,0,0,0,0,0,0,0,0,0,0,0,0,0,0,0,0
21.3701,0,0,0,0,0,0,0,0,0,0,0,0,0,0,0,0
21.3801,0,0,0,0,0,0,0,0,0,0,0,0,0,0,0,0
21.3901,0,0,0,0,0,0,0,0,0,0,0,0,0,0,0,0
21.4001,0,0,0,0,0,0,0,0,0,0,0,0,0,0,0,0
21.4101,0,0,0,0,0,0,0,0,0,0,0,0,0,0,0,0
21.4201,0,0,0,0,0,0,0,0,0,0,0,0,0,0,0,0
21.4301,0,0,0,0,0,0,0,0,0,0,0,0,0,0,0,0
21.4401,0,0,0,0,0,0,0,0,0,0,0,0,0,0,0,0
21.4501,0,0,0,0,0,0,0,0,0,0,0,0,0,0,0,0
21.4601,0,0,0,0,0,0,0,0,0,0,0,0,0,0,0,0
21.4701,0,0,0,0,0,0,0,0,0,0,0,0,0,0,0,0
21.4801,0,0,0,0,0,0,0,0,0,0,0,0,0,0,0,0
21.4901,0,0,0,0,0,0,0,0,0,0,0,0,0,0,0,0
21.5001,0,0,0,0,0,0,0,0,0,0,0,0,0,0,0,0
21.5101,0,0,0,0,0,0,0,0,0,0,0,0,0,0,0,0
21.5201,0,0,0,0,0,0,0,0,0,0,0,0,0,0,0,0
21.5301,0,0,0,0,0,0,0,0,0,0,0,0,0,0,0,0
21.5401,0,0,0,0,0,0,0,0,0,0,0,0,0,0,0,0
21.5501,0,0,0,0,0,0,0,0,0,0,0,0,0,0,0,0
21.5601,0,0,0,0,0,0,0,0,0,0,0,0,0,0,0,0
21.5701,0,0,0,0,0,0,0,0,0,0,0,0,0,0,0,0
21.5801,0,0,0,0,0,0,0,0,0,0,0,0,0,0,0,0
21.5901,0,0,0,0,0,0,0,0,0,0,0,0,0,0,0,0
21.6001,0,0,0,0,0,0,0,0,0,0,0,0,0,0,0,0
21.6101,0,0,0,0,0,0,0,0,0,0,0,0,0,0,0,0
21.6201,0,0,0,0,0,0,0,0,0,0,0,0,0,0,0,0
21.6301,0,0,0,0,0,0,0,0,0,0,0,0,0,0,0,0
21.6401,0,0,0,0,0,0,0,0,0,0,0,0,0,0,0,0
21.6501,0,0,0,0,0,0,0,0,0,0,0,0,0,0,0,0
21.6601,0,0,0,0,0,0,0,0,0,0,0,0,0,0,0,0
21.6701,0,0,0,0,0,0,0,0,0,0,0,0,0,0,0,0
21.6801,0,0,0,0,0,0,0,0,0,0,0,0,0,0,0,0
21.6901,0,0,0,0,0,0,0,0,0,0,0,0,0,0,0,0
21.7001,0,0,0,0,0,0,0,0,0,0,0,0,0,0,0,0
21.7101,0,0,0,0,0,0,0,0,0,0,0,0,0,0,0,0
21.7201,0,0,0,0,0,0,0,0,0,0,0,0,0,0,0,0
21.7301,0,0,0,0,0,0,0,0,0,0,0,0,0,0,0,0
21.7401,0,0,0,0,0,0,0,0,0,0,0,0,0,0,0,0
21.7501,0,0,0,0,0,0,0,0,0,0,0,0,0,0,0,0
21.7601,0,0,0,0,0,0,0,0,0,0,0,0,0,0,0,0
21.7701,0,0,0,0,0,0,0,0,0,0,0,0,0,0,0,0
21.7801,0,0,0,0,0,0,0,0,0,0,0,0,0,0,0,0
21.7901,0,0,0,0,0,0,0,0,0,0,0,0,0,0,0,0
21.8001,0,0,0,0,0,0,0,0,0,0,0,0,0,0,0,0
21.8101,0,0,0,0,0,0,0,0,0,0,0,0,0,0,0,0
21.8201,0,0,0,0,0,0,0,0,0,0,0,0,0,0,0,0
21.8301,0,0,0,0,0,0,0,0,0,0,0,0,0,0,0,0
21.8401,0,0,0,0,0,0,0,0,0,0,0,0,0,0,0,0
21.8501,0,0,0,0,0,0,0,0,0,0,0,0,0,0,0,0
21.8601,0,0,0,0,0,0,0,0,0,0,0,0,0,0,0,0
21.8701,0,0,0,0,0,0,0,0,0,0,0,0,0,0,0,0
21.8801,0,0,0,0,0,0,0,0,0,0,0,0,0,0,0,0
21.8901,0,0,0,0,0,0,0,0,0,0,0,0,0,0,0,0
21.9001,0,0,0,0,0,0,0,0,0,0,0,0,0,0,0,0
21.9101,0,0,0,0,0,0,0,0,0,0,0,0,0,0,0,0
21.9201,0,0,0,0,0,0,0,0,0,0,0,0,0,0,0,0
21.9301,0,0,0,0,0,0,0,0,0,0,0,0,0,0,0,0
21.9401,0,0,0,0,0,0,0,0,0,0,0,0,0,0,0,0
21.9501,0,0,0,0,0,0,0,0,0,0,0,0,0,0,0,0
21.9601,0,0,0,0,0,0,0,0,0,0,0,0,0,0,0,0
21.9701,0,0,0,0,0,0,0,0,0,0,0,0,0,0,0,0
21.9801,0,0,0,0,0,0,0,0,0,0,0,0,0,0,0,0
21.9901,0,0,0,0,0,0,0,0,0,0,0,0,0,0,0,0
22.0001,0,0,0,0,0,0,0,0,0,0,0,0,0,0,0,0
22.0101,0,0,0,0,0,0,0,0,0,0,0,0,0,0,0,0
22.0201,0,0,0,0,0,0,0,0,0,0,0,0,0,0,0,0
22.0301,0,0,0,0,0,0,0,0,0,0,0,0,0,0,0,0
22.0401,0,0,0,0,0,0,0,0,0,0,0,0,0,0,0,0
22.0501,0,0,0,0,0,0,0,0,0,0,0,0,0,0,0,0
22.0601,0,0,0,0,0,0,0,0,0,0,0,0,0,0,0,0
22.0701,0,0,0,0,0,0,0,0,0,0,0,0,0,0,0,0
22.0801,0,0,0,0,0,0,0,0,0,0,0,0,0,0,0,0
22.0901,0,0,0,0,0,0,0,0,0,0,0,0,0,0,0,0
22.1001,0,0,0,0,0,0,0,0,0,0,0,0,0,0,0,0
22.1101,0,0,0,0,0,0,0,0,0,0,0,0,0,0,0,0
22.1201,0,0,0,0,0,0,0,0,0,0,0,0,0,0,0,0
22.1301,0,0,0,0,0,0,0,0,0,0,0,0,0,0,0,0
22.1401,0,0,0,0,0,0,0,0,0,0,0,0,0,0,0,0
22.1501,0,0,0,0,0,0,0,0,0,0,0,0,0,0,0,0
22.1601,0,0,0,0,0,0,0,0,0,0,0,0,0,0,0,0
22.1701,0,0,0,0,0,0,0,0,0,0,0,0,0,0,0,0
22.1801,0,0,0,0,0,0,0,0,0,0,0,0,0,0,0,0
22.1901,0,0,0,0,0,0,0,0,0,0,0,0,0,0,0,0
22.2001,0,0,0,0,0,0,0,0,0,0,0,0,0,0,0,0
22.2101,0,0,0,0,0,0,0,0,0,0,0,0,0,0,0,0
22.2201,0,0,0,0,0,0,0,0,0,0,0,0,0,0,0,0
22.2301,0,0,0,0,0,0,0,0,0,0,0,0,0,0,0,0
22.2401,0,0,0,0,0,0,0,0,0,0,0,0,0,0,0,0
22.2501,0,0,0,0,0,0,0,0,0,0,0,0,0,0,0,0
22.2601,0,0,0,0,0,0,0,0,0,0,0,0,0,0,0,0
22.2701,0,0,0,0,0,0,0,0,0,0,0,0,0,0,0,0
22.2801,0,0,0,0,0,0,0,0,0,0,0,0,0,0,0,0
22.2901,0,0,0,0,0,0,0,0,0,0,0,0,0,0,0,0
22.3001,0,0,0,0,0,0,0,0,0,0,0,0,0,0,0,0
22.3101,0,0,0,0,0,0,0,0,0,0,0,0,0,0,0,0
22.3201,0,0,0,0,0,0,0,0,0,0,0,0,0,0,0,0
22.3301,0,0,0,0,0,0,0,0,0,0,0,0,0,0,0,0
22.3401,0,0,0,0,0,0,0,0,0,0,0,0,0,0,0,0
22.3501,0,0,0,0,0,0,0,0,0,0,0,0,0,0,0,0
22.3601,0,0,0,0,0,0,0,0,0,0,0,0,0,0,0,0
22.3701,0,0,0,0,0,0,0,0,0,0,0,0,0,0,0,0
22.3801,0,0,0,0,0,0,0,0,0,0,0,0,0,0,0,0
22.3901,0,0,0,0,0,0,0,0,0,0,0,0,0,0,0,0
22.4001,0,0,0,0,0,0,0,0,0,0,0,0,0,0,0,0
22.4101,0,0,0,0,0,0,0,0,0,0,0,0,0,0,0,0
22.42,0,0,0,0,0,0,0,0,0,0,0,0,0,0,0,0
22.4301,0,0,0,0,0,0,0,0,0,0,0,0,0,0,0,0
22.4401,0,0,0,0,0,0,0,0,0,0,0,0,0,0,0,0
22.4501,0,0,0,0,0,0,0,0,0,0,0,0,0,0,0,0
22.4601,0,0,0,0,0,0,0,0,0,0,0,0,0,0,0,0
22.4701,0,0,0,0,0,0,0,0,0,0,0,0,0,0,0,0
22.4801,0,0,0,0,0,0,0,0,0,0,0,0,0,0,0,0
22.4901,0,0,0,0,0,0,0,0,0,0,0,0,0,0,0,0
22.5001,0,0,0,0,0,0,0,0,0,0,0,0,0,0,0,0
22.5101,0,0,0,0,0,0,0,0,0,0,0,0,0,0,0,0
22.5201,0,0,0,0,0,0,0,0,0,0,0,0,0,0,0,0
22.5301,0,0,0,0,0,0,0,0,0,0,0,0,0,0,0,0
22.5401,0,0,0,0,0,0,0,0,0,0,0,0,0,0,0,0
22.5501,0,0,0,0,0,0,0,0,0,0,0,0,0,0,0,0
22.5601,0,0,0,0,0,0,0,0,0,0,0,0,0,0,0,0
22.5701,0,0,0,0,0,0,0,0,0,0,0,0,0,0,0,0
22.5801,0,0,0,0,0,0,0,0,0,0,0,0,0,0,0,0
22.5901,0,0,0,0,0,0,0,0,0,0,0,0,0,0,0,0
22.6001,0,0,0,0,0,0,0,0,0,0,0,0,0,0,0,0
22.6101,0,0,0,0,0,0,0,0,0,0,0,0,0,0,0,0
22.6201,0,0,0,0,0,0,0,0,0,0,0,0,0,0,0,0
22.6301,0,0,0,0,0,0,0,0,0,0,0,0,0,0,0,0
22.6401,0,0,0,0,0,0,0,0,0,0,0,0,0,0,0,0
22.6501,0,0,0,0,0,0,0,0,0,0,0,0,0,0,0,0
22.6601,0,0,0,0,0,0,0,0,0,0,0,0,0,0,0,0
22.6701,0,0,0,0,0,0,0,0,0,0,0,0,0,0,0,0
22.6801,0,0,0,0,0,0,0,0,0,0,0,0,0,0,0,0
22.6901,0,0,0,0,0,0,0,0,0,0,0,0,0,0,0,0
22.7001,0,0,0,0,0,0,0,0,0,0,0,0,0,0,0,0
22.7101,0,0,0,0,0,0,0,0,0,0,0,0,0,0,0,0
22.7201,0,0,0,0,0,0,0,0,0,0,0,0,0,0,0,0
22.7301,0,0,0,0,0,0,0,0,0,0,0,0,0,0,0,0
22.7401,0,0,0,0,0,0,0,0,0,0,0,0,0,0,0,0
22.7501,0,0,0,0,0,0,0,0,0,0,0,0,0,0,0,0
22.7601,0,0,0,0,0,0,0,0,0,0,0,0,0,0,0,0
22.7701,0,0,0,0,0,0,0,0,0,0,0,0,0,0,0,0
22.7801,0,0,0,0,0,0,0,0,0,0,0,0,0,0,0,0
22.79,0,0,0,0,0,0,0,0,0,0,0,0,0,0,0,0
22.8001,0,0,0,0,0,0,0,0,0,0,0,0,0,0,0,0
22.8101,0,0,0,0,0,0,0,0,0,0,0,0,0,0,0,0
22.8201,0,0,0,0,0,0,0,0,0,0,0,0,0,0,0,0
22.8301,0,0,0,0,0,0,0,0,0,0,0,0,0,0,0,0
22.8401,0,0,0,0,0,0,0,0,0,0,0,0,0,0,0,0
22.8501,0,0,0,0,0,0,0,0,0,0,0,0,0,0,0,0
22.8601,0,0,0,0,0,0,0,0,0,0,0,0,0,0,0,0
22.8701,0,0,0,0,0,0,0,0,0,0,0,0,0,0,0,0
22.8801,0,0,0,0,0,0,0,0,0,0,0,0,0,0,0,0
22.8901,0,0,0,0,0,0,0,0,0,0,0,0,0,0,0,0
22.9001,0,0,0,0,0,0,0,0,0,0,0,0,0,0,0,0
22.9101,0,0,0,0,0,0,0,0,0,0,0,0,0,0,0,0
22.9201,0,0,0,0,0,0,0,0,0,0,0,0,0,0,0,0
22.9301,0,0,0,0,0,0,0,0,0,0,0,0,0,0,0,0
22.9401,0,0,0,0,0,0,0,0,0,0,0,0,0,0,0,0
22.9501,0,0,0,0,0,0,0,0,0,0,0,0,0,0,0,0
22.9601,0,0,0,0,0,0,0,0,0,0,0,0,0,0,0,0
22.9701,0,0,0,0,0,0,0,0,0,0,0,0,0,0,0,0
22.9801,0,0,0,0,0,0,0,0,0,0,0,0,0,0,0,0
22.9901,0,0,0,0,0,0,0,0,0,0,0,0,0,0,0,0
23.0001,0,0,0,0,0,0,0,0,0,0,0,0,0,0,0,0
23.0101,0,0,0,0,0,0,0,0,0,0,0,0,0,0,0,0
23.02,0,0,0,0,0,0,0,0,0,0,0,0,0,0,0,0
23.0301,0,0,0,0,0,0,0,0,0,0,0,0,0,0,0,0
23.0401,0,0,0,0,0,0,0,0,0,0,0,0,0,0,0,0
23.0501,0,0,0,0,0,0,0,0,0,0,0,0,0,0,0,0
23.0601,0,0,0,0,0,0,0,0,0,0,0,0,0,0,0,0
23.0701,0,0,0,0,0,0,0,0,0,0,0,0,0,0,0,0
23.0801,0,0,0,0,0,0,0,0,0,0,0,0,0,0,0,0
23.0901,0,0,0,0,0,0,0,0,0,0,0,0,0,0,0,0
23.1001,0,0,0,0,0,0,0,0,0,0,0,0,0,0,0,0
23.1101,0,0,0,0,0,0,0,0,0,0,0,0,0,0,0,0
23.1201,0,0,0,0,0,0,0,0,0,0,0,0,0,0,0,0
23.1301,0,0,0,0,0,0,0,0,0,0,0,0,0,0,0,0
23.1401,0,0,0,0,0,0,0,0,0,0,0,0,0,0,0,0
23.1501,0,0,0,0,0,0,0,0,0,0,0,0,0,0,0,0
23.1601,0,0,0,0,0,0,0,0,0,0,0,0,0,0,0,0
23.1701,0,0,0,0,0,0,0,0,0,0,0,0,0,0,0,0
23.1801,0,0,0,0,0,0,0,0,0,0,0,0,0,0,0,0
23.1901,0,0,0,0,0,0,0,0,0,0,0,0,0,0,0,0
23.2001,0,0,0,0,0,0,0,0,0,0,0,0,0,0,0,0
23.2101,0,0,0,0,0,0,0,0,0,0,0,0,0,0,0,0
23.2201,0,0,0,0,0,0,0,0,0,0,0,0,0,0,0,0
23.2301,0,0,0,0,0,0,0,0,0,0,0,0,0,0,0,0
23.2401,0,0,0,0,0,0,0,0,0,0,0,0,0,0,0,0
23.2501,0,0,0,0,0,0,0,0,0,0,0,0,0,0,0,0
23.2601,0,0,0,0,0,0,0,0,0,0,0,0,0,0,0,0
23.2701,0,0,0,0,0,0,0,0,0,0,0,0,0,0,0,0
23.2801,0,0,0,0,0,0,0,0,0,0,0,0,0,0,0,0
23.2901,0,0,0,0,0,0,0,0,0,0,0,0,0,0,0,0
23.3001,0,0,0,0,0,0,0,0,0,0,0,0,0,0,0,0
23.3101,0,0,0,0,0,0,0,0,0,0,0,0,0,0,0,0
23.32,0,0,0,0,0,0,0,0,0,0,0,0,0,0,0,0
23.3301,0,0,0,0,0,0,0,0,0,0,0,0,0,0,0,0
23.3401,0,0,0,0,0,0,0,0,0,0,0,0,0,0,0,0
23.3501,0,0,0,0,0,0,0,0,0,0,0,0,0,0,0,0
23.3601,0,0,0,0,0,0,0,0,0,0,0,0,0,0,0,0
23.3701,0,0,0,0,0,0,0,0,0,0,0,0,0,0,0,0
23.3801,0,0,0,0,0,0,0,0,0,0,0,0,0,0,0,0
23.3901,0,0,0,0,0,0,0,0,0,0,0,0,0,0,0,0
23.4001,0,0,0,0,0,0,0,0,0,0,0,0,0,0,0,0
23.4101,0,0,0,0,0,0,0,0,0,0,0,0,0,0,0,0
23.4201,0,0,0,0,0,0,0,0,0,0,0,0,0,0,0,0
23.4301,0,0,0,0,0,0,0,0,0,0,0,0,0,0,0,0
23.4401,0,0,0,0,0,0,0,0,0,0,0,0,0,0,0,0
23.4501,0,0,0,0,0,0,0,0,0,0,0,0,0,0,0,0
23.4601,0,0,0,0,0,0,0,0,0,0,0,0,0,0,0,0
23.4701,0,0,0,0,0,0,0,0,0,0,0,0,0,0,0,0
23.4801,0,0,0,0,0,0,0,0,0,0,0,0,0,0,0,0
23.49,0,0,0,0,0,0,0,0,0,0,0,0,0,0,0,0
23.5001,0,0,0,0,0,0,0,0,0,0,0,0,0,0,0,0
23.5101,0,0,0,0,0,0,0,0,0,0,0,0,0,0,0,0
23.5201,0,0,0,0,0,0,0,0,0,0,0,0,0,0,0,0
23.5301,0,0,0,0,0,0,0,0,0,0,0,0,0,0,0,0
23.5401,0,0,0,0,0,0,0,0,0,0,0,0,0,0,0,0
23.5501,0,0,0,0,0,0,0,0,0,0,0,0,0,0,0,0
23.5601,0,0,0,0,0,0,0,0,0,0,0,0,0,0,0,0
23.5701,0,0,0,0,0,0,0,0,0,0,0,0,0,0,0,0
23.5801,0,0,0,0,0,0,0,0,0,0,0,0,0,0,0,0
23.5901,0,0,0,0,0,0,0,0,0,0,0,0,0,0,0,0
23.6001,0,0,0,0,0,0,0,0,0,0,0,0,0,0,0,0
23.6101,0,0,0,0,0,0,0,0,0,0,0,0,0,0,0,0
23.6201,0,0,0,0,0,0,0,0,0,0,0,0,0,0,0,0
23.6301,0,0,0,0,0,0,0,0,0,0,0,0,0,0,0,0
23.6401,0,0,0,0,0,0,0,0,0,0,0,0,0,0,0,0
23.6501,0,0,0,0,0,0,0,0,0,0,0,0,0,0,0,0
23.6601,0,0,0,0,0,0,0,0,0,0,0,0,0,0,0,0
23.6701,0,0,0,0,0,0,0,0,0,0,0,0,0,0,0,0
23.6801,0,0,0,0,0,0,0,0,0,0,0,0,0,0,0,0
23.6901,0,0,0,0,0,0,0,0,0,0,0,0,0,0,0,0
23.7001,0,0,0,0,0,0,0,0,0,0,0,0,0,0,0,0
23.7101,0,0,0,0,0,0,0,0,0,0,0,0,0,0,0,0
23.7201,0,0,0,0,0,0,0,0,0,0,0,0,0,0,0,0
23.7301,0,0,0,0,0,0,0,0,0,0,0,0,0,0,0,0
23.7401,0,0,0,0,0,0,0,0,0,0,0,0,0,0,0,0
23.7501,0,0,0,0,0,0,0,0,0,0,0,0,0,0,0,0
23.7601,0,0,0,0,0,0,0,0,0,0,0,0,0,0,0,0
23.77,0,0,0,0,0,0,0,0,0,0,0,0,0,0,0,0
23.7801,0,0,0,0,0,0,0,0,0,0,0,0,0,0,0,0
23.7901,0,0,0,0,0,0,0,0,0,0,0,0,0,0,0,0
23.8001,0,0,0,0,0,0,0,0,0,0,0,0,0,0,0,0
23.8101,0,0,0,0,0,0,0,0,0,0,0,0,0,0,0,0
23.8201,0,0,0,0,0,0,0,0,0,0,0,0,0,0,0,0
23.8301,0,0,0,0,0,0,0,0,0,0,0,0,0,0,0,0
23.8401,0,0,0,0,0,0,0,0,0,0,0,0,0,0,0,0
23.8501,0,0,0,0,0,0,0,0,0,0,0,0,0,0,0,0
23.8601,0,0,0,0,0,0,0,0,0,0,0,0,0,0,0,0
23.87,0,0,0,0,0,0,0,0,0,0,0,0,0,0,0,0
23.8801,0,0,0,0,0,0,0,0,0,0,0,0,0,0,0,0
23.8901,0,0,0,0,0,0,0,0,0,0,0,0,0,0,0,0
23.9001,0,0,0,0,0,0,0,0,0,0,0,0,0,0,0,0
23.9101,0,0,0,0,0,0,0,0,0,0,0,0,0,0,0,0
23.9201,0,0,0,0,0,0,0,0,0,0,0,0,0,0,0,0
23.9301,0,0,0,0,0,0,0,0,0,0,0,0,0,0,0,0
23.9401,0,0,0,0,0,0,0,0,0,0,0,0,0,0,0,0
23.9501,0,0,0,0,0,0,0,0,0,0,0,0,0,0,0,0
23.9601,0,0,0,0,0,0,0,0,0,0,0,0,0,0,0,0
23.9701,0,0,0,0,0,0,0,0,0,0,0,0,0,0,0,0
23.9801,0,0,0,0,0,0,0,0,0,0,0,0,0,0,0,0
23.9901,0,0,0,0,0,0,0,0,0,0,0,0,0,0,0,0
24.0001,0,0,0,0,0,0,0,0,0,0,0,0,0,0,0,0
24.0101,0,0,0,0,0,0,0,0,0,0,0,0,0,0,0,0
24.0201,0,0,0,0,0,0,0,0,0,0,0,0,0,0,0,0
24.0301,0,0,0,0,0,0,0,0,0,0,0,0,0,0,0,0
24.0401,0,0,0,0,0,0,0,0,0,0,0,0,0,0,0,0
24.0501,0,0,0,0,0,0,0,0,0,0,0,0,0,0,0,0
24.0601,0,0,0,0,0,0,0,0,0,0,0,0,0,0,0,0
24.0701,0,0,0,0,0,0,0,0,0,0,0,0,0,0,0,0
24.0801,0,0,0,0,0,0,0,0,0,0,0,0,0,0,0,0
24.0901,0,0,0,0,0,0,0,0,0,0,0,0,0,0,0,0
24.1001,0,0,0,0,0,0,0,0,0,0,0,0,0,0,0,0
24.1101,0,0,0,0,0,0,0,0,0,0,0,0,0,0,0,0
24.1201,0,0,0,0,0,0,0,0,0,0,0,0,0,0,0,0
24.1301,0,0,0,0,0,0,0,0,0,0,0,0,0,0,0,0
24.1401,0,0,0,0,0,0,0,0,0,0,0,0,0,0,0,0
24.1501,0,0,0,0,0,0,0,0,0,0,0,0,0,0,0,0
24.1601,0,0,0,0,0,0,0,0,0,0,0,0,0,0,0,0
24.17,0,0,0,0,0,0,0,0,0,0,0,0,0,0,0,0
24.1801,0,0,0,0,0,0,0,0,0,0,0,0,0,0,0,0
24.1901,0,0,0,0,0,0,0,0,0,0,0,0,0,0,0,0
24.2001,0,0,0,0,0,0,0,0,0,0,0,0,0,0,0,0
24.2101,0,0,0,0,0,0,0,0,0,0,0,0,0,0,0,0
24.2201,0,0,0,0,0,0,0,0,0,0,0,0,0,0,0,0
24.2301,0,0,0,0,0,0,0,0,0,0,0,0,0,0,0,0
24.2401,0,0,0,0,0,0,0,0,0,0,0,0,0,0,0,0
24.2501,0,0,0,0,0,0,0,0,0,0,0,0,0,0,0,0
24.2601,0,0,0,0,0,0,0,0,0,0,0,0,0,0,0,0
24.2701,0,0,0,0,0,0,0,0,0,0,0,0,0,0,0,0
24.2801,0,0,0,0,0,0,0,0,0,0,0,0,0,0,0,0
24.2901,0,0,0,0,0,0,0,0,0,0,0,0,0,0,0,0
24.3001,0,0,0,0,0,0,0,0,0,0,0,0,0,0,0,0
24.3101,0,0,0,0,0,0,0,0,0,0,0,0,0,0,0,0
24.3201,0,0,0,0,0,0,0,0,0,0,0,0,0,0,0,0
24.3301,0,0,0,0,0,0,0,0,0,0,0,0,0,0,0,0
24.3401,0,0,0,0,0,0,0,0,0,0,0,0,0,0,0,0
24.3501,0,0,0,0,0,0,0,0,0,0,0,0,0,0,0,0
24.3601,0,0,0,0,0,0,0,0,0,0,0,0,0,0,0,0
24.3701,0,0,0,0,0,0,0,0,0,0,0,0,0,0,0,0
24.3801,0,0,0,0,0,0,0,0,0,0,0,0,0,0,0,0
24.3901,0,0,0,0,0,0,0,0,0,0,0,0,0,0,0,0
24.4001,0,0,0,0,0,0,0,0,0,0,0,0,0,0,0,0
24.4101,0,0,0,0,0,0,0,0,0,0,0,0,0,0,0,0
24.4201,0,0,0,0,0,0,0,0,0,0,0,0,0,0,0,0
24.4301,0,0,0,0,0,0,0,0,0,0,0,0,0,0,0,0
24.4401,0,0,0,0,0,0,0,0,0,0,0,0,0,0,0,0
24.4501,0,0,0,0,0,0,0,0,0,0,0,0,0,0,0,0
24.4601,0,0,0,0,0,0,0,0,0,0,0,0,0,0,0,0
24.4701,0,0,0,0,0,0,0,0,0,0,0,0,0,0,0,0
24.4801,0,0,0,0,0,0,0,0,0,0,0,0,0,0,0,0
24.4901,0,0,0,0,0,0,0,0,0,0,0,0,0,0,0,0
24.5001,0,0,0,0,0,0,0,0,0,0,0,0,0,0,0,0
24.5101,0,0,0,0,0,0,0,0,0,0,0,0,0,0,0,0
24.5201,0,0,0,0,0,0,0,0,0,0,0,0,0,0,0,0
24.5301,0,0,0,0,0,0,0,0,0,0,0,0,0,0,0,0
24.5401,0,0,0,0,0,0,0,0,0,0,0,0,0,0,0,0
24.5501,0,0,0,0,0,0,0,0,0,0,0,0,0,0,0,0
24.5601,0,0,0,0,0,0,0,0,0,0,0,0,0,0,0,0
24.5701,0,0,0,0,0,0,0,0,0,0,0,0,0,0,0,0
24.5801,0,0,0,0,0,0,0,0,0,0,0,0,0,0,0,0
24.5901,0,0,0,0,0,0,0,0,0,0,0,0,0,0,0,0
24.6001,0,0,0,0,0,0,0,0,0,0,0,0,0,0,0,0
24.6101,0,0,0,0,0,0,0,0,0,0,0,0,0,0,0,0
24.6201,0,0,0,0,0,0,0,0,0,0,0,0,0,0,0,0
24.6301,0,0,0,0,0,0,0,0,0,0,0,0,0,0,0,0
24.6401,0,0,0,0,0,0,0,0,0,0,0,0,0,0,0,0
24.6501,0,0,0,0,0,0,0,0,0,0,0,0,0,0,0,0
24.6601,0,0,0,0,0,0,0,0,0,0,0,0,0,0,0,0
24.6701,0,0,0,0,0,0,0,0,0,0,0,0,0,0,0,0
24.6801,0,0,0,0,0,0,0,0,0,0,0,0,0,0,0,0
24.6901,0,0,0,0,0,0,0,0,0,0,0,0,0,0,0,0
24.7001,0,0,0,0,0,0,0,0,0,0,0,0,0,0,0,0
24.7101,0,0,0,0,0,0,0,0,0,0,0,0,0,0,0,0
24.7201,0,0,0,0,0,0,0,0,0,0,0,0,0,0,0,0
24.7301,0,0,0,0,0,0,0,0,0,0,0,0,0,0,0,0
24.7401,0,0,0,0,0,0,0,0,0,0,0,0,0,0,0,0
24.7501,0,0,0,0,0,0,0,0,0,0,0,0,0,0,0,0
24.7601,0,0,0,0,0,0,0,0,0,0,0,0,0,0,0,0
24.7701,0,0,0,0,0,0,0,0,0,0,0,0,0,0,0,0
24.7801,0,0,0,0,0,0,0,0,0,0,0,0,0,0,0,0
24.7901,0,0,0,0,0,0,0,0,0,0,0,0,0,0,0,0
24.8001,0,0,0,0,0,0,0,0,0,0,0,0,0,0,0,0
24.8101,0,0,0,0,0,0,0,0,0,0,0,0,0,0,0,0
24.8201,0,0,0,0,0,0,0,0,0,0,0,0,0,0,0,0
24.8301,0,0,0,0,0,0,0,0,0,0,0,0,0,0,0,0
24.8401,0,0,0,0,0,0,0,0,0,0,0,0,0,0,0,0
24.8501,0,0,0,0,0,0,0,0,0,0,0,0,0,0,0,0
24.8601,0,0,0,0,0,0,0,0,0,0,0,0,0,0,0,0
24.8701,0,0,0,0,0,0,0,0,0,0,0,0,0,0,0,0
24.8801,0,0,0,0,0,0,0,0,0,0,0,0,0,0,0,0
24.8901,0,0,0,0,0,0,0,0,0,0,0,0,0,0,0,0
24.9001,0,0,0,0,0,0,0,0,0,0,0,0,0,0,0,0
24.9101,0,0,0,0,0,0,0,0,0,0,0,0,0,0,0,0
24.9201,0,0,0,0,0,0,0,0,0,0,0,0,0,0,0,0
24.9301,0,0,0,0,0,0,0,0,0,0,0,0,0,0,0,0
24.9401,0,0,0,0,0,0,0,0,0,0,0,0,0,0,0,0
24.9501,0,0,0,0,0,0,0,0,0,0,0,0,0,0,0,0
24.9601,0,0,0,0,0,0,0,0,0,0,0,0,0,0,0,0
24.9701,0,0,0,0,0,0,0,0,0,0,0,0,0,0,0,0
24.9801,0,0,0,0,0,0,0,0,0,0,0,0,0,0,0,0
24.9901,0,0,0,0,0,0,0,0,0,0,0,0,0,0,0,0
25.0001,0,0,0,0,0,0,0,0,0,0,0,0,0,0,0,0
25.0101,0,0,0,0,0,0,0,0,0,0,0,0,0,0,0,0
25.0201,0,0,0,0,0,0,0,0,0,0,0,0,0,0,0,0
25.0301,0,0,0,0,0,0,0,0,0,0,0,0,0,0,0,0
25.0401,0,0,0,0,0,0,0,0,0,0,0,0,0,0,0,0
25.0501,0,0,0,0,0,0,0,0,0,0,0,0,0,0,0,0
25.0601,0,0,0,0,0,0,0,0,0,0,0,0,0,0,0,0
25.0701,0,0,0,0,0,0,0,0,0,0,0,0,0,0,0,0
25.0801,0,0,0,0,0,0,0,0,0,0,0,0,0,0,0,0
25.0901,0,0,0,0,0,0,0,0,0,0,0,0,0,0,0,0
25.1001,0,0,0,0,0,0,0,0,0,0,0,0,0,0,0,0
25.1101,0,0,0,0,0,0,0,0,0,0,0,0,0,0,0,0
25.1201,0,0,0,0,0,0,0,0,0,0,0,0,0,0,0,0
25.1301,0,0,0,0,0,0,0,0,0,0,0,0,0,0,0,0
25.1401,0,0,0,0,0,0,0,0,0,0,0,0,0,0,0,0
25.1501,0,0,0,0,0,0,0,0,0,0,0,0,0,0,0,0
25.1601,0,0,0,0,0,0,0,0,0,0,0,0,0,0,0,0
25.1701,0,0,0,0,0,0,0,0,0,0,0,0,0,0,0,0
25.1801,0,0,0,0,0,0,0,0,0,0,0,0,0,0,0,0
25.1901,0,0,0,0,0,0,0,0,0,0,0,0,0,0,0,0
25.2001,0,0,0,0,0,0,0,0,0,0,0,0,0,0,0,0
25.2101,0,0,0,0,0,0,0,0,0,0,0,0,0,0,0,0
25.2201,0,0,0,0,0,0,0,0,0,0,0,0,0,0,0,0
25.2301,0,0,0,0,0,0,0,0,0,0,0,0,0,0,0,0
25.2401,0,0,0,0,0,0,0,0,0,0,0,0,0,0,0,0
25.2501,0,0,0,0,0,0,0,0,0,0,0,0,0,0,0,0
25.2601,0,0,0,0,0,0,0,0,0,0,0,0,0,0,0,0
25.2701,0,0,0,0,0,0,0,0,0,0,0,0,0,0,0,0
25.2801,0,0,0,0,0,0,0,0,0,0,0,0,0,0,0,0
25.2901,0,0,0,0,0,0,0,0,0,0,0,0,0,0,0,0
25.3001,0,0,0,0,0,0,0,0,0,0,0,0,0,0,0,0
25.3101,0,0,0,0,0,0,0,0,0,0,0,0,0,0,0,0
25.3201,0,0,0,0,0,0,0,0,0,0,0,0,0,0,0,0
25.3301,0,0,0,0,0,0,0,0,0,0,0,0,0,0,0,0
25.3401,0,0,0,0,0,0,0,0,0,0,0,0,0,0,0,0
25.3501,0,0,0,0,0,0,0,0,0,0,0,0,0,0,0,0
25.3601,0,0,0,0,0,0,0,0,0,0,0,0,0,0,0,0
25.3701,0,0,0,0,0,0,0,0,0,0,0,0,0,0,0,0
25.3801,0,0,0,0,0,0,0,0,0,0,0,0,0,0,0,0
25.3901,0,0,0,0,0,0,0,0,0,0,0,0,0,0,0,0
25.4001,0,0,0,0,0,0,0,0,0,0,0,0,0,0,0,0
25.4101,0,0,0,0,0,0,0,0,0,0,0,0,0,0,0,0
25.4201,0,0,0,0,0,0,0,0,0,0,0,0,0,0,0,0
25.4301,0,0,0,0,0,0,0,0,0,0,0,0,0,0,0,0
25.4401,0,0,0,0,0,0,0,0,0,0,0,0,0,0,0,0
25.4501,0,0,0,0,0,0,0,0,0,0,0,0,0,0,0,0
25.4601,0,0,0,0,0,0,0,0,0,0,0,0,0,0,0,0
25.4701,0,0,0,0,0,0,0,0,0,0,0,0,0,0,0,0
25.4801,0,0,0,0,0,0,0,0,0,0,0,0,0,0,0,0
25.4901,0,0,0,0,0,0,0,0,0,0,0,0,0,0,0,0
25.5001,0,0,0,0,0,0,0,0,0,0,0,0,0,0,0,0
25.5101,0,0,0,0,0,0,0,0,0,0,0,0,0,0,0,0
25.5201,0,0,0,0,0,0,0,0,0,0,0,0,0,0,0,0
25.5301,0,0,0,0,0,0,0,0,0,0,0,0,0,0,0,0
25.5401,0,0,0,0,0,0,0,0,0,0,0,0,0,0,0,0
25.5501,0,0,0,0,0,0,0,0,0,0,0,0,0,0,0,0
25.5601,0,0,0,0,0,0,0,0,0,0,0,0,0,0,0,0
25.5701,0,0,0,0,0,0,0,0,0,0,0,0,0,0,0,0
25.5801,0,0,0,0,0,0,0,0,0,0,0,0,0,0,0,0
25.5901,0,0,0,0,0,0,0,0,0,0,0,0,0,0,0,0
25.6001,0,0,0,0,0,0,0,0,0,0,0,0,0,0,0,0
25.6101,0,0,0,0,0,0,0,0,0,0,0,0,0,0,0,0
25.6201,0,0,0,0,0,0,0,0,0,0,0,0,0,0,0,0
25.6301,0,0,0,0,0,0,0,0,0,0,0,0,0,0,0,0
25.6401,0,0,0,0,0,0,0,0,0,0,0,0,0,0,0,0
25.6501,0,0,0,0,0,0,0,0,0,0,0,0,0,0,0,0
25.6601,0,0,0,0,0,0,0,0,0,0,0,0,0,0,0,0
25.6701,0,0,0,0,0,0,0,0,0,0,0,0,0,0,0,0
25.6801,0,0,0,0,0,0,0,0,0,0,0,0,0,0,0,0
25.6901,0,0,0,0,0,0,0,0,0,0,0,0,0,0,0,0
25.7001,0,0,0,0,0,0,0,0,0,0,0,0,0,0,0,0
25.7101,0,0,0,0,0,0,0,0,0,0,0,0,0,0,0,0
25.7201,0,0,0,0,0,0,0,0,0,0,0,0,0,0,0,0
25.7301,0,0,0,0,0,0,0,0,0,0,0,0,0,0,0,0
25.7401,0,0,0,0,0,0,0,0,0,0,0,0,0,0,0,0
25.75,0,0,0,0,0,0,0,0,0,0,0,0,0,0,0,0
25.7601,0,0,0,0,0,0,0,0,0,0,0,0,0,0,0,0
25.7701,0,0,0,0,0,0,0,0,0,0,0,0,0,0,0,0
25.7801,0,0,0,0,0,0,0,0,0,0,0,0,0,0,0,0
25.7901,0,0,0,0,0,0,0,0,0,0,0,0,0,0,0,0
25.8001,0,0,0,0,0,0,0,0,0,0,0,0,0,0,0,0
25.8101,0,0,0,0,0,0,0,0,0,0,0,0,0,0,0,0
25.8201,0,0,0,0,0,0,0,0,0,0,0,0,0,0,0,0
25.8301,0,0,0,0,0,0,0,0,0,0,0,0,0,0,0,0
25.8401,0,0,0,0,0,0,0,0,0,0,0,0,0,0,0,0
25.8501,0,0,0,0,0,0,0,0,0,0,0,0,0,0,0,0
25.8601,0,0,0,0,0,0,0,0,0,0,0,0,0,0,0,0
25.8701,0,0,0,0,0,0,0,0,0,0,0,0,0,0,0,0
25.8801,0,0,0,0,0,0,0,0,0,0,0,0,0,0,0,0
25.8901,0,0,0,0,0,0,0,0,0,0,0,0,0,0,0,0
25.9001,0,0,0,0,0,0,0,0,0,0,0,0,0,0,0,0
25.9101,0,0,0,0,0,0,0,0,0,0,0,0,0,0,0,0
25.9201,0,0,0,0,0,0,0,0,0,0,0,0,0,0,0,0
25.9301,0,0,0,0,0,0,0,0,0,0,0,0,0,0,0,0
25.9401,0,0,0,0,0,0,0,0,0,0,0,0,0,0,0,0
25.9501,0,0,0,0,0,0,0,0,0,0,0,0,0,0,0,0
25.9601,0,0,0,0,0,0,0,0,0,0,0,0,0,0,0,0
25.9701,0,0,0,0,0,0,0,0,0,0,0,0,0,0,0,0
25.9801,0,0,0,0,0,0,0,0,0,0,0,0,0,0,0,0
25.9901,0,0,0,0,0,0,0,0,0,0,0,0,0,0,0,0
26.0001,0,0,0,0,0,0,0,0,0,0,0,0,0,0,0,0
26.0101,0,0,0,0,0,0,0,0,0,0,0,0,0,0,0,0
26.0201,0,0,0,0,0,0,0,0,0,0,0,0,0,0,0,0
26.0301,0,0,0,0,0,0,0,0,0,0,0,0,0,0,0,0
26.0401,0,0,0,0,0,0,0,0,0,0,0,0,0,0,0,0
26.0501,0,0,0,0,0,0,0,0,0,0,0,0,0,0,0,0
26.0601,0,0,0,0,0,0,0,0,0,0,0,0,0,0,0,0
26.0701,0,0,0,0,0,0,0,0,0,0,0,0,0,0,0,0
26.0801,0,0,0,0,0,0,0,0,0,0,0,0,0,0,0,0
26.0901,0,0,0,0,0,0,0,0,0,0,0,0,0,0,0,0
26.1001,0,0,0,0,0,0,0,0,0,0,0,0,0,0,0,0
26.1101,0,0,0,0,0,0,0,0,0,0,0,0,0,0,0,0
26.1201,0,0,0,0,0,0,0,0,0,0,0,0,0,0,0,0
26.1301,0,0,0,0,0,0,0,0,0,0,0,0,0,0,0,0
26.1401,0,0,0,0,0,0,0,0,0,0,0,0,0,0,0,0
26.1501,0,0,0,0,0,0,0,0,0,0,0,0,0,0,0,0
26.1601,0,0,0,0,0,0,0,0,0,0,0,0,0,0,0,0
26.1701,0,0,0,0,0,0,0,0,0,0,0,0,0,0,0,0
26.1801,0,0,0,0,0,0,0,0,0,0,0,0,0,0,0,0
26.1901,0,0,0,0,0,0,0,0,0,0,0,0,0,0,0,0
26.2001,0,0,0,0,0,0,0,0,0,0,0,0,0,0,0,0
26.2101,0,0,0,0,0,0,0,0,0,0,0,0,0,0,0,0
26.2201,0,0,0,0,0,0,0,0,0,0,0,0,0,0,0,0
26.2301,0,0,0,0,0,0,0,0,0,0,0,0,0,0,0,0
26.2401,0,0,0,0,0,0,0,0,0,0,0,0,0,0,0,0
26.2501,0,0,0,0,0,0,0,0,0,0,0,0,0,0,0,0
26.2601,0,0,0,0,0,0,0,0,0,0,0,0,0,0,0,0
26.2701,0,0,0,0,0,0,0,0,0,0,0,0,0,0,0,0
26.2801,0,0,0,0,0,0,0,0,0,0,0,0,0,0,0,0
26.2901,0,0,0,0,0,0,0,0,0,0,0,0,0,0,0,0
26.3001,0,0,0,0,0,0,0,0,0,0,0,0,0,0,0,0
26.3101,0,0,0,0,0,0,0,0,0,0,0,0,0,0,0,0
26.3201,0,0,0,0,0,0,0,0,0,0,0,0,0,0,0,0
26.3301,0,0,0,0,0,0,0,0,0,0,0,0,0,0,0,0
26.3401,0,0,0,0,0,0,0,0,0,0,0,0,0,0,0,0
26.3501,0,0,0,0,0,0,0,0,0,0,0,0,0,0,0,0
26.3601,0,0,0,0,0,0,0,0,0,0,0,0,0,0,0,0
26.3701,0,0,0,0,0,0,0,0,0,0,0,0,0,0,0,0
26.3801,0,0,0,0,0,0,0,0,0,0,0,0,0,0,0,0
26.3901,0,0,0,0,0,0,0,0,0,0,0,0,0,0,0,0
26.4001,0,0,0,0,0,0,0,0,0,0,0,0,0,0,0,0
26.4101,0,0,0,0,0,0,0,0,0,0,0,0,0,0,0,0
26.4201,0,0,0,0,0,0,0,0,0,0,0,0,0,0,0,0
26.4301,0,0,0,0,0,0,0,0,0,0,0,0,0,0,0,0
26.4401,0,0,0,0,0,0,0,0,0,0,0,0,0,0,0,0
26.4501,0,0,0,0,0,0,0,0,0,0,0,0,0,0,0,0
26.4601,0,0,0,0,0,0,0,0,0,0,0,0,0,0,0,0
26.4701,0,0,0,0,0,0,0,0,0,0,0,0,0,0,0,0
26.4801,0,0,0,0,0,0,0,0,0,0,0,0,0,0,0,0
26.4901,0,0,0,0,0,0,0,0,0,0,0,0,0,0,0,0
26.5001,0,0,0,0,0,0,0,0,0,0,0,0,0,0,0,0
26.5101,0,0,0,0,0,0,0,0,0,0,0,0,0,0,0,0
26.5201,0,0,0,0,0,0,0,0,0,0,0,0,0,0,0,0
26.5301,0,0,0,0,0,0,0,0,0,0,0,0,0,0,0,0
26.5401,0,0,0,0,0,0,0,0,0,0,0,0,0,0,0,0
26.5501,0,0,0,0,0,0,0,0,0,0,0,0,0,0,0,0
26.5601,0,0,0,0,0,0,0,0,0,0,0,0,0,0,0,0
26.5701,0,0,0,0,0,0,0,0,0,0,0,0,0,0,0,0
26.5801,0,0,0,0,0,0,0,0,0,0,0,0,0,0,0,0
26.5901,0,0,0,0,0,0,0,0,0,0,0,0,0,0,0,0
26.6001,0,0,0,0,0,0,0,0,0,0,0,0,0,0,0,0
26.6101,0,0,0,0,0,0,0,0,0,0,0,0,0,0,0,0
26.6201,0,0,0,0,0,0,0,0,0,0,0,0,0,0,0,0
26.6301,0,0,0,0,0,0,0,0,0,0,0,0,0,0,0,0
26.6401,0,0,0,0,0,0,0,0,0,0,0,0,0,0,0,0
26.6501,0,0,0,0,0,0,0,0,0,0,0,0,0,0,0,0
26.6601,0,0,0,0,0,0,0,0,0,0,0,0,0,0,0,0
26.6701,0,0,0,0,0,0,0,0,0,0,0,0,0,0,0,0
26.6801,0,0,0,0,0,0,0,0,0,0,0,0,0,0,0,0
26.6901,0,0,0,0,0,0,0,0,0,0,0,0,0,0,0,0
26.7001,0,0,0,0,0,0,0,0,0,0,0,0,0,0,0,0
26.7101,0,0,0,0,0,0,0,0,0,0,0,0,0,0,0,0
26.7201,0,0,0,0,0,0,0,0,0,0,0,0,0,0,0,0
26.7301,0,0,0,0,0,0,0,0,0,0,0,0,0,0,0,0
26.7401,0,0,0,0,0,0,0,0,0,0,0,0,0,0,0,0
26.7501,0,0,0,0,0,0,0,0,0,0,0,0,0,0,0,0
26.7601,0,0,0,0,0,0,0,0,0,0,0,0,0,0,0,0
26.7701,0,0,0,0,0,0,0,0,0,0,0,0,0,0,0,0
26.7801,0,0,0,0,0,0,0,0,0,0,0,0,0,0,0,0
26.7901,0,0,0,0,0,0,0,0,0,0,0,0,0,0,0,0
26.8001,0,0,0,0,0,0,0,0,0,0,0,0,0,0,0,0
26.8101,0,0,0,0,0,0,0,0,0,0,0,0,0,0,0,0
26.8201,0,0,0,0,0,0,0,0,0,0,0,0,0,0,0,0
26.8301,0,0,0,0,0,0,0,0,0,0,0,0,0,0,0,0
26.8401,0,0,0,0,0,0,0,0,0,0,0,0,0,0,0,0
26.8501,0,0,0,0,0,0,0,0,0,0,0,0,0,0,0,0
26.8601,0,0,0,0,0,0,0,0,0,0,0,0,0,0,0,0
26.8701,0,0,0,0,0,0,0,0,0,0,0,0,0,0,0,0
26.8801,0,0,0,0,0,0,0,0,0,0,0,0,0,0,0,0
26.8901,0,0,0,0,0,0,0,0,0,0,0,0,0,0,0,0
26.9001,0,0,0,0,0,0,0,0,0,0,0,0,0,0,0,0
26.9101,0,0,0,0,0,0,0,0,0,0,0,0,0,0,0,0
26.9201,0,0,0,0,0,0,0,0,0,0,0,0,0,0,0,0
26.9301,0,0,0,0,0,0,0,0,0,0,0,0,0,0,0,0
26.9401,0,0,0,0,0,0,0,0,0,0,0,0,0,0,0,0
26.9501,0,0,0,0,0,0,0,0,0,0,0,0,0,0,0,0
26.9601,0,0,0,0,0,0,0,0,0,0,0,0,0,0,0,0
26.9701,0,0,0,0,0,0,0,0,0,0,0,0,0,0,0,0
26.9801,0,0,0,0,0,0,0,0,0,0,0,0,0,0,0,0
26.9901,0,0,0,0,0,0,0,0,0,0,0,0,0,0,0,0
27.0001,0,0,0,0,0,0,0,0,0,0,0,0,0,0,0,0
27.0101,0,0,0,0,0,0,0,0,0,0,0,0,0,0,0,0
27.0201,0,0,0,0,0,0,0,0,0,0,0,0,0,0,0,0
27.0301,0,0,0,0,0,0,0,0,0,0,0,0,0,0,0,0
27.0401,0,0,0,0,0,0,0,0,0,0,0,0,0,0,0,0
27.0501,0,0,0,0,0,0,0,0,0,0,0,0,0,0,0,0
27.0601,0,0,0,0,0,0,0,0,0,0,0,0,0,0,0,0
27.0701,0,0,0,0,0,0,0,0,0,0,0,0,0,0,0,0
27.0801,0,0,0,0,0,0,0,0,0,0,0,0,0,0,0,0
27.0901,0,0,0,0,0,0,0,0,0,0,0,0,0,0,0,0
27.1001,0,0,0,0,0,0,0,0,0,0,0,0,0,0,0,0
27.1101,0,0,0,0,0,0,0,0,0,0,0,0,0,0,0,0
27.1201,0,0,0,0,0,0,0,0,0,0,0,0,0,0,0,0
27.1301,0,0,0,0,0,0,0,0,0,0,0,0,0,0,0,0
27.1401,0,0,0,0,0,0,0,0,0,0,0,0,0,0,0,0
27.1501,0,0,0,0,0,0,0,0,0,0,0,0,0,0,0,0
27.1601,0,0,0,0,0,0,0,0,0,0,0,0,0,0,0,0
27.1701,0,0,0,0,0,0,0,0,0,0,0,0,0,0,0,0
27.1801,0,0,0,0,0,0,0,0,0,0,0,0,0,0,0,0
27.1901,0,0,0,0,0,0,0,0,0,0,0,0,0,0,0,0
27.2001,0,0,0,0,0,0,0,0,0,0,0,0,0,0,0,0
27.2101,0,0,0,0,0,0,0,0,0,0,0,0,0,0,0,0
27.2201,0,0,0,0,0,0,0,0,0,0,0,0,0,0,0,0
27.2301,0,0,0,0,0,0,0,0,0,0,0,0,0,0,0,0
27.2401,0,0,0,0,0,0,0,0,0,0,0,0,0,0,0,0
27.2501,0,0,0,0,0,0,0,0,0,0,0,0,0,0,0,0
27.2601,0,0,0,0,0,0,0,0,0,0,0,0,0,0,0,0
27.2701,0,0,0,0,0,0,0,0,0,0,0,0,0,0,0,0
27.2801,0,0,0,0,0,0,0,0,0,0,0,0,0,0,0,0
27.2901,0,0,0,0,0,0,0,0,0,0,0,0,0,0,0,0
27.3001,0,0,0,0,0,0,0,0,0,0,0,0,0,0,0,0
27.3101,0,0,0,0,0,0,0,0,0,0,0,0,0,0,0,0
27.3201,0,0,0,0,0,0,0,0,0,0,0,0,0,0,0,0
27.3301,0,0,0,0,0,0,0,0,0,0,0,0,0,0,0,0
27.3401,0,0,0,0,0,0,0,0,0,0,0,0,0,0,0,0
27.3501,0,0,0,0,0,0,0,0,0,0,0,0,0,0,0,0
27.3601,0,0,0,0,0,0,0,0,0,0,0,0,0,0,0,0
27.3701,0,0,0,0,0,0,0,0,0,0,0,0,0,0,0,0
27.3801,0,0,0,0,0,0,0,0,0,0,0,0,0,0,0,0
27.3901,0,0,0,0,0,0,0,0,0,0,0,0,0,0,0,0
27.4001,0,0,0,0,0,0,0,0,0,0,0,0,0,0,0,0
27.4101,0,0,0,0,0,0,0,0,0,0,0,0,0,0,0,0
27.4201,0,0,0,0,0,0,0,0,0,0,0,0,0,0,0,0
27.4301,0,0,0,0,0,0,0,0,0,0,0,0,0,0,0,0
27.4401,0,0,0,0,0,0,0,0,0,0,0,0,0,0,0,0
27.4501,0,0,0,0,0,0,0,0,0,0,0,0,0,0,0,0
27.4601,0,0,0,0,0,0,0,0,0,0,0,0,0,0,0,0
27.4701,0,0,0,0,0,0,0,0,0,0,0,0,0,0,0,0
27.4801,0,0,0,0,0,0,0,0,0,0,0,0,0,0,0,0
27.4901,0,0,0,0,0,0,0,0,0,0,0,0,0,0,0,0
27.5001,0,0,0,0,0,0,0,0,0,0,0,0,0,0,0,0
27.5101,0,0,0,0,0,0,0,0,0,0,0,0,0,0,0,0
27.5201,0,0,0,0,0,0,0,0,0,0,0,0,0,0,0,0
27.5301,0,0,0,0,0,0,0,0,0,0,0,0,0,0,0,0
27.5401,0,0,0,0,0,0,0,0,0,0,0,0,0,0,0,0
27.5501,0,0,0,0,0,0,0,0,0,0,0,0,0,0,0,0
27.5601,0,0,0,0,0,0,0,0,0,0,0,0,0,0,0,0
27.5701,0,0,0,0,0,0,0,0,0,0,0,0,0,0,0,0
27.5801,0,0,0,0,0,0,0,0,0,0,0,0,0,0,0,0
27.5901,0,0,0,0,0,0,0,0,0,0,0,0,0,0,0,0
27.6001,0,0,0,0,0,0,0,0,0,0,0,0,0,0,0,0
27.6101,0,0,0,0,0,0,0,0,0,0,0,0,0,0,0,0
27.6201,0,0,0,0,0,0,0,0,0,0,0,0,0,0,0,0
27.6301,0,0,0,0,0,0,0,0,0,0,0,0,0,0,0,0
27.6401,0,0,0,0,0,0,0,0,0,0,0,0,0,0,0,0
27.6501,0,0,0,0,0,0,0,0,0,0,0,0,0,0,0,0
27.6601,0,0,0,0,0,0,0,0,0,0,0,0,0,0,0,0
27.6701,0,0,0,0,0,0,0,0,0,0,0,0,0,0,0,0
27.6801,0,0,0,0,0,0,0,0,0,0,0,0,0,0,0,0
27.6901,0,0,0,0,0,0,0,0,0,0,0,0,0,0,0,0
27.7001,0,0,0,0,0,0,0,0,0,0,0,0,0,0,0,0
27.7101,0,0,0,0,0,0,0,0,0,0,0,0,0,0,0,0
27.7201,0,0,0,0,0,0,0,0,0,0,0,0,0,0,0,0
27.7301,0,0,0,0,0,0,0,0,0,0,0,0,0,0,0,0
27.7401,0,0,0,0,0,0,0,0,0,0,0,0,0,0,0,0
27.7501,0,0,0,0,0,0,0,0,0,0,0,0,0,0,0,0
27.7601,0,0,0,0,0,0,0,0,0,0,0,0,0,0,0,0
27.7701,0,0,0,0,0,0,0,0,0,0,0,0,0,0,0,0
27.7801,0,0,0,0,0,0,0,0,0,0,0,0,0,0,0,0
27.7901,0,0,0,0,0,0,0,0,0,0,0,0,0,0,0,0
27.8001,0,0,0,0,0,0,0,0,0,0,0,0,0,0,0,0
27.8101,0,0,0,0,0,0,0,0,0,0,0,0,0,0,0,0
27.8201,0,0,0,0,0,0,0,0,0,0,0,0,0,0,0,0
27.8301,0,0,0,0,0,0,0,0,0,0,0,0,0,0,0,0
27.8401,0,0,0,0,0,0,0,0,0,0,0,0,0,0,0,0
27.8501,0,0,0,0,0,0,0,0,0,0,0,0,0,0,0,0
27.8601,0,0,0,0,0,0,0,0,0,0,0,0,0,0,0,0
27.8701,0,0,0,0,0,0,0,0,0,0,0,0,0,0,0,0
27.8801,0,0,0,0,0,0,0,0,0,0,0,0,0,0,0,0
27.8901,0,0,0,0,0,0,0,0,0,0,0,0,0,0,0,0
27.9001,0,0,0,0,0,0,0,0,0,0,0,0,0,0,0,0
27.9101,0,0,0,0,0,0,0,0,0,0,0,0,0,0,0,0
27.9201,0,0,0,0,0,0,0,0,0,0,0,0,0,0,0,0
27.9301,0,0,0,0,0,0,0,0,0,0,0,0,0,0,0,0
27.9401,0,0,0,0,0,0,0,0,0,0,0,0,0,0,0,0
27.9501,0,0,0,0,0,0,0,0,0,0,0,0,0,0,0,0
27.9601,0,0,0,0,0,0,0,0,0,0,0,0,0,0,0,0
27.9701,0,0,0,0,0,0,0,0,0,0,0,0,0,0,0,0
27.9801,0,0,0,0,0,0,0,0,0,0,0,0,0,0,0,0
27.9901,0,0,0,0,0,0,0,0,0,0,0,0,0,0,0,0
28.0001,0,0,0,0,0,0,0,0,0,0,0,0,0,0,0,0
28.0101,0,0,0,0,0,0,0,0,0,0,0,0,0,0,0,0
28.0201,0,0,0,0,0,0,0,0,0,0,0,0,0,0,0,0
28.0301,0,0,0,0,0,0,0,0,0,0,0,0,0,0,0,0
28.0401,0,0,0,0,0,0,0,0,0,0,0,0,0,0,0,0
28.0501,0,0,0,0,0,0,0,0,0,0,0,0,0,0,0,0
28.0601,0,0,0,0,0,0,0,0,0,0,0,0,0,0,0,0
28.0701,0,0,0,0,0,0,0,0,0,0,0,0,0,0,0,0
28.0801,0,0,0,0,0,0,0,0,0,0,0,0,0,0,0,0
28.0901,0,0,0,0,0,0,0,0,0,0,0,0,0,0,0,0
28.1001,0,0,0,0,0,0,0,0,0,0,0,0,0,0,0,0
28.1101,0,0,0,0,0,0,0,0,0,0,0,0,0,0,0,0
28.1201,0,0,0,0,0,0,0,0,0,0,0,0,0,0,0,0
28.1301,0,0,0,0,0,0,0,0,0,0,0,0,0,0,0,0
28.1401,0,0,0,0,0,0,0,0,0,0,0,0,0,0,0,0
28.1501,0,0,0,0,0,0,0,0,0,0,0,0,0,0,0,0
28.1601,0,0,0,0,0,0,0,0,0,0,0,0,0,0,0,0
28.1701,0,0,0,0,0,0,0,0,0,0,0,0,0,0,0,0
28.1801,0,0,0,0,0,0,0,0,0,0,0,0,0,0,0,0
28.1901,0,0,0,0,0,0,0,0,0,0,0,0,0,0,0,0
28.2001,0,0,0,0,0,0,0,0,0,0,0,0,0,0,0,0
28.2101,0,0,0,0,0,0,0,0,0,0,0,0,0,0,0,0
28.2201,0,0,0,0,0,0,0,0,0,0,0,0,0,0,0,0
28.2301,0,0,0,0,0,0,0,0,0,0,0,0,0,0,0,0
28.2401,0,0,0,0,0,0,0,0,0,0,0,0,0,0,0,0
28.2501,0,0,0,0,0,0,0,0,0,0,0,0,0,0,0,0
28.2601,0,0,0,0,0,0,0,0,0,0,0,0,0,0,0,0
28.2701,0,0,0,0,0,0,0,0,0,0,0,0,0,0,0,0
28.2801,0,0,0,0,0,0,0,0,0,0,0,0,0,0,0,0
28.2901,0,0,0,0,0,0,0,0,0,0,0,0,0,0,0,0
28.3001,0,0,0,0,0,0,0,0,0,0,0,0,0,0,0,0
28.3101,0,0,0,0,0,0,0,0,0,0,0,0,0,0,0,0
28.3201,0,0,0,0,0,0,0,0,0,0,0,0,0,0,0,0
28.3301,0,0,0,0,0,0,0,0,0,0,0,0,0,0,0,0
28.3401,0,0,0,0,0,0,0,0,0,0,0,0,0,0,0,0
28.3501,0,0,0,0,0,0,0,0,0,0,0,0,0,0,0,0
28.3601,0,0,0,0,0,0,0,0,0,0,0,0,0,0,0,0
28.3701,0,0,0,0,0,0,0,0,0,0,0,0,0,0,0,0
28.3801,0,0,0,0,0,0,0,0,0,0,0,0,0,0,0,0
28.3901,0,0,0,0,0,0,0,0,0,0,0,0,0,0,0,0
28.4001,0,0,0,0,0,0,0,0,0,0,0,0,0,0,0,0
28.4101,0,0,0,0,0,0,0,0,0,0,0,0,0,0,0,0
28.4201,0,0,0,0,0,0,0,0,0,0,0,0,0,0,0,0
28.4301,0,0,0,0,0,0,0,0,0,0,0,0,0,0,0,0
28.4401,0,0,0,0,0,0,0,0,0,0,0,0,0,0,0,0
28.4501,0,0,0,0,0,0,0,0,0,0,0,0,0,0,0,0
28.4601,0,0,0,0,0,0,0,0,0,0,0,0,0,0,0,0
28.4701,0,0,0,0,0,0,0,0,0,0,0,0,0,0,0,0
28.4801,0,0,0,0,0,0,0,0,0,0,0,0,0,0,0,0
28.4901,0,0,0,0,0,0,0,0,0,0,0,0,0,0,0,0
28.5001,0,0,0,0,0,0,0,0,0,0,0,0,0,0,0,0
28.5101,0,0,0,0,0,0,0,0,0,0,0,0,0,0,0,0
28.5201,0,0,0,0,0,0,0,0,0,0,0,0,0,0,0,0
28.5301,0,0,0,0,0,0,0,0,0,0,0,0,0,0,0,0
28.5401,0,0,0,0,0,0,0,0,0,0,0,0,0,0,0,0
28.5501,0,0,0,0,0,0,0,0,0,0,0,0,0,0,0,0
28.5601,0,0,0,0,0,0,0,0,0,0,0,0,0,0,0,0
28.5701,0,0,0,0,0,0,0,0,0,0,0,0,0,0,0,0
28.5801,0,0,0,0,0,0,0,0,0,0,0,0,0,0,0,0
28.5901,0,0,0,0,0,0,0,0,0,0,0,0,0,0,0,0
28.6001,0,0,0,0,0,0,0,0,0,0,0,0,0,0,0,0
28.6101,0,0,0,0,0,0,0,0,0,0,0,0,0,0,0,0
28.6201,0,0,0,0,0,0,0,0,0,0,0,0,0,0,0,0
28.6301,0,0,0,0,0,0,0,0,0,0,0,0,0,0,0,0
28.64,0,0,0,0,0,0,0,0,0,0,0,0,0,0,0,0
28.6501,0,0,0,0,0,0,0,0,0,0,0,0,0,0,0,0
28.6601,0,0,0,0,0,0,0,0,0,0,0,0,0,0,0,0
28.6701,0,0,0,0,0,0,0,0,0,0,0,0,0,0,0,0
28.6801,0,0,0,0,0,0,0,0,0,0,0,0,0,0,0,0
28.6901,0,0,0,0,0,0,0,0,0,0,0,0,0,0,0,0
28.7001,0,0,0,0,0,0,0,0,0,0,0,0,0,0,0,0
28.7101,0,0,0,0,0,0,0,0,0,0,0,0,0,0,0,0
28.7201,0,0,0,0,0,0,0,0,0,0,0,0,0,0,0,0
28.7301,0,0,0,0,0,0,0,0,0,0,0,0,0,0,0,0
28.7401,0,0,0,0,0,0,0,0,0,0,0,0,0,0,0,0
28.7501,0,0,0,0,0,0,0,0,0,0,0,0,0,0,0,0
28.7601,0,0,0,0,0,0,0,0,0,0,0,0,0,0,0,0
28.7701,0,0,0,0,0,0,0,0,0,0,0,0,0,0,0,0
28.7801,0,0,0,0,0,0,0,0,0,0,0,0,0,0,0,0
28.7901,0,0,0,0,0,0,0,0,0,0,0,0,0,0,0,0
28.8001,0,0,0,0,0,0,0,0,0,0,0,0,0,0,0,0
28.8101,0,0,0,0,0,0,0,0,0,0,0,0,0,0,0,0
28.8201,0,0,0,0,0,0,0,0,0,0,0,0,0,0,0,0
28.8301,0,0,0,0,0,0,0,0,0,0,0,0,0,0,0,0
28.8401,0,0,0,0,0,0,0,0,0,0,0,0,0,0,0,0
28.8501,0,0,0,0,0,0,0,0,0,0,0,0,0,0,0,0
28.8601,0,0,0,0,0,0,0,0,0,0,0,0,0,0,0,0
28.87,0,0,0,0,0,0,0,0,0,0,0,0,0,0,0,0
28.8801,0,0,0,0,0,0,0,0,0,0,0,0,0,0,0,0
28.8901,0,0,0,0,0,0,0,0,0,0,0,0,0,0,0,0
28.9001,0,0,0,0,0,0,0,0,0,0,0,0,0,0,0,0
28.9101,0,0,0,0,0,0,0,0,0,0,0,0,0,0,0,0
28.9201,0,0,0,0,0,0,0,0,0,0,0,0,0,0,0,0
28.9301,0,0,0,0,0,0,0,0,0,0,0,0,0,0,0,0
28.9401,0,0,0,0,0,0,0,0,0,0,0,0,0,0,0,0
28.9501,0,0,0,0,0,0,0,0,0,0,0,0,0,0,0,0
28.9601,0,0,0,0,0,0,0,0,0,0,0,0,0,0,0,0
28.9701,0,0,0,0,0,0,0,0,0,0,0,0,0,0,0,0
28.9801,0,0,0,0,0,0,0,0,0,0,0,0,0,0,0,0
28.99,0,0,0,0,0,0,0,0,0,0,0,0,0,0,0,0
29.0001,0,0,0,0,0,0,0,0,0,0,0,0,0,0,0,0
29.0101,0,0,0,0,0,0,0,0,0,0,0,0,0,0,0,0
29.02,0,0,0,0,0,0,0,0,0,0,0,0,0,0,0,0
29.0301,0,0,0,0,0,0,0,0,0,0,0,0,0,0,0,0
29.0401,0,0,0,0,0,0,0,0,0,0,0,0,0,0,0,0
29.0501,0,0,0,0,0,0,0,0,0,0,0,0,0,0,0,0
29.0601,0,0,0,0,0,0,0,0,0,0,0,0,0,0,0,0
29.07,0,0,0,0,0,0,0,0,0,0,0,0,0,0,0,0
29.0801,0,0,0,0,0,0,0,0,0,0,0,0,0,0,0,0
29.0901,0,0,0,0,0,0,0,0,0,0,0,0,0,0,0,0
29.1001,0,0,0,0,0,0,0,0,0,0,0,0,0,0,0,0
29.1101,0,0,0,0,0,0,0,0,0,0,0,0,0,0,0,0
29.1201,0,0,0,0,0,0,0,0,0,0,0,0,0,0,0,0
29.1301,0,0,0,0,0,0,0,0,0,0,0,0,0,0,0,0
29.14,0,0,0,0,0,0,0,0,0,0,0,0,0,0,0,0
29.1501,0,0,0,0,0,0,0,0,0,0,0,0,0,0,0,0
29.1601,0,0,0,0,0,0,0,0,0,0,0,0,0,0,0,0
29.1701,0,0,0,0,0,0,0,0,0,0,0,0,0,0,0,0
29.1801,0,0,0,0,0,0,0,0,0,0,0,0,0,0,0,0
29.1901,0,0,0,0,0,0,0,0,0,0,0,0,0,0,0,0
29.2001,0,0,0,0,0,0,0,0,0,0,0,0,0,0,0,0
29.2101,0,0,0,0,0,0,0,0,0,0,0,0,0,0,0,0
29.2201,0,0,0,0,0,0,0,0,0,0,0,0,0,0,0,0
29.2301,0,0,0,0,0,0,0,0,0,0,0,0,0,0,0,0
29.2401,0,0,0,0,0,0,0,0,0,0,0,0,0,0,0,0
29.2501,0,0,0,0,0,0,0,0,0,0,0,0,0,0,0,0
29.2601,0,0,0,0,0,0,0,0,0,0,0,0,0,0,0,0
29.2701,0,0,0,0,0,0,0,0,0,0,0,0,0,0,0,0
29.2801,0,0,0,0,0,0,0,0,0,0,0,0,0,0,0,0
29.2901,0,0,0,0,0,0,0,0,0,0,0,0,0,0,0,0
29.3001,0,0,0,0,0,0,0,0,0,0,0,0,0,0,0,0
29.3101,0,0,0,0,0,0,0,0,0,0,0,0,0,0,0,0
29.3201,0,0,0,0,0,0,0,0,0,0,0,0,0,0,0,0
29.3301,0,0,0,0,0,0,0,0,0,0,0,0,0,0,0,0
29.3401,0,0,0,0,0,0,0,0,0,0,0,0,0,0,0,0
29.3501,0,0,0,0,0,0,0,0,0,0,0,0,0,0,0,0
29.3601,0,0,0,0,0,0,0,0,0,0,0,0,0,0,0,0
29.3701,0,0,0,0,0,0,0,0,0,0,0,0,0,0,0,0
29.3801,0,0,0,0,0,0,0,0,0,0,0,0,0,0,0,0
29.3901,0,0,0,0,0,0,0,0,0,0,0,0,0,0,0,0
29.4001,0,0,0,0,0,0,0,0,0,0,0,0,0,0,0,0
29.4101,0,0,0,0,0,0,0,0,0,0,0,0,0,0,0,0
29.4201,0,0,0,0,0,0,0,0,0,0,0,0,0,0,0,0
29.4301,0,0,0,0,0,0,0,0,0,0,0,0,0,0,0,0
29.44,0,0,0,0,0,0,0,0,0,0,0,0,0,0,0,0
29.4501,0,0,0,0,0,0,0,0,0,0,0,0,0,0,0,0
29.4601,0,0,0,0,0,0,0,0,0,0,0,0,0,0,0,0
29.47,0,0,0,0,0,0,0,0,0,0,0,0,0,0,0,0
29.4801,0,0,0,0,0,0,0,0,0,0,0,0,0,0,0,0
29.4901,0,0,0,0,0,0,0,0,0,0,0,0,0,0,0,0
29.5001,0,0,0,0,0,0,0,0,0,0,0,0,0,0,0,0
29.5101,0,0,0,0,0,0,0,0,0,0,0,0,0,0,0,0
29.5201,0,0,0,0,0,0,0,0,0,0,0,0,0,0,0,0
29.5301,0,0,0,0,0,0,0,0,0,0,0,0,0,0,0,0
29.5401,0,0,0,0,0,0,0,0,0,0,0,0,0,0,0,0
29.5501,0,0,0,0,0,0,0,0,0,0,0,0,0,0,0,0
29.5601,0,0,0,0,0,0,0,0,0,0,0,0,0,0,0,0
29.5701,0,0,0,0,0,0,0,0,0,0,0,0,0,0,0,0
29.5801,0,0,0,0,0,0,0,0,0,0,0,0,0,0,0,0
29.5901,0,0,0,0,0,0,0,0,0,0,0,0,0,0,0,0
29.6001,0,0,0,0,0,0,0,0,0,0,0,0,0,0,0,0
29.6101,0,0,0,0,0,0,0,0,0,0,0,0,0,0,0,0
29.6201,0,0,0,0,0,0,0,0,0,0,0,0,0,0,0,0
29.6301,0,0,0,0,0,0,0,0,0,0,0,0,0,0,0,0
29.6401,0,0,0,0,0,0,0,0,0,0,0,0,0,0,0,0
29.6501,0,0,0,0,0,0,0,0,0,0,0,0,0,0,0,0
29.6601,0,0,0,0,0,0,0,0,0,0,0,0,0,0,0,0
29.6701,0,0,0,0,0,0,0,0,0,0,0,0,0,0,0,0
29.6801,0,0,0,0,0,0,0,0,0,0,0,0,0,0,0,0
29.6901,0,0,0,0,0,0,0,0,0,0,0,0,0,0,0,0
29.7001,0,0,0,0,0,0,0,0,0,0,0,0,0,0,0,0
29.7101,0,0,0,0,0,0,0,0,0,0,0,0,0,0,0,0
29.7201,0,0,0,0,0,0,0,0,0,0,0,0,0,0,0,0
29.7301,0,0,0,0,0,0,0,0,0,0,0,0,0,0,0,0
29.7401,0,0,0,0,0,0,0,0,0,0,0,0,0,0,0,0
29.7501,0,0,0,0,0,0,0,0,0,0,0,0,0,0,0,0
29.7601,0,0,0,0,0,0,0,0,0,0,0,0,0,0,0,0
29.7701,0,0,0,0,0,0,0,0,0,0,0,0,0,0,0,0
29.7801,0,0,0,0,0,0,0,0,0,0,0,0,0,0,0,0
29.7901,0,0,0,0,0,0,0,0,0,0,0,0,0,0,0,0
29.8001,0,0,0,0,0,0,0,0,0,0,0,0,0,0,0,0
29.8101,0,0,0,0,0,0,0,0,0,0,0,0,0,0,0,0
29.8201,0,0,0,0,0,0,0,0,0,0,0,0,0,0,0,0
29.8301,0,0,0,0,0,0,0,0,0,0,0,0,0,0,0,0
29.8401,0,0,0,0,0,0,0,0,0,0,0,0,0,0,0,0
29.8501,0,0,0,0,0,0,0,0,0,0,0,0,0,0,0,0
29.8601,0,0,0,0,0,0,0,0,0,0,0,0,0,0,0,0
29.8701,0,0,0,0,0,0,0,0,0,0,0,0,0,0,0,0
29.8801,0,0,0,0,0,0,0,0,0,0,0,0,0,0,0,0
29.8901,0,0,0,0,0,0,0,0,0,0,0,0,0,0,0,0
29.9001,0,0,0,0,0,0,0,0,0,0,0,0,0,0,0,0
29.9101,0,0,0,0,0,0,0,0,0,0,0,0,0,0,0,0
29.9201,0,0,0,0,0,0,0,0,0,0,0,0,0,0,0,0
29.9301,0,0,0,0,0,0,0,0,0,0,0,0,0,0,0,0
29.9401,0,0,0,0,0,0,0,0,0,0,0,0,0,0,0,0
29.9501,0,0,0,0,0,0,0,0,0,0,0,0,0,0,0,0
29.9601,0,0,0,0,0,0,0,0,0,0,0,0,0,0,0,0
29.9701,0,0,0,0,0,0,0,0,0,0,0,0,0,0,0,0
29.9801,0,0,0,0,0,0,0,0,0,0,0,0,0,0,0,0
29.9901,0,0,0,0,0,0,0,0,0,0,0,0,0,0,0,0
30.0001,0,0,0,0,0,0,0,0,0,0,0,0,0,0,0,0
30.0101,0,0,0,0,0,0,0,0,0,0,0,0,0,0,0,0
30.0201,0,0,0,0,0,0,0,0,0,0,0,0,0,0,0,0
30.0301,0,0,0,0,0,0,0,0,0,0,0,0,0,0,0,0
30.0401,0,0,0,0,0,0,0,0,0,0,0,0,0,0,0,0
30.0501,0,0,0,0,0,0,0,0,0,0,0,0,0,0,0,0
30.0601,0,0,0,0,0,0,0,0,0,0,0,0,0,0,0,0
30.0701,0,0,0,0,0,0,0,0,0,0,0,0,0,0,0,0
30.0801,0,0,0,0,0,0,0,0,0,0,0,0,0,0,0,0
30.0901,0,0,0,0,0,0,0,0,0,0,0,0,0,0,0,0
30.1001,0,0,0,0,0,0,0,0,0,0,0,0,0,0,0,0
30.1101,0,0,0,0,0,0,0,0,0,0,0,0,0,0,0,0
30.1201,0,0,0,0,0,0,0,0,0,0,0,0,0,0,0,0
30.1301,0,0,0,0,0,0,0,0,0,0,0,0,0,0,0,0
30.1401,0,0,0,0,0,0,0,0,0,0,0,0,0,0,0,0
30.1501,0,0,0,0,0,0,0,0,0,0,0,0,0,0,0,0
30.1601,0,0,0,0,0,0,0,0,0,0,0,0,0,0,0,0
30.1701,0,0,0,0,0,0,0,0,0,0,0,0,0,0,0,0
30.1801,0,0,0,0,0,0,0,0,0,0,0,0,0,0,0,0
30.1901,0,0,0,0,0,0,0,0,0,0,0,0,0,0,0,0
30.2001,0,0,0,0,0,0,0,0,0,0,0,0,0,0,0,0
30.2101,0,0,0,0,0,0,0,0,0,0,0,0,0,0,0,0
30.2201,0,0,0,0,0,0,0,0,0,0,0,0,0,0,0,0
30.2301,0,0,0,0,0,0,0,0,0,0,0,0,0,0,0,0
30.2401,0,0,0,0,0,0,0,0,0,0,0,0,0,0,0,0
30.2501,0,0,0,0,0,0,0,0,0,0,0,0,0,0,0,0
30.2601,0,0,0,0,0,0,0,0,0,0,0,0,0,0,0,0
30.2701,0,0,0,0,0,0,0,0,0,0,0,0,0,0,0,0
30.2801,0,0,0,0,0,0,0,0,0,0,0,0,0,0,0,0
30.2901,0,0,0,0,0,0,0,0,0,0,0,0,0,0,0,0
30.3001,0,0,0,0,0,0,0,0,0,0,0,0,0,0,0,0
30.3101,0,0,0,0,0,0,0,0,0,0,0,0,0,0,0,0
30.3201,0,0,0,0,0,0,0,0,0,0,0,0,0,0,0,0
30.3301,0,0,0,0,0,0,0,0,0,0,0,0,0,0,0,0
30.3401,0,0,0,0,0,0,0,0,0,0,0,0,0,0,0,0
30.3501,0,0,0,0,0,0,0,0,0,0,0,0,0,0,0,0
30.3601,0,0,0,0,0,0,0,0,0,0,0,0,0,0,0,0
30.3701,0,0,0,0,0,0,0,0,0,0,0,0,0,0,0,0
30.3801,0,0,0,0,0,0,0,0,0,0,0,0,0,0,0,0
30.3901,0,0,0,0,0,0,0,0,0,0,0,0,0,0,0,0
30.4001,0,0,0,0,0,0,0,0,0,0,0,0,0,0,0,0
30.4101,0,0,0,0,0,0,0,0,0,0,0,0,0,0,0,0
30.4201,0,0,0,0,0,0,0,0,0,0,0,0,0,0,0,0
30.4301,0,0,0,0,0,0,0,0,0,0,0,0,0,0,0,0
30.4401,0,0,0,0,0,0,0,0,0,0,0,0,0,0,0,0
30.4501,0,0,0,0,0,0,0,0,0,0,0,0,0,0,0,0
30.4601,0,0,0,0,0,0,0,0,0,0,0,0,0,0,0,0
30.4701,0,0,0,0,0,0,0,0,0,0,0,0,0,0,0,0
30.4801,0,0,0,0,0,0,0,0,0,0,0,0,0,0,0,0
30.4901,0,0,0,0,0,0,0,0,0,0,0,0,0,0,0,0
30.5001,0,0,0,0,0,0,0,0,0,0,0,0,0,0,0,0
30.5101,0,0,0,0,0,0,0,0,0,0,0,0,0,0,0,0
30.5201,0,0,0,0,0,0,0,0,0,0,0,0,0,0,0,0
30.5301,0,0,0,0,0,0,0,0,0,0,0,0,0,0,0,0
30.5401,0,0,0,0,0,0,0,0,0,0,0,0,0,0,0,0
30.5501,0,0,0,0,0,0,0,0,0,0,0,0,0,0,0,0
30.5601,0,0,0,0,0,0,0,0,0,0,0,0,0,0,0,0
30.5701,0,0,0,0,0,0,0,0,0,0,0,0,0,0,0,0
30.5801,0,0,0,0,0,0,0,0,0,0,0,0,0,0,0,0
30.5901,0,0,0,0,0,0,0,0,0,0,0,0,0,0,0,0
30.6001,0,0,0,0,0,0,0,0,0,0,0,0,0,0,0,0
30.6101,0,0,0,0,0,0,0,0,0,0,0,0,0,0,0,0
30.6201,0,0,0,0,0,0,0,0,0,0,0,0,0,0,0,0
30.6301,0,0,0,0,0,0,0,0,0,0,0,0,0,0,0,0
30.6401,0,0,0,0,0,0,0,0,0,0,0,0,0,0,0,0
30.6501,0,0,0,0,0,0,0,0,0,0,0,0,0,0,0,0
30.6601,0,0,0,0,0,0,0,0,0,0,0,0,0,0,0,0
30.6701,0,0,0,0,0,0,0,0,0,0,0,0,0,0,0,0
30.6801,0,0,0,0,0,0,0,0,0,0,0,0,0,0,0,0
30.6901,0,0,0,0,0,0,0,0,0,0,0,0,0,0,0,0
30.7001,0,0,0,0,0,0,0,0,0,0,0,0,0,0,0,0
30.7101,0,0,0,0,0,0,0,0,0,0,0,0,0,0,0,0
30.7201,0,0,0,0,0,0,0,0,0,0,0,0,0,0,0,0
30.7301,0,0,0,0,0,0,0,0,0,0,0,0,0,0,0,0
30.7401,0,0,0,0,0,0,0,0,0,0,0,0,0,0,0,0
30.7501,0,0,0,0,0,0,0,0,0,0,0,0,0,0,0,0
30.7601,0,0,0,0,0,0,0,0,0,0,0,0,0,0,0,0
30.7701,0,0,0,0,0,0,0,0,0,0,0,0,0,0,0,0
30.7801,0,0,0,0,0,0,0,0,0,0,0,0,0,0,0,0
30.7901,0,0,0,0,0,0,0,0,0,0,0,0,0,0,0,0
30.8001,0,0,0,0,0,0,0,0,0,0,0,0,0,0,0,0
30.8101,0,0,0,0,0,0,0,0,0,0,0,0,0,0,0,0
30.8201,0,0,0,0,0,0,0,0,0,0,0,0,0,0,0,0
30.8301,0,0,0,0,0,0,0,0,0,0,0,0,0,0,0,0
30.8401,0,0,0,0,0,0,0,0,0,0,0,0,0,0,0,0
30.8501,0,0,0,0,0,0,0,0,0,0,0,0,0,0,0,0
30.8601,0,0,0,0,0,0,0,0,0,0,0,0,0,0,0,0
30.8701,0,0,0,0,0,0,0,0,0,0,0,0,0,0,0,0
30.8801,0,0,0,0,0,0,0,0,0,0,0,0,0,0,0,0
30.8901,0,0,0,0,0,0,0,0,0,0,0,0,0,0,0,0
30.9001,0,0,0,0,0,0,0,0,0,0,0,0,0,0,0,0
30.9101,0,0,0,0,0,0,0,0,0,0,0,0,0,0,0,0
30.9201,0,0,0,0,0,0,0,0,0,0,0,0,0,0,0,0
30.9301,0,0,0,0,0,0,0,0,0,0,0,0,0,0,0,0
30.9401,0,0,0,0,0,0,0,0,0,0,0,0,0,0,0,0
30.9501,0,0,0,0,0,0,0,0,0,0,0,0,0,0,0,0
30.9601,0,0,0,0,0,0,0,0,0,0,0,0,0,0,0,0
30.9701,0,0,0,0,0,0,0,0,0,0,0,0,0,0,0,0
30.9801,0,0,0,0,0,0,0,0,0,0,0,0,0,0,0,0
30.9901,0,0,0,0,0,0,0,0,0,0,0,0,0,0,0,0
31.0001,0,0,0,0,0,0,0,0,0,0,0,0,0,0,0,0
31.0101,0,0,0,0,0,0,0,0,0,0,0,0,0,0,0,0
31.0201,0,0,0,0,0,0,0,0,0,0,0,0,0,0,0,0
31.0301,0,0,0,0,0,0,0,0,0,0,0,0,0,0,0,0
31.0401,0,0,0,0,0,0,0,0,0,0,0,0,0,0,0,0
31.0501,0,0,0,0,0,0,0,0,0,0,0,0,0,0,0,0
31.0601,0,0,0,0,0,0,0,0,0,0,0,0,0,0,0,0
31.0701,0,0,0,0,0,0,0,0,0,0,0,0,0,0,0,0
31.0801,0,0,0,0,0,0,0,0,0,0,0,0,0,0,0,0
31.0901,0,0,0,0,0,0,0,0,0,0,0,0,0,0,0,0
31.1001,0,0,0,0,0,0,0,0,0,0,0,0,0,0,0,0
31.1101,0,0,0,0,0,0,0,0,0,0,0,0,0,0,0,0
31.1201,0,0,0,0,0,0,0,0,0,0,0,0,0,0,0,0
31.1301,0,0,0,0,0,0,0,0,0,0,0,0,0,0,0,0
31.1401,0,0,0,0,0,0,0,0,0,0,0,0,0,0,0,0
31.1501,0,0,0,0,0,0,0,0,0,0,0,0,0,0,0,0
31.1601,0,0,0,0,0,0,0,0,0,0,0,0,0,0,0,0
31.1701,0,0,0,0,0,0,0,0,0,0,0,0,0,0,0,0
31.1801,0,0,0,0,0,0,0,0,0,0,0,0,0,0,0,0
31.1901,0,0,0,0,0,0,0,0,0,0,0,0,0,0,0,0
31.2001,0,0,0,0,0,0,0,0,0,0,0,0,0,0,0,0
31.2101,0,0,0,0,0,0,0,0,0,0,0,0,0,0,0,0
31.2201,0,0,0,0,0,0,0,0,0,0,0,0,0,0,0,0
31.2301,0,0,0,0,0,0,0,0,0,0,0,0,0,0,0,0
31.2401,0,0,0,0,0,0,0,0,0,0,0,0,0,0,0,0
31.2501,0,0,0,0,0,0,0,0,0,0,0,0,0,0,0,0
31.2601,0,0,0,0,0,0,0,0,0,0,0,0,0,0,0,0
31.2701,0,0,0,0,0,0,0,0,0,0,0,0,0,0,0,0
31.2801,0,0,0,0,0,0,0,0,0,0,0,0,0,0,0,0
31.2901,0,0,0,0,0,0,0,0,0,0,0,0,0,0,0,0
31.3001,0,0,0,0,0,0,0,0,0,0,0,0,0,0,0,0
31.3101,0,0,0,0,0,0,0,0,0,0,0,0,0,0,0,0
31.3201,0,0,0,0,0,0,0,0,0,0,0,0,0,0,0,0
31.3301,0,0,0,0,0,0,0,0,0,0,0,0,0,0,0,0
31.3401,0,0,0,0,0,0,0,0,0,0,0,0,0,0,0,0
31.3501,0,0,0,0,0,0,0,0,0,0,0,0,0,0,0,0
31.3601,0,0,0,0,0,0,0,0,0,0,0,0,0,0,0,0
31.3701,0,0,0,0,0,0,0,0,0,0,0,0,0,0,0,0
31.3801,0,0,0,0,0,0,0,0,0,0,0,0,0,0,0,0
31.3901,0,0,0,0,0,0,0,0,0,0,0,0,0,0,0,0
31.4001,0,0,0,0,0,0,0,0,0,0,0,0,0,0,0,0
31.4101,0,0,0,0,0,0,0,0,0,0,0,0,0,0,0,0
31.4201,0,0,0,0,0,0,0,0,0,0,0,0,0,0,0,0
31.4301,0,0,0,0,0,0,0,0,0,0,0,0,0,0,0,0
31.4401,0,0,0,0,0,0,0,0,0,0,0,0,0,0,0,0
31.4501,0,0,0,0,0,0,0,0,0,0,0,0,0,0,0,0
31.4601,0,0,0,0,0,0,0,0,0,0,0,0,0,0,0,0
31.4701,0,0,0,0,0,0,0,0,0,0,0,0,0,0,0,0
31.4801,0,0,0,0,0,0,0,0,0,0,0,0,0,0,0,0
31.4901,0,0,0,0,0,0,0,0,0,0,0,0,0,0,0,0
31.5001,0,0,0,0,0,0,0,0,0,0,0,0,0,0,0,0
31.5101,0,0,0,0,0,0,0,0,0,0,0,0,0,0,0,0
31.5201,0,0,0,0,0,0,0,0,0,0,0,0,0,0,0,0
31.5301,0,0,0,0,0,0,0,0,0,0,0,0,0,0,0,0
31.5401,0,0,0,0,0,0,0,0,0,0,0,0,0,0,0,0
31.5501,0,0,0,0,0,0,0,0,0,0,0,0,0,0,0,0
31.5601,0,0,0,0,0,0,0,0,0,0,0,0,0,0,0,0
31.5701,0,0,0,0,0,0,0,0,0,0,0,0,0,0,0,0
31.5801,0,0,0,0,0,0,0,0,0,0,0,0,0,0,0,0
31.5901,0,0,0,0,0,0,0,0,0,0,0,0,0,0,0,0
31.6001,0,0,0,0,0,0,0,0,0,0,0,0,0,0,0,0
31.6101,0,0,0,0,0,0,0,0,0,0,0,0,0,0,0,0
31.6201,0,0,0,0,0,0,0,0,0,0,0,0,0,0,0,0
31.6301,0,0,0,0,0,0,0,0,0,0,0,0,0,0,0,0
31.6401,0,0,0,0,0,0,0,0,0,0,0,0,0,0,0,0
31.6501,0,0,0,0,0,0,0,0,0,0,0,0,0,0,0,0
31.6601,0,0,0,0,0,0,0,0,0,0,0,0,0,0,0,0
31.6701,0,0,0,0,0,0,0,0,0,0,0,0,0,0,0,0
31.6801,0,0,0,0,0,0,0,0,0,0,0,0,0,0,0,0
31.6901,0,0,0,0,0,0,0,0,0,0,0,0,0,0,0,0
31.7001,0,0,0,0,0,0,0,0,0,0,0,0,0,0,0,0
31.7101,0,0,0,0,0,0,0,0,0,0,0,0,0,0,0,0
31.7201,0,0,0,0,0,0,0,0,0,0,0,0,0,0,0,0
31.7301,0,0,0,0,0,0,0,0,0,0,0,0,0,0,0,0
31.7401,0,0,0,0,0,0,0,0,0,0,0,0,0,0,0,0
31.7501,0,0,0,0,0,0,0,0,0,0,0,0,0,0,0,0
31.7601,0,0,0,0,0,0,0,0,0,0,0,0,0,0,0,0
31.7701,0,0,0,0,0,0,0,0,0,0,0,0,0,0,0,0
31.7801,0,0,0,0,0,0,0,0,0,0,0,0,0,0,0,0
31.7901,0,0,0,0,0,0,0,0,0,0,0,0,0,0,0,0
31.8001,0,0,0,0,0,0,0,0,0,0,0,0,0,0,0,0
31.8101,0,0,0,0,0,0,0,0,0,0,0,0,0,0,0,0
31.8201,0,0,0,0,0,0,0,0,0,0,0,0,0,0,0,0
31.8301,0,0,0,0,0,0,0,0,0,0,0,0,0,0,0,0
31.8401,0,0,0,0,0,0,0,0,0,0,0,0,0,0,0,0
31.8501,0,0,0,0,0,0,0,0,0,0,0,0,0,0,0,0
31.8601,0,0,0,0,0,0,0,0,0,0,0,0,0,0,0,0
31.8701,0,0,0,0,0,0,0,0,0,0,0,0,0,0,0,0
31.8801,0,0,0,0,0,0,0,0,0,0,0,0,0,0,0,0
31.8901,0,0,0,0,0,0,0,0,0,0,0,0,0,0,0,0
31.9001,0,0,0,0,0,0,0,0,0,0,0,0,0,0,0,0
31.9101,0,0,0,0,0,0,0,0,0,0,0,0,0,0,0,0
31.9201,0,0,0,0,0,0,0,0,0,0,0,0,0,0,0,0
31.9301,0,0,0,0,0,0,0,0,0,0,0,0,0,0,0,0
31.9401,0,0,0,0,0,0,0,0,0,0,0,0,0,0,0,0
31.9501,0,0,0,0,0,0,0,0,0,0,0,0,0,0,0,0
31.9601,0,0,0,0,0,0,0,0,0,0,0,0,0,0,0,0
31.9701,0,0,0,0,0,0,0,0,0,0,0,0,0,0,0,0
31.9801,0,0,0,0,0,0,0,0,0,0,0,0,0,0,0,0
31.9901,0,0,0,0,0,0,0,0,0,0,0,0,0,0,0,0
32.0001,0,0,0,0,0,0,0,0,0,0,0,0,0,0,0,0
32.0101,0,0,0,0,0,0,0,0,0,0,0,0,0,0,0,0
32.0201,0,0,0,0,0,0,0,0,0,0,0,0,0,0,0,0
32.0301,0,0,0,0,0,0,0,0,0,0,0,0,0,0,0,0
32.0401,0,0,0,0,0,0,0,0,0,0,0,0,0,0,0,0
32.0501,0,0,0,0,0,0,0,0,0,0,0,0,0,0,0,0
32.0601,0,0,0,0,0,0,0,0,0,0,0,0,0,0,0,0
32.0701,0,0,0,0,0,0,0,0,0,0,0,0,0,0,0,0
32.0801,0,0,0,0,0,0,0,0,0,0,0,0,0,0,0,0
32.0901,0,0,0,0,0,0,0,0,0,0,0,0,0,0,0,0
32.1001,0,0,0,0,0,0,0,0,0,0,0,0,0,0,0,0
32.1101,0,0,0,0,0,0,0,0,0,0,0,0,0,0,0,0
32.1201,0,0,0,0,0,0,0,0,0,0,0,0,0,0,0,0
32.1301,0,0,0,0,0,0,0,0,0,0,0,0,0,0,0,0
32.1401,0,0,0,0,0,0,0,0,0,0,0,0,0,0,0,0
32.1501,0,0,0,0,0,0,0,0,0,0,0,0,0,0,0,0
32.1601,0,0,0,0,0,0,0,0,0,0,0,0,0,0,0,0
32.1701,0,0,0,0,0,0,0,0,0,0,0,0,0,0,0,0
32.1801,0,0,0,0,0,0,0,0,0,0,0,0,0,0,0,0
32.1901,0,0,0,0,0,0,0,0,0,0,0,0,0,0,0,0
32.2001,0,0,0,0,0,0,0,0,0,0,0,0,0,0,0,0
32.2101,0,0,0,0,0,0,0,0,0,0,0,0,0,0,0,0
32.2201,0,0,0,0,0,0,0,0,0,0,0,0,0,0,0,0
32.2301,0,0,0,0,0,0,0,0,0,0,0,0,0,0,0,0
32.2401,0,0,0,0,0,0,0,0,0,0,0,0,0,0,0,0
32.2501,0,0,0,0,0,0,0,0,0,0,0,0,0,0,0,0
32.2601,0,0,0,0,0,0,0,0,0,0,0,0,0,0,0,0
32.2701,0,0,0,0,0,0,0,0,0,0,0,0,0,0,0,0
32.2801,0,0,0,0,0,0,0,0,0,0,0,0,0,0,0,0
32.2901,0,0,0,0,0,0,0,0,0,0,0,0,0,0,0,0
32.3001,0,0,0,0,0,0,0,0,0,0,0,0,0,0,0,0
32.3101,0,0,0,0,0,0,0,0,0,0,0,0,0,0,0,0
32.3201,0,0,0,0,0,0,0,0,0,0,0,0,0,0,0,0
32.3301,0,0,0,0,0,0,0,0,0,0,0,0,0,0,0,0
32.3401,0,0,0,0,0,0,0,0,0,0,0,0,0,0,0,0
32.3501,0,0,0,0,0,0,0,0,0,0,0,0,0,0,0,0
32.3601,0,0,0,0,0,0,0,0,0,0,0,0,0,0,0,0
32.3701,0,0,0,0,0,0,0,0,0,0,0,0,0,0,0,0
32.3801,0,0,0,0,0,0,0,0,0,0,0,0,0,0,0,0
32.3901,0,0,0,0,0,0,0,0,0,0,0,0,0,0,0,0
32.4001,0,0,0,0,0,0,0,0,0,0,0,0,0,0,0,0
32.4101,0,0,0,0,0,0,0,0,0,0,0,0,0,0,0,0
32.4201,0,0,0,0,0,0,0,0,0,0,0,0,0,0,0,0
32.4301,0,0,0,0,0,0,0,0,0,0,0,0,0,0,0,0
32.4401,0,0,0,0,0,0,0,0,0,0,0,0,0,0,0,0
32.4501,0,0,0,0,0,0,0,0,0,0,0,0,0,0,0,0
32.4601,0,0,0,0,0,0,0,0,0,0,0,0,0,0,0,0
32.4701,0,0,0,0,0,0,0,0,0,0,0,0,0,0,0,0
32.4801,0,0,0,0,0,0,0,0,0,0,0,0,0,0,0,0
32.4901,0,0,0,0,0,0,0,0,0,0,0,0,0,0,0,0
32.5001,0,0,0,0,0,0,0,0,0,0,0,0,0,0,0,0
32.5101,0,0,0,0,0,0,0,0,0,0,0,0,0,0,0,0
32.5201,0,0,0,0,0,0,0,0,0,0,0,0,0,0,0,0
32.5301,0,0,0,0,0,0,0,0,0,0,0,0,0,0,0,0
32.5401,0,0,0,0,0,0,0,0,0,0,0,0,0,0,0,0
32.5501,0,0,0,0,0,0,0,0,0,0,0,0,0,0,0,0
32.5601,0,0,0,0,0,0,0,0,0,0,0,0,0,0,0,0
32.5701,0,0,0,0,0,0,0,0,0,0,0,0,0,0,0,0
32.5801,0,0,0,0,0,0,0,0,0,0,0,0,0,0,0,0
32.5901,0,0,0,0,0,0,0,0,0,0,0,0,0,0,0,0
32.6001,0,0,0,0,0,0,0,0,0,0,0,0,0,0,0,0
32.6101,0,0,0,0,0,0,0,0,0,0,0,0,0,0,0,0
32.6201,0,0,0,0,0,0,0,0,0,0,0,0,0,0,0,0
32.6301,0,0,0,0,0,0,0,0,0,0,0,0,0,0,0,0
32.6401,0,0,0,0,0,0,0,0,0,0,0,0,0,0,0,0
32.6501,0,0,0,0,0,0,0,0,0,0,0,0,0,0,0,0
32.6601,0,0,0,0,0,0,0,0,0,0,0,0,0,0,0,0
32.6701,0,0,0,0,0,0,0,0,0,0,0,0,0,0,0,0
32.6801,0,0,0,0,0,0,0,0,0,0,0,0,0,0,0,0
32.6901,0,0,0,0,0,0,0,0,0,0,0,0,0,0,0,0
32.7001,0,0,0,0,0,0,0,0,0,0,0,0,0,0,0,0
32.7101,0,0,0,0,0,0,0,0,0,0,0,0,0,0,0,0
32.7201,0,0,0,0,0,0,0,0,0,0,0,0,0,0,0,0
32.7301,0,0,0,0,0,0,0,0,0,0,0,0,0,0,0,0
32.7401,0,0,0,0,0,0,0,0,0,0,0,0,0,0,0,0
32.7501,0,0,0,0,0,0,0,0,0,0,0,0,0,0,0,0
32.7601,0,0,0,0,0,0,0,0,0,0,0,0,0,0,0,0
32.7701,0,0,0,0,0,0,0,0,0,0,0,0,0,0,0,0
32.7801,0,0,0,0,0,0,0,0,0,0,0,0,0,0,0,0
32.7901,0,0,0,0,0,0,0,0,0,0,0,0,0,0,0,0
32.8001,0,0,0,0,0,0,0,0,0,0,0,0,0,0,0,0
32.8101,0,0,0,0,0,0,0,0,0,0,0,0,0,0,0,0
32.8201,0,0,0,0,0,0,0,0,0,0,0,0,0,0,0,0
32.8301,0,0,0,0,0,0,0,0,0,0,0,0,0,0,0,0
32.8401,0,0,0,0,0,0,0,0,0,0,0,0,0,0,0,0
32.8501,0,0,0,0,0,0,0,0,0,0,0,0,0,0,0,0
32.8601,0,0,0,0,0,0,0,0,0,0,0,0,0,0,0,0
32.8701,0,0,0,0,0,0,0,0,0,0,0,0,0,0,0,0
32.8801,0,0,0,0,0,0,0,0,0,0,0,0,0,0,0,0
32.8901,0,0,0,0,0,0,0,0,0,0,0,0,0,0,0,0
32.9001,0,0,0,0,0,0,0,0,0,0,0,0,0,0,0,0
32.9101,0,0,0,0,0,0,0,0,0,0,0,0,0,0,0,0
32.9201,0,0,0,0,0,0,0,0,0,0,0,0,0,0,0,0
32.9301,0,0,0,0,0,0,0,0,0,0,0,0,0,0,0,0
32.9401,0,0,0,0,0,0,0,0,0,0,0,0,0,0,0,0
32.9501,0,0,0,0,0,0,0,0,0,0,0,0,0,0,0,0
32.9601,0,0,0,0,0,0,0,0,0,0,0,0,0,0,0,0
32.9701,0,0,0,0,0,0,0,0,0,0,0,0,0,0,0,0
32.9801,0,0,0,0,0,0,0,0,0,0,0,0,0,0,0,0
32.9901,0,0,0,0,0,0,0,0,0,0,0,0,0,0,0,0
33.0001,0,0,0,0,0,0,0,0,0,0,0,0,0,0,0,0
33.0101,0,0,0,0,0,0,0,0,0,0,0,0,0,0,0,0
33.0201,0,0,0,0,0,0,0,0,0,0,0,0,0,0,0,0
33.0301,0,0,0,0,0,0,0,0,0,0,0,0,0,0,0,0
33.0401,0,0,0,0,0,0,0,0,0,0,0,0,0,0,0,0
33.0501,0,0,0,0,0,0,0,0,0,0,0,0,0,0,0,0
33.0601,0,0,0,0,0,0,0,0,0,0,0,0,0,0,0,0
33.0701,0,0,0,0,0,0,0,0,0,0,0,0,0,0,0,0
33.0801,0,0,0,0,0,0,0,0,0,0,0,0,0,0,0,0
33.0901,0,0,0,0,0,0,0,0,0,0,0,0,0,0,0,0
33.1001,0,0,0,0,0,0,0,0,0,0,0,0,0,0,0,0
33.1101,0,0,0,0,0,0,0,0,0,0,0,0,0,0,0,0
33.1201,0,0,0,0,0,0,0,0,0,0,0,0,0,0,0,0
33.1301,0,0,0,0,0,0,0,0,0,0,0,0,0,0,0,0
33.1401,0,0,0,0,0,0,0,0,0,0,0,0,0,0,0,0
33.1501,0,0,0,0,0,0,0,0,0,0,0,0,0,0,0,0
33.1601,0,0,0,0,0,0,0,0,0,0,0,0,0,0,0,0
33.1701,0,0,0,0,0,0,0,0,0,0,0,0,0,0,0,0
33.1801,0,0,0,0,0,0,0,0,0,0,0,0,0,0,0,0
33.1901,0,0,0,0,0,0,0,0,0,0,0,0,0,0,0,0
33.2,0,0,0,0,0,0,0,0,0,0,0,0,0,0,0,0
33.2101,0,0,0,0,0,0,0,0,0,0,0,0,0,0,0,0
33.2201,0,0,0,0,0,0,0,0,0,0,0,0,0,0,0,0
33.2301,0,0,0,0,0,0,0,0,0,0,0,0,0,0,0,0
33.2401,0,0,0,0,0,0,0,0,0,0,0,0,0,0,0,0
33.2501,0,0,0,0,0,0,0,0,0,0,0,0,0,0,0,0
33.2601,0,0,0,0,0,0,0,0,0,0,0,0,0,0,0,0
33.2701,0,0,0,0,0,0,0,0,0,0,0,0,0,0,0,0
33.2801,0,0,0,0,0,0,0,0,0,0,0,0,0,0,0,0
33.2901,0,0,0,0,0,0,0,0,0,0,0,0,0,0,0,0
33.3001,0,0,0,0,0,0,0,0,0,0,0,0,0,0,0,0
33.3101,0,0,0,0,0,0,0,0,0,0,0,0,0,0,0,0
33.3201,0,0,0,0,0,0,0,0,0,0,0,0,0,0,0,0
33.3301,0,0,0,0,0,0,0,0,0,0,0,0,0,0,0,0
33.3401,0,0,0,0,0,0,0,0,0,0,0,0,0,0,0,0
33.3501,0,0,0,0,0,0,0,0,0,0,0,0,0,0,0,0
33.3601,0,0,0,0,0,0,0,0,0,0,0,0,0,0,0,0
33.3701,0,0,0,0,0,0,0,0,0,0,0,0,0,0,0,0
33.3801,0,0,0,0,0,0,0,0,0,0,0,0,0,0,0,0
33.3901,0,0,0,0,0,0,0,0,0,0,0,0,0,0,0,0
33.4001,0,0,0,0,0,0,0,0,0,0,0,0,0,0,0,0
33.4101,0,0,0,0,0,0,0,0,0,0,0,0,0,0,0,0
33.4201,0,0,0,0,0,0,0,0,0,0,0,0,0,0,0,0
33.4301,0,0,0,0,0,0,0,0,0,0,0,0,0,0,0,0
33.4401,0,0,0,0,0,0,0,0,0,0,0,0,0,0,0,0
33.4501,0,0,0,0,0,0,0,0,0,0,0,0,0,0,0,0
33.4601,0,0,0,0,0,0,0,0,0,0,0,0,0,0,0,0
33.4701,0,0,0,0,0,0,0,0,0,0,0,0,0,0,0,0
33.4801,0,0,0,0,0,0,0,0,0,0,0,0,0,0,0,0
33.4901,0,0,0,0,0,0,0,0,0,0,0,0,0,0,0,0
33.5001,0,0,0,0,0,0,0,0,0,0,0,0,0,0,0,0
33.5101,0,0,0,0,0,0,0,0,0,0,0,0,0,0,0,0
33.5201,0,0,0,0,0,0,0,0,0,0,0,0,0,0,0,0
33.5301,0,0,0,0,0,0,0,0,0,0,0,0,0,0,0,0
33.5401,0,0,0,0,0,0,0,0,0,0,0,0,0,0,0,0
33.5501,0,0,0,0,0,0,0,0,0,0,0,0,0,0,0,0
33.5601,0,0,0,0,0,0,0,0,0,0,0,0,0,0,0,0
33.5701,0,0,0,0,0,0,0,0,0,0,0,0,0,0,0,0
33.5801,0,0,0,0,0,0,0,0,0,0,0,0,0,0,0,0
33.5901,0,0,0,0,0,0,0,0,0,0,0,0,0,0,0,0
33.6001,0,0,0,0,0,0,0,0,0,0,0,0,0,0,0,0
33.6101,0,0,0,0,0,0,0,0,0,0,0,0,0,0,0,0
33.6201,0,0,0,0,0,0,0,0,0,0,0,0,0,0,0,0
33.6301,0,0,0,0,0,0,0,0,0,0,0,0,0,0,0,0
33.64,0,0,0,0,0,0,0,0,0,0,0,0,0,0,0,0
33.6501,0,0,0,0,0,0,0,0,0,0,0,0,0,0,0,0
33.6601,0,0,0,0,0,0,0,0,0,0,0,0,0,0,0,0
33.6701,0,0,0,0,0,0,0,0,0,0,0,0,0,0,0,0
33.6801,0,0,0,0,0,0,0,0,0,0,0,0,0,0,0,0
33.6901,0,0,0,0,0,0,0,0,0,0,0,0,0,0,0,0
33.7001,0,0,0,0,0,0,0,0,0,0,0,0,0,0,0,0
33.7101,0,0,0,0,0,0,0,0,0,0,0,0,0,0,0,0
33.7201,0,0,0,0,0,0,0,0,0,0,0,0,0,0,0,0
33.7301,0,0,0,0,0,0,0,0,0,0,0,0,0,0,0,0
33.7401,0,0,0,0,0,0,0,0,0,0,0,0,0,0,0,0
33.7501,0,0,0,0,0,0,0,0,0,0,0,0,0,0,0,0
33.7601,0,0,0,0,0,0,0,0,0,0,0,0,0,0,0,0
33.7701,0,0,0,0,0,0,0,0,0,0,0,0,0,0,0,0
33.7801,0,0,0,0,0,0,0,0,0,0,0,0,0,0,0,0
33.7901,0,0,0,0,0,0,0,0,0,0,0,0,0,0,0,0
33.8001,0,0,0,0,0,0,0,0,0,0,0,0,0,0,0,0
33.8101,0,0,0,0,0,0,0,0,0,0,0,0,0,0,0,0
33.82,0,0,0,0,0,0,0,0,0,0,0,0,0,0,0,0
33.8301,0,0,0,0,0,0,0,0,0,0,0,0,0,0,0,0
33.8401,0,0,0,0,0,0,0,0,0,0,0,0,0,0,0,0
33.8501,0,0,0,0,0,0,0,0,0,0,0,0,0,0,0,0
33.8601,0,0,0,0,0,0,0,0,0,0,0,0,0,0,0,0
33.8701,0,0,0,0,0,0,0,0,0,0,0,0,0,0,0,0
33.8801,0,0,0,0,0,0,0,0,0,0,0,0,0,0,0,0
33.8901,0,0,0,0,0,0,0,0,0,0,0,0,0,0,0,0
33.9001,0,0,0,0,0,0,0,0,0,0,0,0,0,0,0,0
33.9101,0,0,0,0,0,0,0,0,0,0,0,0,0,0,0,0
33.9201,0,0,0,0,0,0,0,0,0,0,0,0,0,0,0,0
33.9301,0,0,0,0,0,0,0,0,0,0,0,0,0,0,0,0
33.9401,0,0,0,0,0,0,0,0,0,0,0,0,0,0,0,0
33.9501,0,0,0,0,0,0,0,0,0,0,0,0,0,0,0,0
33.9601,0,0,0,0,0,0,0,0,0,0,0,0,0,0,0,0
33.9701,0,0,0,0,0,0,0,0,0,0,0,0,0,0,0,0
33.9801,0,0,0,0,0,0,0,0,0,0,0,0,0,0,0,0
33.9901,0,0,0,0,0,0,0,0,0,0,0,0,0,0,0,0
34.0001,0,0,0,0,0,0,0,0,0,0,0,0,0,0,0,0
34.0101,0,0,0,0,0,0,0,0,0,0,0,0,0,0,0,0
34.0201,0,0,0,0,0,0,0,0,0,0,0,0,0,0,0,0
34.0301,0,0,0,0,0,0,0,0,0,0,0,0,0,0,0,0
34.0401,0,0,0,0,0,0,0,0,0,0,0,0,0,0,0,0
34.0501,0,0,0,0,0,0,0,0,0,0,0,0,0,0,0,0
34.0601,0,0,0,0,0,0,0,0,0,0,0,0,0,0,0,0
34.0701,0,0,0,0,0,0,0,0,0,0,0,0,0,0,0,0
34.0801,0,0,0,0,0,0,0,0,0,0,0,0,0,0,0,0
34.0901,0,0,0,0,0,0,0,0,0,0,0,0,0,0,0,0
34.1001,0,0,0,0,0,0,0,0,0,0,0,0,0,0,0,0
34.1101,0,0,0,0,0,0,0,0,0,0,0,0,0,0,0,0
34.1201,0,0,0,0,0,0,0,0,0,0,0,0,0,0,0,0
34.1301,0,0,0,0,0,0,0,0,0,0,0,0,0,0,0,0
34.1401,0,0,0,0,0,0,0,0,0,0,0,0,0,0,0,0
34.1501,0,0,0,0,0,0,0,0,0,0,0,0,0,0,0,0
34.1601,0,0,0,0,0,0,0,0,0,0,0,0,0,0,0,0
34.1701,0,0,0,0,0,0,0,0,0,0,0,0,0,0,0,0
34.1801,0,0,0,0,0,0,0,0,0,0,0,0,0,0,0,0
34.1901,0,0,0,0,0,0,0,0,0,0,0,0,0,0,0,0
34.2001,0,0,0,0,0,0,0,0,0,0,0,0,0,0,0,0
34.2101,0,0,0,0,0,0,0,0,0,0,0,0,0,0,0,0
34.2201,0,0,0,0,0,0,0,0,0,0,0,0,0,0,0,0
34.2301,0,0,0,0,0,0,0,0,0,0,0,0,0,0,0,0
34.2401,0,0,0,0,0,0,0,0,0,0,0,0,0,0,0,0
34.2501,0,0,0,0,0,0,0,0,0,0,0,0,0,0,0,0
34.2601,0,0,0,0,0,0,0,0,0,0,0,0,0,0,0,0
34.2701,0,0,0,0,0,0,0,0,0,0,0,0,0,0,0,0
34.2801,0,0,0,0,0,0,0,0,0,0,0,0,0,0,0,0
34.2901,0,0,0,0,0,0,0,0,0,0,0,0,0,0,0,0
34.3001,0,0,0,0,0,0,0,0,0,0,0,0,0,0,0,0
34.3101,0,0,0,0,0,0,0,0,0,0,0,0,0,0,0,0
34.3201,0,0,0,0,0,0,0,0,0,0,0,0,0,0,0,0
34.3301,0,0,0,0,0,0,0,0,0,0,0,0,0,0,0,0
34.3401,0,0,0,0,0,0,0,0,0,0,0,0,0,0,0,0
34.3501,0,0,0,0,0,0,0,0,0,0,0,0,0,0,0,0
34.3601,0,0,0,0,0,0,0,0,0,0,0,0,0,0,0,0
34.3701,0,0,0,0,0,0,0,0,0,0,0,0,0,0,0,0
34.3801,0,0,0,0,0,0,0,0,0,0,0,0,0,0,0,0
34.3901,0,0,0,0,0,0,0,0,0,0,0,0,0,0,0,0
34.4001,0,0,0,0,0,0,0,0,0,0,0,0,0,0,0,0
34.4101,0,0,0,0,0,0,0,0,0,0,0,0,0,0,0,0
34.4201,0,0,0,0,0,0,0,0,0,0,0,0,0,0,0,0
34.4301,0,0,0,0,0,0,0,0,0,0,0,0,0,0,0,0
34.4401,0,0,0,0,0,0,0,0,0,0,0,0,0,0,0,0
34.4501,0,0,0,0,0,0,0,0,0,0,0,0,0,0,0,0
34.4601,0,0,0,0,0,0,0,0,0,0,0,0,0,0,0,0
34.4701,0,0,0,0,0,0,0,0,0,0,0,0,0,0,0,0
34.4801,0,0,0,0,0,0,0,0,0,0,0,0,0,0,0,0
34.4901,0,0,0,0,0,0,0,0,0,0,0,0,0,0,0,0
34.5001,0,0,0,0,0,0,0,0,0,0,0,0,0,0,0,0
34.5101,0,0,0,0,0,0,0,0,0,0,0,0,0,0,0,0
34.5201,0,0,0,0,0,0,0,0,0,0,0,0,0,0,0,0
34.5301,0,0,0,0,0,0,0,0,0,0,0,0,0,0,0,0
34.5401,0,0,0,0,0,0,0,0,0,0,0,0,0,0,0,0
34.5501,0,0,0,0,0,0,0,0,0,0,0,0,0,0,0,0
34.5601,0,0,0,0,0,0,0,0,0,0,0,0,0,0,0,0
34.5701,0,0,0,0,0,0,0,0,0,0,0,0,0,0,0,0
34.5801,0,0,0,0,0,0,0,0,0,0,0,0,0,0,0,0
34.5901,0,0,0,0,0,0,0,0,0,0,0,0,0,0,0,0
34.6001,0,0,0,0,0,0,0,0,0,0,0,0,0,0,0,0
34.6101,0,0,0,0,0,0,0,0,0,0,0,0,0,0,0,0
34.62,0,0,0,0,0,0,0,0,0,0,0,0,0,0,0,0
34.6301,0,0,0,0,0,0,0,0,0,0,0,0,0,0,0,0
34.6401,0,0,0,0,0,0,0,0,0,0,0,0,0,0,0,0
34.6501,0,0,0,0,0,0,0,0,0,0,0,0,0,0,0,0
34.6601,0,0,0,0,0,0,0,0,0,0,0,0,0,0,0,0
34.6701,0,0,0,0,0,0,0,0,0,0,0,0,0,0,0,0
34.6801,0,0,0,0,0,0,0,0,0,0,0,0,0,0,0,0
34.6901,0,0,0,0,0,0,0,0,0,0,0,0,0,0,0,0
34.7001,0,0,0,0,0,0,0,0,0,0,0,0,0,0,0,0
34.7101,0,0,0,0,0,0,0,0,0,0,0,0,0,0,0,0
34.7201,0,0,0,0,0,0,0,0,0,0,0,0,0,0,0,0
34.7301,0,0,0,0,0,0,0,0,0,0,0,0,0,0,0,0
34.7401,0,0,0,0,0,0,0,0,0,0,0,0,0,0,0,0
34.7501,0,0,0,0,0,0,0,0,0,0,0,0,0,0,0,0
34.7601,0,0,0,0,0,0,0,0,0,0,0,0,0,0,0,0
34.7701,0,0,0,0,0,0,0,0,0,0,0,0,0,0,0,0
34.7801,0,0,0,0,0,0,0,0,0,0,0,0,0,0,0,0
35.2001,0,0,0,0,0,0,0,0,0,0,0,0,0,0,0,0
35.2101,0,0,0,0,0,0,0,0,0,0,0,0,0,0,0,0
35.2201,0,0,0,0,0,0,0,0,0,0,0,0,0,0,0,0
35.2301,0,0,0,0,0,0,0,0,0,0,0,0,0,0,0,0
35.2401,0,0,0,0,0,0,0,0,0,0,0,0,0,0,0,0
35.2501,0,0,0,0,0,0,0,0,0,0,0,0,0,0,0,0
35.2601,0,0,0,0,0,0,0,0,0,0,0,0,0,0,0,0
35.2701,0,0,0,0,0,0,0,0,0,0,0,0,0,0,0,0
35.2801,0,0,0,0,0,0,0,0,0,0,0,0,0,0,0,0
36.0901,0,0,0,0,0,0,0,0,0,0,0,0,0,0,0,0
36.1001,0,0,0,0,0,0,0,0,0,0,0,0,0,0,0,0
36.1101,0,0,0,0,0,0,0,0,0,0,0,0,0,0,0,0
36.1201,0,0,0,0,0,0,0,0,0,0,0,0,0,0,0,0
36.1301,0,0,0,0,0,0,0,0,0,0,0,0,0,0,0,0
36.1401,0,0,0,0,0,0,0,0,0,0,0,0,0,0,0,0
36.1501,0,0,0,0,0,0,0,0,0,0,0,0,0,0,0,0
36.1601,0,0,0,0,0,0,0,0,0,0,0,0,0,0,0,0
36.1701,0,0,0,0,0,0,0,0,0,0,0,0,0,0,0,0
36.1801,0,0,0,0,0,0,0,0,0,0,0,0,0,0,0,0
36.1901,0,0,0,0,0,0,0,0,0,0,0,0,0,0,0,0
36.2001,0,0,0,0,0,0,0,0,0,0,0,0,0,0,0,0
36.2101,0,0,0,0,0,0,0,0,0,0,0,0,0,0,0,0
36.2201,0,0,0,0,0,0,0,0,0,0,0,0,0,0,0,0
36.2301,0,0,0,0,0,0,0,0,0,0,0,0,0,0,0,0
36.2401,0,0,0,0,0,0,0,0,0,0,0,0,0,0,0,0
36.2501,0,0,0,0,0,0,0,0,0,0,0,0,0,0,0,0
36.2601,0,0,0,0,0,0,0,0,0,0,0,0,0,0,0,0
36.2701,0,0,0,0,0,0,0,0,0,0,0,0,0,0,0,0
36.2801,0,0,0,0,0,0,0,0,0,0,0,0,0,0,0,0
36.2901,0,0,0,0,0,0,0,0,0,0,0,0,0,0,0,0
36.3001,0,0,0,0,0,0,0,0,0,0,0,0,0,0,0,0
36.3101,0,0,0,0,0,0,0,0,0,0,0,0,0,0,0,0
36.3201,0,0,0,0,0,0,0,0,0,0,0,0,0,0,0,0
36.3301,0,0,0,0,0,0,0,0,0,0,0,0,0,0,0,0
36.3401,0,0,0,0,0,0,0,0,0,0,0,0,0,0,0,0
36.3501,0,0,0,0,0,0,0,0,0,0,0,0,0,0,0,0
36.3601,0,0,0,0,0,0,0,0,0,0,0,0,0,0,0,0
36.3701,0,0,0,0,0,0,0,0,0,0,0,0,0,0,0,0
36.3801,0,0,0,0,0,0,0,0,0,0,0,0,0,0,0,0
36.3901,0,0,0,0,0,0,0,0,0,0,0,0,0,0,0,0
36.4001,0,0,0,0,0,0,0,0,0,0,0,0,0,0,0,0
36.4101,0,0,0,0,0,0,0,0,0,0,0,0,0,0,0,0
36.4201,0,0,0,0,0,0,0,0,0,0,0,0,0,0,0,0
36.4301,0,0,0,0,0,0,0,0,0,0,0,0,0,0,0,0
36.4401,0,0,0,0,0,0,0,0,0,0,0,0,0,0,0,0
36.4501,0,0,0,0,0,0,0,0,0,0,0,0,0,0,0,0
36.4601,0,0,0,0,0,0,0,0,0,0,0,0,0,0,0,0
36.4701,0,0,0,0,0,0,0,0,0,0,0,0,0,0,0,0
36.4801,0,0,0,0,0,0,0,0,0,0,0,0,0,0,0,0
36.4901,0,0,0,0,0,0,0,0,0,0,0,0,0,0,0,0
36.5001,0,0,0,0,0,0,0,0,0,0,0,0,0,0,0,0
36.5101,0,0,0,0,0,0,0,0,0,0,0,0,0,0,0,0
36.5201,0,0,0,0,0,0,0,0,0,0,0,0,0,0,0,0
36.5301,0,0,0,0,0,0,0,0,0,0,0,0,0,0,0,0
36.5401,0,0,0,0,0,0,0,0,0,0,0,0,0,0,0,0
36.5501,0,0,0,0,0,0,0,0,0,0,0,0,0,0,0,0
36.5601,0,0,0,0,0,0,0,0,0,0,0,0,0,0,0,0
36.5701,0,0,0,0,0,0,0,0,0,0,0,0,0,0,0,0
36.5801,0,0,0,0,0,0,0,0,0,0,0,0,0,0,0,0
36.5901,0,0,0,0,0,0,0,0,0,0,0,0,0,0,0,0
36.6001,0,0,0,0,0,0,0,0,0,0,0,0,0,0,0,0
36.6101,0,0,0,0,0,0,0,0,0,0,0,0,0,0,0,0
36.6201,0,0,0,0,0,0,0,0,0,0,0,0,0,0,0,0
36.6301,0,0,0,0,0,0,0,0,0,0,0,0,0,0,0,0
36.6401,0,0,0,0,0,0,0,0,0,0,0,0,0,0,0,0
36.6501,0,0,0,0,0,0,0,0,0,0,0,0,0,0,0,0
36.6601,0,0,0,0,0,0,0,0,0,0,0,0,0,0,0,0
36.6701,0,0,0,0,0,0,0,0,0,0,0,0,0,0,0,0
36.6801,0,0,0,0,0,0,0,0,0,0,0,0,0,0,0,0
36.6901,0,0,0,0,0,0,0,0,0,0,0,0,0,0,0,0
36.7001,0,0,0,0,0,0,0,0,0,0,0,0,0,0,0,0
36.7101,0,0,0,0,0,0,0,0,0,0,0,0,0,0,0,0
36.7201,0,0,0,0,0,0,0,0,0,0,0,0,0,0,0,0
36.7301,0,0,0,0,0,0,0,0,0,0,0,0,0,0,0,0
36.7401,0,0,0,0,0,0,0,0,0,0,0,0,0,0,0,0
36.7501,0,0,0,0,0,0,0,0,0,0,0,0,0,0,0,0
36.7601,0,0,0,0,0,0,0,0,0,0,0,0,0,0,0,0
36.7701,0,0,0,0,0,0,0,0,0,0,0,0,0,0,0,0
36.7801,0,0,0,0,0,0,0,0,0,0,0,0,0,0,0,0
36.7901,0,0,0,0,0,0,0,0,0,0,0,0,0,0,0,0
36.8001,0,0,0,0,0,0,0,0,0,0,0,0,0,0,0,0
36.8101,0,0,0,0,0,0,0,0,0,0,0,0,0,0,0,0
36.8201,0,0,0,0,0,0,0,0,0,0,0,0,0,0,0,0
36.8301,0,0,0,0,0,0,0,0,0,0,0,0,0,0,0,0
36.8401,0,0,0,0,0,0,0,0,0,0,0,0,0,0,0,0
36.8501,0,0,0,0,0,0,0,0,0,0,0,0,0,0,0,0
36.8601,0,0,0,0,0,0,0,0,0,0,0,0,0,0,0,0
36.8701,0,0,0,0,0,0,0,0,0,0,0,0,0,0,0,0
36.8801,0,0,0,0,0,0,0,0,0,0,0,0,0,0,0,0
36.8901,0,0,0,0,0,0,0,0,0,0,0,0,0,0,0,0
36.9001,0,0,0,0,0,0,0,0,0,0,0,0,0,0,0,0
36.9101,0,0,0,0,0,0,0,0,0,0,0,0,0,0,0,0
36.9201,0,0,0,0,0,0,0,0,0,0,0,0,0,0,0,0
36.9301,0,0,0,0,0,0,0,0,0,0,0,0,0,0,0,0
36.9401,0,0,0,0,0,0,0,0,0,0,0,0,0,0,0,0
36.9501,0,0,0,0,0,0,0,0,0,0,0,0,0,0,0,0
36.9601,0,0,0,0,0,0,0,0,0,0,0,0,0,0,0,0
36.9701,0,0,0,0,0,0,0,0,0,0,0,0,0,0,0,0
36.9801,0,0,0,0,0,0,0,0,0,0,0,0,0,0,0,0
36.9901,0,0,0,0,0,0,0,0,0,0,0,0,0,0,0,0
37.0001,0,0,0,0,0,0,0,0,0,0,0,0,0,0,0,0
37.0101,0,0,0,0,0,0,0,0,0,0,0,0,0,0,0,0
37.0201,0,0,0,0,0,0,0,0,0,0,0,0,0,0,0,0
37.0301,0,0,0,0,0,0,0,0,0,0,0,0,0,0,0,0
37.0401,0,0,0,0,0,0,0,0,0,0,0,0,0,0,0,0
37.0501,0,0,0,0,0,0,0,0,0,0,0,0,0,0,0,0
37.0601,0,0,0,0,0,0,0,0,0,0,0,0,0,0,0,0
37.0701,0,0,0,0,0,0,0,0,0,0,0,0,0,0,0,0
37.0801,0,0,0,0,0,0,0,0,0,0,0,0,0,0,0,0
37.0901,0,0,0,0,0,0,0,0,0,0,0,0,0,0,0,0
37.1001,0,0,0,0,0,0,0,0,0,0,0,0,0,0,0,0
37.1101,0,0,0,0,0,0,0,0,0,0,0,0,0,0,0,0
37.1201,0,0,0,0,0,0,0,0,0,0,0,0,0,0,0,0
37.1301,0,0,0,0,0,0,0,0,0,0,0,0,0,0,0,0
37.1401,0,0,0,0,0,0,0,0,0,0,0,0,0,0,0,0
37.1501,0,0,0,0,0,0,0,0,0,0,0,0,0,0,0,0
37.1601,0,0,0,0,0,0,0,0,0,0,0,0,0,0,0,0
37.1701,0,0,0,0,0,0,0,0,0,0,0,0,0,0,0,0
37.1801,0,0,0,0,0,0,0,0,0,0,0,0,0,0,0,0
37.1901,0,0,0,0,0,0,0,0,0,0,0,0,0,0,0,0
37.2001,0,0,0,0,0,0,0,0,0,0,0,0,0,0,0,0
37.2101,0,0,0,0,0,0,0,0,0,0,0,0,0,0,0,0
37.2201,0,0,0,0,0,0,0,0,0,0,0,0,0,0,0,0
37.2301,0,0,0,0,0,0,0,0,0,0,0,0,0,0,0,0
37.2401,0,0,0,0,0,0,0,0,0,0,0,0,0,0,0,0
37.2501,0,0,0,0,0,0,0,0,0,0,0,0,0,0,0,0
37.2601,0,0,0,0,0,0,0,0,0,0,0,0,0,0,0,0
37.2701,0,0,0,0,0,0,0,0,0,0,0,0,0,0,0,0
37.2801,0,0,0,0,0,0,0,0,0,0,0,0,0,0,0,0
37.2901,0,0,0,0,0,0,0,0,0,0,0,0,0,0,0,0
37.3001,0,0,0,0,0,0,0,0,0,0,0,0,0,0,0,0
37.3101,0,0,0,0,0,0,0,0,0,0,0,0,0,0,0,0
37.3201,0,0,0,0,0,0,0,0,0,0,0,0,0,0,0,0
37.3301,0,0,0,0,0,0,0,0,0,0,0,0,0,0,0,0
37.3401,0,0,0,0,0,0,0,0,0,0,0,0,0,0,0,0
37.3501,0,0,0,0,0,0,0,0,0,0,0,0,0,0,0,0
37.3601,0,0,0,0,0,0,0,0,0,0,0,0,0,0,0,0
37.3701,0,0,0,0,0,0,0,0,0,0,0,0,0,0,0,0
37.3801,0,0,0,0,0,0,0,0,0,0,0,0,0,0,0,0
37.3901,0,0,0,0,0,0,0,0,0,0,0,0,0,0,0,0
37.4001,0,0,0,0,0,0,0,0,0,0,0,0,0,0,0,0
37.4101,0,0,0,0,0,0,0,0,0,0,0,0,0,0,0,0
37.4201,0,0,0,0,0,0,0,0,0,0,0,0,0,0,0,0
37.4301,0,0,0,0,0,0,0,0,0,0,0,0,0,0,0,0
37.4401,0,0,0,0,0,0,0,0,0,0,0,0,0,0,0,0
37.4501,0,0,0,0,0,0,0,0,0,0,0,0,0,0,0,0
37.4601,0,0,0,0,0,0,0,0,0,0,0,0,0,0,0,0
37.4701,0,0,0,0,0,0,0,0,0,0,0,0,0,0,0,0
37.4801,0,0,0,0,0,0,0,0,0,0,0,0,0,0,0,0
37.4901,0,0,0,0,0,0,0,0,0,0,0,0,0,0,0,0
37.5001,0,0,0,0,0,0,0,0,0,0,0,0,0,0,0,0
37.5101,0,0,0,0,0,0,0,0,0,0,0,0,0,0,0,0
37.5201,0,0,0,0,0,0,0,0,0,0,0,0,0,0,0,0
37.5301,0,0,0,0,0,0,0,0,0,0,0,0,0,0,0,0
37.5401,0,0,0,0,0,0,0,0,0,0,0,0,0,0,0,0
37.5501,0,0,0,0,0,0,0,0,0,0,0,0,0,0,0,0
37.5601,0,0,0,0,0,0,0,0,0,0,0,0,0,0,0,0
37.5701,0,0,0,0,0,0,0,0,0,0,0,0,0,0,0,0
37.5801,0,0,0,0,0,0,0,0,0,0,0,0,0,0,0,0
37.5901,0,0,0,0,0,0,0,0,0,0,0,0,0,0,0,0
37.6001,0,0,0,0,0,0,0,0,0,0,0,0,0,0,0,0
37.6101,0,0,0,0,0,0,0,0,0,0,0,0,0,0,0,0
37.6201,0,0,0,0,0,0,0,0,0,0,0,0,0,0,0,0
37.6301,0,0,0,0,0,0,0,0,0,0,0,0,0,0,0,0
37.6401,0,0,0,0,0,0,0,0,0,0,0,0,0,0,0,0
37.6501,0,0,0,0,0,0,0,0,0,0,0,0,0,0,0,0
37.6601,0,0,0,0,0,0,0,0,0,0,0,0,0,0,0,0
37.6701,0,0,0,0,0,0,0,0,0,0,0,0,0,0,0,0
37.6801,0,0,0,0,0,0,0,0,0,0,0,0,0,0,0,0
37.6901,0,0,0,0,0,0,0,0,0,0,0,0,0,0,0,0
37.7001,0,0,0,0,0,0,0,0,0,0,0,0,0,0,0,0
37.7101,0,0,0,0,0,0,0,0,0,0,0,0,0,0,0,0
37.7201,0,0,0,0,0,0,0,0,0,0,0,0,0,0,0,0
37.7301,0,0,0,0,0,0,0,0,0,0,0,0,0,0,0,0
37.7401,0,0,0,0,0,0,0,0,0,0,0,0,0,0,0,0
37.7501,0,0,0,0,0,0,0,0,0,0,0,0,0,0,0,0
37.7601,0,0,0,0,0,0,0,0,0,0,0,0,0,0,0,0
37.7701,0,0,0,0,0,0,0,0,0,0,0,0,0,0,0,0
37.7801,0,0,0,0,0,0,0,0,0,0,0,0,0,0,0,0
37.7901,0,0,0,0,0,0,0,0,0,0,0,0,0,0,0,0
37.8001,0,0,0,0,0,0,0,0,0,0,0,0,0,0,0,0
37.8101,0,0,0,0,0,0,0,0,0,0,0,0,0,0,0,0
37.8201,0,0,0,0,0,0,0,0,0,0,0,0,0,0,0,0
37.8301,0,0,0,0,0,0,0,0,0,0,0,0,0,0,0,0
37.8401,0,0,0,0,0,0,0,0,0,0,0,0,0,0,0,0
37.8501,0,0,0,0,0,0,0,0,0,0,0,0,0,0,0,0
37.8601,0,0,0,0,0,0,0,0,0,0,0,0,0,0,0,0
37.8701,0,0,0,0,0,0,0,0,0,0,0,0,0,0,0,0
37.8801,0,0,0,0,0,0,0,0,0,0,0,0,0,0,0,0
37.8901,0,0,0,0,0,0,0,0,0,0,0,0,0,0,0,0
37.9001,0,0,0,0,0,0,0,0,0,0,0,0,0,0,0,0
37.9101,0,0,0,0,0,0,0,0,0,0,0,0,0,0,0,0
37.9201,0,0,0,0,0,0,0,0,0,0,0,0,0,0,0,0
37.9301,0,0,0,0,0,0,0,0,0,0,0,0,0,0,0,0
37.9401,0,0,0,0,0,0,0,0,0,0,0,0,0,0,0,0
37.9501,0,0,0,0,0,0,0,0,0,0,0,0,0,0,0,0
37.9601,0,0,0,0,0,0,0,0,0,0,0,0,0,0,0,0
37.9701,0,0,0,0,0,0,0,0,0,0,0,0,0,0,0,0
37.9801,0,0,0,0,0,0,0,0,0,0,0,0,0,0,0,0
37.9901,0,0,0,0,0,0,0,0,0,0,0,0,0,0,0,0
38.0001,0,0,0,0,0,0,0,0,0,0,0,0,0,0,0,0
38.0101,0,0,0,0,0,0,0,0,0,0,0,0,0,0,0,0
38.0201,0,0,0,0,0,0,0,0,0,0,0,0,0,0,0,0
38.0301,0,0,0,0,0,0,0,0,0,0,0,0,0,0,0,0
38.0401,0,0,0,0,0,0,0,0,0,0,0,0,0,0,0,0
38.0501,0,0,0,0,0,0,0,0,0,0,0,0,0,0,0,0
38.0601,0,0,0,0,0,0,0,0,0,0,0,0,0,0,0,0
38.0701,0,0,0,0,0,0,0,0,0,0,0,0,0,0,0,0
38.0801,0,0,0,0,0,0,0,0,0,0,0,0,0,0,0,0
38.0901,0,0,0,0,0,0,0,0,0,0,0,0,0,0,0,0
38.1001,0,0,0,0,0,0,0,0,0,0,0,0,0,0,0,0
38.1101,0,0,0,0,0,0,0,0,0,0,0,0,0,0,0,0
38.1201,0,0,0,0,0,0,0,0,0,0,0,0,0,0,0,0
38.1301,0,0,0,0,0,0,0,0,0,0,0,0,0,0,0,0
38.1401,0,0,0,0,0,0,0,0,0,0,0,0,0,0,0,0
38.1501,0,0,0,0,0,0,0,0,0,0,0,0,0,0,0,0
38.1601,0,0,0,0,0,0,0,0,0,0,0,0,0,0,0,0
38.1701,0,0,0,0,0,0,0,0,0,0,0,0,0,0,0,0
38.1801,0,0,0,0,0,0,0,0,0,0,0,0,0,0,0,0
38.1901,0,0,0,0,0,0,0,0,0,0,0,0,0,0,0,0
38.2001,0,0,0,0,0,0,0,0,0,0,0,0,0,0,0,0
38.2101,0,0,0,0,0,0,0,0,0,0,0,0,0,0,0,0
38.2201,0,0,0,0,0,0,0,0,0,0,0,0,0,0,0,0
38.2301,0,0,0,0,0,0,0,0,0,0,0,0,0,0,0,0
38.2401,0,0,0,0,0,0,0,0,0,0,0,0,0,0,0,0
38.2501,0,0,0,0,0,0,0,0,0,0,0,0,0,0,0,0
38.2601,0,0,0,0,0,0,0,0,0,0,0,0,0,0,0,0
38.2701,0,0,0,0,0,0,0,0,0,0,0,0,0,0,0,0
38.2801,0,0,0,0,0,0,0,0,0,0,0,0,0,0,0,0
38.2901,0,0,0,0,0,0,0,0,0,0,0,0,0,0,0,0
38.3001,0,0,0,0,0,0,0,0,0,0,0,0,0,0,0,0
38.3101,0,0,0,0,0,0,0,0,0,0,0,0,0,0,0,0
38.3201,0,0,0,0,0,0,0,0,0,0,0,0,0,0,0,0
38.3301,0,0,0,0,0,0,0,0,0,0,0,0,0,0,0,0
38.3401,0,0,0,0,0,0,0,0,0,0,0,0,0,0,0,0
38.35,0,0,0,0,0,0,0,0,0,0,0,0,0,0,0,0
38.3601,0,0,0,0,0,0,0,0,0,0,0,0,0,0,0,0
38.3701,0,0,0,0,0,0,0,0,0,0,0,0,0,0,0,0
38.3801,0,0,0,0,0,0,0,0,0,0,0,0,0,0,0,0
38.3901,0,0,0,0,0,0,0,0,0,0,0,0,0,0,0,0
38.4001,0,0,0,0,0,0,0,0,0,0,0,0,0,0,0,0
38.4101,0,0,0,0,0,0,0,0,0,0,0,0,0,0,0,0
38.42,0,0,0,0,0,0,0,0,0,0,0,0,0,0,0,0
38.4301,0,0,0,0,0,0,0,0,0,0,0,0,0,0,0,0
38.4401,0,0,0,0,0,0,0,0,0,0,0,0,0,0,0,0
38.4501,0,0,0,0,0,0,0,0,0,0,0,0,0,0,0,0
38.4601,0,0,0,0,0,0,0,0,0,0,0,0,0,0,0,0
38.4701,0,0,0,0,0,0,0,0,0,0,0,0,0,0,0,0
38.4801,0,0,0,0,0,0,0,0,0,0,0,0,0,0,0,0
38.4901,0,0,0,0,0,0,0,0,0,0,0,0,0,0,0,0
38.5001,0,0,0,0,0,0,0,0,0,0,0,0,0,0,0,0
38.5101,0,0,0,0,0,0,0,0,0,0,0,0,0,0,0,0
38.5201,0,0,0,0,0,0,0,0,0,0,0,0,0,0,0,0
38.5301,0,0,0,0,0,0,0,0,0,0,0,0,0,0,0,0
38.5401,0,0,0,0,0,0,0,0,0,0,0,0,0,0,0,0
38.5501,0,0,0,0,0,0,0,0,0,0,0,0,0,0,0,0
38.5601,0,0,0,0,0,0,0,0,0,0,0,0,0,0,0,0
38.5701,0,0,0,0,0,0,0,0,0,0,0,0,0,0,0,0
38.5801,0,0,0,0,0,0,0,0,0,0,0,0,0,0,0,0
38.5901,0,0,0,0,0,0,0,0,0,0,0,0,0,0,0,0
38.6001,0,0,0,0,0,0,0,0,0,0,0,0,0,0,0,0
38.6101,0,0,0,0,0,0,0,0,0,0,0,0,0,0,0,0
38.6201,0,0,0,0,0,0,0,0,0,0,0,0,0,0,0,0
38.6301,0,0,0,0,0,0,0,0,0,0,0,0,0,0,0,0
38.6401,0,0,0,0,0,0,0,0,0,0,0,0,0,0,0,0
38.6501,0,0,0,0,0,0,0,0,0,0,0,0,0,0,0,0
38.6601,0,0,0,0,0,0,0,0,0,0,0,0,0,0,0,0
38.6701,0,0,0,0,0,0,0,0,0,0,0,0,0,0,0,0
38.6801,0,0,0,0,0,0,0,0,0,0,0,0,0,0,0,0
38.6901,0,0,0,0,0,0,0,0,0,0,0,0,0,0,0,0
38.7001,0,0,0,0,0,0,0,0,0,0,0,0,0,0,0,0
38.7101,0,0,0,0,0,0,0,0,0,0,0,0,0,0,0,0
38.7201,0,0,0,0,0,0,0,0,0,0,0,0,0,0,0,0
38.7301,0,0,0,0,0,0,0,0,0,0,0,0,0,0,0,0
38.7401,0,0,0,0,0,0,0,0,0,0,0,0,0,0,0,0
38.7501,0,0,0,0,0,0,0,0,0,0,0,0,0,0,0,0
38.7601,0,0,0,0,0,0,0,0,0,0,0,0,0,0,0,0
38.7701,0,0,0,0,0,0,0,0,0,0,0,0,0,0,0,0
38.7801,0,0,0,0,0,0,0,0,0,0,0,0,0,0,0,0
38.7901,0,0,0,0,0,0,0,0,0,0,0,0,0,0,0,0
38.8001,0,0,0,0,0,0,0,0,0,0,0,0,0,0,0,0
38.8101,0,0,0,0,0,0,0,0,0,0,0,0,0,0,0,0
38.8201,0,0,0,0,0,0,0,0,0,0,0,0,0,0,0,0
38.8301,0,0,0,0,0,0,0,0,0,0,0,0,0,0,0,0
38.8401,0,0,0,0,0,0,0,0,0,0,0,0,0,0,0,0
38.8501,0,0,0,0,0,0,0,0,0,0,0,0,0,0,0,0
38.8601,0,0,0,0,0,0,0,0,0,0,0,0,0,0,0,0
38.8701,0,0,0,0,0,0,0,0,0,0,0,0,0,0,0,0
38.8801,0,0,0,0,0,0,0,0,0,0,0,0,0,0,0,0
38.8901,0,0,0,0,0,0,0,0,0,0,0,0,0,0,0,0
38.9001,0,0,0,0,0,0,0,0,0,0,0,0,0,0,0,0
38.9101,0,0,0,0,0,0,0,0,0,0,0,0,0,0,0,0
38.9201,0,0,0,0,0,0,0,0,0,0,0,0,0,0,0,0
38.9301,0,0,0,0,0,0,0,0,0,0,0,0,0,0,0,0
38.9401,0,0,0,0,0,0,0,0,0,0,0,0,0,0,0,0
38.9501,0,0,0,0,0,0,0,0,0,0,0,0,0,0,0,0
38.9601,0,0,0,0,0,0,0,0,0,0,0,0,0,0,0,0
38.9701,0,0,0,0,0,0,0,0,0,0,0,0,0,0,0,0
38.9801,0,0,0,0,0,0,0,0,0,0,0,0,0,0,0,0
38.9901,0,0,0,0,0,0,0,0,0,0,0,0,0,0,0,0
39.0001,0,0,0,0,0,0,0,0,0,0,0,0,0,0,0,0
39.0101,0,0,0,0,0,0,0,0,0,0,0,0,0,0,0,0
39.0201,0,0,0,0,0,0,0,0,0,0,0,0,0,0,0,0
39.0301,0,0,0,0,0,0,0,0,0,0,0,0,0,0,0,0
39.0401,0,0,0,0,0,0,0,0,0,0,0,0,0,0,0,0
39.0501,0,0,0,0,0,0,0,0,0,0,0,0,0,0,0,0
39.0601,0,0,0,0,0,0,0,0,0,0,0,0,0,0,0,0
39.0701,0,0,0,0,0,0,0,0,0,0,0,0,0,0,0,0
39.08,0,0,0,0,0,0,0,0,0,0,0,0,0,0,0,0
39.0901,0,0,0,0,0,0,0,0,0,0,0,0,0,0,0,0
39.1001,0,0,0,0,0,0,0,0,0,0,0,0,0,0,0,0
39.1101,0,0,0,0,0,0,0,0,0,0,0,0,0,0,0,0
39.1201,0,0,0,0,0,0,0,0,0,0,0,0,0,0,0,0
39.1301,0,0,0,0,0,0,0,0,0,0,0,0,0,0,0,0
39.1401,0,0,0,0,0,0,0,0,0,0,0,0,0,0,0,0
39.1501,0,0,0,0,0,0,0,0,0,0,0,0,0,0,0,0
39.1601,0,0,0,0,0,0,0,0,0,0,0,0,0,0,0,0
39.1701,0,0,0,0,0,0,0,0,0,0,0,0,0,0,0,0
39.1801,0,0,0,0,0,0,0,0,0,0,0,0,0,0,0,0
39.1901,0,0,0,0,0,0,0,0,0,0,0,0,0,0,0,0
39.2001,0,0,0,0,0,0,0,0,0,0,0,0,0,0,0,0
39.2101,0,0,0,0,0,0,0,0,0,0,0,0,0,0,0,0
39.2201,0,0,0,0,0,0,0,0,0,0,0,0,0,0,0,0
39.2301,0,0,0,0,0,0,0,0,0,0,0,0,0,0,0,0
39.2401,0,0,0,0,0,0,0,0,0,0,0,0,0,0,0,0
39.2501,0,0,0,0,0,0,0,0,0,0,0,0,0,0,0,0
39.2601,0,0,0,0,0,0,0,0,0,0,0,0,0,0,0,0
39.2701,0,0,0,0,0,0,0,0,0,0,0,0,0,0,0,0
39.2801,0,0,0,0,0,0,0,0,0,0,0,0,0,0,0,0
39.2901,0,0,0,0,0,0,0,0,0,0,0,0,0,0,0,0
39.3001,0,0,0,0,0,0,0,0,0,0,0,0,0,0,0,0
39.3101,0,0,0,0,0,0,0,0,0,0,0,0,0,0,0,0
39.3201,0,0,0,0,0,0,0,0,0,0,0,0,0,0,0,0
39.3301,0,0,0,0,0,0,0,0,0,0,0,0,0,0,0,0
39.3401,0,0,0,0,0,0,0,0,0,0,0,0,0,0,0,0
39.3501,0,0,0,0,0,0,0,0,0,0,0,0,0,0,0,0
39.3601,0,0,0,0,0,0,0,0,0,0,0,0,0,0,0,0
39.3701,0,0,0,0,0,0,0,0,0,0,0,0,0,0,0,0
39.3801,0,0,0,0,0,0,0,0,0,0,0,0,0,0,0,0
39.3901,0,0,0,0,0,0,0,0,0,0,0,0,0,0,0,0
39.4001,0,0,0,0,0,0,0,0,0,0,0,0,0,0,0,0
39.4101,0,0,0,0,0,0,0,0,0,0,0,0,0,0,0,0
39.4201,0,0,0,0,0,0,0,0,0,0,0,0,0,0,0,0
39.4301,0,0,0,0,0,0,0,0,0,0,0,0,0,0,0,0
39.4401,0,0,0,0,0,0,0,0,0,0,0,0,0,0,0,0
39.4501,0,0,0,0,0,0,0,0,0,0,0,0,0,0,0,0
39.4601,0,0,0,0,0,0,0,0,0,0,0,0,0,0,0,0
39.4701,0,0,0,0,0,0,0,0,0,0,0,0,0,0,0,0
39.4801,0,0,0,0,0,0,0,0,0,0,0,0,0,0,0,0
39.4901,0,0,0,0,0,0,0,0,0,0,0,0,0,0,0,0
39.5001,0,0,0,0,0,0,0,0,0,0,0,0,0,0,0,0
39.5101,0,0,0,0,0,0,0,0,0,0,0,0,0,0,0,0
39.5201,0,0,0,0,0,0,0,0,0,0,0,0,0,0,0,0
39.5301,0,0,0,0,0,0,0,0,0,0,0,0,0,0,0,0
39.5401,0,0,0,0,0,0,0,0,0,0,0,0,0,0,0,0
39.5501,0,0,0,0,0,0,0,0,0,0,0,0,0,0,0,0
39.5601,0,0,0,0,0,0,0,0,0,0,0,0,0,0,0,0
39.5701,0,0,0,0,0,0,0,0,0,0,0,0,0,0,0,0
39.5801,0,0,0,0,0,0,0,0,0,0,0,0,0,0,0,0
39.5901,0,0,0,0,0,0,0,0,0,0,0,0,0,0,0,0
39.6001,0,0,0,0,0,0,0,0,0,0,0,0,0,0,0,0
39.6101,0,0,0,0,0,0,0,0,0,0,0,0,0,0,0,0
39.6201,0,0,0,0,0,0,0,0,0,0,0,0,0,0,0,0
39.6301,0,0,0,0,0,0,0,0,0,0,0,0,0,0,0,0
39.6401,0,0,0,0,0,0,0,0,0,0,0,0,0,0,0,0
39.6501,0,0,0,0,0,0,0,0,0,0,0,0,0,0,0,0
39.6601,0,0,0,0,0,0,0,0,0,0,0,0,0,0,0,0
39.6701,0,0,0,0,0,0,0,0,0,0,0,0,0,0,0,0
39.6801,0,0,0,0,0,0,0,0,0,0,0,0,0,0,0,0
39.6901,0,0,0,0,0,0,0,0,0,0,0,0,0,0,0,0
39.7001,0,0,0,0,0,0,0,0,0,0,0,0,0,0,0,0
39.7101,0,0,0,0,0,0,0,0,0,0,0,0,0,0,0,0
39.7201,0,0,0,0,0,0,0,0,0,0,0,0,0,0,0,0
39.7301,0,0,0,0,0,0,0,0,0,0,0,0,0,0,0,0
39.7401,0,0,0,0,0,0,0,0,0,0,0,0,0,0,0,0
39.7501,0,0,0,0,0,0,0,0,0,0,0,0,0,0,0,0
39.7601,0,0,0,0,0,0,0,0,0,0,0,0,0,0,0,0
39.7701,0,0,0,0,0,0,0,0,0,0,0,0,0,0,0,0
39.7801,0,0,0,0,0,0,0,0,0,0,0,0,0,0,0,0
39.7901,0,0,0,0,0,0,0,0,0,0,0,0,0,0,0,0
39.8001,0,0,0,0,0,0,0,0,0,0,0,0,0,0,0,0
39.8101,0,0,0,0,0,0,0,0,0,0,0,0,0,0,0,0
39.8201,0,0,0,0,0,0,0,0,0,0,0,0,0,0,0,0
39.8301,0,0,0,0,0,0,0,0,0,0,0,0,0,0,0,0
39.8401,0,0,0,0,0,0,0,0,0,0,0,0,0,0,0,0
39.8501,0,0,0,0,0,0,0,0,0,0,0,0,0,0,0,0
39.8601,0,0,0,0,0,0,0,0,0,0,0,0,0,0,0,0
39.8701,0,0,0,0,0,0,0,0,0,0,0,0,0,0,0,0
39.8801,0,0,0,0,0,0,0,0,0,0,0,0,0,0,0,0
39.8901,0,0,0,0,0,0,0,0,0,0,0,0,0,0,0,0
39.9001,0,0,0,0,0,0,0,0,0,0,0,0,0,0,0,0
39.9101,0,0,0,0,0,0,0,0,0,0,0,0,0,0,0,0
39.9201,0,0,0,0,0,0,0,0,0,0,0,0,0,0,0,0
39.9301,0,0,0,0,0,0,0,0,0,0,0,0,0,0,0,0
39.9401,0,0,0,0,0,0,0,0,0,0,0,0,0,0,0,0
39.9501,0,0,0,0,0,0,0,0,0,0,0,0,0,0,0,0
39.9601,0,0,0,0,0,0,0,0,0,0,0,0,0,0,0,0
39.9701,0,0,0,0,0,0,0,0,0,0,0,0,0,0,0,0
39.9801,0,0,0,0,0,0,0,0,0,0,0,0,0,0,0,0
39.9901,0,0,0,0,0,0,0,0,0,0,0,0,0,0,0,0
40.0001,0,0,0,0,0,0,0,0,0,0,0,0,0,0,0,0
40.0101,0,0,0,0,0,0,0,0,0,0,0,0,0,0,0,0
40.0201,0,0,0,0,0,0,0,0,0,0,0,0,0,0,0,0
40.0301,0,0,0,0,0,0,0,0,0,0,0,0,0,0,0,0
40.04,0,0,0,0,0,0,0,0,0,0,0,0,0,0,0,0
40.0501,0,0,0,0,0,0,0,0,0,0,0,0,0,0,0,0
40.0601,0,0,0,0,0,0,0,0,0,0,0,0,0,0,0,0
40.0701,0,0,0,0,0,0,0,0,0,0,0,0,0,0,0,0
40.0801,0,0,0,0,0,0,0,0,0,0,0,0,0,0,0,0
40.0901,0,0,0,0,0,0,0,0,0,0,0,0,0,0,0,0
40.1001,0,0,0,0,0,0,0,0,0,0,0,0,0,0,0,0
40.1101,0,0,0,0,0,0,0,0,0,0,0,0,0,0,0,0
40.1201,0,0,0,0,0,0,0,0,0,0,0,0,0,0,0,0
40.1301,0,0,0,0,0,0,0,0,0,0,0,0,0,0,0,0
40.1401,0,0,0,0,0,0,0,0,0,0,0,0,0,0,0,0
40.1501,0,0,0,0,0,0,0,0,0,0,0,0,0,0,0,0
40.1601,0,0,0,0,0,0,0,0,0,0,0,0,0,0,0,0
40.1701,0,0,0,0,0,0,0,0,0,0,0,0,0,0,0,0
40.1801,0,0,0,0,0,0,0,0,0,0,0,0,0,0,0,0
40.1901,0,0,0,0,0,0,0,0,0,0,0,0,0,0,0,0
40.2001,0,0,0,0,0,0,0,0,0,0,0,0,0,0,0,0
40.2101,0,0,0,0,0,0,0,0,0,0,0,0,0,0,0,0
40.2201,0,0,0,0,0,0,0,0,0,0,0,0,0,0,0,0
40.2301,0,0,0,0,0,0,0,0,0,0,0,0,0,0,0,0
40.2401,0,0,0,0,0,0,0,0,0,0,0,0,0,0,0,0
40.2501,0,0,0,0,0,0,0,0,0,0,0,0,0,0,0,0
40.2601,0,0,0,0,0,0,0,0,0,0,0,0,0,0,0,0
40.2701,0,0,0,0,0,0,0,0,0,0,0,0,0,0,0,0
40.2801,0,0,0,0,0,0,0,0,0,0,0,0,0,0,0,0
40.2901,0,0,0,0,0,0,0,0,0,0,0,0,0,0,0,0
40.3001,0,0,0,0,0,0,0,0,0,0,0,0,0,0,0,0
40.3101,0,0,0,0,0,0,0,0,0,0,0,0,0,0,0,0
40.3201,0,0,0,0,0,0,0,0,0,0,0,0,0,0,0,0
40.3301,0,0,0,0,0,0,0,0,0,0,0,0,0,0,0,0
40.34,0,0,0,0,0,0,0,0,0,0,0,0,0,0,0,0
40.3501,0,0,0,0,0,0,0,0,0,0,0,0,0,0,0,0
40.3601,0,0,0,0,0,0,0,0,0,0,0,0,0,0,0,0
40.3701,0,0,0,0,0,0,0,0,0,0,0,0,0,0,0,0
40.3801,0,0,0,0,0,0,0,0,0,0,0,0,0,0,0,0
40.3901,0,0,0,0,0,0,0,0,0,0,0,0,0,0,0,0
40.4001,0,0,0,0,0,0,0,0,0,0,0,0,0,0,0,0
40.4101,0,0,0,0,0,0,0,0,0,0,0,0,0,0,0,0
40.42,0,0,0,0,0,0,0,0,0,0,0,0,0,0,0,0
40.4301,0,0,0,0,0,0,0,0,0,0,0,0,0,0,0,0
40.4401,0,0,0,0,0,0,0,0,0,0,0,0,0,0,0,0
40.4501,0,0,0,0,0,0,0,0,0,0,0,0,0,0,0,0
40.4601,0,0,0,0,0,0,0,0,0,0,0,0,0,0,0,0
40.4701,0,0,0,0,0,0,0,0,0,0,0,0,0,0,0,0
40.4801,0,0,0,0,0,0,0,0,0,0,0,0,0,0,0,0
40.4901,0,0,0,0,0,0,0,0,0,0,0,0,0,0,0,0
40.5001,0,0,0,0,0,0,0,0,0,0,0,0,0,0,0,0
40.5101,0,0,0,0,0,0,0,0,0,0,0,0,0,0,0,0
40.5201,0,0,0,0,0,0,0,0,0,0,0,0,0,0,0,0
40.5301,0,0,0,0,0,0,0,0,0,0,0,0,0,0,0,0
40.5401,0,0,0,0,0,0,0,0,0,0,0,0,0,0,0,0
40.5501,0,0,0,0,0,0,0,0,0,0,0,0,0,0,0,0
40.5601,0,0,0,0,0,0,0,0,0,0,0,0,0,0,0,0
40.5701,0,0,0,0,0,0,0,0,0,0,0,0,0,0,0,0
40.5801,0,0,0,0,0,0,0,0,0,0,0,0,0,0,0,0
40.5901,0,0,0,0,0,0,0,0,0,0,0,0,0,0,0,0
40.6001,0,0,0,0,0,0,0,0,0,0,0,0,0,0,0,0
40.6101,0,0,0,0,0,0,0,0,0,0,0,0,0,0,0,0
40.6201,0,0,0,0,0,0,0,0,0,0,0,0,0,0,0,0
40.6301,0,0,0,0,0,0,0,0,0,0,0,0,0,0,0,0
40.6401,0,0,0,0,0,0,0,0,0,0,0,0,0,0,0,0
40.6501,0,0,0,0,0,0,0,0,0,0,0,0,0,0,0,0
40.6601,0,0,0,0,0,0,0,0,0,0,0,0,0,0,0,0
40.6701,0,0,0,0,0,0,0,0,0,0,0,0,0,0,0,0
40.6801,0,0,0,0,0,0,0,0,0,0,0,0,0,0,0,0
40.6901,0,0,0,0,0,0,0,0,0,0,0,0,0,0,0,0
40.7001,0,0,0,0,0,0,0,0,0,0,0,0,0,0,0,0
40.7101,0,0,0,0,0,0,0,0,0,0,0,0,0,0,0,0
40.7201,0,0,0,0,0,0,0,0,0,0,0,0,0,0,0,0
40.7301,0,0,0,0,0,0,0,0,0,0,0,0,0,0,0,0
40.7401,0,0,0,0,0,0,0,0,0,0,0,0,0,0,0,0
40.7501,0,0,0,0,0,0,0,0,0,0,0,0,0,0,0,0
40.7601,0,0,0,0,0,0,0,0,0,0,0,0,0,0,0,0
40.7701,0,0,0,0,0,0,0,0,0,0,0,0,0,0,0,0
40.7801,0,0,0,0,0,0,0,0,0,0,0,0,0,0,0,0
40.7901,0,0,0,0,0,0,0,0,0,0,0,0,0,0,0,0
40.8001,0,0,0,0,0,0,0,0,0,0,0,0,0,0,0,0
40.8101,0,0,0,0,0,0,0,0,0,0,0,0,0,0,0,0
40.8201,0,0,0,0,0,0,0,0,0,0,0,0,0,0,0,0
40.8301,0,0,0,0,0,0,0,0,0,0,0,0,0,0,0,0
40.8401,0,0,0,0,0,0,0,0,0,0,0,0,0,0,0,0
40.8501,0,0,0,0,0,0,0,0,0,0,0,0,0,0,0,0
40.8601,0,0,0,0,0,0,0,0,0,0,0,0,0,0,0,0
40.8701,0,0,0,0,0,0,0,0,0,0,0,0,0,0,0,0
40.8801,0,0,0,0,0,0,0,0,0,0,0,0,0,0,0,0
40.8901,0,0,0,0,0,0,0,0,0,0,0,0,0,0,0,0
40.9001,0,0,0,0,0,0,0,0,0,0,0,0,0,0,0,0
40.9101,0,0,0,0,0,0,0,0,0,0,0,0,0,0,0,0
40.9201,0,0,0,0,0,0,0,0,0,0,0,0,0,0,0,0
40.9301,0,0,0,0,0,0,0,0,0,0,0,0,0,0,0,0
40.9401,0,0,0,0,0,0,0,0,0,0,0,0,0,0,0,0
40.9501,0,0,0,0,0,0,0,0,0,0,0,0,0,0,0,0
40.9601,0,0,0,0,0,0,0,0,0,0,0,0,0,0,0,0
40.9701,0,0,0,0,0,0,0,0,0,0,0,0,0,0,0,0
40.9801,0,0,0,0,0,0,0,0,0,0,0,0,0,0,0,0
40.9901,0,0,0,0,0,0,0,0,0,0,0,0,0,0,0,0
41.0001,0,0,0,0,0,0,0,0,0,0,0,0,0,0,0,0
41.0101,0,0,0,0,0,0,0,0,0,0,0,0,0,0,0,0
41.0201,0,0,0,0,0,0,0,0,0,0,0,0,0,0,0,0
41.0301,0,0,0,0,0,0,0,0,0,0,0,0,0,0,0,0
41.0401,0,0,0,0,0,0,0,0,0,0,0,0,0,0,0,0
41.0501,0,0,0,0,0,0,0,0,0,0,0,0,0,0,0,0
41.0601,0,0,0,0,0,0,0,0,0,0,0,0,0,0,0,0
41.0701,0,0,0,0,0,0,0,0,0,0,0,0,0,0,0,0
41.0801,0,0,0,0,0,0,0,0,0,0,0,0,0,0,0,0
41.0901,0,0,0,0,0,0,0,0,0,0,0,0,0,0,0,0
41.1001,0,0,0,0,0,0,0,0,0,0,0,0,0,0,0,0
41.1101,0,0,0,0,0,0,0,0,0,0,0,0,0,0,0,0
41.1201,0,0,0,0,0,0,0,0,0,0,0,0,0,0,0,0
41.1301,0,0,0,0,0,0,0,0,0,0,0,0,0,0,0,0
41.1401,0,0,0,0,0,0,0,0,0,0,0,0,0,0,0,0
41.1501,0,0,0,0,0,0,0,0,0,0,0,0,0,0,0,0
41.1601,0,0,0,0,0,0,0,0,0,0,0,0,0,0,0,0
41.1701,0,0,0,0,0,0,0,0,0,0,0,0,0,0,0,0
41.1801,0,0,0,0,0,0,0,0,0,0,0,0,0,0,0,0
41.1901,0,0,0,0,0,0,0,0,0,0,0,0,0,0,0,0
41.2001,0,0,0,0,0,0,0,0,0,0,0,0,0,0,0,0
41.2101,0,0,0,0,0,0,0,0,0,0,0,0,0,0,0,0
41.2201,0,0,0,0,0,0,0,0,0,0,0,0,0,0,0,0
41.2301,0,0,0,0,0,0,0,0,0,0,0,0,0,0,0,0
41.2401,0,0,0,0,0,0,0,0,0,0,0,0,0,0,0,0
41.2501,0,0,0,0,0,0,0,0,0,0,0,0,0,0,0,0
41.2601,0,0,0,0,0,0,0,0,0,0,0,0,0,0,0,0
41.2701,0,0,0,0,0,0,0,0,0,0,0,0,0,0,0,0
41.2801,0,0,0,0,0,0,0,0,0,0,0,0,0,0,0,0
41.6801,0,0,0,0,0,0,0,0,0,0,0,0,0,0,0,0
41.6901,0,0,0,0,0,0,0,0,0,0,0,0,0,0,0,0
41.7001,0,0,0,0,0,0,0,0,0,0,0,0,0,0,0,0
41.7101,0,0,0,0,0,0,0,0,0,0,0,0,0,0,0,0
41.7201,0,0,0,0,0,0,0,0,0,0,0,0,0,0,0,0
41.7301,0,0,0,0,0,0,0,0,0,0,0,0,0,0,0,0
41.7401,0,0,0,0,0,0,0,0,0,0,0,0,0,0,0,0
41.7501,0,0,0,0,0,0,0,0,0,0,0,0,0,0,0,0
41.7601,0,0,0,0,0,0,0,0,0,0,0,0,0,0,0,0
41.7701,0,0,0,0,0,0,0,0,0,0,0,0,0,0,0,0
41.7801,0,0,0,0,0,0,0,0,0,0,0,0,0,0,0,0
45.5101,0,0,0,0,0,0,0,0,0,0,0,0,0,0,0,0
45.5201,0,0,0,0,0,0,0,0,0,0,0,0,0,0,0,0
45.5301,0,0,0,0,0,0,0,0,0,0,0,0,0,0,0,0
45.5401,0,0,0,0,0,0,0,0,0,0,0,0,0,0,0,0
45.5501,0,0,0,0,0,0,0,0,0,0,0,0,0,0,0,0
45.5601,0,0,0,0,0,0,0,0,0,0,0,0,0,0,0,0
45.5701,0,0,0,0,0,0,0,0,0,0,0,0,0,0,0,0
45.5801,0,0,0,0,0,0,0,0,0,0,0,0,0,0,0,0
45.5901,0,0,0,0,0,0,0,0,0,0,0,0,0,0,0,0
45.6001,0,0,0,0,0,0,0,0,0,0,0,0,0,0,0,0
45.6101,0,0,0,0,0,0,0,0,0,0,0,0,0,0,0,0
45.6201,0,0,0,0,0,0,0,0,0,0,0,0,0,0,0,0
45.6301,0,0,0,0,0,0,0,0,0,0,0,0,0,0,0,0
45.64,0,0,0,0,0,0,0,0,0,0,0,0,0,0,0,0
45.6501,0,0,0,0,0,0,0,0,0,0,0,0,0,0,0,0
45.6601,0,0,0,0,0,0,0,0,0,0,0,0,0,0,0,0
45.6701,0,0,0,0,0,0,0,0,0,0,0,0,0,0,0,0
45.6801,0,0,0,0,0,0,0,0,0,0,0,0,0,0,0,0
48.1201,0,0,0,0,0,0,0,0,0,0,0,0,0,0,0,0
48.1301,0,0,0,0,0,0,0,0,0,0,0,0,0,0,0,0
48.1401,0,0,0,0,0,0,0,0,0,0,0,0,0,0,0,0
48.1501,0,0,0,0,0,0,0,0,0,0,0,0,0,0,0,0
48.1601,0,0,0,0,0,0,0,0,0,0,0,0,0,0,0,0
48.1701,0,0,0,0,0,0,0,0,0,0,0,0,0,0,0,0
48.1801,0,0,0,0,0,0,0,0,0,0,0,0,0,0,0,0
48.1901,0,0,0,0,0,0,0,0,0,0,0,0,0,0,0,0
48.2001,0,0,0,0,0,0,0,0,0,0,0,0,0,0,0,0
48.2101,0,0,0,0,0,0,0,0,0,0,0,0,0,0,0,0
48.2201,0,0,0,0,0,0,0,0,0,0,0,0,0,0,0,0
48.2301,0,0,0,0,0,0,0,0,0,0,0,0,0,0,0,0
48.2401,0,0,0,0,0,0,0,0,0,0,0,0,0,0,0,0
48.2501,0,0,0,0,0,0,0,0,0,0,0,0,0,0,0,0
48.2601,0,0,0,0,0,0,0,0,0,0,0,0,0,0,0,0
48.2701,0,0,0,0,0,0,0,0,0,0,0,0,0,0,0,0
48.2801,0,0,0,0,0,0,0,0,0,0,0,0,0,0,0,0
48.2901,0,0,0,0,0,0,0,0,0,0,0,0,0,0,0,0
48.3001,0,0,0,0,0,0,0,0,0,0,0,0,0,0,0,0
48.3101,0,0,0,0,0,0,0,0,0,0,0,0,0,0,0,0
48.3201,0,0,0,0,0,0,0,0,0,0,0,0,0,0,0,0
48.3301,0,0,0,0,0,0,0,0,0,0,0,0,0,0,0,0
48.3401,0,0,0,0,0,0,0,0,0,0,0,0,0,0,0,0
48.3501,0,0,0,0,0,0,0,0,0,0,0,0,0,0,0,0
48.3601,0,0,0,0,0,0,0,0,0,0,0,0,0,0,0,0
48.3701,0,0,0,0,0,0,0,0,0,0,0,0,0,0,0,0
48.3801,0,0,0,0,0,0,0,0,0,0,0,0,0,0,0,0
48.3901,0,0,0,0,0,0,0,0,0,0,0,0,0,0,0,0
48.4001,0,0,0,0,0,0,0,0,0,0,0,0,0,0,0,0
48.4101,0,0,0,0,0,0,0,0,0,0,0,0,0,0,0,0
48.4201,0,0,0,0,0,0,0,0,0,0,0,0,0,0,0,0
48.4301,0,0,0,0,0,0,0,0,0,0,0,0,0,0,0,0
48.4401,0,0,0,0,0,0,0,0,0,0,0,0,0,0,0,0
48.4501,0,0,0,0,0,0,0,0,0,0,0,0,0,0,0,0
48.4601,0,0,0,0,0,0,0,0,0,0,0,0,0,0,0,0
48.4701,0,0,0,0,0,0,0,0,0,0,0,0,0,0,0,0
48.4801,0,0,0,0,0,0,0,0,0,0,0,0,0,0,0,0
48.4901,0,0,0,0,0,0,0,0,0,0,0,0,0,0,0,0
48.5001,0,0,0,0,0,0,0,0,0,0,0,0,0,0,0,0
48.5101,0,0,0,0,0,0,0,0,0,0,0,0,0,0,0,0
48.5201,0,0,0,0,0,0,0,0,0,0,0,0,0,0,0,0
48.5301,0,0,0,0,0,0,0,0,0,0,0,0,0,0,0,0
48.5401,0,0,0,0,0,0,0,0,0,0,0,0,0,0,0,0
48.5501,0,0,0,0,0,0,0,0,0,0,0,0,0,0,0,0
48.5601,0,0,0,0,0,0,0,0,0,0,0,0,0,0,0,0
48.5701,0,0,0,0,0,0,0,0,0,0,0,0,0,0,0,0
48.5801,0,0,0,0,0,0,0,0,0,0,0,0,0,0,0,0
48.5901,0,0,0,0,0,0,0,0,0,0,0,0,0,0,0,0
48.6001,0,0,0,0,0,0,0,0,0,0,0,0,0,0,0,0
48.6101,0,0,0,0,0,0,0,0,0,0,0,0,0,0,0,0
48.6201,0,0,0,0,0,0,0,0,0,0,0,0,0,0,0,0
48.6301,0,0,0,0,0,0,0,0,0,0,0,0,0,0,0,0
48.6401,0,0,0,0,0,0,0,0,0,0,0,0,0,0,0,0
48.6501,0,0,0,0,0,0,0,0,0,0,0,0,0,0,0,0
48.6601,0,0,0,0,0,0,0,0,0,0,0,0,0,0,0,0
48.6701,0,0,0,0,0,0,0,0,0,0,0,0,0,0,0,0
48.68,0,0,0,0,0,0,0,0,0,0,0,0,0,0,0,0
48.6901,0,0,0,0,0,0,0,0,0,0,0,0,0,0,0,0
48.7001,0,0,0,0,0,0,0,0,0,0,0,0,0,0,0,0
48.7101,0,0,0,0,0,0,0,0,0,0,0,0,0,0,0,0
48.7201,0,0,0,0,0,0,0,0,0,0,0,0,0,0,0,0
48.7301,0,0,0,0,0,0,0,0,0,0,0,0,0,0,0,0
48.7401,0,0,0,0,0,0,0,0,0,0,0,0,0,0,0,0
48.7501,0,0,0,0,0,0,0,0,0,0,0,0,0,0,0,0
48.7601,0,0,0,0,0,0,0,0,0,0,0,0,0,0,0,0
48.7701,0,0,0,0,0,0,0,0,0,0,0,0,0,0,0,0
48.7801,0,0,0,0,0,0,0,0,0,0,0,0,0,0,0,0
48.7901,0,0,0,0,0,0,0,0,0,0,0,0,0,0,0,0
48.8001,0,0,0,0,0,0,0,0,0,0,0,0,0,0,0,0
48.8101,0,0,0,0,0,0,0,0,0,0,0,0,0,0,0,0
48.8201,0,0,0,0,0,0,0,0,0,0,0,0,0,0,0,0
48.8301,0,0,0,0,0,0,0,0,0,0,0,0,0,0,0,0
48.8401,0,0,0,0,0,0,0,0,0,0,0,0,0,0,0,0
48.8501,0,0,0,0,0,0,0,0,0,0,0,0,0,0,0,0
48.8601,0,0,0,0,0,0,0,0,0,0,0,0,0,0,0,0
48.8701,0,0,0,0,0,0,0,0,0,0,0,0,0,0,0,0
48.8801,0,0,0,0,0,0,0,0,0,0,0,0,0,0,0,0
48.8901,0,0,0,0,0,0,0,0,0,0,0,0,0,0,0,0
48.9001,0,0,0,0,0,0,0,0,0,0,0,0,0,0,0,0
48.9101,0,0,0,0,0,0,0,0,0,0,0,0,0,0,0,0
48.9201,0,0,0,0,0,0,0,0,0,0,0,0,0,0,0,0
48.9301,0,0,0,0,0,0,0,0,0,0,0,0,0,0,0,0
48.9401,0,0,0,0,0,0,0,0,0,0,0,0,0,0,0,0
48.9501,0,0,0,0,0,0,0,0,0,0,0,0,0,0,0,0
48.9601,0,0,0,0,0,0,0,0,0,0,0,0,0,0,0,0
48.9701,0,0,0,0,0,0,0,0,0,0,0,0,0,0,0,0
48.9801,0,0,0,0,0,0,0,0,0,0,0,0,0,0,0,0
48.9901,0,0,0,0,0,0,0,0,0,0,0,0,0,0,0,0
49.0001,0,0,0,0,0,0,0,0,0,0,0,0,0,0,0,0
49.0101,0,0,0,0,0,0,0,0,0,0,0,0,0,0,0,0
49.0201,0,0,0,0,0,0,0,0,0,0,0,0,0,0,0,0
49.0301,0,0,0,0,0,0,0,0,0,0,0,0,0,0,0,0
49.0401,0,0,0,0,0,0,0,0,0,0,0,0,0,0,0,0
49.0501,0,0,0,0,0,0,0,0,0,0,0,0,0,0,0,0
49.0601,0,0,0,0,0,0,0,0,0,0,0,0,0,0,0,0
49.0701,0,0,0,0,0,0,0,0,0,0,0,0,0,0,0,0
49.0801,0,0,0,0,0,0,0,0,0,0,0,0,0,0,0,0
49.0901,0,0,0,0,0,0,0,0,0,0,0,0,0,0,0,0
49.1001,0,0,0,0,0,0,0,0,0,0,0,0,0,0,0,0
49.1101,0,0,0,0,0,0,0,0,0,0,0,0,0,0,0,0
49.1201,0,0,0,0,0,0,0,0,0,0,0,0,0,0,0,0
49.1301,0,0,0,0,0,0,0,0,0,0,0,0,0,0,0,0
49.1401,0,0,0,0,0,0,0,0,0,0,0,0,0,0,0,0
49.1501,0,0,0,0,0,0,0,0,0,0,0,0,0,0,0,0
49.1601,0,0,0,0,0,0,0,0,0,0,0,0,0,0,0,0
49.1701,0,0,0,0,0,0,0,0,0,0,0,0,0,0,0,0
49.1801,0,0,0,0,0,0,0,0,0,0,0,0,0,0,0,0
49.1901,0,0,0,0,0,0,0,0,0,0,0,0,0,0,0,0
49.2001,0,0,0,0,0,0,0,0,0,0,0,0,0,0,0,0
49.2101,0,0,0,0,0,0,0,0,0,0,0,0,0,0,0,0
49.2201,0,0,0,0,0,0,0,0,0,0,0,0,0,0,0,0
49.2301,0,0,0,0,0,0,0,0,0,0,0,0,0,0,0,0
49.2401,0,0,0,0,0,0,0,0,0,0,0,0,0,0,0,0
49.2501,0,0,0,0,0,0,0,0,0,0,0,0,0,0,0,0
49.2601,0,0,0,0,0,0,0,0,0,0,0,0,0,0,0,0
49.2701,0,0,0,0,0,0,0,0,0,0,0,0,0,0,0,0
49.2801,0,0,0,0,0,0,0,0,0,0,0,0,0,0,0,0
49.2901,0,0,0,0,0,0,0,0,0,0,0,0,0,0,0,0
49.3001,0,0,0,0,0,0,0,0,0,0,0,0,0,0,0,0
49.3101,0,0,0,0,0,0,0,0,0,0,0,0,0,0,0,0
49.3201,0,0,0,0,0,0,0,0,0,0,0,0,0,0,0,0
49.3301,0,0,0,0,0,0,0,0,0,0,0,0,0,0,0,0
49.3401,0,0,0,0,0,0,0,0,0,0,0,0,0,0,0,0
49.3501,0,0,0,0,0,0,0,0,0,0,0,0,0,0,0,0
49.3601,0,0,0,0,0,0,0,0,0,0,0,0,0,0,0,0
49.3701,0,0,0,0,0,0,0,0,0,0,0,0,0,0,0,0
49.3801,0,0,0,0,0,0,0,0,0,0,0,0,0,0,0,0
49.3901,0,0,0,0,0,0,0,0,0,0,0,0,0,0,0,0
49.4001,0,0,0,0,0,0,0,0,0,0,0,0,0,0,0,0
49.4101,0,0,0,0,0,0,0,0,0,0,0,0,0,0,0,0
49.4201,0,0,0,0,0,0,0,0,0,0,0,0,0,0,0,0
49.4301,0,0,0,0,0,0,0,0,0,0,0,0,0,0,0,0
49.4401,0,0,0,0,0,0,0,0,0,0,0,0,0,0,0,0
49.4501,0,0,0,0,0,0,0,0,0,0,0,0,0,0,0,0
49.4601,0,0,0,0,0,0,0,0,0,0,0,0,0,0,0,0
49.4701,0,0,0,0,0,0,0,0,0,0,0,0,0,0,0,0
49.4801,0,0,0,0,0,0,0,0,0,0,0,0,0,0,0,0
49.4901,0,0,0,0,0,0,0,0,0,0,0,0,0,0,0,0
49.5001,0,0,0,0,0,0,0,0,0,0,0,0,0,0,0,0
49.5101,0,0,0,0,0,0,0,0,0,0,0,0,0,0,0,0
49.5201,0,0,0,0,0,0,0,0,0,0,0,0,0,0,0,0
49.5301,0,0,0,0,0,0,0,0,0,0,0,0,0,0,0,0
49.5401,0,0,0,0,0,0,0,0,0,0,0,0,0,0,0,0
49.5501,0,0,0,0,0,0,0,0,0,0,0,0,0,0,0,0
49.5601,0,0,0,0,0,0,0,0,0,0,0,0,0,0,0,0
49.5701,0,0,0,0,0,0,0,0,0,0,0,0,0,0,0,0
49.5801,0,0,0,0,0,0,0,0,0,0,0,0,0,0,0,0
49.5901,0,0,0,0,0,0,0,0,0,0,0,0,0,0,0,0
49.6001,0,0,0,0,0,0,0,0,0,0,0,0,0,0,0,0
49.6101,0,0,0,0,0,0,0,0,0,0,0,0,0,0,0,0
49.6201,0,0,0,0,0,0,0,0,0,0,0,0,0,0,0,0
49.6301,0,0,0,0,0,0,0,0,0,0,0,0,0,0,0,0
49.6401,0,0,0,0,0,0,0,0,0,0,0,0,0,0,0,0
49.6501,0,0,0,0,0,0,0,0,0,0,0,0,0,0,0,0
49.6601,0,0,0,0,0,0,0,0,0,0,0,0,0,0,0,0
49.6701,0,0,0,0,0,0,0,0,0,0,0,0,0,0,0,0
49.6801,0,0,0,0,0,0,0,0,0,0,0,0,0,0,0,0
49.6901,0,0,0,0,0,0,0,0,0,0,0,0,0,0,0,0
49.7001,0,0,0,0,0,0,0,0,0,0,0,0,0,0,0,0
49.7101,0,0,0,0,0,0,0,0,0,0,0,0,0,0,0,0
49.7201,0,0,0,0,0,0,0,0,0,0,0,0,0,0,0,0
49.7301,0,0,0,0,0,0,0,0,0,0,0,0,0,0,0,0
49.7401,0,0,0,0,0,0,0,0,0,0,0,0,0,0,0,0
49.7501,0,0,0,0,0,0,0,0,0,0,0,0,0,0,0,0
49.7601,0,0,0,0,0,0,0,0,0,0,0,0,0,0,0,0
49.7701,0,0,0,0,0,0,0,0,0,0,0,0,0,0,0,0
49.7801,0,0,0,0,0,0,0,0,0,0,0,0,0,0,0,0
49.7901,0,0,0,0,0,0,0,0,0,0,0,0,0,0,0,0
49.8001,0,0,0,0,0,0,0,0,0,0,0,0,0,0,0,0
49.8101,0,0,0,0,0,0,0,0,0,0,0,0,0,0,0,0
49.8201,0,0,0,0,0,0,0,0,0,0,0,0,0,0,0,0
49.83,0,0,0,0,0,0,0,0,0,0,0,0,0,0,0,0
49.8401,0,0,0,0,0,0,0,0,0,0,0,0,0,0,0,0
49.8501,0,0,0,0,0,0,0,0,0,0,0,0,0,0,0,0
49.8601,0,0,0,0,0,0,0,0,0,0,0,0,0,0,0,0
49.8701,0,0,0,0,0,0,0,0,0,0,0,0,0,0,0,0
49.8801,0,0,0,0,0,0,0,0,0,0,0,0,0,0,0,0
49.8901,0,0,0,0,0,0,0,0,0,0,0,0,0,0,0,0
49.9001,0,0,0,0,0,0,0,0,0,0,0,0,0,0,0,0
49.9101,0,0,0,0,0,0,0,0,0,0,0,0,0,0,0,0
49.9201,0,0,0,0,0,0,0,0,0,0,0,0,0,0,0,0
49.9301,0,0,0,0,0,0,0,0,0,0,0,0,0,0,0,0
49.9401,0,0,0,0,0,0,0,0,0,0,0,0,0,0,0,0
49.9501,0,0,0,0,0,0,0,0,0,0,0,0,0,0,0,0
49.9601,0,0,0,0,0,0,0,0,0,0,0,0,0,0,0,0
49.9701,0,0,0,0,0,0,0,0,0,0,0,0,0,0,0,0
49.9801,0,0,0,0,0,0,0,0,0,0,0,0,0,0,0,0
49.9901,0,0,0,0,0,0,0,0,0,0,0,0,0,0,0,0
50.0001,0,0,0,0,0,0,0,0,0,0,0,0,0,0,0,0
50.0101,0,0,0,0,0,0,0,0,0,0,0,0,0,0,0,0
50.0201,0,0,0,0,0,0,0,0,0,0,0,0,0,0,0,0
50.0301,0,0,0,0,0,0,0,0,0,0,0,0,0,0,0,0
50.0401,0,0,0,0,0,0,0,0,0,0,0,0,0,0,0,0
50.0501,0,0,0,0,0,0,0,0,0,0,0,0,0,0,0,0
50.0601,0,0,0,0,0,0,0,0,0,0,0,0,0,0,0,0
50.0701,0,0,0,0,0,0,0,0,0,0,0,0,0,0,0,0
50.0801,0,0,0,0,0,0,0,0,0,0,0,0,0,0,0,0
50.0901,0,0,0,0,0,0,0,0,0,0,0,0,0,0,0,0
50.1001,0,0,0,0,0,0,0,0,0,0,0,0,0,0,0,0
50.1101,0,0,0,0,0,0,0,0,0,0,0,0,0,0,0,0
50.1201,0,0,0,0,0,0,0,0,0,0,0,0,0,0,0,0
50.1301,0,0,0,0,0,0,0,0,0,0,0,0,0,0,0,0
50.1401,0,0,0,0,0,0,0,0,0,0,0,0,0,0,0,0
50.1501,0,0,0,0,0,0,0,0,0,0,0,0,0,0,0,0
50.1601,0,0,0,0,0,0,0,0,0,0,0,0,0,0,0,0
50.1701,0,0,0,0,0,0,0,0,0,0,0,0,0,0,0,0
50.1801,0,0,0,0,0,0,0,0,0,0,0,0,0,0,0,0
50.1901,0,0,0,0,0,0,0,0,0,0,0,0,0,0,0,0
50.2001,0,0,0,0,0,0,0,0,0,0,0,0,0,0,0,0
50.2101,0,0,0,0,0,0,0,0,0,0,0,0,0,0,0,0
50.2201,0,0,0,0,0,0,0,0,0,0,0,0,0,0,0,0
50.2301,0,0,0,0,0,0,0,0,0,0,0,0,0,0,0,0
50.2401,0,0,0,0,0,0,0,0,0,0,0,0,0,0,0,0
50.2501,0,0,0,0,0,0,0,0,0,0,0,0,0,0,0,0
50.2601,0,0,0,0,0,0,0,0,0,0,0,0,0,0,0,0
50.2701,0,0,0,0,0,0,0,0,0,0,0,0,0,0,0,0
50.2801,0,0,0,0,0,0,0,0,0,0,0,0,0,0,0,0
50.2901,0,0,0,0,0,0,0,0,0,0,0,0,0,0,0,0
50.3001,0,0,0,0,0,0,0,0,0,0,0,0,0,0,0,0
50.3101,0,0,0,0,0,0,0,0,0,0,0,0,0,0,0,0
50.3201,0,0,0,0,0,0,0,0,0,0,0,0,0,0,0,0
50.3301,0,0,0,0,0,0,0,0,0,0,0,0,0,0,0,0
50.3401,0,0,0,0,0,0,0,0,0,0,0,0,0,0,0,0
50.3501,0,0,0,0,0,0,0,0,0,0,0,0,0,0,0,0
50.3601,0,0,0,0,0,0,0,0,0,0,0,0,0,0,0,0
50.3701,0,0,0,0,0,0,0,0,0,0,0,0,0,0,0,0
50.3801,0,0,0,0,0,0,0,0,0,0,0,0,0,0,0,0
50.3901,0,0,0,0,0,0,0,0,0,0,0,0,0,0,0,0
50.4001,0,0,0,0,0,0,0,0,0,0,0,0,0,0,0,0
50.4101,0,0,0,0,0,0,0,0,0,0,0,0,0,0,0,0
50.4201,0,0,0,0,0,0,0,0,0,0,0,0,0,0,0,0
50.4301,0,0,0,0,0,0,0,0,0,0,0,0,0,0,0,0
50.4401,0,0,0,0,0,0,0,0,0,0,0,0,0,0,0,0
50.4501,0,0,0,0,0,0,0,0,0,0,0,0,0,0,0,0
50.4601,0,0,0,0,0,0,0,0,0,0,0,0,0,0,0,0
50.4701,0,0,0,0,0,0,0,0,0,0,0,0,0,0,0,0
50.4801,0,0,0,0,0,0,0,0,0,0,0,0,0,0,0,0
50.4901,0,0,0,0,0,0,0,0,0,0,0,0,0,0,0,0
50.5001,0,0,0,0,0,0,0,0,0,0,0,0,0,0,0,0
50.5101,0,0,0,0,0,0,0,0,0,0,0,0,0,0,0,0
50.5201,0,0,0,0,0,0,0,0,0,0,0,0,0,0,0,0
50.5301,0,0,0,0,0,0,0,0,0,0,0,0,0,0,0,0
50.5401,0,0,0,0,0,0,0,0,0,0,0,0,0,0,0,0
50.5501,0,0,0,0,0,0,0,0,0,0,0,0,0,0,0,0
50.5601,0,0,0,0,0,0,0,0,0,0,0,0,0,0,0,0
50.5701,0,0,0,0,0,0,0,0,0,0,0,0,0,0,0,0
50.5801,0,0,0,0,0,0,0,0,0,0,0,0,0,0,0,0
50.5901,0,0,0,0,0,0,0,0,0,0,0,0,0,0,0,0
50.6001,0,0,0,0,0,0,0,0,0,0,0,0,0,0,0,0
50.6101,0,0,0,0,0,0,0,0,0,0,0,0,0,0,0,0
50.6201,0,0,0,0,0,0,0,0,0,0,0,0,0,0,0,0
50.6301,0,0,0,0,0,0,0,0,0,0,0,0,0,0,0,0
50.6401,0,0,0,0,0,0,0,0,0,0,0,0,0,0,0,0
50.6501,0,0,0,0,0,0,0,0,0,0,0,0,0,0,0,0
50.6601,0,0,0,0,0,0,0,0,0,0,0,0,0,0,0,0
50.6701,0,0,0,0,0,0,0,0,0,0,0,0,0,0,0,0
50.6801,0,0,0,0,0,0,0,0,0,0,0,0,0,0,0,0
50.6901,0,0,0,0,0,0,0,0,0,0,0,0,0,0,0,0
50.7001,0,0,0,0,0,0,0,0,0,0,0,0,0,0,0,0
50.7101,0,0,0,0,0,0,0,0,0,0,0,0,0,0,0,0
50.7201,0,0,0,0,0,0,0,0,0,0,0,0,0,0,0,0
50.7301,0,0,0,0,0,0,0,0,0,0,0,0,0,0,0,0
50.7401,0,0,0,0,0,0,0,0,0,0,0,0,0,0,0,0
50.7501,0,0,0,0,0,0,0,0,0,0,0,0,0,0,0,0
50.7601,0,0,0,0,0,0,0,0,0,0,0,0,0,0,0,0
50.7701,0,0,0,0,0,0,0,0,0,0,0,0,0,0,0,0
50.7801,0,0,0,0,0,0,0,0,0,0,0,0,0,0,0,0
50.7901,0,0,0,0,0,0,0,0,0,0,0,0,0,0,0,0
50.8001,0,0,0,0,0,0,0,0,0,0,0,0,0,0,0,0
50.8101,0,0,0,0,0,0,0,0,0,0,0,0,0,0,0,0
50.8201,0,0,0,0,0,0,0,0,0,0,0,0,0,0,0,0
50.8301,0,0,0,0,0,0,0,0,0,0,0,0,0,0,0,0
50.8401,0,0,0,0,0,0,0,0,0,0,0,0,0,0,0,0
50.8501,0,0,0,0,0,0,0,0,0,0,0,0,0,0,0,0
50.8601,0,0,0,0,0,0,0,0,0,0,0,0,0,0,0,0
50.8701,0,0,0,0,0,0,0,0,0,0,0,0,0,0,0,0
50.8801,0,0,0,0,0,0,0,0,0,0,0,0,0,0,0,0
50.8901,0,0,0,0,0,0,0,0,0,0,0,0,0,0,0,0
50.9001,0,0,0,0,0,0,0,0,0,0,0,0,0,0,0,0
50.9101,0,0,0,0,0,0,0,0,0,0,0,0,0,0,0,0
50.9201,0,0,0,0,0,0,0,0,0,0,0,0,0,0,0,0
50.9301,0,0,0,0,0,0,0,0,0,0,0,0,0,0,0,0
50.9401,0,0,0,0,0,0,0,0,0,0,0,0,0,0,0,0
50.9501,0,0,0,0,0,0,0,0,0,0,0,0,0,0,0,0
50.9601,0,0,0,0,0,0,0,0,0,0,0,0,0,0,0,0
50.9701,0,0,0,0,0,0,0,0,0,0,0,0,0,0,0,0
50.9801,0,0,0,0,0,0,0,0,0,0,0,0,0,0,0,0
50.9901,0,0,0,0,0,0,0,0,0,0,0,0,0,0,0,0
51.0001,0,0,0,0,0,0,0,0,0,0,0,0,0,0,0,0
51.0101,0,0,0,0,0,0,0,0,0,0,0,0,0,0,0,0
51.0201,0,0,0,0,0,0,0,0,0,0,0,0,0,0,0,0
51.0301,0,0,0,0,0,0,0,0,0,0,0,0,0,0,0,0
51.0401,0,0,0,0,0,0,0,0,0,0,0,0,0,0,0,0
51.0501,0,0,0,0,0,0,0,0,0,0,0,0,0,0,0,0
51.0601,0,0,0,0,0,0,0,0,0,0,0,0,0,0,0,0
51.0701,0,0,0,0,0,0,0,0,0,0,0,0,0,0,0,0
51.0801,0,0,0,0,0,0,0,0,0,0,0,0,0,0,0,0
51.0901,0,0,0,0,0,0,0,0,0,0,0,0,0,0,0,0
51.1001,0,0,0,0,0,0,0,0,0,0,0,0,0,0,0,0
51.1101,0,0,0,0,0,0,0,0,0,0,0,0,0,0,0,0
51.1201,0,0,0,0,0,0,0,0,0,0,0,0,0,0,0,0
51.1301,0,0,0,0,0,0,0,0,0,0,0,0,0,0,0,0
51.1401,0,0,0,0,0,0,0,0,0,0,0,0,0,0,0,0
51.1501,0,0,0,0,0,0,0,0,0,0,0,0,0,0,0,0
51.1601,0,0,0,0,0,0,0,0,0,0,0,0,0,0,0,0
51.1701,0,0,0,0,0,0,0,0,0,0,0,0,0,0,0,0
51.1801,0,0,0,0,0,0,0,0,0,0,0,0,0,0,0,0
51.1901,0,0,0,0,0,0,0,0,0,0,0,0,0,0,0,0
51.2,0,0,0,0,0,0,0,0,0,0,0,0,0,0,0,0
51.2101,0,0,0,0,0,0,0,0,0,0,0,0,0,0,0,0
51.22,0,0,0,0,0,0,0,0,0,0,0,0,0,0,0,0
51.2301,0,0,0,0,0,0,0,0,0,0,0,0,0,0,0,0
51.2401,0,0,0,0,0,0,0,0,0,0,0,0,0,0,0,0
51.2501,0,0,0,0,0,0,0,0,0,0,0,0,0,0,0,0
51.2601,0,0,0,0,0,0,0,0,0,0,0,0,0,0,0,0
51.2701,0,0,0,0,0,0,0,0,0,0,0,0,0,0,0,0
51.2801,0,0,0,0,0,0,0,0,0,0,0,0,0,0,0,0
51.2901,0,0,0,0,0,0,0,0,0,0,0,0,0,0,0,0
51.3001,0,0,0,0,0,0,0,0,0,0,0,0,0,0,0,0
51.3101,0,0,0,0,0,0,0,0,0,0,0,0,0,0,0,0
51.3201,0,0,0,0,0,0,0,0,0,0,0,0,0,0,0,0
51.3301,0,0,0,0,0,0,0,0,0,0,0,0,0,0,0,0
51.3401,0,0,0,0,0,0,0,0,0,0,0,0,0,0,0,0
51.3501,0,0,0,0,0,0,0,0,0,0,0,0,0,0,0,0
51.3601,0,0,0,0,0,0,0,0,0,0,0,0,0,0,0,0
51.3701,0,0,0,0,0,0,0,0,0,0,0,0,0,0,0,0
51.3801,0,0,0,0,0,0,0,0,0,0,0,0,0,0,0,0
51.3901,0,0,0,0,0,0,0,0,0,0,0,0,0,0,0,0
51.4001,0,0,0,0,0,0,0,0,0,0,0,0,0,0,0,0
51.4101,0,0,0,0,0,0,0,0,0,0,0,0,0,0,0,0
51.4201,0,0,0,0,0,0,0,0,0,0,0,0,0,0,0,0
51.4301,0,0,0,0,0,0,0,0,0,0,0,0,0,0,0,0
51.4401,0,0,0,0,0,0,0,0,0,0,0,0,0,0,0,0
51.4501,0,0,0,0,0,0,0,0,0,0,0,0,0,0,0,0
51.4601,0,0,0,0,0,0,0,0,0,0,0,0,0,0,0,0
51.4701,0,0,0,0,0,0,0,0,0,0,0,0,0,0,0,0
51.4801,0,0,0,0,0,0,0,0,0,0,0,0,0,0,0,0
51.4901,0,0,0,0,0,0,0,0,0,0,0,0,0,0,0,0
51.5001,0,0,0,0,0,0,0,0,0,0,0,0,0,0,0,0
51.5101,0,0,0,0,0,0,0,0,0,0,0,0,0,0,0,0
51.5201,0,0,0,0,0,0,0,0,0,0,0,0,0,0,0,0
51.5301,0,0,0,0,0,0,0,0,0,0,0,0,0,0,0,0
51.5401,0,0,0,0,0,0,0,0,0,0,0,0,0,0,0,0
51.5501,0,0,0,0,0,0,0,0,0,0,0,0,0,0,0,0
51.5601,0,0,0,0,0,0,0,0,0,0,0,0,0,0,0,0
51.5701,0,0,0,0,0,0,0,0,0,0,0,0,0,0,0,0
51.5801,0,0,0,0,0,0,0,0,0,0,0,0,0,0,0,0
51.5901,0,0,0,0,0,0,0,0,0,0,0,0,0,0,0,0
51.6001,0,0,0,0,0,0,0,0,0,0,0,0,0,0,0,0
51.6101,0,0,0,0,0,0,0,0,0,0,0,0,0,0,0,0
51.6201,0,0,0,0,0,0,0,0,0,0,0,0,0,0,0,0
51.6301,0,0,0,0,0,0,0,0,0,0,0,0,0,0,0,0
51.6401,0,0,0,0,0,0,0,0,0,0,0,0,0,0,0,0
51.6501,0,0,0,0,0,0,0,0,0,0,0,0,0,0,0,0
51.6601,0,0,0,0,0,0,0,0,0,0,0,0,0,0,0,0
51.6701,0,0,0,0,0,0,0,0,0,0,0,0,0,0,0,0
51.6801,0,0,0,0,0,0,0,0,0,0,0,0,0,0,0,0
51.6901,0,0,0,0,0,0,0,0,0,0,0,0,0,0,0,0
51.7001,0,0,0,0,0,0,0,0,0,0,0,0,0,0,0,0
51.7101,0,0,0,0,0,0,0,0,0,0,0,0,0,0,0,0
51.7201,0,0,0,0,0,0,0,0,0,0,0,0,0,0,0,0
51.7301,0,0,0,0,0,0,0,0,0,0,0,0,0,0,0,0
51.7401,0,0,0,0,0,0,0,0,0,0,0,0,0,0,0,0
51.7501,0,0,0,0,0,0,0,0,0,0,0,0,0,0,0,0
51.7601,0,0,0,0,0,0,0,0,0,0,0,0,0,0,0,0
51.7701,0,0,0,0,0,0,0,0,0,0,0,0,0,0,0,0
51.7801,0,0,0,0,0,0,0,0,0,0,0,0,0,0,0,0
51.7901,0,0,0,0,0,0,0,0,0,0,0,0,0,0,0,0
51.8001,0,0,0,0,0,0,0,0,0,0,0,0,0,0,0,0
51.8101,0,0,0,0,0,0,0,0,0,0,0,0,0,0,0,0
51.8201,0,0,0,0,0,0,0,0,0,0,0,0,0,0,0,0
51.8301,0,0,0,0,0,0,0,0,0,0,0,0,0,0,0,0
51.8401,0,0,0,0,0,0,0,0,0,0,0,0,0,0,0,0
51.8501,0,0,0,0,0,0,0,0,0,0,0,0,0,0,0,0
51.8601,0,0,0,0,0,0,0,0,0,0,0,0,0,0,0,0
51.8701,0,0,0,0,0,0,0,0,0,0,0,0,0,0,0,0
51.8801,0,0,0,0,0,0,0,0,0,0,0,0,0,0,0,0
51.8901,0,0,0,0,0,0,0,0,0,0,0,0,0,0,0,0
51.9001,0,0,0,0,0,0,0,0,0,0,0,0,0,0,0,0
51.9101,0,0,0,0,0,0,0,0,0,0,0,0,0,0,0,0
51.9201,0,0,0,0,0,0,0,0,0,0,0,0,0,0,0,0
51.9301,0,0,0,0,0,0,0,0,0,0,0,0,0,0,0,0
51.9401,0,0,0,0,0,0,0,0,0,0,0,0,0,0,0,0
51.9501,0,0,0,0,0,0,0,0,0,0,0,0,0,0,0,0
51.9601,0,0,0,0,0,0,0,0,0,0,0,0,0,0,0,0
51.9701,0,0,0,0,0,0,0,0,0,0,0,0,0,0,0,0
51.9801,0,0,0,0,0,0,0,0,0,0,0,0,0,0,0,0
51.9901,0,0,0,0,0,0,0,0,0,0,0,0,0,0,0,0
52.0001,0,0,0,0,0,0,0,0,0,0,0,0,0,0,0,0
52.0101,0,0,0,0,0,0,0,0,0,0,0,0,0,0,0,0
52.0201,0,0,0,0,0,0,0,0,0,0,0,0,0,0,0,0
52.0301,0,0,0,0,0,0,0,0,0,0,0,0,0,0,0,0
52.0401,0,0,0,0,0,0,0,0,0,0,0,0,0,0,0,0
52.05,0,0,0,0,0,0,0,0,0,0,0,0,0,0,0,0
52.0601,0,0,0,0,0,0,0,0,0,0,0,0,0,0,0,0
52.0701,0,0,0,0,0,0,0,0,0,0,0,0,0,0,0,0
52.0801,0,0,0,0,0,0,0,0,0,0,0,0,0,0,0,0
52.0901,0,0,0,0,0,0,0,0,0,0,0,0,0,0,0,0
52.1001,0,0,0,0,0,0,0,0,0,0,0,0,0,0,0,0
52.1101,0,0,0,0,0,0,0,0,0,0,0,0,0,0,0,0
52.1201,0,0,0,0,0,0,0,0,0,0,0,0,0,0,0,0
52.1301,0,0,0,0,0,0,0,0,0,0,0,0,0,0,0,0
52.1401,0,0,0,0,0,0,0,0,0,0,0,0,0,0,0,0
52.1501,0,0,0,0,0,0,0,0,0,0,0,0,0,0,0,0
52.1601,0,0,0,0,0,0,0,0,0,0,0,0,0,0,0,0
52.1701,0,0,0,0,0,0,0,0,0,0,0,0,0,0,0,0
52.1801,0,0,0,0,0,0,0,0,0,0,0,0,0,0,0,0
52.1901,0,0,0,0,0,0,0,0,0,0,0,0,0,0,0,0
52.2001,0,0,0,0,0,0,0,0,0,0,0,0,0,0,0,0
52.2101,0,0,0,0,0,0,0,0,0,0,0,0,0,0,0,0
52.2201,0,0,0,0,0,0,0,0,0,0,0,0,0,0,0,0
52.2301,0,0,0,0,0,0,0,0,0,0,0,0,0,0,0,0
52.2401,0,0,0,0,0,0,0,0,0,0,0,0,0,0,0,0
52.2501,0,0,0,0,0,0,0,0,0,0,0,0,0,0,0,0
52.2601,0,0,0,0,0,0,0,0,0,0,0,0,0,0,0,0
52.2701,0,0,0,0,0,0,0,0,0,0,0,0,0,0,0,0
52.2801,0,0,0,0,0,0,0,0,0,0,0,0,0,0,0,0
52.2901,0,0,0,0,0,0,0,0,0,0,0,0,0,0,0,0
52.3001,0,0,0,0,0,0,0,0,0,0,0,0,0,0,0,0
52.3101,0,0,0,0,0,0,0,0,0,0,0,0,0,0,0,0
52.3201,0,0,0,0,0,0,0,0,0,0,0,0,0,0,0,0
52.3301,0,0,0,0,0,0,0,0,0,0,0,0,0,0,0,0
52.3401,0,0,0,0,0,0,0,0,0,0,0,0,0,0,0,0
52.3501,0,0,0,0,0,0,0,0,0,0,0,0,0,0,0,0
52.3601,0,0,0,0,0,0,0,0,0,0,0,0,0,0,0,0
52.3701,0,0,0,0,0,0,0,0,0,0,0,0,0,0,0,0
52.3801,0,0,0,0,0,0,0,0,0,0,0,0,0,0,0,0
52.3901,0,0,0,0,0,0,0,0,0,0,0,0,0,0,0,0
52.4001,0,0,0,0,0,0,0,0,0,0,0,0,0,0,0,0
52.4101,0,0,0,0,0,0,0,0,0,0,0,0,0,0,0,0
52.4201,0,0,0,0,0,0,0,0,0,0,0,0,0,0,0,0
52.4301,0,0,0,0,0,0,0,0,0,0,0,0,0,0,0,0
52.4401,0,0,0,0,0,0,0,0,0,0,0,0,0,0,0,0
52.4501,0,0,0,0,0,0,0,0,0,0,0,0,0,0,0,0
52.4601,0,0,0,0,0,0,0,0,0,0,0,0,0,0,0,0
52.4701,0,0,0,0,0,0,0,0,0,0,0,0,0,0,0,0
52.4801,0,0,0,0,0,0,0,0,0,0,0,0,0,0,0,0
52.4901,0,0,0,0,0,0,0,0,0,0,0,0,0,0,0,0
52.5001,0,0,0,0,0,0,0,0,0,0,0,0,0,0,0,0
52.5101,0,0,0,0,0,0,0,0,0,0,0,0,0,0,0,0
52.5201,0,0,0,0,0,0,0,0,0,0,0,0,0,0,0,0
52.5301,0,0,0,0,0,0,0,0,0,0,0,0,0,0,0,0
52.5401,0,0,0,0,0,0,0,0,0,0,0,0,0,0,0,0
52.5501,0,0,0,0,0,0,0,0,0,0,0,0,0,0,0,0
52.5601,0,0,0,0,0,0,0,0,0,0,0,0,0,0,0,0
52.5701,0,0,0,0,0,0,0,0,0,0,0,0,0,0,0,0
52.5801,0,0,0,0,0,0,0,0,0,0,0,0,0,0,0,0
52.5901,0,0,0,0,0,0,0,0,0,0,0,0,0,0,0,0
52.6001,0,0,0,0,0,0,0,0,0,0,0,0,0,0,0,0
52.6101,0,0,0,0,0,0,0,0,0,0,0,0,0,0,0,0
52.6201,0,0,0,0,0,0,0,0,0,0,0,0,0,0,0,0
52.6301,0,0,0,0,0,0,0,0,0,0,0,0,0,0,0,0
52.6401,0,0,0,0,0,0,0,0,0,0,0,0,0,0,0,0
52.6501,0,0,0,0,0,0,0,0,0,0,0,0,0,0,0,0
52.6601,0,0,0,0,0,0,0,0,0,0,0,0,0,0,0,0
52.6701,0,0,0,0,0,0,0,0,0,0,0,0,0,0,0,0
52.6801,0,0,0,0,0,0,0,0,0,0,0,0,0,0,0,0
52.6901,0,0,0,0,0,0,0,0,0,0,0,0,0,0,0,0
52.7001,0,0,0,0,0,0,0,0,0,0,0,0,0,0,0,0
52.7101,0,0,0,0,0,0,0,0,0,0,0,0,0,0,0,0
52.7201,0,0,0,0,0,0,0,0,0,0,0,0,0,0,0,0
52.7301,0,0,0,0,0,0,0,0,0,0,0,0,0,0,0,0
52.7401,0,0,0,0,0,0,0,0,0,0,0,0,0,0,0,0
52.7501,0,0,0,0,0,0,0,0,0,0,0,0,0,0,0,0
52.7601,0,0,0,0,0,0,0,0,0,0,0,0,0,0,0,0
52.7701,0,0,0,0,0,0,0,0,0,0,0,0,0,0,0,0
52.7801,0,0,0,0,0,0,0,0,0,0,0,0,0,0,0,0
52.7901,0,0,0,0,0,0,0,0,0,0,0,0,0,0,0,0
52.8001,0,0,0,0,0,0,0,0,0,0,0,0,0,0,0,0
52.8101,0,0,0,0,0,0,0,0,0,0,0,0,0,0,0,0
52.8201,0,0,0,0,0,0,0,0,0,0,0,0,0,0,0,0
52.8301,0,0,0,0,0,0,0,0,0,0,0,0,0,0,0,0
52.8401,0,0,0,0,0,0,0,0,0,0,0,0,0,0,0,0
52.8501,0,0,0,0,0,0,0,0,0,0,0,0,0,0,0,0
52.8601,0,0,0,0,0,0,0,0,0,0,0,0,0,0,0,0
52.8701,0,0,0,0,0,0,0,0,0,0,0,0,0,0,0,0
52.8801,0,0,0,0,0,0,0,0,0,0,0,0,0,0,0,0
52.8901,0,0,0,0,0,0,0,0,0,0,0,0,0,0,0,0
52.9001,0,0,0,0,0,0,0,0,0,0,0,0,0,0,0,0
52.9101,0,0,0,0,0,0,0,0,0,0,0,0,0,0,0,0
52.9201,0,0,0,0,0,0,0,0,0,0,0,0,0,0,0,0
52.9301,0,0,0,0,0,0,0,0,0,0,0,0,0,0,0,0
52.9401,0,0,0,0,0,0,0,0,0,0,0,0,0,0,0,0
52.9501,0,0,0,0,0,0,0,0,0,0,0,0,0,0,0,0
52.9601,0,0,0,0,0,0,0,0,0,0,0,0,0,0,0,0
52.9701,0,0,0,0,0,0,0,0,0,0,0,0,0,0,0,0
52.9801,0,0,0,0,0,0,0,0,0,0,0,0,0,0,0,0
52.9901,0,0,0,0,0,0,0,0,0,0,0,0,0,0,0,0
53.0001,0,0,0,0,0,0,0,0,0,0,0,0,0,0,0,0
53.0101,0,0,0,0,0,0,0,0,0,0,0,0,0,0,0,0
53.0201,0,0,0,0,0,0,0,0,0,0,0,0,0,0,0,0
53.0301,0,0,0,0,0,0,0,0,0,0,0,0,0,0,0,0
53.0401,0,0,0,0,0,0,0,0,0,0,0,0,0,0,0,0
53.0501,0,0,0,0,0,0,0,0,0,0,0,0,0,0,0,0
53.0601,0,0,0,0,0,0,0,0,0,0,0,0,0,0,0,0
53.0701,0,0,0,0,0,0,0,0,0,0,0,0,0,0,0,0
53.0801,0,0,0,0,0,0,0,0,0,0,0,0,0,0,0,0
53.0901,0,0,0,0,0,0,0,0,0,0,0,0,0,0,0,0
53.1001,0,0,0,0,0,0,0,0,0,0,0,0,0,0,0,0
53.1101,0,0,0,0,0,0,0,0,0,0,0,0,0,0,0,0
53.1201,0,0,0,0,0,0,0,0,0,0,0,0,0,0,0,0
53.1301,0,0,0,0,0,0,0,0,0,0,0,0,0,0,0,0
53.1401,0,0,0,0,0,0,0,0,0,0,0,0,0,0,0,0
53.1501,0,0,0,0,0,0,0,0,0,0,0,0,0,0,0,0
53.1601,0,0,0,0,0,0,0,0,0,0,0,0,0,0,0,0
53.1701,0,0,0,0,0,0,0,0,0,0,0,0,0,0,0,0
53.1801,0,0,0,0,0,0,0,0,0,0,0,0,0,0,0,0
53.1901,0,0,0,0,0,0,0,0,0,0,0,0,0,0,0,0
53.2001,0,0,0,0,0,0,0,0,0,0,0,0,0,0,0,0
53.2101,0,0,0,0,0,0,0,0,0,0,0,0,0,0,0,0
53.2201,0,0,0,0,0,0,0,0,0,0,0,0,0,0,0,0
53.2301,0,0,0,0,0,0,0,0,0,0,0,0,0,0,0,0
53.2401,0,0,0,0,0,0,0,0,0,0,0,0,0,0,0,0
53.2501,0,0,0,0,0,0,0,0,0,0,0,0,0,0,0,0
53.2601,0,0,0,0,0,0,0,0,0,0,0,0,0,0,0,0
53.2701,0,0,0,0,0,0,0,0,0,0,0,0,0,0,0,0
53.2801,0,0,0,0,0,0,0,0,0,0,0,0,0,0,0,0
53.2901,0,0,0,0,0,0,0,0,0,0,0,0,0,0,0,0
53.3001,0,0,0,0,0,0,0,0,0,0,0,0,0,0,0,0
53.3101,0,0,0,0,0,0,0,0,0,0,0,0,0,0,0,0
53.3201,0,0,0,0,0,0,0,0,0,0,0,0,0,0,0,0
53.3301,0,0,0,0,0,0,0,0,0,0,0,0,0,0,0,0
53.3401,0,0,0,0,0,0,0,0,0,0,0,0,0,0,0,0
53.3501,0,0,0,0,0,0,0,0,0,0,0,0,0,0,0,0
53.3601,0,0,0,0,0,0,0,0,0,0,0,0,0,0,0,0
53.3701,0,0,0,0,0,0,0,0,0,0,0,0,0,0,0,0
53.3801,0,0,0,0,0,0,0,0,0,0,0,0,0,0,0,0
53.3901,0,0,0,0,0,0,0,0,0,0,0,0,0,0,0,0
53.4001,0,0,0,0,0,0,0,0,0,0,0,0,0,0,0,0
53.4101,0,0,0,0,0,0,0,0,0,0,0,0,0,0,0,0
53.4201,0,0,0,0,0,0,0,0,0,0,0,0,0,0,0,0
53.4301,0,0,0,0,0,0,0,0,0,0,0,0,0,0,0,0
53.4401,0,0,0,0,0,0,0,0,0,0,0,0,0,0,0,0
53.4501,0,0,0,0,0,0,0,0,0,0,0,0,0,0,0,0
53.4601,0,0,0,0,0,0,0,0,0,0,0,0,0,0,0,0
53.4701,0,0,0,0,0,0,0,0,0,0,0,0,0,0,0,0
53.4801,0,0,0,0,0,0,0,0,0,0,0,0,0,0,0,0
53.4901,0,0,0,0,0,0,0,0,0,0,0,0,0,0,0,0
53.5001,0,0,0,0,0,0,0,0,0,0,0,0,0,0,0,0
53.5101,0,0,0,0,0,0,0,0,0,0,0,0,0,0,0,0
53.5201,0,0,0,0,0,0,0,0,0,0,0,0,0,0,0,0
53.5301,0,0,0,0,0,0,0,0,0,0,0,0,0,0,0,0
53.5401,0,0,0,0,0,0,0,0,0,0,0,0,0,0,0,0
53.5501,0,0,0,0,0,0,0,0,0,0,0,0,0,0,0,0
53.5601,0,0,0,0,0,0,0,0,0,0,0,0,0,0,0,0
53.5701,0,0,0,0,0,0,0,0,0,0,0,0,0,0,0,0
53.5801,0,0,0,0,0,0,0,0,0,0,0,0,0,0,0,0
53.5901,0,0,0,0,0,0,0,0,0,0,0,0,0,0,0,0
53.6001,0,0,0,0,0,0,0,0,0,0,0,0,0,0,0,0
53.6101,0,0,0,0,0,0,0,0,0,0,0,0,0,0,0,0
53.6201,0,0,0,0,0,0,0,0,0,0,0,0,0,0,0,0
53.6301,0,0,0,0,0,0,0,0,0,0,0,0,0,0,0,0
53.6401,0,0,0,0,0,0,0,0,0,0,0,0,0,0,0,0
53.6501,0,0,0,0,0,0,0,0,0,0,0,0,0,0,0,0
53.6601,0,0,0,0,0,0,0,0,0,0,0,0,0,0,0,0
53.6701,0,0,0,0,0,0,0,0,0,0,0,0,0,0,0,0
53.6801,0,0,0,0,0,0,0,0,0,0,0,0,0,0,0,0
53.6901,0,0,0,0,0,0,0,0,0,0,0,0,0,0,0,0
53.7001,0,0,0,0,0,0,0,0,0,0,0,0,0,0,0,0
53.7101,0,0,0,0,0,0,0,0,0,0,0,0,0,0,0,0
53.7201,0,0,0,0,0,0,0,0,0,0,0,0,0,0,0,0
53.7301,0,0,0,0,0,0,0,0,0,0,0,0,0,0,0,0
53.7401,0,0,0,0,0,0,0,0,0,0,0,0,0,0,0,0
53.7501,0,0,0,0,0,0,0,0,0,0,0,0,0,0,0,0
53.7601,0,0,0,0,0,0,0,0,0,0,0,0,0,0,0,0
53.7701,0,0,0,0,0,0,0,0,0,0,0,0,0,0,0,0
53.7801,0,0,0,0,0,0,0,0,0,0,0,0,0,0,0,0
53.7901,0,0,0,0,0,0,0,0,0,0,0,0,0,0,0,0
53.8001,0,0,0,0,0,0,0,0,0,0,0,0,0,0,0,0
53.8101,0,0,0,0,0,0,0,0,0,0,0,0,0,0,0,0
53.8201,0,0,0,0,0,0,0,0,0,0,0,0,0,0,0,0
53.8301,0,0,0,0,0,0,0,0,0,0,0,0,0,0,0,0
53.8401,0,0,0,0,0,0,0,0,0,0,0,0,0,0,0,0
53.8501,0,0,0,0,0,0,0,0,0,0,0,0,0,0,0,0
53.8601,0,0,0,0,0,0,0,0,0,0,0,0,0,0,0,0
53.8701,0,0,0,0,0,0,0,0,0,0,0,0,0,0,0,0
53.8801,0,0,0,0,0,0,0,0,0,0,0,0,0,0,0,0
53.8901,0,0,0,0,0,0,0,0,0,0,0,0,0,0,0,0
53.9001,0,0,0,0,0,0,0,0,0,0,0,0,0,0,0,0
53.9101,0,0,0,0,0,0,0,0,0,0,0,0,0,0,0,0
53.9201,0,0,0,0,0,0,0,0,0,0,0,0,0,0,0,0
53.9301,0,0,0,0,0,0,0,0,0,0,0,0,0,0,0,0
53.9401,0,0,0,0,0,0,0,0,0,0,0,0,0,0,0,0
53.9501,0,0,0,0,0,0,0,0,0,0,0,0,0,0,0,0
53.9601,0,0,0,0,0,0,0,0,0,0,0,0,0,0,0,0
53.9701,0,0,0,0,0,0,0,0,0,0,0,0,0,0,0,0
53.9801,0,0,0,0,0,0,0,0,0,0,0,0,0,0,0,0
53.9901,0,0,0,0,0,0,0,0,0,0,0,0,0,0,0,0
54.0001,0,0,0,0,0,0,0,0,0,0,0,0,0,0,0,0
54.0101,0,0,0,0,0,0,0,0,0,0,0,0,0,0,0,0
54.0201,0,0,0,0,0,0,0,0,0,0,0,0,0,0,0,0
54.0301,0,0,0,0,0,0,0,0,0,0,0,0,0,0,0,0
54.0401,0,0,0,0,0,0,0,0,0,0,0,0,0,0,0,0
54.0501,0,0,0,0,0,0,0,0,0,0,0,0,0,0,0,0
54.0601,0,0,0,0,0,0,0,0,0,0,0,0,0,0,0,0
54.0701,0,0,0,0,0,0,0,0,0,0,0,0,0,0,0,0
54.0801,0,0,0,0,0,0,0,0,0,0,0,0,0,0,0,0
54.0901,0,0,0,0,0,0,0,0,0,0,0,0,0,0,0,0
54.1001,0,0,0,0,0,0,0,0,0,0,0,0,0,0,0,0
54.1101,0,0,0,0,0,0,0,0,0,0,0,0,0,0,0,0
54.1201,0,0,0,0,0,0,0,0,0,0,0,0,0,0,0,0
54.1301,0,0,0,0,0,0,0,0,0,0,0,0,0,0,0,0
54.1401,0,0,0,0,0,0,0,0,0,0,0,0,0,0,0,0
54.1501,0,0,0,0,0,0,0,0,0,0,0,0,0,0,0,0
54.1601,0,0,0,0,0,0,0,0,0,0,0,0,0,0,0,0
54.1701,0,0,0,0,0,0,0,0,0,0,0,0,0,0,0,0
54.1801,0,0,0,0,0,0,0,0,0,0,0,0,0,0,0,0
54.1901,0,0,0,0,0,0,0,0,0,0,0,0,0,0,0,0
54.2001,0,0,0,0,0,0,0,0,0,0,0,0,0,0,0,0
54.2101,0,0,0,0,0,0,0,0,0,0,0,0,0,0,0,0
54.2201,0,0,0,0,0,0,0,0,0,0,0,0,0,0,0,0
54.2301,0,0,0,0,0,0,0,0,0,0,0,0,0,0,0,0
54.2401,0,0,0,0,0,0,0,0,0,0,0,0,0,0,0,0
54.2501,0,0,0,0,0,0,0,0,0,0,0,0,0,0,0,0
54.7201,0,0,0,0,0,0,0,0,0,0,0,0,0,0,0,0
54.7301,0,0,0,0,0,0,0,0,0,0,0,0,0,0,0,0
54.7401,0,0,0,0,0,0,0,0,0,0,0,0,0,0,0,0
54.7501,0,0,0,0,0,0,0,0,0,0,0,0,0,0,0,0
56.0601,0,0,0,0,0,0,0,0,0,0,0,0,0,0,0,0
56.0701,0,0,0,0,0,0,0,0,0,0,0,0,0,0,0,0
56.0801,0,0,0,0,0,0,0,0,0,0,0,0,0,0,0,0
56.0901,0,0,0,0,0,0,0,0,0,0,0,0,0,0,0,0
56.1001,0,0,0,0,0,0,0,0,0,0,0,0,0,0,0,0
56.1101,0,0,0,0,0,0,0,0,0,0,0,0,0,0,0,0
57.4601,0,0,0,0,0,0,0,0,0,0,0,0,0,0,0,0
57.4701,0,0,0,0,0,0,0,0,0,0,0,0,0,0,0,0
57.4801,0,0,0,0,0,0,0,0,0,0,0,0,0,0,0,0
57.4901,0,0,0,0,0,0,0,0,0,0,0,0,0,0,0,0
57.5001,0,0,0,0,0,0,0,0,0,0,0,0,0,0,0,0
57.5101,0,0,0,0,0,0,0,0,0,0,0,0,0,0,0,0
63.8601,0,0,0,0,0,0,0,0,0,0,0,0,0,0,0,0
63.8701,0,0,0,0,0,0,0,0,0,0,0,0,0,0,0,0
63.8801,0,0,0,0,0,0,0,0,0,0,0,0,0,0,0,0
63.8901,0,0,0,0,0,0,0,0,0,0,0,0,0,0,0,0
63.9001,0,0,0,0,0,0,0,0,0,0,0,0,0,0,0,0
63.9101,0,0,0,0,0,0,0,0,0,0,0,0,0,0,0,0
63.9201,0,0,0,0,0,0,0,0,0,0,0,0,0,0,0,0
63.9301,0,0,0,0,0,0,0,0,0,0,0,0,0,0,0,0
63.9401,0,0,0,0,0,0,0,0,0,0,0,0,0,0,0,0
63.95,0,0,0,0,0,0,0,0,0,0,0,0,0,0,0,0
63.9601,0,0,0,0,0,0,0,0,0,0,0,0,0,0,0,0
63.97,0,0,0,0,0,0,0,0,0,0,0,0,0,0,0,0
63.9801,0,0,0,0,0,0,0,0,0,0,0,0,0,0,0,0
63.9901,0,0,0,0,0,0,0,0,0,0,0,0,0,0,0,0
64.0001,0,0,0,0,0,0,0,0,0,0,0,0,0,0,0,0
64.0101,0,0,0,0,0,0,0,0,0,0,0,0,0,0,0,0
64.0201,0,0,0,0,0,0,0,0,0,0,0,0,0,0,0,0
64.0301,0,0,0,0,0,0,0,0,0,0,0,0,0,0,0,0
64.0401,0,0,0,0,0,0,0,0,0,0,0,0,0,0,0,0
64.0501,0,0,0,0,0,0,0,0,0,0,0,0,0,0,0,0
64.0601,0,0,0,0,0,0,0,0,0,0,0,0,0,0,0,0
64.0701,0,0,0,0,0,0,0,0,0,0,0,0,0,0,0,0
64.0801,0,0,0,0,0,0,0,0,0,0,0,0,0,0,0,0
64.0901,0,0,0,0,0,0,0,0,0,0,0,0,0,0,0,0
64.1001,0,0,0,0,0,0,0,0,0,0,0,0,0,0,0,0
64.1101,0,0,0,0,0,0,0,0,0,0,0,0,0,0,0,0
64.1201,0,0,0,0,0,0,0,0,0,0,0,0,0,0,0,0
64.1301,0,0,0,0,0,0,0,0,0,0,0,0,0,0,0,0
64.1401,0,0,0,0,0,0,0,0,0,0,0,0,0,0,0,0
64.1501,0,0,0,0,0,0,0,0,0,0,0,0,0,0,0,0
64.1601,0,0,0,0,0,0,0,0,0,0,0,0,0,0,0,0
64.1701,0,0,0,0,0,0,0,0,0,0,0,0,0,0,0,0
64.1801,0,0,0,0,0,0,0,0,0,0,0,0,0,0,0,0
64.1901,0,0,0,0,0,0,0,0,0,0,0,0,0,0,0,0
64.2001,0,0,0,0,0,0,0,0,0,0,0,0,0,0,0,0
64.2101,0,0,0,0,0,0,0,0,0,0,0,0,0,0,0,0
64.2201,0,0,0,0,0,0,0,0,0,0,0,0,0,0,0,0
64.2301,0,0,0,0,0,0,0,0,0,0,0,0,0,0,0,0
64.2401,0,0,0,0,0,0,0,0,0,0,0,0,0,0,0,0
64.2501,0,0,0,0,0,0,0,0,0,0,0,0,0,0,0,0
64.2601,0,0,0,0,0,0,0,0,0,0,0,0,0,0,0,0
64.2701,0,0,0,0,0,0,0,0,0,0,0,0,0,0,0,0
64.28,0,0,0,0,0,0,0,0,0,0,0,0,0,0,0,0
64.2901,0,0,0,0,0,0,0,0,0,0,0,0,0,0,0,0
64.3001,0,0,0,0,0,0,0,0,0,0,0,0,0,0,0,0
64.3101,0,0,0,0,0,0,0,0,0,0,0,0,0,0,0,0
64.3201,0,0,0,0,0,0,0,0,0,0,0,0,0,0,0,0
64.3301,0,0,0,0,0,0,0,0,0,0,0,0,0,0,0,0
64.3401,0,0,0,0,0,0,0,0,0,0,0,0,0,0,0,0
64.3501,0,0,0,0,0,0,0,0,0,0,0,0,0,0,0,0
64.3601,0,0,0,0,0,0,0,0,0,0,0,0,0,0,0,0
64.3701,0,0,0,0,0,0,0,0,0,0,0,0,0,0,0,0
64.3801,0,0,0,0,0,0,0,0,0,0,0,0,0,0,0,0
64.3901,0,0,0,0,0,0,0,0,0,0,0,0,0,0,0,0
64.4001,0,0,0,0,0,0,0,0,0,0,0,0,0,0,0,0
64.4101,0,0,0,0,0,0,0,0,0,0,0,0,0,0,0,0
64.4201,0,0,0,0,0,0,0,0,0,0,0,0,0,0,0,0
64.4301,0,0,0,0,0,0,0,0,0,0,0,0,0,0,0,0
64.4401,0,0,0,0,0,0,0,0,0,0,0,0,0,0,0,0
64.4501,0,0,0,0,0,0,0,0,0,0,0,0,0,0,0,0
64.4601,0,0,0,0,0,0,0,0,0,0,0,0,0,0,0,0
64.4701,0,0,0,0,0,0,0,0,0,0,0,0,0,0,0,0
64.4801,0,0,0,0,0,0,0,0,0,0,0,0,0,0,0,0
64.4901,0,0,0,0,0,0,0,0,0,0,0,0,0,0,0,0
64.5001,0,0,0,0,0,0,0,0,0,0,0,0,0,0,0,0
64.5101,0,0,0,0,0,0,0,0,0,0,0,0,0,0,0,0
64.5201,0,0,0,0,0,0,0,0,0,0,0,0,0,0,0,0
64.5301,0,0,0,0,0,0,0,0,0,0,0,0,0,0,0,0
64.5401,0,0,0,0,0,0,0,0,0,0,0,0,0,0,0,0
64.5501,0,0,0,0,0,0,0,0,0,0,0,0,0,0,0,0
64.5601,0,0,0,0,0,0,0,0,0,0,0,0,0,0,0,0
64.5701,0,0,0,0,0,0,0,0,0,0,0,0,0,0,0,0
64.5801,0,0,0,0,0,0,0,0,0,0,0,0,0,0,0,0
64.5901,0,0,0,0,0,0,0,0,0,0,0,0,0,0,0,0
64.6001,0,0,0,0,0,0,0,0,0,0,0,0,0,0,0,0
64.6101,0,0,0,0,0,0,0,0,0,0,0,0,0,0,0,0
64.6201,0,0,0,0,0,0,0,0,0,0,0,0,0,0,0,0
64.6301,0,0,0,0,0,0,0,0,0,0,0,0,0,0,0,0
64.6401,0,0,0,0,0,0,0,0,0,0,0,0,0,0,0,0
64.6501,0,0,0,0,0,0,0,0,0,0,0,0,0,0,0,0
64.6601,0,0,0,0,0,0,0,0,0,0,0,0,0,0,0,0
64.6701,0,0,0,0,0,0,0,0,0,0,0,0,0,0,0,0
64.6801,0,0,0,0,0,0,0,0,0,0,0,0,0,0,0,0
64.6901,0,0,0,0,0,0,0,0,0,0,0,0,0,0,0,0
64.7001,0,0,0,0,0,0,0,0,0,0,0,0,0,0,0,0
64.7101,0,0,0,0,0,0,0,0,0,0,0,0,0,0,0,0
64.7201,0,0,0,0,0,0,0,0,0,0,0,0,0,0,0,0
64.7301,0,0,0,0,0,0,0,0,0,0,0,0,0,0,0,0
64.7401,0,0,0,0,0,0,0,0,0,0,0,0,0,0,0,0
64.7501,0,0,0,0,0,0,0,0,0,0,0,0,0,0,0,0
64.7601,0,0,0,0,0,0,0,0,0,0,0,0,0,0,0,0
64.77,0,0,0,0,0,0,0,0,0,0,0,0,0,0,0,0
64.7801,0,0,0,0,0,0,0,0,0,0,0,0,0,0,0,0
64.7901,0,0,0,0,0,0,0,0,0,0,0,0,0,0,0,0
64.8,0,0,0,0,0,0,0,0,0,0,0,0,0,0,0,0
64.8101,0,0,0,0,0,0,0,0,0,0,0,0,0,0,0,0
64.8201,0,0,0,0,0,0,0,0,0,0,0,0,0,0,0,0
64.8301,0,0,0,0,0,0,0,0,0,0,0,0,0,0,0,0
64.8401,0,0,0,0,0,0,0,0,0,0,0,0,0,0,0,0
64.8501,0,0,0,0,0,0,0,0,0,0,0,0,0,0,0,0
64.8601,0,0,0,0,0,0,0,0,0,0,0,0,0,0,0,0
64.8701,0,0,0,0,0,0,0,0,0,0,0,0,0,0,0,0
64.8801,0,0,0,0,0,0,0,0,0,0,0,0,0,0,0,0
64.8901,0,0,0,0,0,0,0,0,0,0,0,0,0,0,0,0
64.9001,0,0,0,0,0,0,0,0,0,0,0,0,0,0,0,0
64.9101,0,0,0,0,0,0,0,0,0,0,0,0,0,0,0,0
64.9201,0,0,0,0,0,0,0,0,0,0,0,0,0,0,0,0
64.9301,0,0,0,0,0,0,0,0,0,0,0,0,0,0,0,0
64.9401,0,0,0,0,0,0,0,0,0,0,0,0,0,0,0,0
64.9501,0,0,0,0,0,0,0,0,0,0,0,0,0,0,0,0
64.9601,0,0,0,0,0,0,0,0,0,0,0,0,0,0,0,0
64.9701,0,0,0,0,0,0,0,0,0,0,0,0,0,0,0,0
64.9801,0,0,0,0,0,0,0,0,0,0,0,0,0,0,0,0
64.9901,0,0,0,0,0,0,0,0,0,0,0,0,0,0,0,0
65.0001,0,0,0,0,0,0,0,0,0,0,0,0,0,0,0,0
65.0101,0,0,0,0,0,0,0,0,0,0,0,0,0,0,0,0
65.0201,0,0,0,0,0,0,0,0,0,0,0,0,0,0,0,0
65.0301,0,0,0,0,0,0,0,0,0,0,0,0,0,0,0,0
65.0401,0,0,0,0,0,0,0,0,0,0,0,0,0,0,0,0
65.0501,0,0,0,0,0,0,0,0,0,0,0,0,0,0,0,0
65.0601,0,0,0,0,0,0,0,0,0,0,0,0,0,0,0,0
65.0701,0,0,0,0,0,0,0,0,0,0,0,0,0,0,0,0
65.0801,0,0,0,0,0,0,0,0,0,0,0,0,0,0,0,0
65.0901,0,0,0,0,0,0,0,0,0,0,0,0,0,0,0,0
65.1001,0,0,0,0,0,0,0,0,0,0,0,0,0,0,0,0
65.1101,0,0,0,0,0,0,0,0,0,0,0,0,0,0,0,0
65.1201,0,0,0,0,0,0,0,0,0,0,0,0,0,0,0,0
65.1301,0,0,0,0,0,0,0,0,0,0,0,0,0,0,0,0
65.1401,0,0,0,0,0,0,0,0,0,0,0,0,0,0,0,0
65.1501,0,0,0,0,0,0,0,0,0,0,0,0,0,0,0,0
65.1601,0,0,0,0,0,0,0,0,0,0,0,0,0,0,0,0
65.1701,0,0,0,0,0,0,0,0,0,0,0,0,0,0,0,0
65.1801,0,0,0,0,0,0,0,0,0,0,0,0,0,0,0,0
65.1901,0,0,0,0,0,0,0,0,0,0,0,0,0,0,0,0
65.2001,0,0,0,0,0,0,0,0,0,0,0,0,0,0,0,0
65.2101,0,0,0,0,0,0,0,0,0,0,0,0,0,0,0,0
65.2201,0,0,0,0,0,0,0,0,0,0,0,0,0,0,0,0
65.2301,0,0,0,0,0,0,0,0,0,0,0,0,0,0,0,0
65.2401,0,0,0,0,0,0,0,0,0,0,0,0,0,0,0,0
65.2501,0,0,0,0,0,0,0,0,0,0,0,0,0,0,0,0
65.2601,0,0,0,0,0,0,0,0,0,0,0,0,0,0,0,0
65.2701,0,0,0,0,0,0,0,0,0,0,0,0,0,0,0,0
65.2801,0,0,0,0,0,0,0,0,0,0,0,0,0,0,0,0
65.2901,0,0,0,0,0,0,0,0,0,0,0,0,0,0,0,0
65.3001,0,0,0,0,0,0,0,0,0,0,0,0,0,0,0,0
65.3101,0,0,0,0,0,0,0,0,0,0,0,0,0,0,0,0
65.3201,0,0,0,0,0,0,0,0,0,0,0,0,0,0,0,0
65.3301,0,0,0,0,0,0,0,0,0,0,0,0,0,0,0,0
65.3401,0,0,0,0,0,0,0,0,0,0,0,0,0,0,0,0
65.3501,0,0,0,0,0,0,0,0,0,0,0,0,0,0,0,0
65.3601,0,0,0,0,0,0,0,0,0,0,0,0,0,0,0,0
65.3701,0,0,0,0,0,0,0,0,0,0,0,0,0,0,0,0
65.3801,0,0,0,0,0,0,0,0,0,0,0,0,0,0,0,0
65.3901,0,0,0,0,0,0,0,0,0,0,0,0,0,0,0,0
65.4001,0,0,0,0,0,0,0,0,0,0,0,0,0,0,0,0
65.4101,0,0,0,0,0,0,0,0,0,0,0,0,0,0,0,0
65.42,0,0,0,0,0,0,0,0,0,0,0,0,0,0,0,0
65.4301,0,0,0,0,0,0,0,0,0,0,0,0,0,0,0,0
65.4401,0,0,0,0,0,0,0,0,0,0,0,0,0,0,0,0
65.4501,0,0,0,0,0,0,0,0,0,0,0,0,0,0,0,0
65.4601,0,0,0,0,0,0,0,0,0,0,0,0,0,0,0,0
65.4701,0,0,0,0,0,0,0,0,0,0,0,0,0,0,0,0
65.4801,0,0,0,0,0,0,0,0,0,0,0,0,0,0,0,0
65.4901,0,0,0,0,0,0,0,0,0,0,0,0,0,0,0,0
65.5001,0,0,0,0,0,0,0,0,0,0,0,0,0,0,0,0
65.5101,0,0,0,0,0,0,0,0,0,0,0,0,0,0,0,0
65.5201,0,0,0,0,0,0,0,0,0,0,0,0,0,0,0,0
65.5301,0,0,0,0,0,0,0,0,0,0,0,0,0,0,0,0
65.5401,0,0,0,0,0,0,0,0,0,0,0,0,0,0,0,0
65.5501,0,0,0,0,0,0,0,0,0,0,0,0,0,0,0,0
65.5601,0,0,0,0,0,0,0,0,0,0,0,0,0,0,0,0
65.5701,0,0,0,0,0,0,0,0,0,0,0,0,0,0,0,0
65.5801,0,0,0,0,0,0,0,0,0,0,0,0,0,0,0,0
65.5901,0,0,0,0,0,0,0,0,0,0,0,0,0,0,0,0
65.6001,0,0,0,0,0,0,0,0,0,0,0,0,0,0,0,0
65.6101,0,0,0,0,0,0,0,0,0,0,0,0,0,0,0,0
65.6201,0,0,0,0,0,0,0,0,0,0,0,0,0,0,0,0
65.6301,0,0,0,0,0,0,0,0,0,0,0,0,0,0,0,0
65.6401,0,0,0,0,0,0,0,0,0,0,0,0,0,0,0,0
65.6501,0,0,0,0,0,0,0,0,0,0,0,0,0,0,0,0
65.6601,0,0,0,0,0,0,0,0,0,0,0,0,0,0,0,0
65.6701,0,0,0,0,0,0,0,0,0,0,0,0,0,0,0,0
65.6801,0,0,0,0,0,0,0,0,0,0,0,0,0,0,0,0
65.6901,0,0,0,0,0,0,0,0,0,0,0,0,0,0,0,0
65.7001,0,0,0,0,0,0,0,0,0,0,0,0,0,0,0,0
65.7101,0,0,0,0,0,0,0,0,0,0,0,0,0,0,0,0
65.7201,0,0,0,0,0,0,0,0,0,0,0,0,0,0,0,0
65.7301,0,0,0,0,0,0,0,0,0,0,0,0,0,0,0,0
65.7401,0,0,0,0,0,0,0,0,0,0,0,0,0,0,0,0
65.7501,0,0,0,0,0,0,0,0,0,0,0,0,0,0,0,0
65.7601,0,0,0,0,0,0,0,0,0,0,0,0,0,0,0,0
65.7701,0,0,0,0,0,0,0,0,0,0,0,0,0,0,0,0
65.7801,0,0,0,0,0,0,0,0,0,0,0,0,0,0,0,0
65.7901,0,0,0,0,0,0,0,0,0,0,0,0,0,0,0,0
65.8001,0,0,0,0,0,0,0,0,0,0,0,0,0,0,0,0
65.8101,0,0,0,0,0,0,0,0,0,0,0,0,0,0,0,0
65.8201,0,0,0,0,0,0,0,0,0,0,0,0,0,0,0,0
65.8301,0,0,0,0,0,0,0,0,0,0,0,0,0,0,0,0
65.8401,0,0,0,0,0,0,0,0,0,0,0,0,0,0,0,0
65.8501,0,0,0,0,0,0,0,0,0,0,0,0,0,0,0,0
65.8601,0,0,0,0,0,0,0,0,0,0,0,0,0,0,0,0
65.8701,0,0,0,0,0,0,0,0,0,0,0,0,0,0,0,0
65.8801,0,0,0,0,0,0,0,0,0,0,0,0,0,0,0,0
65.8901,0,0,0,0,0,0,0,0,0,0,0,0,0,0,0,0
65.9001,0,0,0,0,0,0,0,0,0,0,0,0,0,0,0,0
65.9101,0,0,0,0,0,0,0,0,0,0,0,0,0,0,0,0
65.9201,0,0,0,0,0,0,0,0,0,0,0,0,0,0,0,0
65.9301,0,0,0,0,0,0,0,0,0,0,0,0,0,0,0,0
65.9401,0,0,0,0,0,0,0,0,0,0,0,0,0,0,0,0
65.9501,0,0,0,0,0,0,0,0,0,0,0,0,0,0,0,0
65.9601,0,0,0,0,0,0,0,0,0,0,0,0,0,0,0,0
65.9701,0,0,0,0,0,0,0,0,0,0,0,0,0,0,0,0
65.9801,0,0,0,0,0,0,0,0,0,0,0,0,0,0,0,0
65.9901,0,0,0,0,0,0,0,0,0,0,0,0,0,0,0,0
66.0001,0,0,0,0,0,0,0,0,0,0,0,0,0,0,0,0
66.0101,0,0,0,0,0,0,0,0,0,0,0,0,0,0,0,0
66.0201,0,0,0,0,0,0,0,0,0,0,0,0,0,0,0,0
66.0301,0,0,0,0,0,0,0,0,0,0,0,0,0,0,0,0
66.0401,0,0,0,0,0,0,0,0,0,0,0,0,0,0,0,0
66.0501,0,0,0,0,0,0,0,0,0,0,0,0,0,0,0,0
66.0601,0,0,0,0,0,0,0,0,0,0,0,0,0,0,0,0
66.0701,0,0,0,0,0,0,0,0,0,0,0,0,0,0,0,0
66.0801,0,0,0,0,0,0,0,0,0,0,0,0,0,0,0,0
66.0901,0,0,0,0,0,0,0,0,0,0,0,0,0,0,0,0
66.1001,0,0,0,0,0,0,0,0,0,0,0,0,0,0,0,0
66.1101,0,0,0,0,0,0,0,0,0,0,0,0,0,0,0,0
66.1201,0,0,0,0,0,0,0,0,0,0,0,0,0,0,0,0
66.1301,0,0,0,0,0,0,0,0,0,0,0,0,0,0,0,0
66.1401,0,0,0,0,0,0,0,0,0,0,0,0,0,0,0,0
66.1501,0,0,0,0,0,0,0,0,0,0,0,0,0,0,0,0
66.1601,0,0,0,0,0,0,0,0,0,0,0,0,0,0,0,0
66.1701,0,0,0,0,0,0,0,0,0,0,0,0,0,0,0,0
66.1801,0,0,0,0,0,0,0,0,0,0,0,0,0,0,0,0
66.1901,0,0,0,0,0,0,0,0,0,0,0,0,0,0,0,0
66.2001,0,0,0,0,0,0,0,0,0,0,0,0,0,0,0,0
66.2101,0,0,0,0,0,0,0,0,0,0,0,0,0,0,0,0
66.2201,0,0,0,0,0,0,0,0,0,0,0,0,0,0,0,0
66.2301,0,0,0,0,0,0,0,0,0,0,0,0,0,0,0,0
66.2401,0,0,0,0,0,0,0,0,0,0,0,0,0,0,0,0
66.2501,0,0,0,0,0,0,0,0,0,0,0,0,0,0,0,0
66.2601,0,0,0,0,0,0,0,0,0,0,0,0,0,0,0,0
66.2701,0,0,0,0,0,0,0,0,0,0,0,0,0,0,0,0
66.2801,0,0,0,0,0,0,0,0,0,0,0,0,0,0,0,0
66.2901,0,0,0,0,0,0,0,0,0,0,0,0,0,0,0,0
66.3001,0,0,0,0,0,0,0,0,0,0,0,0,0,0,0,0
66.3101,0,0,0,0,0,0,0,0,0,0,0,0,0,0,0,0
66.3201,0,0,0,0,0,0,0,0,0,0,0,0,0,0,0,0
66.3301,0,0,0,0,0,0,0,0,0,0,0,0,0,0,0,0
66.3401,0,0,0,0,0,0,0,0,0,0,0,0,0,0,0,0
66.3501,0,0,0,0,0,0,0,0,0,0,0,0,0,0,0,0
66.3601,0,0,0,0,0,0,0,0,0,0,0,0,0,0,0,0
66.3701,0,0,0,0,0,0,0,0,0,0,0,0,0,0,0,0
66.3801,0,0,0,0,0,0,0,0,0,0,0,0,0,0,0,0
66.3901,0,0,0,0,0,0,0,0,0,0,0,0,0,0,0,0
66.4001,0,0,0,0,0,0,0,0,0,0,0,0,0,0,0,0
66.4101,0,0,0,0,0,0,0,0,0,0,0,0,0,0,0,0
66.4201,0,0,0,0,0,0,0,0,0,0,0,0,0,0,0,0
66.4301,0,0,0,0,0,0,0,0,0,0,0,0,0,0,0,0
66.4401,0,0,0,0,0,0,0,0,0,0,0,0,0,0,0,0
66.4501,0,0,0,0,0,0,0,0,0,0,0,0,0,0,0,0
66.4601,0,0,0,0,0,0,0,0,0,0,0,0,0,0,0,0
66.4701,0,0,0,0,0,0,0,0,0,0,0,0,0,0,0,0
66.4801,0,0,0,0,0,0,0,0,0,0,0,0,0,0,0,0
66.4901,0,0,0,0,0,0,0,0,0,0,0,0,0,0,0,0
66.5001,0,0,0,0,0,0,0,0,0,0,0,0,0,0,0,0
66.5101,0,0,0,0,0,0,0,0,0,0,0,0,0,0,0,0
66.5201,0,0,0,0,0,0,0,0,0,0,0,0,0,0,0,0
66.5301,0,0,0,0,0,0,0,0,0,0,0,0,0,0,0,0
66.5401,0,0,0,0,0,0,0,0,0,0,0,0,0,0,0,0
66.5501,0,0,0,0,0,0,0,0,0,0,0,0,0,0,0,0
66.5601,0,0,0,0,0,0,0,0,0,0,0,0,0,0,0,0
66.5701,0,0,0,0,0,0,0,0,0,0,0,0,0,0,0,0
66.5801,0,0,0,0,0,0,0,0,0,0,0,0,0,0,0,0
66.5901,0,0,0,0,0,0,0,0,0,0,0,0,0,0,0,0
66.6001,0,0,0,0,0,0,0,0,0,0,0,0,0,0,0,0
66.6101,0,0,0,0,0,0,0,0,0,0,0,0,0,0,0,0
66.6201,0,0,0,0,0,0,0,0,0,0,0,0,0,0,0,0
66.6301,0,0,0,0,0,0,0,0,0,0,0,0,0,0,0,0
66.6401,0,0,0,0,0,0,0,0,0,0,0,0,0,0,0,0
66.6501,0,0,0,0,0,0,0,0,0,0,0,0,0,0,0,0
66.6601,0,0,0,0,0,0,0,0,0,0,0,0,0,0,0,0
66.6701,0,0,0,0,0,0,0,0,0,0,0,0,0,0,0,0
66.6801,0,0,0,0,0,0,0,0,0,0,0,0,0,0,0,0
66.6901,0,0,0,0,0,0,0,0,0,0,0,0,0,0,0,0
66.7001,0,0,0,0,0,0,0,0,0,0,0,0,0,0,0,0
66.7101,0,0,0,0,0,0,0,0,0,0,0,0,0,0,0,0
66.7201,0,0,0,0,0,0,0,0,0,0,0,0,0,0,0,0
66.7301,0,0,0,0,0,0,0,0,0,0,0,0,0,0,0,0
66.7401,0,0,0,0,0,0,0,0,0,0,0,0,0,0,0,0
66.7501,0,0,0,0,0,0,0,0,0,0,0,0,0,0,0,0
66.7601,0,0,0,0,0,0,0,0,0,0,0,0,0,0,0,0
66.7701,0,0,0,0,0,0,0,0,0,0,0,0,0,0,0,0
66.7801,0,0,0,0,0,0,0,0,0,0,0,0,0,0,0,0
66.7901,0,0,0,0,0,0,0,0,0,0,0,0,0,0,0,0
66.8001,0,0,0,0,0,0,0,0,0,0,0,0,0,0,0,0
66.8101,0,0,0,0,0,0,0,0,0,0,0,0,0,0,0,0
66.8201,0,0,0,0,0,0,0,0,0,0,0,0,0,0,0,0
66.8301,0,0,0,0,0,0,0,0,0,0,0,0,0,0,0,0
66.8401,0,0,0,0,0,0,0,0,0,0,0,0,0,0,0,0
66.8501,0,0,0,0,0,0,0,0,0,0,0,0,0,0,0,0
66.8601,0,0,0,0,0,0,0,0,0,0,0,0,0,0,0,0
66.8701,0,0,0,0,0,0,0,0,0,0,0,0,0,0,0,0
66.8801,0,0,0,0,0,0,0,0,0,0,0,0,0,0,0,0
66.8901,0,0,0,0,0,0,0,0,0,0,0,0,0,0,0,0
66.9001,0,0,0,0,0,0,0,0,0,0,0,0,0,0,0,0
66.9101,0,0,0,0,0,0,0,0,0,0,0,0,0,0,0,0
66.9201,0,0,0,0,0,0,0,0,0,0,0,0,0,0,0,0
66.9301,0,0,0,0,0,0,0,0,0,0,0,0,0,0,0,0
66.94,0,0,0,0,0,0,0,0,0,0,0,0,0,0,0,0
66.9501,0,0,0,0,0,0,0,0,0,0,0,0,0,0,0,0
66.9601,0,0,0,0,0,0,0,0,0,0,0,0,0,0,0,0
66.9701,0,0,0,0,0,0,0,0,0,0,0,0,0,0,0,0
66.9801,0,0,0,0,0,0,0,0,0,0,0,0,0,0,0,0
66.9901,0,0,0,0,0,0,0,0,0,0,0,0,0,0,0,0
67.0001,0,0,0,0,0,0,0,0,0,0,0,0,0,0,0,0
67.0101,0,0,0,0,0,0,0,0,0,0,0,0,0,0,0,0
67.02,0,0,0,0,0,0,0,0,0,0,0,0,0,0,0,0
67.0301,0,0,0,0,0,0,0,0,0,0,0,0,0,0,0,0
67.0401,0,0,0,0,0,0,0,0,0,0,0,0,0,0,0,0
67.0501,0,0,0,0,0,0,0,0,0,0,0,0,0,0,0,0
67.0601,0,0,0,0,0,0,0,0,0,0,0,0,0,0,0,0
67.0701,0,0,0,0,0,0,0,0,0,0,0,0,0,0,0,0
67.0801,0,0,0,0,0,0,0,0,0,0,0,0,0,0,0,0
67.0901,0,0,0,0,0,0,0,0,0,0,0,0,0,0,0,0
67.1001,0,0,0,0,0,0,0,0,0,0,0,0,0,0,0,0
67.1101,0,0,0,0,0,0,0,0,0,0,0,0,0,0,0,0
67.1201,0,0,0,0,0,0,0,0,0,0,0,0,0,0,0,0
67.1301,0,0,0,0,0,0,0,0,0,0,0,0,0,0,0,0
67.1401,0,0,0,0,0,0,0,0,0,0,0,0,0,0,0,0
67.1501,0,0,0,0,0,0,0,0,0,0,0,0,0,0,0,0
67.1601,0,0,0,0,0,0,0,0,0,0,0,0,0,0,0,0
67.1701,0,0,0,0,0,0,0,0,0,0,0,0,0,0,0,0
67.1801,0,0,0,0,0,0,0,0,0,0,0,0,0,0,0,0
67.1901,0,0,0,0,0,0,0,0,0,0,0,0,0,0,0,0
67.2001,0,0,0,0,0,0,0,0,0,0,0,0,0,0,0,0
67.2101,0,0,0,0,0,0,0,0,0,0,0,0,0,0,0,0
67.2201,0,0,0,0,0,0,0,0,0,0,0,0,0,0,0,0
67.2301,0,0,0,0,0,0,0,0,0,0,0,0,0,0,0,0
67.2401,0,0,0,0,0,0,0,0,0,0,0,0,0,0,0,0
67.2501,0,0,0,0,0,0,0,0,0,0,0,0,0,0,0,0
67.2601,0,0,0,0,0,0,0,0,0,0,0,0,0,0,0,0
67.2701,0,0,0,0,0,0,0,0,0,0,0,0,0,0,0,0
67.2801,0,0,0,0,0,0,0,0,0,0,0,0,0,0,0,0
67.2901,0,0,0,0,0,0,0,0,0,0,0,0,0,0,0,0
67.3001,0,0,0,0,0,0,0,0,0,0,0,0,0,0,0,0
67.3101,0,0,0,0,0,0,0,0,0,0,0,0,0,0,0,0
67.3201,0,0,0,0,0,0,0,0,0,0,0,0,0,0,0,0
67.3301,0,0,0,0,0,0,0,0,0,0,0,0,0,0,0,0
67.3401,0,0,0,0,0,0,0,0,0,0,0,0,0,0,0,0
67.3501,0,0,0,0,0,0,0,0,0,0,0,0,0,0,0,0
67.3601,0,0,0,0,0,0,0,0,0,0,0,0,0,0,0,0
67.3701,0,0,0,0,0,0,0,0,0,0,0,0,0,0,0,0
67.3801,0,0,0,0,0,0,0,0,0,0,0,0,0,0,0,0
67.3901,0,0,0,0,0,0,0,0,0,0,0,0,0,0,0,0
67.4001,0,0,0,0,0,0,0,0,0,0,0,0,0,0,0,0
67.4101,0,0,0,0,0,0,0,0,0,0,0,0,0,0,0,0
67.4201,0,0,0,0,0,0,0,0,0,0,0,0,0,0,0,0
67.4301,0,0,0,0,0,0,0,0,0,0,0,0,0,0,0,0
67.4401,0,0,0,0,0,0,0,0,0,0,0,0,0,0,0,0
67.4501,0,0,0,0,0,0,0,0,0,0,0,0,0,0,0,0
67.4601,0,0,0,0,0,0,0,0,0,0,0,0,0,0,0,0
67.4701,0,0,0,0,0,0,0,0,0,0,0,0,0,0,0,0
67.4801,0,0,0,0,0,0,0,0,0,0,0,0,0,0,0,0
67.4901,0,0,0,0,0,0,0,0,0,0,0,0,0,0,0,0
67.5001,0,0,0,0,0,0,0,0,0,0,0,0,0,0,0,0
67.5101,0,0,0,0,0,0,0,0,0,0,0,0,0,0,0,0
67.5201,0,0,0,0,0,0,0,0,0,0,0,0,0,0,0,0
67.5301,0,0,0,0,0,0,0,0,0,0,0,0,0,0,0,0
67.5401,0,0,0,0,0,0,0,0,0,0,0,0,0,0,0,0
67.5501,0,0,0,0,0,0,0,0,0,0,0,0,0,0,0,0
67.5601,0,0,0,0,0,0,0,0,0,0,0,0,0,0,0,0
67.5701,0,0,0,0,0,0,0,0,0,0,0,0,0,0,0,0
67.5801,0,0,0,0,0,0,0,0,0,0,0,0,0,0,0,0
67.5901,0,0,0,0,0,0,0,0,0,0,0,0,0,0,0,0
67.6001,0,0,0,0,0,0,0,0,0,0,0,0,0,0,0,0
67.6101,0,0,0,0,0,0,0,0,0,0,0,0,0,0,0,0
67.6201,0,0,0,0,0,0,0,0,0,0,0,0,0,0,0,0
67.6301,0,0,0,0,0,0,0,0,0,0,0,0,0,0,0,0
67.6401,0,0,0,0,0,0,0,0,0,0,0,0,0,0,0,0
67.6501,0,0,0,0,0,0,0,0,0,0,0,0,0,0,0,0
67.6601,0,0,0,0,0,0,0,0,0,0,0,0,0,0,0,0
67.6701,0,0,0,0,0,0,0,0,0,0,0,0,0,0,0,0
67.6801,0,0,0,0,0,0,0,0,0,0,0,0,0,0,0,0
67.6901,0,0,0,0,0,0,0,0,0,0,0,0,0,0,0,0
67.7001,0,0,0,0,0,0,0,0,0,0,0,0,0,0,0,0
67.7101,0,0,0,0,0,0,0,0,0,0,0,0,0,0,0,0
67.7201,0,0,0,0,0,0,0,0,0,0,0,0,0,0,0,0
67.7301,0,0,0,0,0,0,0,0,0,0,0,0,0,0,0,0
67.7401,0,0,0,0,0,0,0,0,0,0,0,0,0,0,0,0
67.7501,0,0,0,0,0,0,0,0,0,0,0,0,0,0,0,0
67.7601,0,0,0,0,0,0,0,0,0,0,0,0,0,0,0,0
67.7701,0,0,0,0,0,0,0,0,0,0,0,0,0,0,0,0
67.7801,0,0,0,0,0,0,0,0,0,0,0,0,0,0,0,0
67.7901,0,0,0,0,0,0,0,0,0,0,0,0,0,0,0,0
67.8001,0,0,0,0,0,0,0,0,0,0,0,0,0,0,0,0
67.8101,0,0,0,0,0,0,0,0,0,0,0,0,0,0,0,0
67.8201,0,0,0,0,0,0,0,0,0,0,0,0,0,0,0,0
67.8301,0,0,0,0,0,0,0,0,0,0,0,0,0,0,0,0
67.8401,0,0,0,0,0,0,0,0,0,0,0,0,0,0,0,0
67.8501,0,0,0,0,0,0,0,0,0,0,0,0,0,0,0,0
67.8601,0,0,0,0,0,0,0,0,0,0,0,0,0,0,0,0
67.8701,0,0,0,0,0,0,0,0,0,0,0,0,0,0,0,0
67.8801,0,0,0,0,0,0,0,0,0,0,0,0,0,0,0,0
67.8901,0,0,0,0,0,0,0,0,0,0,0,0,0,0,0,0
67.9001,0,0,0,0,0,0,0,0,0,0,0,0,0,0,0,0
67.9101,0,0,0,0,0,0,0,0,0,0,0,0,0,0,0,0
67.9201,0,0,0,0,0,0,0,0,0,0,0,0,0,0,0,0
67.9301,0,0,0,0,0,0,0,0,0,0,0,0,0,0,0,0
67.9401,0,0,0,0,0,0,0,0,0,0,0,0,0,0,0,0
67.9501,0,0,0,0,0,0,0,0,0,0,0,0,0,0,0,0
67.9601,0,0,0,0,0,0,0,0,0,0,0,0,0,0,0,0
67.9701,0,0,0,0,0,0,0,0,0,0,0,0,0,0,0,0
67.9801,0,0,0,0,0,0,0,0,0,0,0,0,0,0,0,0
67.9901,0,0,0,0,0,0,0,0,0,0,0,0,0,0,0,0
68.0001,0,0,0,0,0,0,0,0,0,0,0,0,0,0,0,0
68.0101,0,0,0,0,0,0,0,0,0,0,0,0,0,0,0,0
68.0201,0,0,0,0,0,0,0,0,0,0,0,0,0,0,0,0
68.0301,0,0,0,0,0,0,0,0,0,0,0,0,0,0,0,0
68.0401,0,0,0,0,0,0,0,0,0,0,0,0,0,0,0,0
68.0501,0,0,0,0,0,0,0,0,0,0,0,0,0,0,0,0
68.0601,0,0,0,0,0,0,0,0,0,0,0,0,0,0,0,0
68.0701,0,0,0,0,0,0,0,0,0,0,0,0,0,0,0,0
68.0801,0,0,0,0,0,0,0,0,0,0,0,0,0,0,0,0
68.0901,0,0,0,0,0,0,0,0,0,0,0,0,0,0,0,0
68.1001,0,0,0,0,0,0,0,0,0,0,0,0,0,0,0,0
68.1101,0,0,0,0,0,0,0,0,0,0,0,0,0,0,0,0
68.1201,0,0,0,0,0,0,0,0,0,0,0,0,0,0,0,0
68.1301,0,0,0,0,0,0,0,0,0,0,0,0,0,0,0,0
68.1401,0,0,0,0,0,0,0,0,0,0,0,0,0,0,0,0
68.1501,0,0,0,0,0,0,0,0,0,0,0,0,0,0,0,0
68.1601,0,0,0,0,0,0,0,0,0,0,0,0,0,0,0,0
68.1701,0,0,0,0,0,0,0,0,0,0,0,0,0,0,0,0
68.1801,0,0,0,0,0,0,0,0,0,0,0,0,0,0,0,0
68.1901,0,0,0,0,0,0,0,0,0,0,0,0,0,0,0,0
68.2001,0,0,0,0,0,0,0,0,0,0,0,0,0,0,0,0
68.2101,0,0,0,0,0,0,0,0,0,0,0,0,0,0,0,0
68.2201,0,0,0,0,0,0,0,0,0,0,0,0,0,0,0,0
68.2301,0,0,0,0,0,0,0,0,0,0,0,0,0,0,0,0
68.2401,0,0,0,0,0,0,0,0,0,0,0,0,0,0,0,0
68.2501,0,0,0,0,0,0,0,0,0,0,0,0,0,0,0,0
68.2601,0,0,0,0,0,0,0,0,0,0,0,0,0,0,0,0
68.2701,0,0,0,0,0,0,0,0,0,0,0,0,0,0,0,0
68.2801,0,0,0,0,0,0,0,0,0,0,0,0,0,0,0,0
68.2901,0,0,0,0,0,0,0,0,0,0,0,0,0,0,0,0
68.3001,0,0,0,0,0,0,0,0,0,0,0,0,0,0,0,0
68.3101,0,0,0,0,0,0,0,0,0,0,0,0,0,0,0,0
68.3201,0,0,0,0,0,0,0,0,0,0,0,0,0,0,0,0
68.3301,0,0,0,0,0,0,0,0,0,0,0,0,0,0,0,0
68.3401,0,0,0,0,0,0,0,0,0,0,0,0,0,0,0,0
68.3501,0,0,0,0,0,0,0,0,0,0,0,0,0,0,0,0
68.3601,0,0,0,0,0,0,0,0,0,0,0,0,0,0,0,0
68.3701,0,0,0,0,0,0,0,0,0,0,0,0,0,0,0,0
68.3801,0,0,0,0,0,0,0,0,0,0,0,0,0,0,0,0
68.3901,0,0,0,0,0,0,0,0,0,0,0,0,0,0,0,0
68.4001,0,0,0,0,0,0,0,0,0,0,0,0,0,0,0,0
68.4101,0,0,0,0,0,0,0,0,0,0,0,0,0,0,0,0
68.4201,0,0,0,0,0,0,0,0,0,0,0,0,0,0,0,0
68.4301,0,0,0,0,0,0,0,0,0,0,0,0,0,0,0,0
68.4401,0,0,0,0,0,0,0,0,0,0,0,0,0,0,0,0
68.4501,0,0,0,0,0,0,0,0,0,0,0,0,0,0,0,0
68.4601,0,0,0,0,0,0,0,0,0,0,0,0,0,0,0,0
68.4701,0,0,0,0,0,0,0,0,0,0,0,0,0,0,0,0
68.4801,0,0,0,0,0,0,0,0,0,0,0,0,0,0,0,0
68.4901,0,0,0,0,0,0,0,0,0,0,0,0,0,0,0,0
68.5001,0,0,0,0,0,0,0,0,0,0,0,0,0,0,0,0
68.5101,0,0,0,0,0,0,0,0,0,0,0,0,0,0,0,0
68.5201,0,0,0,0,0,0,0,0,0,0,0,0,0,0,0,0
68.5301,0,0,0,0,0,0,0,0,0,0,0,0,0,0,0,0
68.5401,0,0,0,0,0,0,0,0,0,0,0,0,0,0,0,0
68.5501,0,0,0,0,0,0,0,0,0,0,0,0,0,0,0,0
68.5601,0,0,0,0,0,0,0,0,0,0,0,0,0,0,0,0
68.5701,0,0,0,0,0,0,0,0,0,0,0,0,0,0,0,0
68.5801,0,0,0,0,0,0,0,0,0,0,0,0,0,0,0,0
68.5901,0,0,0,0,0,0,0,0,0,0,0,0,0,0,0,0
68.6001,0,0,0,0,0,0,0,0,0,0,0,0,0,0,0,0
68.6101,0,0,0,0,0,0,0,0,0,0,0,0,0,0,0,0
68.6201,0,0,0,0,0,0,0,0,0,0,0,0,0,0,0,0
68.6301,0,0,0,0,0,0,0,0,0,0,0,0,0,0,0,0
68.6401,0,0,0,0,0,0,0,0,0,0,0,0,0,0,0,0
68.6501,0,0,0,0,0,0,0,0,0,0,0,0,0,0,0,0
68.6601,0,0,0,0,0,0,0,0,0,0,0,0,0,0,0,0
68.6701,0,0,0,0,0,0,0,0,0,0,0,0,0,0,0,0
68.6801,0,0,0,0,0,0,0,0,0,0,0,0,0,0,0,0
68.6901,0,0,0,0,0,0,0,0,0,0,0,0,0,0,0,0
68.7,0,0,0,0,0,0,0,0,0,0,0,0,0,0,0,0
68.7101,0,0,0,0,0,0,0,0,0,0,0,0,0,0,0,0
68.7201,0,0,0,0,0,0,0,0,0,0,0,0,0,0,0,0
68.7301,0,0,0,0,0,0,0,0,0,0,0,0,0,0,0,0
68.7401,0,0,0,0,0,0,0,0,0,0,0,0,0,0,0,0
68.7501,0,0,0,0,0,0,0,0,0,0,0,0,0,0,0,0
68.7601,0,0,0,0,0,0,0,0,0,0,0,0,0,0,0,0
68.7701,0,0,0,0,0,0,0,0,0,0,0,0,0,0,0,0
68.7801,0,0,0,0,0,0,0,0,0,0,0,0,0,0,0,0
68.7901,0,0,0,0,0,0,0,0,0,0,0,0,0,0,0,0
68.8001,0,0,0,0,0,0,0,0,0,0,0,0,0,0,0,0
68.8101,0,0,0,0,0,0,0,0,0,0,0,0,0,0,0,0
68.8201,0,0,0,0,0,0,0,0,0,0,0,0,0,0,0,0
68.8301,0,0,0,0,0,0,0,0,0,0,0,0,0,0,0,0
68.8401,0,0,0,0,0,0,0,0,0,0,0,0,0,0,0,0
68.8501,0,0,0,0,0,0,0,0,0,0,0,0,0,0,0,0
68.8601,0,0,0,0,0,0,0,0,0,0,0,0,0,0,0,0
68.8701,0,0,0,0,0,0,0,0,0,0,0,0,0,0,0,0
68.8801,0,0,0,0,0,0,0,0,0,0,0,0,0,0,0,0
68.8901,0,0,0,0,0,0,0,0,0,0,0,0,0,0,0,0
68.9001,0,0,0,0,0,0,0,0,0,0,0,0,0,0,0,0
68.9101,0,0,0,0,0,0,0,0,0,0,0,0,0,0,0,0
68.92,0,0,0,0,0,0,0,0,0,0,0,0,0,0,0,0
68.9301,0,0,0,0,0,0,0,0,0,0,0,0,0,0,0,0
68.9401,0,0,0,0,0,0,0,0,0,0,0,0,0,0,0,0
68.9501,0,0,0,0,0,0,0,0,0,0,0,0,0,0,0,0
68.9601,0,0,0,0,0,0,0,0,0,0,0,0,0,0,0,0
68.9701,0,0,0,0,0,0,0,0,0,0,0,0,0,0,0,0
68.9801,0,0,0,0,0,0,0,0,0,0,0,0,0,0,0,0
68.9901,0,0,0,0,0,0,0,0,0,0,0,0,0,0,0,0
69.0001,0,0,0,0,0,0,0,0,0,0,0,0,0,0,0,0
69.0101,0,0,0,0,0,0,0,0,0,0,0,0,0,0,0,0
69.0201,0,0,0,0,0,0,0,0,0,0,0,0,0,0,0,0
69.0301,0,0,0,0,0,0,0,0,0,0,0,0,0,0,0,0
69.0401,0,0,0,0,0,0,0,0,0,0,0,0,0,0,0,0
69.0501,0,0,0,0,0,0,0,0,0,0,0,0,0,0,0,0
69.0601,0,0,0,0,0,0,0,0,0,0,0,0,0,0,0,0
69.0701,0,0,0,0,0,0,0,0,0,0,0,0,0,0,0,0
69.0801,0,0,0,0,0,0,0,0,0,0,0,0,0,0,0,0
69.0901,0,0,0,0,0,0,0,0,0,0,0,0,0,0,0,0
69.1001,0,0,0,0,0,0,0,0,0,0,0,0,0,0,0,0
69.1101,0,0,0,0,0,0,0,0,0,0,0,0,0,0,0,0
69.1201,0,0,0,0,0,0,0,0,0,0,0,0,0,0,0,0
69.1301,0,0,0,0,0,0,0,0,0,0,0,0,0,0,0,0
69.1401,0,0,0,0,0,0,0,0,0,0,0,0,0,0,0,0
69.1501,0,0,0,0,0,0,0,0,0,0,0,0,0,0,0,0
69.1601,0,0,0,0,0,0,0,0,0,0,0,0,0,0,0,0
69.1701,0,0,0,0,0,0,0,0,0,0,0,0,0,0,0,0
69.1801,0,0,0,0,0,0,0,0,0,0,0,0,0,0,0,0
69.1901,0,0,0,0,0,0,0,0,0,0,0,0,0,0,0,0
69.2001,0,0,0,0,0,0,0,0,0,0,0,0,0,0,0,0
69.2101,0,0,0,0,0,0,0,0,0,0,0,0,0,0,0,0
69.2201,0,0,0,0,0,0,0,0,0,0,0,0,0,0,0,0
69.2301,0,0,0,0,0,0,0,0,0,0,0,0,0,0,0,0
69.2401,0,0,0,0,0,0,0,0,0,0,0,0,0,0,0,0
69.2501,0,0,0,0,0,0,0,0,0,0,0,0,0,0,0,0
69.2601,0,0,0,0,0,0,0,0,0,0,0,0,0,0,0,0
69.2701,0,0,0,0,0,0,0,0,0,0,0,0,0,0,0,0
69.2801,0,0,0,0,0,0,0,0,0,0,0,0,0,0,0,0
69.2901,0,0,0,0,0,0,0,0,0,0,0,0,0,0,0,0
69.3001,0,0,0,0,0,0,0,0,0,0,0,0,0,0,0,0
69.3101,0,0,0,0,0,0,0,0,0,0,0,0,0,0,0,0
69.3201,0,0,0,0,0,0,0,0,0,0,0,0,0,0,0,0
69.3301,0,0,0,0,0,0,0,0,0,0,0,0,0,0,0,0
69.3401,0,0,0,0,0,0,0,0,0,0,0,0,0,0,0,0
69.3501,0,0,0,0,0,0,0,0,0,0,0,0,0,0,0,0
69.3601,0,0,0,0,0,0,0,0,0,0,0,0,0,0,0,0
69.3701,0,0,0,0,0,0,0,0,0,0,0,0,0,0,0,0
69.3801,0,0,0,0,0,0,0,0,0,0,0,0,0,0,0,0
69.3901,0,0,0,0,0,0,0,0,0,0,0,0,0,0,0,0
69.4001,0,0,0,0,0,0,0,0,0,0,0,0,0,0,0,0
69.4101,0,0,0,0,0,0,0,0,0,0,0,0,0,0,0,0
69.42,0,0,0,0,0,0,0,0,0,0,0,0,0,0,0,0
69.4301,0,0,0,0,0,0,0,0,0,0,0,0,0,0,0,0
69.4401,0,0,0,0,0,0,0,0,0,0,0,0,0,0,0,0
69.4501,0,0,0,0,0,0,0,0,0,0,0,0,0,0,0,0
69.4601,0,0,0,0,0,0,0,0,0,0,0,0,0,0,0,0
69.4701,0,0,0,0,0,0,0,0,0,0,0,0,0,0,0,0
69.4801,0,0,0,0,0,0,0,0,0,0,0,0,0,0,0,0
69.4901,0,0,0,0,0,0,0,0,0,0,0,0,0,0,0,0
69.5001,0,0,0,0,0,0,0,0,0,0,0,0,0,0,0,0
69.5012,0,0,0,0,0,0,0,0,0,0,0,0,0,0,0,0
69.5023,0,0,0,0,0,0,0,0,0,0,0,0,0,0,0,0
