t_s,ch1_cmd,ch2_cmd,ch3_cmd,ch4_cmd,ch5_cmd,ch6_cmd,ch7_cmd,ch8_cmd,ch1_applied,ch2_applied,ch3_applied,ch4_applied,ch5_applied,ch6_applied,ch7_applied,ch8_applied
0.0101,7.5000,7.5000,7.5000,7.5000,7.5000,7.5000,7.5000,7.5000,7.5000,7.5000,7.5000,7.5000,7.5000,7.5000,7.5000,7.5000
0.0201,7.5000,7.5000,7.5000,7.5000,7.5000,7.5000,7.5000,7.5000,7.5000,7.5000,7.5000,7.5000,7.5000,7.5000,7.5000,7.5000
0.0302,7.5000,7.5000,7.5000,7.5000,7.5000,7.5000,7.5000,7.5000,7.5000,7.5000,7.5000,7.5000,7.5000,7.5000,7.5000,7.5000
0.0402,7.5000,7.5000,7.5000,7.5000,7.5000,7.5000,7.5000,7.5000,7.5000,7.5000,7.5000,7.5000,7.5000,7.5000,7.5000,7.5000
0.0503,7.5000,7.5000,7.5000,7.5000,7.5000,7.5000,7.5000,7.5000,7.5000,7.5000,7.5000,7.5000,7.5000,7.5000,7.5000,7.5000
0.0604,7.5000,7.5000,7.5000,7.5000,7.5000,7.5000,7.5000,7.5000,7.5000,7.5000,7.5000,7.5000,7.5000,7.5000,7.5000,7.5000
0.0704,7.5000,7.5000,7.5000,7.5000,7.5000,7.5000,7.5000,7.5000,7.5000,7.5000,7.5000,7.5000,7.5000,7.5000,7.5000,7.5000
0.0805,7.5000,7.5000,7.5000,7.5000,7.5000,7.5000,7.5000,7.5000,7.5000,7.5000,7.5000,7.5000,7.5000,7.5000,7.5000,7.5000
0.0906,7.5000,7.5000,7.5000,7.5000,7.5000,7.5000,7.5000,7.5000,7.5000,7.5000,7.5000,7.5000,7.5000,7.5000,7.5000,7.5000
0.1006,7.5000,7.5000,7.5000,7.5000,7.5000,7.5000,7.5000,7.5000,7.5000,7.5000,7.5000,7.5000,7.5000,7.5000,7.5000,7.5000
0.1107,7.5000,7.5000,7.5000,7.5000,7.5000,7.5000,7.5000,7.5000,7.5000,7.5000,7.5000,7.5000,7.5000,7.5000,7.5000,7.5000
0.1208,7.5000,7.5000,7.5000,7.5000,7.5000,7.5000,7.5000,7.5000,7.5000,7.5000,7.5000,7.5000,7.5000,7.5000,7.5000,7.5000
0.1308,7.5000,7.5000,7.5000,7.5000,7.5000,7.5000,7.5000,7.5000,7.5000,7.5000,7.5000,7.5000,7.5000,7.5000,7.5000,7.5000
0.1409,7.5000,7.5000,7.5000,7.5000,7.5000,7.5000,7.5000,7.5000,7.5000,7.5000,7.5000,7.5000,7.5000,7.5000,7.5000,7.5000
0.1509,7.5000,7.5000,7.5000,7.5000,7.5000,7.5000,7.5000,7.5000,7.5000,7.5000,7.5000,7.5000,7.5000,7.5000,7.5000,7.5000
0.1610,7.5000,7.5000,7.5000,7.5000,7.5000,7.5000,7.5000,7.5000,7.5000,7.5000,7.5000,7.5000,7.5000,7.5000,7.5000,7.5000
0.1711,7.5000,7.5000,7.5000,7.5000,7.5000,7.5000,7.5000,7.5000,7.5000,7.5000,7.5000,7.5000,7.5000,7.5000,7.5000,7.5000
0.1811,7.5000,7.5000,7.5000,7.5000,7.5000,7.5000,7.5000,7.5000,7.5000,7.5000,7.5000,7.5000,7.5000,7.5000,7.5000,7.5000
0.1912,7.5000,7.5000,7.5000,7.5000,7.5000,7.5000,7.5000,7.5000,7.5000,7.5000,7.5000,7.5000,7.5000,7.5000,7.5000,7.5000
0.2013,7.5000,7.5000,7.5000,7.5000,7.5000,7.5000,7.5000,7.5000,7.5000,7.5000,7.5000,7.5000,7.5000,7.5000,7.5000,7.5000
0.2113,7.5000,7.5000,7.5000,7.5000,7.5000,7.5000,7.5000,7.5000,7.5000,7.5000,7.5000,7.5000,7.5000,7.5000,7.5000,7.5000
0.2214,7.5000,7.5000,7.5000,7.5000,7.5000,7.5000,7.5000,7.5000,7.5000,7.5000,7.5000,7.5000,7.5000,7.5000,7.5000,7.5000
0.2315,7.5000,7.5000,7.5000,7.5000,7.5000,7.5000,7.5000,7.5000,7.5000,7.5000,7.5000,7.5000,7.5000,7.5000,7.5000,7.5000
0.2415,7.5000,7.5000,7.5000,7.5000,7.5000,7.5000,7.5000,7.5000,7.5000,7.5000,7.5000,7.5000,7.5000,7.5000,7.5000,7.5000
0.2516,7.5000,7.5000,7.5000,7.5000,7.5000,7.5000,7.5000,7.5000,7.5000,7.5000,7.5000,7.5000,7.5000,7.5000,7.5000,7.5000
0.2616,7.5000,7.5000,7.5000,7.5000,7.5000,7.5000,7.5000,7.5000,7.5000,7.5000,7.5000,7.5000,7.5000,7.5000,7.5000,7.5000
0.2717,7.5000,7.5000,7.5000,7.5000,7.5000,7.5000,7.5000,7.5000,7.5000,7.5000,7.5000,7.5000,7.5000,7.5000,7.5000,7.5000
0.2818,7.5000,7.5000,7.5000,7.5000,7.5000,7.5000,7.5000,7.5000,7.5000,7.5000,7.5000,7.5000,7.5000,7.5000,7.5000,7.5000
0.2918,7.5000,7.5000,7.5000,7.5000,7.5000,7.5000,7.5000,7.5000,7.5000,7.5000,7.5000,7.5000,7.5000,7.5000,7.5000,7.5000
0.3019,7.5000,7.5000,7.5000,7.5000,7.5000,7.5000,7.5000,7.5000,7.5000,7.5000,7.5000,7.5000,7.5000,7.5000,7.5000,7.5000
0.3120,7.5000,7.5000,7.5000,7.5000,7.5000,7.5000,7.5000,7.5000,7.5000,7.5000,7.5000,7.5000,7.5000,7.5000,7.5000,7.5000
0.3220,7.5000,7.5000,7.5000,7.5000,7.5000,7.5000,7.5000,7.5000,7.5000,7.5000,7.5000,7.5000,7.5000,7.5000,7.5000,7.5000
0.3321,7.5000,7.5000,7.5000,7.5000,7.5000,7.5000,7.5000,7.5000,7.5000,7.5000,7.5000,7.5000,7.5000,7.5000,7.5000,7.5000
0.3421,7.5000,7.5000,7.5000,7.5000,7.5000,7.5000,7.5000,7.5000,7.5000,7.5000,7.5000,7.5000,7.5000,7.5000,7.5000,7.5000
0.3522,7.5000,7.5000,7.5000,7.5000,7.5000,7.5000,7.5000,7.5000,7.5000,7.5000,7.5000,7.5000,7.5000,7.5000,7.5000,7.5000
0.3623,7.5000,7.5000,7.5000,7.5000,7.5000,7.5000,7.5000,7.5000,7.5000,7.5000,7.5000,7.5000,7.5000,7.5000,7.5000,7.5000
0.3723,7.5000,7.5000,7.5000,7.5000,7.5000,7.5000,7.5000,7.5000,7.5000,7.5000,7.5000,7.5000,7.5000,7.5000,7.5000,7.5000
0.3824,7.5000,7.5000,7.5000,7.5000,7.5000,7.5000,7.5000,7.5000,7.5000,7.5000,7.5000,7.5000,7.5000,7.5000,7.5000,7.5000
0.3925,7.5000,7.5000,7.5000,7.5000,7.5000,7.5000,7.5000,7.5000,7.5000,7.5000,7.5000,7.5000,7.5000,7.5000,7.5000,7.5000
0.4025,7.5000,7.5000,7.5000,7.5000,7.5000,7.5000,7.5000,7.5000,7.5000,7.5000,7.5000,7.5000,7.5000,7.5000,7.5000,7.5000
0.4126,7.5000,7.5000,7.5000,7.5000,7.5000,7.5000,7.5000,7.5000,7.5000,7.5000,7.5000,7.5000,7.5000,7.5000,7.5000,7.5000
0.4226,7.5000,7.5000,7.5000,7.5000,7.5000,7.5000,7.5000,7.5000,7.5000,7.5000,7.5000,7.5000,7.5000,7.5000,7.5000,7.5000
0.4327,7.5000,7.5000,7.5000,7.5000,7.5000,7.5000,7.5000,7.5000,7.5000,7.5000,7.5000,7.5000,7.5000,7.5000,7.5000,7.5000
0.4428,7.5000,7.5000,7.5000,7.5000,7.5000,7.5000,7.5000,7.5000,7.5000,7.5000,7.5000,7.5000,7.5000,7.5000,7.5000,7.5000
0.4528,7.5000,7.5000,7.5000,7.5000,7.5000,7.5000,7.5000,7.5000,7.5000,7.5000,7.5000,7.5000,7.5000,7.5000,7.5000,7.5000
0.4629,7.5000,7.5000,7.5000,7.5000,7.5000,7.5000,7.5000,7.5000,7.5000,7.5000,7.5000,7.5000,7.5000,7.5000,7.5000,7.5000
0.4730,7.5000,7.5000,7.5000,7.5000,7.5000,7.5000,7.5000,7.5000,7.5000,7.5000,7.5000,7.5000,7.5000,7.5000,7.5000,7.5000
0.4830,7.5000,7.5000,7.5000,7.5000,7.5000,7.5000,7.5000,7.5000,7.5000,7.5000,7.5000,7.5000,7.5000,7.5000,7.5000,7.5000
0.4931,7.5000,7.5000,7.5000,7.5000,7.5000,7.5000,7.5000,7.5000,7.5000,7.5000,7.5000,7.5000,7.5000,7.5000,7.5000,7.5000
0.5031,7.5000,7.5000,7.5000,7.5000,7.5000,7.5000,7.5000,7.5000,7.5000,7.5000,7.5000,7.5000,7.5000,7.5000,7.5000,7.5000
0.5132,7.5000,7.5000,7.5000,7.5000,7.5000,7.5000,7.5000,7.5000,7.5000,7.5000,7.5000,7.5000,7.5000,7.5000,7.5000,7.5000
0.5233,7.5000,7.5000,7.5000,7.5000,7.5000,7.5000,7.5000,7.5000,7.5000,7.5000,7.5000,7.5000,7.5000,7.5000,7.5000,7.5000
0.5333,7.5000,7.5000,7.5000,7.5000,7.5000,7.5000,7.5000,7.5000,7.5000,7.5000,7.5000,7.5000,7.5000,7.5000,7.5000,7.5000
0.5434,7.5000,7.5000,7.5000,7.5000,7.5000,7.5000,7.5000,7.5000,7.5000,7.5000,7.5000,7.5000,7.5000,7.5000,7.5000,7.5000
0.5534,7.5000,7.5000,7.5000,7.5000,7.5000,7.5000,7.5000,7.5000,7.5000,7.5000,7.5000,7.5000,7.5000,7.5000,7.5000,7.5000
0.5635,7.5000,7.5000,7.5000,7.5000,7.5000,7.5000,7.5000,7.5000,7.5000,7.5000,7.5000,7.5000,7.5000,7.5000,7.5000,7.5000
0.5735,7.5000,7.5000,7.5000,7.5000,7.5000,7.5000,7.5000,7.5000,7.5000,7.5000,7.5000,7.5000,7.5000,7.5000,7.5000,7.5000
0.5836,7.5000,7.5000,7.5000,7.5000,7.5000,7.5000,7.5000,7.5000,7.5000,7.5000,7.5000,7.5000,7.5000,7.5000,7.5000,7.5000
0.5937,7.5000,7.5000,7.5000,7.5000,7.5000,7.5000,7.5000,7.5000,7.5000,7.5000,7.5000,7.5000,7.5000,7.5000,7.5000,7.5000
0.6037,7.5000,7.5000,7.5000,7.5000,7.5000,7.5000,7.5000,7.5000,7.5000,7.5000,7.5000,7.5000,7.5000,7.5000,7.5000,7.5000
0.6138,7.5000,7.5000,7.5000,7.5000,7.5000,7.5000,7.5000,7.5000,7.5000,7.5000,7.5000,7.5000,7.5000,7.5000,7.5000,7.5000
0.6238,7.5000,7.5000,7.5000,7.5000,7.5000,7.5000,7.5000,7.5000,7.5000,7.5000,7.5000,7.5000,7.5000,7.5000,7.5000,7.5000
0.6339,7.5000,7.5000,7.5000,7.5000,7.5000,7.5000,7.5000,7.5000,7.5000,7.5000,7.5000,7.5000,7.5000,7.5000,7.5000,7.5000
0.6440,7.5000,7.5000,7.5000,7.5000,7.5000,7.5000,7.5000,7.5000,7.5000,7.5000,7.5000,7.5000,7.5000,7.5000,7.5000,7.5000
0.6540,7.5000,7.5000,7.5000,7.5000,7.5000,7.5000,7.5000,7.5000,7.5000,7.5000,7.5000,7.5000,7.5000,7.5000,7.5000,7.5000
0.6641,7.5000,7.5000,7.5000,7.5000,7.5000,7.5000,7.5000,7.5000,7.5000,7.5000,7.5000,7.5000,7.5000,7.5000,7.5000,7.5000
0.6741,7.5000,7.5000,7.5000,7.5000,7.5000,7.5000,7.5000,7.5000,7.5000,7.5000,7.5000,7.5000,7.5000,7.5000,7.5000,7.5000
0.6842,7.5000,7.5000,7.5000,7.5000,7.5000,7.5000,7.5000,7.5000,7.5000,7.5000,7.5000,7.5000,7.5000,7.5000,7.5000,7.5000
0.6943,7.5000,7.5000,7.5000,7.5000,7.5000,7.5000,7.5000,7.5000,7.5000,7.5000,7.5000,7.5000,7.5000,7.5000,7.5000,7.5000
0.7043,7.5000,7.5000,7.5000,7.5000,7.5000,7.5000,7.5000,7.5000,7.5000,7.5000,7.5000,7.5000,7.5000,7.5000,7.5000,7.5000
0.7144,7.5000,7.5000,7.5000,7.5000,7.5000,7.5000,7.5000,7.5000,7.5000,7.5000,7.5000,7.5000,7.5000,7.5000,7.5000,7.5000
0.7244,7.5000,7.5000,7.5000,7.5000,7.5000,7.5000,7.5000,7.5000,7.5000,7.5000,7.5000,7.5000,7.5000,7.5000,7.5000,7.5000
0.7345,7.5000,7.5000,7.5000,7.5000,7.5000,7.5000,7.5000,7.5000,7.5000,7.5000,7.5000,7.5000,7.5000,7.5000,7.5000,7.5000
0.7446,7.5000,7.5000,7.5000,7.5000,7.5000,7.5000,7.5000,7.5000,7.5000,7.5000,7.5000,7.5000,7.5000,7.5000,7.5000,7.5000
0.7546,7.5000,7.5000,7.5000,7.5000,7.5000,7.5000,7.5000,7.5000,7.5000,7.5000,7.5000,7.5000,7.5000,7.5000,7.5000,7.5000
0.7647,7.5000,7.5000,7.5000,7.5000,7.5000,7.5000,7.5000,7.5000,7.5000,7.5000,7.5000,7.5000,7.5000,7.5000,7.5000,7.5000
0.7747,7.5000,7.5000,7.5000,7.5000,7.5000,7.5000,7.5000,7.5000,7.5000,7.5000,7.5000,7.5000,7.5000,7.5000,7.5000,7.5000
0.7848,7.5000,7.5000,7.5000,7.5000,7.5000,7.5000,7.5000,7.5000,7.5000,7.5000,7.5000,7.5000,7.5000,7.5000,7.5000,7.5000
0.7949,7.5000,7.5000,7.5000,7.5000,7.5000,7.5000,7.5000,7.5000,7.5000,7.5000,7.5000,7.5000,7.5000,7.5000,7.5000,7.5000
0.8049,7.5000,7.5000,7.5000,7.5000,7.5000,7.5000,7.5000,7.5000,7.5000,7.5000,7.5000,7.5000,7.5000,7.5000,7.5000,7.5000
0.8150,7.5000,7.5000,7.5000,7.5000,7.5000,7.5000,7.5000,7.5000,7.5000,7.5000,7.5000,7.5000,7.5000,7.5000,7.5000,7.5000
0.8250,7.5000,7.5000,7.5000,7.5000,7.5000,7.5000,7.5000,7.5000,7.5000,7.5000,7.5000,7.5000,7.5000,7.5000,7.5000,7.5000
0.8351,7.5000,7.5000,7.5000,7.5000,7.5000,7.5000,7.5000,7.5000,7.5000,7.5000,7.5000,7.5000,7.5000,7.5000,7.5000,7.5000
0.8452,7.5000,7.5000,7.5000,7.5000,7.5000,7.5000,7.5000,7.5000,7.5000,7.5000,7.5000,7.5000,7.5000,7.5000,7.5000,7.5000
0.8552,7.5000,7.5000,7.5000,7.5000,7.5000,7.5000,7.5000,7.5000,7.5000,7.5000,7.5000,7.5000,7.5000,7.5000,7.5000,7.5000
0.8653,7.5000,7.5000,7.5000,7.5000,7.5000,7.5000,7.5000,7.5000,7.5000,7.5000,7.5000,7.5000,7.5000,7.5000,7.5000,7.5000
0.8753,7.5000,7.5000,7.5000,7.5000,7.5000,7.5000,7.5000,7.5000,7.5000,7.5000,7.5000,7.5000,7.5000,7.5000,7.5000,7.5000
0.8854,7.5000,7.5000,7.5000,7.5000,7.5000,7.5000,7.5000,7.5000,7.5000,7.5000,7.5000,7.5000,7.5000,7.5000,7.5000,7.5000
0.8955,7.5000,7.5000,7.5000,7.5000,7.5000,7.5000,7.5000,7.5000,7.5000,7.5000,7.5000,7.5000,7.5000,7.5000,7.5000,7.5000
0.9055,7.5000,7.5000,7.5000,7.5000,7.5000,7.5000,7.5000,7.5000,7.5000,7.5000,7.5000,7.5000,7.5000,7.5000,7.5000,7.5000
0.9156,7.5000,7.5000,7.5000,7.5000,7.5000,7.5000,7.5000,7.5000,7.5000,7.5000,7.5000,7.5000,7.5000,7.5000,7.5000,7.5000
0.9256,7.5000,7.5000,7.5000,7.5000,7.5000,7.5000,7.5000,7.5000,7.5000,7.5000,7.5000,7.5000,7.5000,7.5000,7.5000,7.5000
0.9357,7.5000,7.5000,7.5000,7.5000,7.5000,7.5000,7.5000,7.5000,7.5000,7.5000,7.5000,7.5000,7.5000,7.5000,7.5000,7.5000
0.9458,7.5000,7.5000,7.5000,7.5000,7.5000,7.5000,7.5000,7.5000,7.5000,7.5000,7.5000,7.5000,7.5000,7.5000,7.5000,7.5000
0.9558,7.5000,7.5000,7.5000,7.5000,7.5000,7.5000,7.5000,7.5000,7.5000,7.5000,7.5000,7.5000,7.5000,7.5000,7.5000,7.5000
0.9659,7.5000,7.5000,7.5000,7.5000,7.5000,7.5000,7.5000,7.5000,7.5000,7.5000,7.5000,7.5000,7.5000,7.5000,7.5000,7.5000
0.9760,7.5000,7.5000,7.5000,7.5000,7.5000,7.5000,7.5000,7.5000,7.5000,7.5000,7.5000,7.5000,7.5000,7.5000,7.5000,7.5000
0.9860,7.5000,7.5000,7.5000,7.5000,7.5000,7.5000,7.5000,7.5000,7.5000,7.5000,7.5000,7.5000,7.5000,7.5000,7.5000,7.5000
0.9961,7.5000,7.5000,7.5000,7.5000,7.5000,7.5000,7.5000,7.5000,7.5000,7.5000,7.5000,7.5000,7.5000,7.5000,7.5000,7.5000
1.0061,7.5000,7.5000,7.5000,7.5000,7.5000,7.5000,7.5000,7.5000,7.5000,7.5000,7.5000,7.5000,7.5000,7.5000,7.5000,7.5000
1.0162,7.5000,7.5000,7.5000,7.5000,7.5000,7.5000,7.5000,7.5000,7.5000,7.5000,7.5000,7.5000,7.5000,7.5000,7.5000,7.5000
1.0263,7.5000,7.5000,7.5000,7.5000,7.5000,7.5000,7.5000,7.5000,7.5000,7.5000,7.5000,7.5000,7.5000,7.5000,7.5000,7.5000
1.0363,7.5000,7.5000,7.5000,7.5000,7.5000,7.5000,7.5000,7.5000,7.5000,7.5000,7.5000,7.5000,7.5000,7.5000,7.5000,7.5000
1.0464,7.5000,7.5000,7.5000,7.5000,7.5000,7.5000,7.5000,7.5000,7.5000,7.5000,7.5000,7.5000,7.5000,7.5000,7.5000,7.5000
1.0564,7.5000,7.5000,7.5000,7.5000,7.5000,7.5000,7.5000,7.5000,7.5000,7.5000,7.5000,7.5000,7.5000,7.5000,7.5000,7.5000
1.0665,7.5000,7.5000,7.5000,7.5000,7.5000,7.5000,7.5000,7.5000,7.5000,7.5000,7.5000,7.5000,7.5000,7.5000,7.5000,7.5000
1.0766,7.5000,7.5000,7.5000,7.5000,7.5000,7.5000,7.5000,7.5000,7.5000,7.5000,7.5000,7.5000,7.5000,7.5000,7.5000,7.5000
1.0866,7.5000,7.5000,7.5000,7.5000,7.5000,7.5000,7.5000,7.5000,7.5000,7.5000,7.5000,7.5000,7.5000,7.5000,7.5000,7.5000
1.0966,7.5000,7.5000,7.5000,7.5000,7.5000,7.5000,7.5000,7.5000,7.5000,7.5000,7.5000,7.5000,7.5000,7.5000,7.5000,7.5000
1.1067,7.5000,7.5000,7.5000,7.5000,7.5000,7.5000,7.5000,7.5000,7.5000,7.5000,7.5000,7.5000,7.5000,7.5000,7.5000,7.5000
1.1168,7.5000,7.5000,7.5000,7.5000,7.5000,7.5000,7.5000,7.5000,7.5000,7.5000,7.5000,7.5000,7.5000,7.5000,7.5000,7.5000
1.1268,7.5000,7.5000,7.5000,7.5000,7.5000,7.5000,7.5000,7.5000,7.5000,7.5000,7.5000,7.5000,7.5000,7.5000,7.5000,7.5000
1.1369,7.5000,7.5000,7.5000,7.5000,7.5000,7.5000,7.5000,7.5000,7.5000,7.5000,7.5000,7.5000,7.5000,7.5000,7.5000,7.5000
1.1470,7.5000,7.5000,7.5000,7.5000,7.5000,7.5000,7.5000,7.5000,7.5000,7.5000,7.5000,7.5000,7.5000,7.5000,7.5000,7.5000
1.1570,7.5000,7.5000,7.5000,7.5000,7.5000,7.5000,7.5000,7.5000,7.5000,7.5000,7.5000,7.5000,7.5000,7.5000,7.5000,7.5000
1.1671,7.5000,7.5000,7.5000,7.5000,7.5000,7.5000,7.5000,7.5000,7.5000,7.5000,7.5000,7.5000,7.5000,7.5000,7.5000,7.5000
1.1771,7.5000,7.5000,7.5000,7.5000,7.5000,7.5000,7.5000,7.5000,7.5000,7.5000,7.5000,7.5000,7.5000,7.5000,7.5000,7.5000
1.1872,7.5000,7.5000,7.5000,7.5000,7.5000,7.5000,7.5000,7.5000,7.5000,7.5000,7.5000,7.5000,7.5000,7.5000,7.5000,7.5000
1.1973,7.5000,7.5000,7.5000,7.5000,7.5000,7.5000,7.5000,7.5000,7.5000,7.5000,7.5000,7.5000,7.5000,7.5000,7.5000,7.5000
1.2073,7.5000,7.5000,7.5000,7.5000,7.5000,7.5000,7.5000,7.5000,7.5000,7.5000,7.5000,7.5000,7.5000,7.5000,7.5000,7.5000
1.2174,7.5000,7.5000,7.5000,7.5000,7.5000,7.5000,7.5000,7.5000,7.5000,7.5000,7.5000,7.5000,7.5000,7.5000,7.5000,7.5000
1.2275,7.5000,7.5000,7.5000,7.5000,7.5000,7.5000,7.5000,7.5000,7.5000,7.5000,7.5000,7.5000,7.5000,7.5000,7.5000,7.5000
1.2375,7.5000,7.5000,7.5000,7.5000,7.5000,7.5000,7.5000,7.5000,7.5000,7.5000,7.5000,7.5000,7.5000,7.5000,7.5000,7.5000
1.2476,7.5000,7.5000,7.5000,7.5000,7.5000,7.5000,7.5000,7.5000,7.5000,7.5000,7.5000,7.5000,7.5000,7.5000,7.5000,7.5000
1.2576,7.5000,7.5000,7.5000,7.5000,7.5000,7.5000,7.5000,7.5000,7.5000,7.5000,7.5000,7.5000,7.5000,7.5000,7.5000,7.5000
1.2677,7.5000,7.5000,7.5000,7.5000,7.5000,7.5000,7.5000,7.5000,7.5000,7.5000,7.5000,7.5000,7.5000,7.5000,7.5000,7.5000
1.2778,7.5000,7.5000,7.5000,7.5000,7.5000,7.5000,7.5000,7.5000,7.5000,7.5000,7.5000,7.5000,7.5000,7.5000,7.5000,7.5000
1.2878,7.5000,7.5000,7.5000,7.5000,7.5000,7.5000,7.5000,7.5000,7.5000,7.5000,7.5000,7.5000,7.5000,7.5000,7.5000,7.5000
1.2979,7.5000,7.5000,7.5000,7.5000,7.5000,7.5000,7.5000,7.5000,7.5000,7.5000,7.5000,7.5000,7.5000,7.5000,7.5000,7.5000
1.3080,7.5000,7.5000,7.5000,7.5000,7.5000,7.5000,7.5000,7.5000,7.5000,7.5000,7.5000,7.5000,7.5000,7.5000,7.5000,7.5000
1.3180,7.5000,7.5000,7.5000,7.5000,7.5000,7.5000,7.5000,7.5000,7.5000,7.5000,7.5000,7.5000,7.5000,7.5000,7.5000,7.5000
1.3281,7.5000,7.5000,7.5000,7.5000,7.5000,7.5000,7.5000,7.5000,7.5000,7.5000,7.5000,7.5000,7.5000,7.5000,7.5000,7.5000
1.3381,7.5000,7.5000,7.5000,7.5000,7.5000,7.5000,7.5000,7.5000,7.5000,7.5000,7.5000,7.5000,7.5000,7.5000,7.5000,7.5000
1.3482,7.5000,7.5000,7.5000,7.5000,7.5000,7.5000,7.5000,7.5000,7.5000,7.5000,7.5000,7.5000,7.5000,7.5000,7.5000,7.5000
1.3583,7.5000,7.5000,7.5000,7.5000,7.5000,7.5000,7.5000,7.5000,7.5000,7.5000,7.5000,7.5000,7.5000,7.5000,7.5000,7.5000
1.3683,7.5000,7.5000,7.5000,7.5000,7.5000,7.5000,7.5000,7.5000,7.5000,7.5000,7.5000,7.5000,7.5000,7.5000,7.5000,7.5000
1.3784,7.5000,7.5000,7.5000,7.5000,7.5000,7.5000,7.5000,7.5000,7.5000,7.5000,7.5000,7.5000,7.5000,7.5000,7.5000,7.5000
1.3885,7.5000,7.5000,7.5000,7.5000,7.5000,7.5000,7.5000,7.5000,7.5000,7.5000,7.5000,7.5000,7.5000,7.5000,7.5000,7.5000
1.3985,7.5000,7.5000,7.5000,7.5000,7.5000,7.5000,7.5000,7.5000,7.5000,7.5000,7.5000,7.5000,7.5000,7.5000,7.5000,7.5000
1.4086,7.5000,7.5000,7.5000,7.5000,7.5000,7.5000,7.5000,7.5000,7.5000,7.5000,7.5000,7.5000,7.5000,7.5000,7.5000,7.5000
1.4187,7.5000,7.5000,7.5000,7.5000,7.5000,7.5000,7.5000,7.5000,7.5000,7.5000,7.5000,7.5000,7.5000,7.5000,7.5000,7.5000
1.4287,7.5000,7.5000,7.5000,7.5000,7.5000,7.5000,7.5000,7.5000,7.5000,7.5000,7.5000,7.5000,7.5000,7.5000,7.5000,7.5000
1.4388,7.5000,7.5000,7.5000,7.5000,7.5000,7.5000,7.5000,7.5000,7.5000,7.5000,7.5000,7.5000,7.5000,7.5000,7.5000,7.5000
1.4489,7.5000,7.5000,7.5000,7.5000,7.5000,7.5000,7.5000,7.5000,7.5000,7.5000,7.5000,7.5000,7.5000,7.5000,7.5000,7.5000
1.4589,7.5000,7.5000,7.5000,7.5000,7.5000,7.5000,7.5000,7.5000,7.5000,7.5000,7.5000,7.5000,7.5000,7.5000,7.5000,7.5000
1.4690,7.5000,7.5000,7.5000,7.5000,7.5000,7.5000,7.5000,7.5000,7.5000,7.5000,7.5000,7.5000,7.5000,7.5000,7.5000,7.5000
1.4791,7.5000,7.5000,7.5000,7.5000,7.5000,7.5000,7.5000,7.5000,7.5000,7.5000,7.5000,7.5000,7.5000,7.5000,7.5000,7.5000
1.4891,7.5000,7.5000,7.5000,7.5000,7.5000,7.5000,7.5000,7.5000,7.5000,7.5000,7.5000,7.5000,7.5000,7.5000,7.5000,7.5000
1.4992,7.5000,7.5000,7.5000,7.5000,7.5000,7.5000,7.5000,7.5000,7.5000,7.5000,7.5000,7.5000,7.5000,7.5000,7.5000,7.5000
1.5093,7.5000,7.5000,7.5000,7.5000,7.5000,7.5000,7.5000,7.5000,7.5000,7.5000,7.5000,7.5000,7.5000,7.5000,7.5000,7.5000
1.5193,7.5000,7.5000,7.5000,7.5000,7.5000,7.5000,7.5000,7.5000,7.5000,7.5000,7.5000,7.5000,7.5000,7.5000,7.5000,7.5000
1.5294,7.5000,7.5000,7.5000,7.5000,7.5000,7.5000,7.5000,7.5000,7.5000,7.5000,7.5000,7.5000,7.5000,7.5000,7.5000,7.5000
1.5394,7.5000,7.5000,7.5000,7.5000,7.5000,7.5000,7.5000,7.5000,7.5000,7.5000,7.5000,7.5000,7.5000,7.5000,7.5000,7.5000
1.5495,7.5000,7.5000,7.5000,7.5000,7.5000,7.5000,7.5000,7.5000,7.5000,7.5000,7.5000,7.5000,7.5000,7.5000,7.5000,7.5000
1.5596,7.5000,7.5000,7.5000,7.5000,7.5000,7.5000,7.5000,7.5000,7.5000,7.5000,7.5000,7.5000,7.5000,7.5000,7.5000,7.5000
1.5696,7.5000,7.5000,7.5000,7.5000,7.5000,7.5000,7.5000,7.5000,7.5000,7.5000,7.5000,7.5000,7.5000,7.5000,7.5000,7.5000
1.5797,7.5000,7.5000,7.5000,7.5000,7.5000,7.5000,7.5000,7.5000,7.5000,7.5000,7.5000,7.5000,7.5000,7.5000,7.5000,7.5000
1.5898,7.5000,7.5000,7.5000,7.5000,7.5000,7.5000,7.5000,7.5000,7.5000,7.5000,7.5000,7.5000,7.5000,7.5000,7.5000,7.5000
1.5998,7.5000,7.5000,7.5000,7.5000,7.5000,7.5000,7.5000,7.5000,7.5000,7.5000,7.5000,7.5000,7.5000,7.5000,7.5000,7.5000
1.6099,7.5000,7.5000,7.5000,7.5000,7.5000,7.5000,7.5000,7.5000,7.5000,7.5000,7.5000,7.5000,7.5000,7.5000,7.5000,7.5000
1.6199,7.5000,7.5000,7.5000,7.5000,7.5000,7.5000,7.5000,7.5000,7.5000,7.5000,7.5000,7.5000,7.5000,7.5000,7.5000,7.5000
1.6300,7.5000,7.5000,7.5000,7.5000,7.5000,7.5000,7.5000,7.5000,7.5000,7.5000,7.5000,7.5000,7.5000,7.5000,7.5000,7.5000
1.6401,7.5000,7.5000,7.5000,7.5000,7.5000,7.5000,7.5000,7.5000,7.5000,7.5000,7.5000,7.5000,7.5000,7.5000,7.5000,7.5000
1.6501,7.5000,7.5000,7.5000,7.5000,7.5000,7.5000,7.5000,7.5000,7.5000,7.5000,7.5000,7.5000,7.5000,7.5000,7.5000,7.5000
1.6602,7.5000,7.5000,7.5000,7.5000,7.5000,7.5000,7.5000,7.5000,7.5000,7.5000,7.5000,7.5000,7.5000,7.5000,7.5000,7.5000
1.6703,7.5000,7.5000,7.5000,7.5000,7.5000,7.5000,7.5000,7.5000,7.5000,7.5000,7.5000,7.5000,7.5000,7.5000,7.5000,7.5000
1.6803,7.5000,7.5000,7.5000,7.5000,7.5000,7.5000,7.5000,7.5000,7.5000,7.5000,7.5000,7.5000,7.5000,7.5000,7.5000,7.5000
1.6904,7.5000,7.5000,7.5000,7.5000,7.5000,7.5000,7.5000,7.5000,7.5000,7.5000,7.5000,7.5000,7.5000,7.5000,7.5000,7.5000
1.7005,7.5000,7.5000,7.5000,7.5000,7.5000,7.5000,7.5000,7.5000,7.5000,7.5000,7.5000,7.5000,7.5000,7.5000,7.5000,7.5000
1.7105,7.5000,7.5000,7.5000,7.5000,7.5000,7.5000,7.5000,7.5000,7.5000,7.5000,7.5000,7.5000,7.5000,7.5000,7.5000,7.5000
1.7206,7.5000,7.5000,7.5000,7.5000,7.5000,7.5000,7.5000,7.5000,7.5000,7.5000,7.5000,7.5000,7.5000,7.5000,7.5000,7.5000
1.7307,7.5000,7.5000,7.5000,7.5000,7.5000,7.5000,7.5000,7.5000,7.5000,7.5000,7.5000,7.5000,7.5000,7.5000,7.5000,7.5000
1.7407,7.5000,7.5000,7.5000,7.5000,7.5000,7.5000,7.5000,7.5000,7.5000,7.5000,7.5000,7.5000,7.5000,7.5000,7.5000,7.5000
1.7508,7.5000,7.5000,7.5000,7.5000,7.5000,7.5000,7.5000,7.5000,7.5000,7.5000,7.5000,7.5000,7.5000,7.5000,7.5000,7.5000
1.7609,7.5000,7.5000,7.5000,7.5000,7.5000,7.5000,7.5000,7.5000,7.5000,7.5000,7.5000,7.5000,7.5000,7.5000,7.5000,7.5000
1.7709,7.5000,7.5000,7.5000,7.5000,7.5000,7.5000,7.5000,7.5000,7.5000,7.5000,7.5000,7.5000,7.5000,7.5000,7.5000,7.5000
1.7810,7.5000,7.5000,7.5000,7.5000,7.5000,7.5000,7.5000,7.5000,7.5000,7.5000,7.5000,7.5000,7.5000,7.5000,7.5000,7.5000
1.7910,7.5000,7.5000,7.5000,7.5000,7.5000,7.5000,7.5000,7.5000,7.5000,7.5000,7.5000,7.5000,7.5000,7.5000,7.5000,7.5000
1.8011,7.5000,7.5000,7.5000,7.5000,7.5000,7.5000,7.5000,7.5000,7.5000,7.5000,7.5000,7.5000,7.5000,7.5000,7.5000,7.5000
1.8112,7.5000,7.5000,7.5000,7.5000,7.5000,7.5000,7.5000,7.5000,7.5000,7.5000,7.5000,7.5000,7.5000,7.5000,7.5000,7.5000
1.8212,7.5000,7.5000,7.5000,7.5000,7.5000,7.5000,7.5000,7.5000,7.5000,7.5000,7.5000,7.5000,7.5000,7.5000,7.5000,7.5000
1.8313,7.5000,7.5000,7.5000,7.5000,7.5000,7.5000,7.5000,7.5000,7.5000,7.5000,7.5000,7.5000,7.5000,7.5000,7.5000,7.5000
1.8414,7.5000,7.5000,7.5000,7.5000,7.5000,7.5000,7.5000,7.5000,7.5000,7.5000,7.5000,7.5000,7.5000,7.5000,7.5000,7.5000
1.8514,7.5000,7.5000,7.5000,7.5000,7.5000,7.5000,7.5000,7.5000,7.5000,7.5000,7.5000,7.5000,7.5000,7.5000,7.5000,7.5000
1.8615,7.5000,7.5000,7.5000,7.5000,7.5000,7.5000,7.5000,7.5000,7.5000,7.5000,7.5000,7.5000,7.5000,7.5000,7.5000,7.5000
1.8716,7.5000,7.5000,7.5000,7.5000,7.5000,7.5000,7.5000,7.5000,7.5000,7.5000,7.5000,7.5000,7.5000,7.5000,7.5000,7.5000
1.8816,7.5000,7.5000,7.5000,7.5000,7.5000,7.5000,7.5000,7.5000,7.5000,7.5000,7.5000,7.5000,7.5000,7.5000,7.5000,7.5000
1.8917,7.5000,7.5000,7.5000,7.5000,7.5000,7.5000,7.5000,7.5000,7.5000,7.5000,7.5000,7.5000,7.5000,7.5000,7.5000,7.5000
1.9018,7.5000,7.5000,7.5000,7.5000,7.5000,7.5000,7.5000,7.5000,7.5000,7.5000,7.5000,7.5000,7.5000,7.5000,7.5000,7.5000
1.9118,7.5000,7.5000,7.5000,7.5000,7.5000,7.5000,7.5000,7.5000,7.5000,7.5000,7.5000,7.5000,7.5000,7.5000,7.5000,7.5000
1.9219,7.5000,7.5000,7.5000,7.5000,7.5000,7.5000,7.5000,7.5000,7.5000,7.5000,7.5000,7.5000,7.5000,7.5000,7.5000,7.5000
1.9319,7.5000,7.5000,7.5000,7.5000,7.5000,7.5000,7.5000,7.5000,7.5000,7.5000,7.5000,7.5000,7.5000,7.5000,7.5000,7.5000
1.9420,7.5000,7.5000,7.5000,7.5000,7.5000,7.5000,7.5000,7.5000,7.5000,7.5000,7.5000,7.5000,7.5000,7.5000,7.5000,7.5000
1.9521,7.5000,7.5000,7.5000,7.5000,7.5000,7.5000,7.5000,7.5000,7.5000,7.5000,7.5000,7.5000,7.5000,7.5000,7.5000,7.5000
1.9621,7.5000,7.5000,7.5000,7.5000,7.5000,7.5000,7.5000,7.5000,7.5000,7.5000,7.5000,7.5000,7.5000,7.5000,7.5000,7.5000
1.9722,7.5000,7.5000,7.5000,7.5000,7.5000,7.5000,7.5000,7.5000,7.5000,7.5000,7.5000,7.5000,7.5000,7.5000,7.5000,7.5000
1.9822,7.5000,7.5000,7.5000,7.5000,7.5000,7.5000,7.5000,7.5000,7.5000,7.5000,7.5000,7.5000,7.5000,7.5000,7.5000,7.5000
1.9923,7.5000,7.5000,7.5000,7.5000,7.5000,7.5000,7.5000,7.5000,7.5000,7.5000,7.5000,7.5000,7.5000,7.5000,7.5000,7.5000
2.0024,7.5000,7.5000,7.5000,7.5000,7.5000,7.5000,7.5000,7.5000,7.5000,7.5000,7.5000,7.5000,7.5000,7.5000,7.5000,7.5000
2.0124,7.5000,7.5000,7.5000,7.5000,7.5000,7.5000,7.5000,7.5000,7.5000,7.5000,7.5000,7.5000,7.5000,7.5000,7.5000,7.5000
2.0225,7.5000,7.5000,7.5000,7.5000,7.5000,7.5000,7.5000,7.5000,7.5000,7.5000,7.5000,7.5000,7.5000,7.5000,7.5000,7.5000
2.0325,7.5000,7.5000,7.5000,7.5000,7.5000,7.5000,7.5000,7.5000,7.5000,7.5000,7.5000,7.5000,7.5000,7.5000,7.5000,7.5000
2.0426,7.5000,7.5000,7.5000,7.5000,7.5000,7.5000,7.5000,7.5000,7.5000,7.5000,7.5000,7.5000,7.5000,7.5000,7.5000,7.5000
2.0526,7.5000,7.5000,7.5000,7.5000,7.5000,7.5000,7.5000,7.5000,7.5000,7.5000,7.5000,7.5000,7.5000,7.5000,7.5000,7.5000
2.0627,7.5000,7.5000,7.5000,7.5000,7.5000,7.5000,7.5000,7.5000,7.5000,7.5000,7.5000,7.5000,7.5000,7.5000,7.5000,7.5000
2.0728,7.5000,7.5000,7.5000,7.5000,7.5000,7.5000,7.5000,7.5000,7.5000,7.5000,7.5000,7.5000,7.5000,7.5000,7.5000,7.5000
2.0828,7.5000,7.5000,7.5000,7.5000,7.5000,7.5000,7.5000,7.5000,7.5000,7.5000,7.5000,7.5000,7.5000,7.5000,7.5000,7.5000
2.0929,7.5000,7.5000,7.5000,7.5000,7.5000,7.5000,7.5000,7.5000,7.5000,7.5000,7.5000,7.5000,7.5000,7.5000,7.5000,7.5000
2.1029,7.5000,7.5000,7.5000,7.5000,7.5000,7.5000,7.5000,7.5000,7.5000,7.5000,7.5000,7.5000,7.5000,7.5000,7.5000,7.5000
2.1130,7.5000,7.5000,7.5000,7.5000,7.5000,7.5000,7.5000,7.5000,7.5000,7.5000,7.5000,7.5000,7.5000,7.5000,7.5000,7.5000
2.1230,7.5000,7.5000,7.5000,7.5000,7.5000,7.5000,7.5000,7.5000,7.5000,7.5000,7.5000,7.5000,7.5000,7.5000,7.5000,7.5000
2.1331,7.5000,7.5000,7.5000,7.5000,7.5000,7.5000,7.5000,7.5000,7.5000,7.5000,7.5000,7.5000,7.5000,7.5000,7.5000,7.5000
2.1432,7.5000,7.5000,7.5000,7.5000,7.5000,7.5000,7.5000,7.5000,7.5000,7.5000,7.5000,7.5000,7.5000,7.5000,7.5000,7.5000
2.1532,7.5000,7.5000,7.5000,7.5000,7.5000,7.5000,7.5000,7.5000,7.5000,7.5000,7.5000,7.5000,7.5000,7.5000,7.5000,7.5000
2.1633,7.5000,7.5000,7.5000,7.5000,7.5000,7.5000,7.5000,7.5000,7.5000,7.5000,7.5000,7.5000,7.5000,7.5000,7.5000,7.5000
2.1734,7.5000,7.5000,7.5000,7.5000,7.5000,7.5000,7.5000,7.5000,7.5000,7.5000,7.5000,7.5000,7.5000,7.5000,7.5000,7.5000
2.1834,7.5000,7.5000,7.5000,7.5000,7.5000,7.5000,7.5000,7.5000,7.5000,7.5000,7.5000,7.5000,7.5000,7.5000,7.5000,7.5000
2.1935,7.5000,7.5000,7.5000,7.5000,7.5000,7.5000,7.5000,7.5000,7.5000,7.5000,7.5000,7.5000,7.5000,7.5000,7.5000,7.5000
2.2036,7.5000,7.5000,7.5000,7.5000,7.5000,7.5000,7.5000,7.5000,7.5000,7.5000,7.5000,7.5000,7.5000,7.5000,7.5000,7.5000
2.2136,7.5000,7.5000,7.5000,7.5000,7.5000,7.5000,7.5000,7.5000,7.5000,7.5000,7.5000,7.5000,7.5000,7.5000,7.5000,7.5000
2.2237,7.5000,7.5000,7.5000,7.5000,7.5000,7.5000,7.5000,7.5000,7.5000,7.5000,7.5000,7.5000,7.5000,7.5000,7.5000,7.5000
2.2338,7.5000,7.5000,7.5000,7.5000,7.5000,7.5000,7.5000,7.5000,7.5000,7.5000,7.5000,7.5000,7.5000,7.5000,7.5000,7.5000
2.2438,7.5000,7.5000,7.5000,7.5000,7.5000,7.5000,7.5000,7.5000,7.5000,7.5000,7.5000,7.5000,7.5000,7.5000,7.5000,7.5000
2.2539,7.5000,7.5000,7.5000,7.5000,7.5000,7.5000,7.5000,7.5000,7.5000,7.5000,7.5000,7.5000,7.5000,7.5000,7.5000,7.5000
2.2640,7.5000,7.5000,7.5000,7.5000,7.5000,7.5000,7.5000,7.5000,7.5000,7.5000,7.5000,7.5000,7.5000,7.5000,7.5000,7.5000
2.2740,7.5000,7.5000,7.5000,7.5000,7.5000,7.5000,7.5000,7.5000,7.5000,7.5000,7.5000,7.5000,7.5000,7.5000,7.5000,7.5000
2.2841,7.5000,7.5000,7.5000,7.5000,7.5000,7.5000,7.5000,7.5000,7.5000,7.5000,7.5000,7.5000,7.5000,7.5000,7.5000,7.5000
2.2941,7.5000,7.5000,7.5000,7.5000,7.5000,7.5000,7.5000,7.5000,7.5000,7.5000,7.5000,7.5000,7.5000,7.5000,7.5000,7.5000
2.3042,7.5000,7.5000,7.5000,7.5000,7.5000,7.5000,7.5000,7.5000,7.5000,7.5000,7.5000,7.5000,7.5000,7.5000,7.5000,7.5000
2.3143,7.5000,7.5000,7.5000,7.5000,7.5000,7.5000,7.5000,7.5000,7.5000,7.5000,7.5000,7.5000,7.5000,7.5000,7.5000,7.5000
2.3243,7.5000,7.5000,7.5000,7.5000,7.5000,7.5000,7.5000,7.5000,7.5000,7.5000,7.5000,7.5000,7.5000,7.5000,7.5000,7.5000
2.3344,7.5000,7.5000,7.5000,7.5000,7.5000,7.5000,7.5000,7.5000,7.5000,7.5000,7.5000,7.5000,7.5000,7.5000,7.5000,7.5000
2.3444,7.5000,7.5000,7.5000,7.5000,7.5000,7.5000,7.5000,7.5000,7.5000,7.5000,7.5000,7.5000,7.5000,7.5000,7.5000,7.5000
2.3545,7.5000,7.5000,7.5000,7.5000,7.5000,7.5000,7.5000,7.5000,7.5000,7.5000,7.5000,7.5000,7.5000,7.5000,7.5000,7.5000
2.3646,7.5000,7.5000,7.5000,7.5000,7.5000,7.5000,7.5000,7.5000,7.5000,7.5000,7.5000,7.5000,7.5000,7.5000,7.5000,7.5000
2.3746,7.5000,7.5000,7.5000,7.5000,7.5000,7.5000,7.5000,7.5000,7.5000,7.5000,7.5000,7.5000,7.5000,7.5000,7.5000,7.5000
2.3847,7.5000,7.5000,7.5000,7.5000,7.5000,7.5000,7.5000,7.5000,7.5000,7.5000,7.5000,7.5000,7.5000,7.5000,7.5000,7.5000
2.3948,7.5000,7.5000,7.5000,7.5000,7.5000,7.5000,7.5000,7.5000,7.5000,7.5000,7.5000,7.5000,7.5000,7.5000,7.5000,7.5000
2.4048,7.5000,7.5000,7.5000,7.5000,7.5000,7.5000,7.5000,7.5000,7.5000,7.5000,7.5000,7.5000,7.5000,7.5000,7.5000,7.5000
2.4149,7.5000,7.5000,7.5000,7.5000,7.5000,7.5000,7.5000,7.5000,7.5000,7.5000,7.5000,7.5000,7.5000,7.5000,7.5000,7.5000
2.4250,7.5000,7.5000,7.5000,7.5000,7.5000,7.5000,7.5000,7.5000,7.5000,7.5000,7.5000,7.5000,7.5000,7.5000,7.5000,7.5000
2.4350,7.5000,7.5000,7.5000,7.5000,7.5000,7.5000,7.5000,7.5000,7.5000,7.5000,7.5000,7.5000,7.5000,7.5000,7.5000,7.5000
2.4451,7.5000,7.5000,7.5000,7.5000,7.5000,7.5000,7.5000,7.5000,7.5000,7.5000,7.5000,7.5000,7.5000,7.5000,7.5000,7.5000
2.4551,7.5000,7.5000,7.5000,7.5000,7.5000,7.5000,7.5000,7.5000,7.5000,7.5000,7.5000,7.5000,7.5000,7.5000,7.5000,7.5000
2.4652,7.5000,7.5000,7.5000,7.5000,7.5000,7.5000,7.5000,7.5000,7.5000,7.5000,7.5000,7.5000,7.5000,7.5000,7.5000,7.5000
2.4753,7.5000,7.5000,7.5000,7.5000,7.5000,7.5000,7.5000,7.5000,7.5000,7.5000,7.5000,7.5000,7.5000,7.5000,7.5000,7.5000
2.4853,7.5000,7.5000,7.5000,7.5000,7.5000,7.5000,7.5000,7.5000,7.5000,7.5000,7.5000,7.5000,7.5000,7.5000,7.5000,7.5000
2.4954,7.5000,7.5000,7.5000,7.5000,7.5000,7.5000,7.5000,7.5000,7.5000,7.5000,7.5000,7.5000,7.5000,7.5000,7.5000,7.5000
2.5054,7.5000,7.5000,7.5000,7.5000,7.5000,7.5000,7.5000,7.5000,7.5000,7.5000,7.5000,7.5000,7.5000,7.5000,7.5000,7.5000
2.5155,7.5000,7.5000,7.5000,7.5000,7.5000,7.5000,7.5000,7.5000,7.5000,7.5000,7.5000,7.5000,7.5000,7.5000,7.5000,7.5000
2.5256,7.5000,7.5000,7.5000,7.5000,7.5000,7.5000,7.5000,7.5000,7.5000,7.5000,7.5000,7.5000,7.5000,7.5000,7.5000,7.5000
2.5356,7.5000,7.5000,7.5000,7.5000,7.5000,7.5000,7.5000,7.5000,7.5000,7.5000,7.5000,7.5000,7.5000,7.5000,7.5000,7.5000
2.5457,7.5000,7.5000,7.5000,7.5000,7.5000,7.5000,7.5000,7.5000,7.5000,7.5000,7.5000,7.5000,7.5000,7.5000,7.5000,7.5000
2.5557,7.5000,7.5000,7.5000,7.5000,7.5000,7.5000,7.5000,7.5000,7.5000,7.5000,7.5000,7.5000,7.5000,7.5000,7.5000,7.5000
2.5658,7.5000,7.5000,7.5000,7.5000,7.5000,7.5000,7.5000,7.5000,7.5000,7.5000,7.5000,7.5000,7.5000,7.5000,7.5000,7.5000
2.5759,7.5000,7.5000,7.5000,7.5000,7.5000,7.5000,7.5000,7.5000,7.5000,7.5000,7.5000,7.5000,7.5000,7.5000,7.5000,7.5000
2.5859,7.5000,7.5000,7.5000,7.5000,7.5000,7.5000,7.5000,7.5000,7.5000,7.5000,7.5000,7.5000,7.5000,7.5000,7.5000,7.5000
2.5960,7.5000,7.5000,7.5000,7.5000,7.5000,7.5000,7.5000,7.5000,7.5000,7.5000,7.5000,7.5000,7.5000,7.5000,7.5000,7.5000
2.6061,7.5000,7.5000,7.5000,7.5000,7.5000,7.5000,7.5000,7.5000,7.5000,7.5000,7.5000,7.5000,7.5000,7.5000,7.5000,7.5000
2.6161,7.5000,7.5000,7.5000,7.5000,7.5000,7.5000,7.5000,7.5000,7.5000,7.5000,7.5000,7.5000,7.5000,7.5000,7.5000,7.5000
2.6262,7.5000,7.5000,7.5000,7.5000,7.5000,7.5000,7.5000,7.5000,7.5000,7.5000,7.5000,7.5000,7.5000,7.5000,7.5000,7.5000
2.6362,7.5000,7.5000,7.5000,7.5000,7.5000,7.5000,7.5000,7.5000,7.5000,7.5000,7.5000,7.5000,7.5000,7.5000,7.5000,7.5000
2.6463,7.5000,7.5000,7.5000,7.5000,7.5000,7.5000,7.5000,7.5000,7.5000,7.5000,7.5000,7.5000,7.5000,7.5000,7.5000,7.5000
2.6564,7.5000,7.5000,7.5000,7.5000,7.5000,7.5000,7.5000,7.5000,7.5000,7.5000,7.5000,7.5000,7.5000,7.5000,7.5000,7.5000
2.6664,7.5000,7.5000,7.5000,7.5000,7.5000,7.5000,7.5000,7.5000,7.5000,7.5000,7.5000,7.5000,7.5000,7.5000,7.5000,7.5000
2.6765,7.5000,7.5000,7.5000,7.5000,7.5000,7.5000,7.5000,7.5000,7.5000,7.5000,7.5000,7.5000,7.5000,7.5000,7.5000,7.5000
2.6865,7.5000,7.5000,7.5000,7.5000,7.5000,7.5000,7.5000,7.5000,7.5000,7.5000,7.5000,7.5000,7.5000,7.5000,7.5000,7.5000
2.6966,7.5000,7.5000,7.5000,7.5000,7.5000,7.5000,7.5000,7.5000,7.5000,7.5000,7.5000,7.5000,7.5000,7.5000,7.5000,7.5000
2.7067,7.5000,7.5000,7.5000,7.5000,7.5000,7.5000,7.5000,7.5000,7.5000,7.5000,7.5000,7.5000,7.5000,7.5000,7.5000,7.5000
2.7167,7.5000,7.5000,7.5000,7.5000,7.5000,7.5000,7.5000,7.5000,7.5000,7.5000,7.5000,7.5000,7.5000,7.5000,7.5000,7.5000
2.7268,7.5000,7.5000,7.5000,7.5000,7.5000,7.5000,7.5000,7.5000,7.5000,7.5000,7.5000,7.5000,7.5000,7.5000,7.5000,7.5000
2.7369,7.5000,7.5000,7.5000,7.5000,7.5000,7.5000,7.5000,7.5000,7.5000,7.5000,7.5000,7.5000,7.5000,7.5000,7.5000,7.5000
2.7469,7.5000,7.5000,7.5000,7.5000,7.5000,7.5000,7.5000,7.5000,7.5000,7.5000,7.5000,7.5000,7.5000,7.5000,7.5000,7.5000
2.7570,7.5000,7.5000,7.5000,7.5000,7.5000,7.5000,7.5000,7.5000,7.5000,7.5000,7.5000,7.5000,7.5000,7.5000,7.5000,7.5000
2.7671,7.5000,7.5000,7.5000,7.5000,7.5000,7.5000,7.5000,7.5000,7.5000,7.5000,7.5000,7.5000,7.5000,7.5000,7.5000,7.5000
2.7771,7.5000,7.5000,7.5000,7.5000,7.5000,7.5000,7.5000,7.5000,7.5000,7.5000,7.5000,7.5000,7.5000,7.5000,7.5000,7.5000
2.7872,7.5000,7.5000,7.5000,7.5000,7.5000,7.5000,7.5000,7.5000,7.5000,7.5000,7.5000,7.5000,7.5000,7.5000,7.5000,7.5000
2.7972,7.5000,7.5000,7.5000,7.5000,7.5000,7.5000,7.5000,7.5000,7.5000,7.5000,7.5000,7.5000,7.5000,7.5000,7.5000,7.5000
2.8073,7.5000,7.5000,7.5000,7.5000,7.5000,7.5000,7.5000,7.5000,7.5000,7.5000,7.5000,7.5000,7.5000,7.5000,7.5000,7.5000
2.8174,7.5000,7.5000,7.5000,7.5000,7.5000,7.5000,7.5000,7.5000,7.5000,7.5000,7.5000,7.5000,7.5000,7.5000,7.5000,7.5000
2.8274,7.5000,7.5000,7.5000,7.5000,7.5000,7.5000,7.5000,7.5000,7.5000,7.5000,7.5000,7.5000,7.5000,7.5000,7.5000,7.5000
2.8375,7.5000,7.5000,7.5000,7.5000,7.5000,7.5000,7.5000,7.5000,7.5000,7.5000,7.5000,7.5000,7.5000,7.5000,7.5000,7.5000
2.8476,7.5000,7.5000,7.5000,7.5000,7.5000,7.5000,7.5000,7.5000,7.5000,7.5000,7.5000,7.5000,7.5000,7.5000,7.5000,7.5000
2.8576,7.5000,7.5000,7.5000,7.5000,7.5000,7.5000,7.5000,7.5000,7.5000,7.5000,7.5000,7.5000,7.5000,7.5000,7.5000,7.5000
2.8677,7.5000,7.5000,7.5000,7.5000,7.5000,7.5000,7.5000,7.5000,7.5000,7.5000,7.5000,7.5000,7.5000,7.5000,7.5000,7.5000
2.8778,7.5000,7.5000,7.5000,7.5000,7.5000,7.5000,7.5000,7.5000,7.5000,7.5000,7.5000,7.5000,7.5000,7.5000,7.5000,7.5000
2.8878,7.5000,7.5000,7.5000,7.5000,7.5000,7.5000,7.5000,7.5000,7.5000,7.5000,7.5000,7.5000,7.5000,7.5000,7.5000,7.5000
2.8979,7.5000,7.5000,7.5000,7.5000,7.5000,7.5000,7.5000,7.5000,7.5000,7.5000,7.5000,7.5000,7.5000,7.5000,7.5000,7.5000
2.9080,7.5000,7.5000,7.5000,7.5000,7.5000,7.5000,7.5000,7.5000,7.5000,7.5000,7.5000,7.5000,7.5000,7.5000,7.5000,7.5000
2.9180,7.5000,7.5000,7.5000,7.5000,7.5000,7.5000,7.5000,7.5000,7.5000,7.5000,7.5000,7.5000,7.5000,7.5000,7.5000,7.5000
2.9283,7.5000,7.5000,7.5000,7.5000,7.5000,7.5000,7.5000,7.5000,7.5000,7.5000,7.5000,7.5000,7.5000,7.5000,7.5000,7.5000
2.9383,7.5000,7.5000,7.5000,7.5000,7.5000,7.5000,7.5000,7.5000,7.5000,7.5000,7.5000,7.5000,7.5000,7.5000,7.5000,7.5000
2.9486,7.5000,7.5000,7.5000,7.5000,7.5000,7.5000,7.5000,7.5000,7.5000,7.5000,7.5000,7.5000,7.5000,7.5000,7.5000,7.5000
2.9590,7.5000,7.5000,7.5000,7.5000,7.5000,7.5000,7.5000,7.5000,7.5000,7.5000,7.5000,7.5000,7.5000,7.5000,7.5000,7.5000
2.9690,7.5000,7.5000,7.5000,7.5000,7.5000,7.5000,7.5000,7.5000,7.5000,7.5000,7.5000,7.5000,7.5000,7.5000,7.5000,7.5000
2.9793,7.5000,7.5000,7.5000,7.5000,7.5000,7.5000,7.5000,7.5000,7.5000,7.5000,7.5000,7.5000,7.5000,7.5000,7.5000,7.5000
2.9894,7.5000,7.5000,7.5000,7.5000,7.5000,7.5000,7.5000,7.5000,7.5000,7.5000,7.5000,7.5000,7.5000,7.5000,7.5000,7.5000
2.9996,7.5000,7.5000,7.5000,7.5000,7.5000,7.5000,7.5000,7.5000,7.5000,7.5000,7.5000,7.5000,7.5000,7.5000,7.5000,7.5000
3.0097,7.5000,7.5000,7.5000,7.5000,7.5000,7.5000,7.5000,7.5000,7.5000,7.5000,7.5000,7.5000,7.5000,7.5000,7.5000,7.5000
3.0201,7.5000,7.5000,7.5000,7.5000,7.5000,7.5000,7.5000,7.5000,7.5000,7.5000,7.5000,7.5000,7.5000,7.5000,7.5000,7.5000
3.0303,7.5000,7.5000,7.5000,7.5000,7.5000,7.5000,7.5000,7.5000,7.5000,7.5000,7.5000,7.5000,7.5000,7.5000,7.5000,7.5000
3.0405,7.5000,7.5000,7.5000,7.5000,7.5000,7.5000,7.5000,7.5000,7.5000,7.5000,7.5000,7.5000,7.5000,7.5000,7.5000,7.5000
3.0508,7.5000,7.5000,7.5000,7.5000,7.5000,7.5000,7.5000,7.5000,7.5000,7.5000,7.5000,7.5000,7.5000,7.5000,7.5000,7.5000
3.0611,7.5000,7.5000,7.5000,7.5000,7.5000,7.5000,7.5000,7.5000,7.5000,7.5000,7.5000,7.5000,7.5000,7.5000,7.5000,7.5000
3.0714,7.5000,7.5000,7.5000,7.5000,7.5000,7.5000,7.5000,7.5000,7.5000,7.5000,7.5000,7.5000,7.5000,7.5000,7.5000,7.5000
3.0816,7.5000,7.5000,7.5000,7.5000,7.5000,7.5000,7.5000,7.5000,7.5000,7.5000,7.5000,7.5000,7.5000,7.5000,7.5000,7.5000
3.0919,7.5000,7.5000,7.5000,7.5000,7.5000,7.5000,7.5000,7.5000,7.5000,7.5000,7.5000,7.5000,7.5000,7.5000,7.5000,7.5000
3.1022,7.5000,7.5000,7.5000,7.5000,7.5000,7.5000,7.5000,7.5000,7.5000,7.5000,7.5000,7.5000,7.5000,7.5000,7.5000,7.5000
3.1123,7.5000,7.5000,7.5000,7.5000,7.5000,7.5000,7.5000,7.5000,7.5000,7.5000,7.5000,7.5000,7.5000,7.5000,7.5000,7.5000
3.1225,7.5000,7.5000,7.5000,7.5000,7.5000,7.5000,7.5000,7.5000,7.5000,7.5000,7.5000,7.5000,7.5000,7.5000,7.5000,7.5000
3.1327,7.5000,7.5000,7.5000,7.5000,7.5000,7.5000,7.5000,7.5000,7.5000,7.5000,7.5000,7.5000,7.5000,7.5000,7.5000,7.5000
3.1427,7.5000,7.5000,7.5000,7.5000,7.5000,7.5000,7.5000,7.5000,7.5000,7.5000,7.5000,7.5000,7.5000,7.5000,7.5000,7.5000
3.1528,7.5000,7.5000,7.5000,7.5000,7.5000,7.5000,7.5000,7.5000,7.5000,7.5000,7.5000,7.5000,7.5000,7.5000,7.5000,7.5000
3.1631,7.5000,7.5000,7.5000,7.5000,7.5000,7.5000,7.5000,7.5000,7.5000,7.5000,7.5000,7.5000,7.5000,7.5000,7.5000,7.5000
3.1732,7.5000,7.5000,7.5000,7.5000,7.5000,7.5000,7.5000,7.5000,7.5000,7.5000,7.5000,7.5000,7.5000,7.5000,7.5000,7.5000
3.1834,7.5000,7.5000,7.5000,7.5000,7.5000,7.5000,7.5000,7.5000,7.5000,7.5000,7.5000,7.5000,7.5000,7.5000,7.5000,7.5000
3.1935,7.5000,7.5000,7.5000,7.5000,7.5000,7.5000,7.5000,7.5000,7.5000,7.5000,7.5000,7.5000,7.5000,7.5000,7.5000,7.5000
3.2037,7.5000,7.5000,7.5000,7.5000,7.5000,7.5000,7.5000,7.5000,7.5000,7.5000,7.5000,7.5000,7.5000,7.5000,7.5000,7.5000
3.2140,7.5000,7.5000,7.5000,7.5000,7.5000,7.5000,7.5000,7.5000,7.5000,7.5000,7.5000,7.5000,7.5000,7.5000,7.5000,7.5000
3.2241,7.5000,7.5000,7.5000,7.5000,7.5000,7.5000,7.5000,7.5000,7.5000,7.5000,7.5000,7.5000,7.5000,7.5000,7.5000,7.5000
3.2341,7.5000,7.5000,7.5000,7.5000,7.5000,7.5000,7.5000,7.5000,7.5000,7.5000,7.5000,7.5000,7.5000,7.5000,7.5000,7.5000
3.2445,7.5000,7.5000,7.5000,7.5000,7.5000,7.5000,7.5000,7.5000,7.5000,7.5000,7.5000,7.5000,7.5000,7.5000,7.5000,7.5000
3.2547,7.5000,7.5000,7.5000,7.5000,7.5000,7.5000,7.5000,7.5000,7.5000,7.5000,7.5000,7.5000,7.5000,7.5000,7.5000,7.5000
3.2650,7.5000,7.5000,7.5000,7.5000,7.5000,7.5000,7.5000,7.5000,7.5000,7.5000,7.5000,7.5000,7.5000,7.5000,7.5000,7.5000
3.2751,7.5000,7.5000,7.5000,7.5000,7.5000,7.5000,7.5000,7.5000,7.5000,7.5000,7.5000,7.5000,7.5000,7.5000,7.5000,7.5000
3.2853,7.5000,7.5000,7.5000,7.5000,7.5000,7.5000,7.5000,7.5000,7.5000,7.5000,7.5000,7.5000,7.5000,7.5000,7.5000,7.5000
3.2956,7.5000,7.5000,7.5000,7.5000,7.5000,7.5000,7.5000,7.5000,7.5000,7.5000,7.5000,7.5000,7.5000,7.5000,7.5000,7.5000
3.3057,7.5000,7.5000,7.5000,7.5000,7.5000,7.5000,7.5000,7.5000,7.5000,7.5000,7.5000,7.5000,7.5000,7.5000,7.5000,7.5000
3.3159,7.5000,7.5000,7.5000,7.5000,7.5000,7.5000,7.5000,7.5000,7.5000,7.5000,7.5000,7.5000,7.5000,7.5000,7.5000,7.5000
3.3260,7.5000,7.5000,7.5000,7.5000,7.5000,7.5000,7.5000,7.5000,7.5000,7.5000,7.5000,7.5000,7.5000,7.5000,7.5000,7.5000
3.3361,7.5000,7.5000,7.5000,7.5000,7.5000,7.5000,7.5000,7.5000,7.5000,7.5000,7.5000,7.5000,7.5000,7.5000,7.5000,7.5000
3.3462,7.5000,7.5000,7.5000,7.5000,7.5000,7.5000,7.5000,7.5000,7.5000,7.5000,7.5000,7.5000,7.5000,7.5000,7.5000,7.5000
3.3562,7.5000,7.5000,7.5000,7.5000,7.5000,7.5000,7.5000,7.5000,7.5000,7.5000,7.5000,7.5000,7.5000,7.5000,7.5000,7.5000
3.3663,7.5000,7.5000,7.5000,7.5000,7.5000,7.5000,7.5000,7.5000,7.5000,7.5000,7.5000,7.5000,7.5000,7.5000,7.5000,7.5000
3.3764,7.5000,7.5000,7.5000,7.5000,7.5000,7.5000,7.5000,7.5000,7.5000,7.5000,7.5000,7.5000,7.5000,7.5000,7.5000,7.5000
3.3864,7.5000,7.5000,7.5000,7.5000,7.5000,7.5000,7.5000,7.5000,7.5000,7.5000,7.5000,7.5000,7.5000,7.5000,7.5000,7.5000
3.3965,7.5000,7.5000,7.5000,7.5000,7.5000,7.5000,7.5000,7.5000,7.5000,7.5000,7.5000,7.5000,7.5000,7.5000,7.5000,7.5000
3.4065,7.5000,7.5000,7.5000,7.5000,7.5000,7.5000,7.5000,7.5000,7.5000,7.5000,7.5000,7.5000,7.5000,7.5000,7.5000,7.5000
3.4166,7.5000,7.5000,7.5000,7.5000,7.5000,7.5000,7.5000,7.5000,7.5000,7.5000,7.5000,7.5000,7.5000,7.5000,7.5000,7.5000
3.4266,7.5000,7.5000,7.5000,7.5000,7.5000,7.5000,7.5000,7.5000,7.5000,7.5000,7.5000,7.5000,7.5000,7.5000,7.5000,7.5000
3.4366,7.5000,7.5000,7.5000,7.5000,7.5000,7.5000,7.5000,7.5000,7.5000,7.5000,7.5000,7.5000,7.5000,7.5000,7.5000,7.5000
3.4467,7.5000,7.5000,7.5000,7.5000,7.5000,7.5000,7.5000,7.5000,7.5000,7.5000,7.5000,7.5000,7.5000,7.5000,7.5000,7.5000
3.4568,7.5000,7.5000,7.5000,7.5000,7.5000,7.5000,7.5000,7.5000,7.5000,7.5000,7.5000,7.5000,7.5000,7.5000,7.5000,7.5000
3.4668,7.5000,7.5000,7.5000,7.5000,7.5000,7.5000,7.5000,7.5000,7.5000,7.5000,7.5000,7.5000,7.5000,7.5000,7.5000,7.5000
3.4769,7.5000,7.5000,7.5000,7.5000,7.5000,7.5000,7.5000,7.5000,7.5000,7.5000,7.5000,7.5000,7.5000,7.5000,7.5000,7.5000
3.4869,7.5000,7.5000,7.5000,7.5000,7.5000,7.5000,7.5000,7.5000,7.5000,7.5000,7.5000,7.5000,7.5000,7.5000,7.5000,7.5000
3.4970,7.5000,7.5000,7.5000,7.5000,7.5000,7.5000,7.5000,7.5000,7.5000,7.5000,7.5000,7.5000,7.5000,7.5000,7.5000,7.5000
3.5071,7.5000,7.5000,7.5000,7.5000,7.5000,7.5000,7.5000,7.5000,7.5000,7.5000,7.5000,7.5000,7.5000,7.5000,7.5000,7.5000
3.5171,7.5000,7.5000,7.5000,7.5000,7.5000,7.5000,7.5000,7.5000,7.5000,7.5000,7.5000,7.5000,7.5000,7.5000,7.5000,7.5000
3.5272,7.5000,7.5000,7.5000,7.5000,7.5000,7.5000,7.5000,7.5000,7.5000,7.5000,7.5000,7.5000,7.5000,7.5000,7.5000,7.5000
3.5372,7.5000,7.5000,7.5000,7.5000,7.5000,7.5000,7.5000,7.5000,7.5000,7.5000,7.5000,7.5000,7.5000,7.5000,7.5000,7.5000
3.5473,7.5000,7.5000,7.5000,7.5000,7.5000,7.5000,7.5000,7.5000,7.5000,7.5000,7.5000,7.5000,7.5000,7.5000,7.5000,7.5000
3.5574,7.5000,7.5000,7.5000,7.5000,7.5000,7.5000,7.5000,7.5000,7.5000,7.5000,7.5000,7.5000,7.5000,7.5000,7.5000,7.5000
3.5674,7.5000,7.5000,7.5000,7.5000,7.5000,7.5000,7.5000,7.5000,7.5000,7.5000,7.5000,7.5000,7.5000,7.5000,7.5000,7.5000
3.5775,7.5000,7.5000,7.5000,7.5000,7.5000,7.5000,7.5000,7.5000,7.5000,7.5000,7.5000,7.5000,7.5000,7.5000,7.5000,7.5000
3.5876,7.5000,7.5000,7.5000,7.5000,7.5000,7.5000,7.5000,7.5000,7.5000,7.5000,7.5000,7.5000,7.5000,7.5000,7.5000,7.5000
3.5976,7.5000,7.5000,7.5000,7.5000,7.5000,7.5000,7.5000,7.5000,7.5000,7.5000,7.5000,7.5000,7.5000,7.5000,7.5000,7.5000
3.6077,7.5000,7.5000,7.5000,7.5000,7.5000,7.5000,7.5000,7.5000,7.5000,7.5000,7.5000,7.5000,7.5000,7.5000,7.5000,7.5000
3.6178,7.5000,7.5000,7.5000,7.5000,7.5000,7.5000,7.5000,7.5000,7.5000,7.5000,7.5000,7.5000,7.5000,7.5000,7.5000,7.5000
3.6278,7.5000,7.5000,7.5000,7.5000,7.5000,7.5000,7.5000,7.5000,7.5000,7.5000,7.5000,7.5000,7.5000,7.5000,7.5000,7.5000
3.6379,7.5000,7.5000,7.5000,7.5000,7.5000,7.5000,7.5000,7.5000,7.5000,7.5000,7.5000,7.5000,7.5000,7.5000,7.5000,7.5000
3.6480,7.5000,7.5000,7.5000,7.5000,7.5000,7.5000,7.5000,7.5000,7.5000,7.5000,7.5000,7.5000,7.5000,7.5000,7.5000,7.5000
3.6580,7.5000,7.5000,7.5000,7.5000,7.5000,7.5000,7.5000,7.5000,7.5000,7.5000,7.5000,7.5000,7.5000,7.5000,7.5000,7.5000
3.6681,7.5000,7.5000,7.5000,7.5000,7.5000,7.5000,7.5000,7.5000,7.5000,7.5000,7.5000,7.5000,7.5000,7.5000,7.5000,7.5000
3.6782,7.5000,7.5000,7.5000,7.5000,7.5000,7.5000,7.5000,7.5000,7.5000,7.5000,7.5000,7.5000,7.5000,7.5000,7.5000,7.5000
3.6882,7.5000,7.5000,7.5000,7.5000,7.5000,7.5000,7.5000,7.5000,7.5000,7.5000,7.5000,7.5000,7.5000,7.5000,7.5000,7.5000
3.6983,7.5000,7.5000,7.5000,7.5000,7.5000,7.5000,7.5000,7.5000,7.5000,7.5000,7.5000,7.5000,7.5000,7.5000,7.5000,7.5000
3.7084,7.5000,7.5000,7.5000,7.5000,7.5000,7.5000,7.5000,7.5000,7.5000,7.5000,7.5000,7.5000,7.5000,7.5000,7.5000,7.5000
3.7184,7.5000,7.5000,7.5000,7.5000,7.5000,7.5000,7.5000,7.5000,7.5000,7.5000,7.5000,7.5000,7.5000,7.5000,7.5000,7.5000
3.7285,7.5000,7.5000,7.5000,7.5000,7.5000,7.5000,7.5000,7.5000,7.5000,7.5000,7.5000,7.5000,7.5000,7.5000,7.5000,7.5000
3.7386,7.5000,7.5000,7.5000,7.5000,7.5000,7.5000,7.5000,7.5000,7.5000,7.5000,7.5000,7.5000,7.5000,7.5000,7.5000,7.5000
3.7486,7.5000,7.5000,7.5000,7.5000,7.5000,7.5000,7.5000,7.5000,7.5000,7.5000,7.5000,7.5000,7.5000,7.5000,7.5000,7.5000
3.7587,7.5000,7.5000,7.5000,7.5000,7.5000,7.5000,7.5000,7.5000,7.5000,7.5000,7.5000,7.5000,7.5000,7.5000,7.5000,7.5000
3.7687,7.5000,7.5000,7.5000,7.5000,7.5000,7.5000,7.5000,7.5000,7.5000,7.5000,7.5000,7.5000,7.5000,7.5000,7.5000,7.5000
3.7788,7.5000,7.5000,7.5000,7.5000,7.5000,7.5000,7.5000,7.5000,7.5000,7.5000,7.5000,7.5000,7.5000,7.5000,7.5000,7.5000
3.7889,7.5000,7.5000,7.5000,7.5000,7.5000,7.5000,7.5000,7.5000,7.5000,7.5000,7.5000,7.5000,7.5000,7.5000,7.5000,7.5000
3.7989,7.5000,7.5000,7.5000,7.5000,7.5000,7.5000,7.5000,7.5000,7.5000,7.5000,7.5000,7.5000,7.5000,7.5000,7.5000,7.5000
3.8090,7.5000,7.5000,7.5000,7.5000,7.5000,7.5000,7.5000,7.5000,7.5000,7.5000,7.5000,7.5000,7.5000,7.5000,7.5000,7.5000
3.8191,7.5000,7.5000,7.5000,7.5000,7.5000,7.5000,7.5000,7.5000,7.5000,7.5000,7.5000,7.5000,7.5000,7.5000,7.5000,7.5000
3.8291,7.5000,7.5000,7.5000,7.5000,7.5000,7.5000,7.5000,7.5000,7.5000,7.5000,7.5000,7.5000,7.5000,7.5000,7.5000,7.5000
3.8392,7.5000,7.5000,7.5000,7.5000,7.5000,7.5000,7.5000,7.5000,7.5000,7.5000,7.5000,7.5000,7.5000,7.5000,7.5000,7.5000
3.8492,7.5000,7.5000,7.5000,7.5000,7.5000,7.5000,7.5000,7.5000,7.5000,7.5000,7.5000,7.5000,7.5000,7.5000,7.5000,7.5000
3.8593,7.5000,7.5000,7.5000,7.5000,7.5000,7.5000,7.5000,7.5000,7.5000,7.5000,7.5000,7.5000,7.5000,7.5000,7.5000,7.5000
3.8694,7.5000,7.5000,7.5000,7.5000,7.5000,7.5000,7.5000,7.5000,7.5000,7.5000,7.5000,7.5000,7.5000,7.5000,7.5000,7.5000
3.8794,7.5000,7.5000,7.5000,7.5000,7.5000,7.5000,7.5000,7.5000,7.5000,7.5000,7.5000,7.5000,7.5000,7.5000,7.5000,7.5000
3.8895,7.5000,7.5000,7.5000,7.5000,7.5000,7.5000,7.5000,7.5000,7.5000,7.5000,7.5000,7.5000,7.5000,7.5000,7.5000,7.5000
3.8996,7.5000,7.5000,7.5000,7.5000,7.5000,7.5000,7.5000,7.5000,7.5000,7.5000,7.5000,7.5000,7.5000,7.5000,7.5000,7.5000
3.9096,7.5000,7.5000,7.5000,7.5000,7.5000,7.5000,7.5000,7.5000,7.5000,7.5000,7.5000,7.5000,7.5000,7.5000,7.5000,7.5000
3.9197,7.5000,7.5000,7.5000,7.5000,7.5000,7.5000,7.5000,7.5000,7.5000,7.5000,7.5000,7.5000,7.5000,7.5000,7.5000,7.5000
3.9298,7.5000,7.5000,7.5000,7.5000,7.5000,7.5000,7.5000,7.5000,7.5000,7.5000,7.5000,7.5000,7.5000,7.5000,7.5000,7.5000
3.9398,7.5000,7.5000,7.5000,7.5000,7.5000,7.5000,7.5000,7.5000,7.5000,7.5000,7.5000,7.5000,7.5000,7.5000,7.5000,7.5000
3.9499,7.5000,7.5000,7.5000,7.5000,7.5000,7.5000,7.5000,7.5000,7.5000,7.5000,7.5000,7.5000,7.5000,7.5000,7.5000,7.5000
3.9600,7.5000,7.5000,7.5000,7.5000,7.5000,7.5000,7.5000,7.5000,7.5000,7.5000,7.5000,7.5000,7.5000,7.5000,7.5000,7.5000
3.9700,7.5000,7.5000,7.5000,7.5000,7.5000,7.5000,7.5000,7.5000,7.5000,7.5000,7.5000,7.5000,7.5000,7.5000,7.5000,7.5000
3.9801,7.5000,7.5000,7.5000,7.5000,7.5000,7.5000,7.5000,7.5000,7.5000,7.5000,7.5000,7.5000,7.5000,7.5000,7.5000,7.5000
3.9902,7.5000,7.5000,7.5000,7.5000,7.5000,7.5000,7.5000,7.5000,7.5000,7.5000,7.5000,7.5000,7.5000,7.5000,7.5000,7.5000
4.0002,7.5000,7.5000,7.5000,7.5000,7.5000,7.5000,7.5000,7.5000,7.5000,7.5000,7.5000,7.5000,7.5000,7.5000,7.5000,7.5000
4.0103,7.5000,7.5000,7.5000,7.5000,7.5000,7.5000,7.5000,7.5000,7.5000,7.5000,7.5000,7.5000,7.5000,7.5000,7.5000,7.5000
4.0204,7.5000,7.5000,7.5000,7.5000,7.5000,7.5000,7.5000,7.5000,7.5000,7.5000,7.5000,7.5000,7.5000,7.5000,7.5000,7.5000
4.0304,7.5000,7.5000,7.5000,7.5000,7.5000,7.5000,7.5000,7.5000,7.5000,7.5000,7.5000,7.5000,7.5000,7.5000,7.5000,7.5000
4.0405,7.5000,7.5000,7.5000,7.5000,7.5000,7.5000,7.5000,7.5000,7.5000,7.5000,7.5000,7.5000,7.5000,7.5000,7.5000,7.5000
4.0505,7.5000,7.5000,7.5000,7.5000,7.5000,7.5000,7.5000,7.5000,7.5000,7.5000,7.5000,7.5000,7.5000,7.5000,7.5000,7.5000
4.0606,7.5000,7.5000,7.5000,7.5000,7.5000,7.5000,7.5000,7.5000,7.5000,7.5000,7.5000,7.5000,7.5000,7.5000,7.5000,7.5000
4.0707,7.5000,7.5000,7.5000,7.5000,7.5000,7.5000,7.5000,7.5000,7.5000,7.5000,7.5000,7.5000,7.5000,7.5000,7.5000,7.5000
4.0807,7.5000,7.5000,7.5000,7.5000,7.5000,7.5000,7.5000,7.5000,7.5000,7.5000,7.5000,7.5000,7.5000,7.5000,7.5000,7.5000
4.0908,7.5000,7.5000,7.5000,7.5000,7.5000,7.5000,7.5000,7.5000,7.5000,7.5000,7.5000,7.5000,7.5000,7.5000,7.5000,7.5000
4.1008,7.5000,7.5000,7.5000,7.5000,7.5000,7.5000,7.5000,7.5000,7.5000,7.5000,7.5000,7.5000,7.5000,7.5000,7.5000,7.5000
4.1109,7.5000,7.5000,7.5000,7.5000,7.5000,7.5000,7.5000,7.5000,7.5000,7.5000,7.5000,7.5000,7.5000,7.5000,7.5000,7.5000
4.1210,7.5000,7.5000,7.5000,7.5000,7.5000,7.5000,7.5000,7.5000,7.5000,7.5000,7.5000,7.5000,7.5000,7.5000,7.5000,7.5000
4.1310,7.5000,7.5000,7.5000,7.5000,7.5000,7.5000,7.5000,7.5000,7.5000,7.5000,7.5000,7.5000,7.5000,7.5000,7.5000,7.5000
4.1411,7.5000,7.5000,7.5000,7.5000,7.5000,7.5000,7.5000,7.5000,7.5000,7.5000,7.5000,7.5000,7.5000,7.5000,7.5000,7.5000
4.1512,7.5000,7.5000,7.5000,7.5000,7.5000,7.5000,7.5000,7.5000,7.5000,7.5000,7.5000,7.5000,7.5000,7.5000,7.5000,7.5000
4.1612,7.5000,7.5000,7.5000,7.5000,7.5000,7.5000,7.5000,7.5000,7.5000,7.5000,7.5000,7.5000,7.5000,7.5000,7.5000,7.5000
4.1713,7.5000,7.5000,7.5000,7.5000,7.5000,7.5000,7.5000,7.5000,7.5000,7.5000,7.5000,7.5000,7.5000,7.5000,7.5000,7.5000
4.1813,7.5000,7.5000,7.5000,7.5000,7.5000,7.5000,7.5000,7.5000,7.5000,7.5000,7.5000,7.5000,7.5000,7.5000,7.5000,7.5000
4.1914,7.5000,7.5000,7.5000,7.5000,7.5000,7.5000,7.5000,7.5000,7.5000,7.5000,7.5000,7.5000,7.5000,7.5000,7.5000,7.5000
4.2015,7.5000,7.5000,7.5000,7.5000,7.5000,7.5000,7.5000,7.5000,7.5000,7.5000,7.5000,7.5000,7.5000,7.5000,7.5000,7.5000
4.2115,7.5000,7.5000,7.5000,7.5000,7.5000,7.5000,7.5000,7.5000,7.5000,7.5000,7.5000,7.5000,7.5000,7.5000,7.5000,7.5000
4.2216,7.5000,7.5000,7.5000,7.5000,7.5000,7.5000,7.5000,7.5000,7.5000,7.5000,7.5000,7.5000,7.5000,7.5000,7.5000,7.5000
4.2316,7.5000,7.5000,7.5000,7.5000,7.5000,7.5000,7.5000,7.5000,7.5000,7.5000,7.5000,7.5000,7.5000,7.5000,7.5000,7.5000
4.2417,7.5000,7.5000,7.5000,7.5000,7.5000,7.5000,7.5000,7.5000,7.5000,7.5000,7.5000,7.5000,7.5000,7.5000,7.5000,7.5000
4.2518,7.5000,7.5000,7.5000,7.5000,7.5000,7.5000,7.5000,7.5000,7.5000,7.5000,7.5000,7.5000,7.5000,7.5000,7.5000,7.5000
4.2618,7.5000,7.5000,7.5000,7.5000,7.5000,7.5000,7.5000,7.5000,7.5000,7.5000,7.5000,7.5000,7.5000,7.5000,7.5000,7.5000
4.2719,7.5000,7.5000,7.5000,7.5000,7.5000,7.5000,7.5000,7.5000,7.5000,7.5000,7.5000,7.5000,7.5000,7.5000,7.5000,7.5000
4.2819,7.5000,7.5000,7.5000,7.5000,7.5000,7.5000,7.5000,7.5000,7.5000,7.5000,7.5000,7.5000,7.5000,7.5000,7.5000,7.5000
4.2920,7.5000,7.5000,7.5000,7.5000,7.5000,7.5000,7.5000,7.5000,7.5000,7.5000,7.5000,7.5000,7.5000,7.5000,7.5000,7.5000
4.3021,7.5000,7.5000,7.5000,7.5000,7.5000,7.5000,7.5000,7.5000,7.5000,7.5000,7.5000,7.5000,7.5000,7.5000,7.5000,7.5000
4.3121,7.5000,7.5000,7.5000,7.5000,7.5000,7.5000,7.5000,7.5000,7.5000,7.5000,7.5000,7.5000,7.5000,7.5000,7.5000,7.5000
4.3222,7.5000,7.5000,7.5000,7.5000,7.5000,7.5000,7.5000,7.5000,7.5000,7.5000,7.5000,7.5000,7.5000,7.5000,7.5000,7.5000
4.3323,7.5000,7.5000,7.5000,7.5000,7.5000,7.5000,7.5000,7.5000,7.5000,7.5000,7.5000,7.5000,7.5000,7.5000,7.5000,7.5000
4.3423,7.5000,7.5000,7.5000,7.5000,7.5000,7.5000,7.5000,7.5000,7.5000,7.5000,7.5000,7.5000,7.5000,7.5000,7.5000,7.5000
4.3524,7.5000,7.5000,7.5000,7.5000,7.5000,7.5000,7.5000,7.5000,7.5000,7.5000,7.5000,7.5000,7.5000,7.5000,7.5000,7.5000
4.3625,7.5000,7.5000,7.5000,7.5000,7.5000,7.5000,7.5000,7.5000,7.5000,7.5000,7.5000,7.5000,7.5000,7.5000,7.5000,7.5000
4.3725,7.5000,7.5000,7.5000,7.5000,7.5000,7.5000,7.5000,7.5000,7.5000,7.5000,7.5000,7.5000,7.5000,7.5000,7.5000,7.5000
4.3826,7.5000,7.5000,7.5000,7.5000,7.5000,7.5000,7.5000,7.5000,7.5000,7.5000,7.5000,7.5000,7.5000,7.5000,7.5000,7.5000
4.3926,7.5000,7.5000,7.5000,7.5000,7.5000,7.5000,7.5000,7.5000,7.5000,7.5000,7.5000,7.5000,7.5000,7.5000,7.5000,7.5000
4.4027,7.5000,7.5000,7.5000,7.5000,7.5000,7.5000,7.5000,7.5000,7.5000,7.5000,7.5000,7.5000,7.5000,7.5000,7.5000,7.5000
4.4128,7.5000,7.5000,7.5000,7.5000,7.5000,7.5000,7.5000,7.5000,7.5000,7.5000,7.5000,7.5000,7.5000,7.5000,7.5000,7.5000
4.4228,7.5000,7.5000,7.5000,7.5000,7.5000,7.5000,7.5000,7.5000,7.5000,7.5000,7.5000,7.5000,7.5000,7.5000,7.5000,7.5000
4.4329,7.5000,7.5000,7.5000,7.5000,7.5000,7.5000,7.5000,7.5000,7.5000,7.5000,7.5000,7.5000,7.5000,7.5000,7.5000,7.5000
4.4429,7.5000,7.5000,7.5000,7.5000,7.5000,7.5000,7.5000,7.5000,7.5000,7.5000,7.5000,7.5000,7.5000,7.5000,7.5000,7.5000
4.4530,7.5000,7.5000,7.5000,7.5000,7.5000,7.5000,7.5000,7.5000,7.5000,7.5000,7.5000,7.5000,7.5000,7.5000,7.5000,7.5000
4.4631,7.5000,7.5000,7.5000,7.5000,7.5000,7.5000,7.5000,7.5000,7.5000,7.5000,7.5000,7.5000,7.5000,7.5000,7.5000,7.5000
4.4731,7.5000,7.5000,7.5000,7.5000,7.5000,7.5000,7.5000,7.5000,7.5000,7.5000,7.5000,7.5000,7.5000,7.5000,7.5000,7.5000
4.4832,7.5000,7.5000,7.5000,7.5000,7.5000,7.5000,7.5000,7.5000,7.5000,7.5000,7.5000,7.5000,7.5000,7.5000,7.5000,7.5000
4.4933,7.5000,7.5000,7.5000,7.5000,7.5000,7.5000,7.5000,7.5000,7.5000,7.5000,7.5000,7.5000,7.5000,7.5000,7.5000,7.5000
4.5033,7.5000,7.5000,7.5000,7.5000,7.5000,7.5000,7.5000,7.5000,7.5000,7.5000,7.5000,7.5000,7.5000,7.5000,7.5000,7.5000
4.5134,7.5000,7.5000,7.5000,7.5000,7.5000,7.5000,7.5000,7.5000,7.5000,7.5000,7.5000,7.5000,7.5000,7.5000,7.5000,7.5000
4.5234,7.5000,7.5000,7.5000,7.5000,7.5000,7.5000,7.5000,7.5000,7.5000,7.5000,7.5000,7.5000,7.5000,7.5000,7.5000,7.5000
4.5335,7.5000,7.5000,7.5000,7.5000,7.5000,7.5000,7.5000,7.5000,7.5000,7.5000,7.5000,7.5000,7.5000,7.5000,7.5000,7.5000
4.5436,7.5000,7.5000,7.5000,7.5000,7.5000,7.5000,7.5000,7.5000,7.5000,7.5000,7.5000,7.5000,7.5000,7.5000,7.5000,7.5000
4.5536,7.5000,7.5000,7.5000,7.5000,7.5000,7.5000,7.5000,7.5000,7.5000,7.5000,7.5000,7.5000,7.5000,7.5000,7.5000,7.5000
4.5637,7.5000,7.5000,7.5000,7.5000,7.5000,7.5000,7.5000,7.5000,7.5000,7.5000,7.5000,7.5000,7.5000,7.5000,7.5000,7.5000
4.5738,7.5000,7.5000,7.5000,7.5000,7.5000,7.5000,7.5000,7.5000,7.5000,7.5000,7.5000,7.5000,7.5000,7.5000,7.5000,7.5000
4.5838,7.5000,7.5000,7.5000,7.5000,7.5000,7.5000,7.5000,7.5000,7.5000,7.5000,7.5000,7.5000,7.5000,7.5000,7.5000,7.5000
4.5939,7.5000,7.5000,7.5000,7.5000,7.5000,7.5000,7.5000,7.5000,7.5000,7.5000,7.5000,7.5000,7.5000,7.5000,7.5000,7.5000
4.6039,7.5000,7.5000,7.5000,7.5000,7.5000,7.5000,7.5000,7.5000,7.5000,7.5000,7.5000,7.5000,7.5000,7.5000,7.5000,7.5000
4.6140,7.5000,7.5000,7.5000,7.5000,7.5000,7.5000,7.5000,7.5000,7.5000,7.5000,7.5000,7.5000,7.5000,7.5000,7.5000,7.5000
4.6241,7.5000,7.5000,7.5000,7.5000,7.5000,7.5000,7.5000,7.5000,7.5000,7.5000,7.5000,7.5000,7.5000,7.5000,7.5000,7.5000
4.6341,7.5000,7.5000,7.5000,7.5000,7.5000,7.5000,7.5000,7.5000,7.5000,7.5000,7.5000,7.5000,7.5000,7.5000,7.5000,7.5000
4.6442,7.5000,7.5000,7.5000,7.5000,7.5000,7.5000,7.5000,7.5000,7.5000,7.5000,7.5000,7.5000,7.5000,7.5000,7.5000,7.5000
4.6542,7.5000,7.5000,7.5000,7.5000,7.5000,7.5000,7.5000,7.5000,7.5000,7.5000,7.5000,7.5000,7.5000,7.5000,7.5000,7.5000
4.6643,7.5000,7.5000,7.5000,7.5000,7.5000,7.5000,7.5000,7.5000,7.5000,7.5000,7.5000,7.5000,7.5000,7.5000,7.5000,7.5000
4.6744,7.5000,7.5000,7.5000,7.5000,7.5000,7.5000,7.5000,7.5000,7.5000,7.5000,7.5000,7.5000,7.5000,7.5000,7.5000,7.5000
4.6845,7.5000,7.5000,7.5000,7.5000,7.5000,7.5000,7.5000,7.5000,7.5000,7.5000,7.5000,7.5000,7.5000,7.5000,7.5000,7.5000
4.6945,7.5000,7.5000,7.5000,7.5000,7.5000,7.5000,7.5000,7.5000,7.5000,7.5000,7.5000,7.5000,7.5000,7.5000,7.5000,7.5000
4.7046,7.5000,7.5000,7.5000,7.5000,7.5000,7.5000,7.5000,7.5000,7.5000,7.5000,7.5000,7.5000,7.5000,7.5000,7.5000,7.5000
4.7146,7.5000,7.5000,7.5000,7.5000,7.5000,7.5000,7.5000,7.5000,7.5000,7.5000,7.5000,7.5000,7.5000,7.5000,7.5000,7.5000
4.7247,7.5000,7.5000,7.5000,7.5000,7.5000,7.5000,7.5000,7.5000,7.5000,7.5000,7.5000,7.5000,7.5000,7.5000,7.5000,7.5000
4.7348,7.5000,7.5000,7.5000,7.5000,7.5000,7.5000,7.5000,7.5000,7.5000,7.5000,7.5000,7.5000,7.5000,7.5000,7.5000,7.5000
4.7448,7.5000,7.5000,7.5000,7.5000,7.5000,7.5000,7.5000,7.5000,7.5000,7.5000,7.5000,7.5000,7.5000,7.5000,7.5000,7.5000
4.7549,7.5000,7.5000,7.5000,7.5000,7.5000,7.5000,7.5000,7.5000,7.5000,7.5000,7.5000,7.5000,7.5000,7.5000,7.5000,7.5000
4.7650,7.5000,7.5000,7.5000,7.5000,7.5000,7.5000,7.5000,7.5000,7.5000,7.5000,7.5000,7.5000,7.5000,7.5000,7.5000,7.5000
4.7750,7.5000,7.5000,7.5000,7.5000,7.5000,7.5000,7.5000,7.5000,7.5000,7.5000,7.5000,7.5000,7.5000,7.5000,7.5000,7.5000
4.7851,7.5000,7.5000,7.5000,7.5000,7.5000,7.5000,7.5000,7.5000,7.5000,7.5000,7.5000,7.5000,7.5000,7.5000,7.5000,7.5000
4.7952,7.5000,7.5000,7.5000,7.5000,7.5000,7.5000,7.5000,7.5000,7.5000,7.5000,7.5000,7.5000,7.5000,7.5000,7.5000,7.5000
4.8052,7.5000,7.5000,7.5000,7.5000,7.5000,7.5000,7.5000,7.5000,7.5000,7.5000,7.5000,7.5000,7.5000,7.5000,7.5000,7.5000
4.8153,7.5000,7.5000,7.5000,7.5000,7.5000,7.5000,7.5000,7.5000,7.5000,7.5000,7.5000,7.5000,7.5000,7.5000,7.5000,7.5000
4.8253,7.5000,7.5000,7.5000,7.5000,7.5000,7.5000,7.5000,7.5000,7.5000,7.5000,7.5000,7.5000,7.5000,7.5000,7.5000,7.5000
4.8354,7.5000,7.5000,7.5000,7.5000,7.5000,7.5000,7.5000,7.5000,7.5000,7.5000,7.5000,7.5000,7.5000,7.5000,7.5000,7.5000
4.8455,7.5000,7.5000,7.5000,7.5000,7.5000,7.5000,7.5000,7.5000,7.5000,7.5000,7.5000,7.5000,7.5000,7.5000,7.5000,7.5000
4.8555,7.5000,7.5000,7.5000,7.5000,7.5000,7.5000,7.5000,7.5000,7.5000,7.5000,7.5000,7.5000,7.5000,7.5000,7.5000,7.5000
4.8656,7.5000,7.5000,7.5000,7.5000,7.5000,7.5000,7.5000,7.5000,7.5000,7.5000,7.5000,7.5000,7.5000,7.5000,7.5000,7.5000
4.8757,7.5000,7.5000,7.5000,7.5000,7.5000,7.5000,7.5000,7.5000,7.5000,7.5000,7.5000,7.5000,7.5000,7.5000,7.5000,7.5000
4.8857,7.5000,7.5000,7.5000,7.5000,7.5000,7.5000,7.5000,7.5000,7.5000,7.5000,7.5000,7.5000,7.5000,7.5000,7.5000,7.5000
4.8958,7.5000,7.5000,7.5000,7.5000,7.5000,7.5000,7.5000,7.5000,7.5000,7.5000,7.5000,7.5000,7.5000,7.5000,7.5000,7.5000
4.9058,7.5000,7.5000,7.5000,7.5000,7.5000,7.5000,7.5000,7.5000,7.5000,7.5000,7.5000,7.5000,7.5000,7.5000,7.5000,7.5000
4.9159,7.5000,7.5000,7.5000,7.5000,7.5000,7.5000,7.5000,7.5000,7.5000,7.5000,7.5000,7.5000,7.5000,7.5000,7.5000,7.5000
4.9260,7.5000,7.5000,7.5000,7.5000,7.5000,7.5000,7.5000,7.5000,7.5000,7.5000,7.5000,7.5000,7.5000,7.5000,7.5000,7.5000
4.9360,7.5000,7.5000,7.5000,7.5000,7.5000,7.5000,7.5000,7.5000,7.5000,7.5000,7.5000,7.5000,7.5000,7.5000,7.5000,7.5000
4.9461,7.5000,7.5000,7.5000,7.5000,7.5000,7.5000,7.5000,7.5000,7.5000,7.5000,7.5000,7.5000,7.5000,7.5000,7.5000,7.5000
4.9561,7.5000,7.5000,7.5000,7.5000,7.5000,7.5000,7.5000,7.5000,7.5000,7.5000,7.5000,7.5000,7.5000,7.5000,7.5000,7.5000
4.9662,7.5000,7.5000,7.5000,7.5000,7.5000,7.5000,7.5000,7.5000,7.5000,7.5000,7.5000,7.5000,7.5000,7.5000,7.5000,7.5000
4.9763,7.5000,7.5000,7.5000,7.5000,7.5000,7.5000,7.5000,7.5000,7.5000,7.5000,7.5000,7.5000,7.5000,7.5000,7.5000,7.5000
4.9863,7.5000,7.5000,7.5000,7.5000,7.5000,7.5000,7.5000,7.5000,7.5000,7.5000,7.5000,7.5000,7.5000,7.5000,7.5000,7.5000
4.9964,7.5000,7.5000,7.5000,7.5000,7.5000,7.5000,7.5000,7.5000,7.5000,7.5000,7.5000,7.5000,7.5000,7.5000,7.5000,7.5000
5.0065,7.5000,7.5000,7.5000,7.5000,7.5000,7.5000,7.5000,7.5000,7.5000,7.5000,7.5000,7.5000,7.5000,7.5000,7.5000,7.5000
5.0165,7.5000,7.5000,7.5000,7.5000,7.5000,7.5000,7.5000,7.5000,7.5000,7.5000,7.5000,7.5000,7.5000,7.5000,7.5000,7.5000
5.0266,7.5000,7.5000,7.5000,7.5000,7.5000,7.5000,7.5000,7.5000,7.5000,7.5000,7.5000,7.5000,7.5000,7.5000,7.5000,7.5000
5.0366,7.5000,7.5000,7.5000,7.5000,7.5000,7.5000,7.5000,7.5000,7.5000,7.5000,7.5000,7.5000,7.5000,7.5000,7.5000,7.5000
5.0467,7.5000,7.5000,7.5000,7.5000,7.5000,7.5000,7.5000,7.5000,7.5000,7.5000,7.5000,7.5000,7.5000,7.5000,7.5000,7.5000
5.0568,7.5000,7.5000,7.5000,7.5000,7.5000,7.5000,7.5000,7.5000,7.5000,7.5000,7.5000,7.5000,7.5000,7.5000,7.5000,7.5000
5.0668,7.5000,7.5000,7.5000,7.5000,7.5000,7.5000,7.5000,7.5000,7.5000,7.5000,7.5000,7.5000,7.5000,7.5000,7.5000,7.5000
5.0769,7.5000,7.5000,7.5000,7.5000,7.5000,7.5000,7.5000,7.5000,7.5000,7.5000,7.5000,7.5000,7.5000,7.5000,7.5000,7.5000
5.0870,7.5000,7.5000,7.5000,7.5000,7.5000,7.5000,7.5000,7.5000,7.5000,7.5000,7.5000,7.5000,7.5000,7.5000,7.5000,7.5000
5.0970,7.5000,7.5000,7.5000,7.5000,7.5000,7.5000,7.5000,7.5000,7.5000,7.5000,7.5000,7.5000,7.5000,7.5000,7.5000,7.5000
5.1071,7.5000,7.5000,7.5000,7.5000,7.5000,7.5000,7.5000,7.5000,7.5000,7.5000,7.5000,7.5000,7.5000,7.5000,7.5000,7.5000
5.1172,7.5000,7.5000,7.5000,7.5000,7.5000,7.5000,7.5000,7.5000,7.5000,7.5000,7.5000,7.5000,7.5000,7.5000,7.5000,7.5000
5.1272,7.5000,7.5000,7.5000,7.5000,7.5000,7.5000,7.5000,7.5000,7.5000,7.5000,7.5000,7.5000,7.5000,7.5000,7.5000,7.5000
5.1373,7.5000,7.5000,7.5000,7.5000,7.5000,7.5000,7.5000,7.5000,7.5000,7.5000,7.5000,7.5000,7.5000,7.5000,7.5000,7.5000
5.1473,7.5000,7.5000,7.5000,7.5000,7.5000,7.5000,7.5000,7.5000,7.5000,7.5000,7.5000,7.5000,7.5000,7.5000,7.5000,7.5000
5.1574,7.5000,7.5000,7.5000,7.5000,7.5000,7.5000,7.5000,7.5000,7.5000,7.5000,7.5000,7.5000,7.5000,7.5000,7.5000,7.5000
5.1675,7.5000,7.5000,7.5000,7.5000,7.5000,7.5000,7.5000,7.5000,7.5000,7.5000,7.5000,7.5000,7.5000,7.5000,7.5000,7.5000
5.1775,7.5000,7.5000,7.5000,7.5000,7.5000,7.5000,7.5000,7.5000,7.5000,7.5000,7.5000,7.5000,7.5000,7.5000,7.5000,7.5000
5.1876,7.5000,7.5000,7.5000,7.5000,7.5000,7.5000,7.5000,7.5000,7.5000,7.5000,7.5000,7.5000,7.5000,7.5000,7.5000,7.5000
5.1977,7.5000,7.5000,7.5000,7.5000,7.5000,7.5000,7.5000,7.5000,7.5000,7.5000,7.5000,7.5000,7.5000,7.5000,7.5000,7.5000
5.2077,7.5000,7.5000,7.5000,7.5000,7.5000,7.5000,7.5000,7.5000,7.5000,7.5000,7.5000,7.5000,7.5000,7.5000,7.5000,7.5000
5.2178,7.5000,7.5000,7.5000,7.5000,7.5000,7.5000,7.5000,7.5000,7.5000,7.5000,7.5000,7.5000,7.5000,7.5000,7.5000,7.5000
5.2278,7.5000,7.5000,7.5000,7.5000,7.5000,7.5000,7.5000,7.5000,7.5000,7.5000,7.5000,7.5000,7.5000,7.5000,7.5000,7.5000
5.2379,7.5000,7.5000,7.5000,7.5000,7.5000,7.5000,7.5000,7.5000,7.5000,7.5000,7.5000,7.5000,7.5000,7.5000,7.5000,7.5000
5.2480,7.5000,7.5000,7.5000,7.5000,7.5000,7.5000,7.5000,7.5000,7.5000,7.5000,7.5000,7.5000,7.5000,7.5000,7.5000,7.5000
5.2580,7.5000,7.5000,7.5000,7.5000,7.5000,7.5000,7.5000,7.5000,7.5000,7.5000,7.5000,7.5000,7.5000,7.5000,7.5000,7.5000
5.2681,7.5000,7.5000,7.5000,7.5000,7.5000,7.5000,7.5000,7.5000,7.5000,7.5000,7.5000,7.5000,7.5000,7.5000,7.5000,7.5000
5.2781,7.5000,7.5000,7.5000,7.5000,7.5000,7.5000,7.5000,7.5000,7.5000,7.5000,7.5000,7.5000,7.5000,7.5000,7.5000,7.5000
5.2882,7.5000,7.5000,7.5000,7.5000,7.5000,7.5000,7.5000,7.5000,7.5000,7.5000,7.5000,7.5000,7.5000,7.5000,7.5000,7.5000
5.2983,7.5000,7.5000,7.5000,7.5000,7.5000,7.5000,7.5000,7.5000,7.5000,7.5000,7.5000,7.5000,7.5000,7.5000,7.5000,7.5000
5.3083,7.5000,7.5000,7.5000,7.5000,7.5000,7.5000,7.5000,7.5000,7.5000,7.5000,7.5000,7.5000,7.5000,7.5000,7.5000,7.5000
5.3184,7.5000,7.5000,7.5000,7.5000,7.5000,7.5000,7.5000,7.5000,7.5000,7.5000,7.5000,7.5000,7.5000,7.5000,7.5000,7.5000
5.3285,7.5000,7.5000,7.5000,7.5000,7.5000,7.5000,7.5000,7.5000,7.5000,7.5000,7.5000,7.5000,7.5000,7.5000,7.5000,7.5000
5.3385,7.5000,7.5000,7.5000,7.5000,7.5000,7.5000,7.5000,7.5000,7.5000,7.5000,7.5000,7.5000,7.5000,7.5000,7.5000,7.5000
5.3486,7.5000,7.5000,7.5000,7.5000,7.5000,7.5000,7.5000,7.5000,7.5000,7.5000,7.5000,7.5000,7.5000,7.5000,7.5000,7.5000
5.3586,7.5000,7.5000,7.5000,7.5000,7.5000,7.5000,7.5000,7.5000,7.5000,7.5000,7.5000,7.5000,7.5000,7.5000,7.5000,7.5000
5.3687,7.5000,7.5000,7.5000,7.5000,7.5000,7.5000,7.5000,7.5000,7.5000,7.5000,7.5000,7.5000,7.5000,7.5000,7.5000,7.5000
5.3788,7.5000,7.5000,7.5000,7.5000,7.5000,7.5000,7.5000,7.5000,7.5000,7.5000,7.5000,7.5000,7.5000,7.5000,7.5000,7.5000
5.3888,7.5000,7.5000,7.5000,7.5000,7.5000,7.5000,7.5000,7.5000,7.5000,7.5000,7.5000,7.5000,7.5000,7.5000,7.5000,7.5000
5.3989,7.5000,7.5000,7.5000,7.5000,7.5000,7.5000,7.5000,7.5000,7.5000,7.5000,7.5000,7.5000,7.5000,7.5000,7.5000,7.5000
5.4090,7.5000,7.5000,7.5000,7.5000,7.5000,7.5000,7.5000,7.5000,7.5000,7.5000,7.5000,7.5000,7.5000,7.5000,7.5000,7.5000
5.4190,7.5000,7.5000,7.5000,7.5000,7.5000,7.5000,7.5000,7.5000,7.5000,7.5000,7.5000,7.5000,7.5000,7.5000,7.5000,7.5000
5.4291,7.5000,7.5000,7.5000,7.5000,7.5000,7.5000,7.5000,7.5000,7.5000,7.5000,7.5000,7.5000,7.5000,7.5000,7.5000,7.5000
5.4392,7.5000,7.5000,7.5000,7.5000,7.5000,7.5000,7.5000,7.5000,7.5000,7.5000,7.5000,7.5000,7.5000,7.5000,7.5000,7.5000
5.4492,7.5000,7.5000,7.5000,7.5000,7.5000,7.5000,7.5000,7.5000,7.5000,7.5000,7.5000,7.5000,7.5000,7.5000,7.5000,7.5000
5.4593,7.5000,7.5000,7.5000,7.5000,7.5000,7.5000,7.5000,7.5000,7.5000,7.5000,7.5000,7.5000,7.5000,7.5000,7.5000,7.5000
5.4693,7.5000,7.5000,7.5000,7.5000,7.5000,7.5000,7.5000,7.5000,7.5000,7.5000,7.5000,7.5000,7.5000,7.5000,7.5000,7.5000
5.4794,7.5000,7.5000,7.5000,7.5000,7.5000,7.5000,7.5000,7.5000,7.5000,7.5000,7.5000,7.5000,7.5000,7.5000,7.5000,7.5000
5.4894,7.5000,7.5000,7.5000,7.5000,7.5000,7.5000,7.5000,7.5000,7.5000,7.5000,7.5000,7.5000,7.5000,7.5000,7.5000,7.5000
5.4995,7.5000,7.5000,7.5000,7.5000,7.5000,7.5000,7.5000,7.5000,7.5000,7.5000,7.5000,7.5000,7.5000,7.5000,7.5000,7.5000
5.5096,7.5000,7.5000,7.5000,7.5000,7.5000,7.5000,7.5000,7.5000,7.5000,7.5000,7.5000,7.5000,7.5000,7.5000,7.5000,7.5000
5.5196,7.5000,7.5000,7.5000,7.5000,7.5000,7.5000,7.5000,7.5000,7.5000,7.5000,7.5000,7.5000,7.5000,7.5000,7.5000,7.5000
5.5297,7.5000,7.5000,7.5000,7.5000,7.5000,7.5000,7.5000,7.5000,7.5000,7.5000,7.5000,7.5000,7.5000,7.5000,7.5000,7.5000
5.5397,7.5000,7.5000,7.5000,7.5000,7.5000,7.5000,7.5000,7.5000,7.5000,7.5000,7.5000,7.5000,7.5000,7.5000,7.5000,7.5000
5.5498,7.5000,7.5000,7.5000,7.5000,7.5000,7.5000,7.5000,7.5000,7.5000,7.5000,7.5000,7.5000,7.5000,7.5000,7.5000,7.5000
5.5599,7.5000,7.5000,7.5000,7.5000,7.5000,7.5000,7.5000,7.5000,7.5000,7.5000,7.5000,7.5000,7.5000,7.5000,7.5000,7.5000
5.5699,7.5000,7.5000,7.5000,7.5000,7.5000,7.5000,7.5000,7.5000,7.5000,7.5000,7.5000,7.5000,7.5000,7.5000,7.5000,7.5000
5.5800,7.5000,7.5000,7.5000,7.5000,7.5000,7.5000,7.5000,7.5000,7.5000,7.5000,7.5000,7.5000,7.5000,7.5000,7.5000,7.5000
5.5901,7.5000,7.5000,7.5000,7.5000,7.5000,7.5000,7.5000,7.5000,7.5000,7.5000,7.5000,7.5000,7.5000,7.5000,7.5000,7.5000
5.6001,7.5000,7.5000,7.5000,7.5000,7.5000,7.5000,7.5000,7.5000,7.5000,7.5000,7.5000,7.5000,7.5000,7.5000,7.5000,7.5000
5.6102,7.5000,7.5000,7.5000,7.5000,7.5000,7.5000,7.5000,7.5000,7.5000,7.5000,7.5000,7.5000,7.5000,7.5000,7.5000,7.5000
5.6202,7.5000,7.5000,7.5000,7.5000,7.5000,7.5000,7.5000,7.5000,7.5000,7.5000,7.5000,7.5000,7.5000,7.5000,7.5000,7.5000
5.6303,7.5000,7.5000,7.5000,7.5000,7.5000,7.5000,7.5000,7.5000,7.5000,7.5000,7.5000,7.5000,7.5000,7.5000,7.5000,7.5000
5.6404,7.5000,7.5000,7.5000,7.5000,7.5000,7.5000,7.5000,7.5000,7.5000,7.5000,7.5000,7.5000,7.5000,7.5000,7.5000,7.5000
5.6504,7.5000,7.5000,7.5000,7.5000,7.5000,7.5000,7.5000,7.5000,7.5000,7.5000,7.5000,7.5000,7.5000,7.5000,7.5000,7.5000
5.6605,7.5000,7.5000,7.5000,7.5000,7.5000,7.5000,7.5000,7.5000,7.5000,7.5000,7.5000,7.5000,7.5000,7.5000,7.5000,7.5000
5.6706,7.5000,7.5000,7.5000,7.5000,7.5000,7.5000,7.5000,7.5000,7.5000,7.5000,7.5000,7.5000,7.5000,7.5000,7.5000,7.5000
5.6806,7.5000,7.5000,7.5000,7.5000,7.5000,7.5000,7.5000,7.5000,7.5000,7.5000,7.5000,7.5000,7.5000,7.5000,7.5000,7.5000
5.6907,7.5000,7.5000,7.5000,7.5000,7.5000,7.5000,7.5000,7.5000,7.5000,7.5000,7.5000,7.5000,7.5000,7.5000,7.5000,7.5000
5.7007,7.5000,7.5000,7.5000,7.5000,7.5000,7.5000,7.5000,7.5000,7.5000,7.5000,7.5000,7.5000,7.5000,7.5000,7.5000,7.5000
5.7108,7.5000,7.5000,7.5000,7.5000,7.5000,7.5000,7.5000,7.5000,7.5000,7.5000,7.5000,7.5000,7.5000,7.5000,7.5000,7.5000
5.7209,7.5000,7.5000,7.5000,7.5000,7.5000,7.5000,7.5000,7.5000,7.5000,7.5000,7.5000,7.5000,7.5000,7.5000,7.5000,7.5000
5.7309,7.5000,7.5000,7.5000,7.5000,7.5000,7.5000,7.5000,7.5000,7.5000,7.5000,7.5000,7.5000,7.5000,7.5000,7.5000,7.5000
5.7410,7.5000,7.5000,7.5000,7.5000,7.5000,7.5000,7.5000,7.5000,7.5000,7.5000,7.5000,7.5000,7.5000,7.5000,7.5000,7.5000
5.7510,7.5000,7.5000,7.5000,7.5000,7.5000,7.5000,7.5000,7.5000,7.5000,7.5000,7.5000,7.5000,7.5000,7.5000,7.5000,7.5000
5.7611,7.5000,7.5000,7.5000,7.5000,7.5000,7.5000,7.5000,7.5000,7.5000,7.5000,7.5000,7.5000,7.5000,7.5000,7.5000,7.5000
5.7712,7.5000,7.5000,7.5000,7.5000,7.5000,7.5000,7.5000,7.5000,7.5000,7.5000,7.5000,7.5000,7.5000,7.5000,7.5000,7.5000
5.7812,7.5000,7.5000,7.5000,7.5000,7.5000,7.5000,7.5000,7.5000,7.5000,7.5000,7.5000,7.5000,7.5000,7.5000,7.5000,7.5000
5.7913,7.5000,7.5000,7.5000,7.5000,7.5000,7.5000,7.5000,7.5000,7.5000,7.5000,7.5000,7.5000,7.5000,7.5000,7.5000,7.5000
5.8014,7.5000,7.5000,7.5000,7.5000,7.5000,7.5000,7.5000,7.5000,7.5000,7.5000,7.5000,7.5000,7.5000,7.5000,7.5000,7.5000
5.8114,7.5000,7.5000,7.5000,7.5000,7.5000,7.5000,7.5000,7.5000,7.5000,7.5000,7.5000,7.5000,7.5000,7.5000,7.5000,7.5000
5.8215,7.5000,7.5000,7.5000,7.5000,7.5000,7.5000,7.5000,7.5000,7.5000,7.5000,7.5000,7.5000,7.5000,7.5000,7.5000,7.5000
5.8315,7.5000,7.5000,7.5000,7.5000,7.5000,7.5000,7.5000,7.5000,7.5000,7.5000,7.5000,7.5000,7.5000,7.5000,7.5000,7.5000
5.8416,7.5000,7.5000,7.5000,7.5000,7.5000,7.5000,7.5000,7.5000,7.5000,7.5000,7.5000,7.5000,7.5000,7.5000,7.5000,7.5000
5.8517,7.5000,7.5000,7.5000,7.5000,7.5000,7.5000,7.5000,7.5000,7.5000,7.5000,7.5000,7.5000,7.5000,7.5000,7.5000,7.5000
5.8617,7.5000,7.5000,7.5000,7.5000,7.5000,7.5000,7.5000,7.5000,7.5000,7.5000,7.5000,7.5000,7.5000,7.5000,7.5000,7.5000
5.8718,7.5000,7.5000,7.5000,7.5000,7.5000,7.5000,7.5000,7.5000,7.5000,7.5000,7.5000,7.5000,7.5000,7.5000,7.5000,7.5000
5.8819,7.5000,7.5000,7.5000,7.5000,7.5000,7.5000,7.5000,7.5000,7.5000,7.5000,7.5000,7.5000,7.5000,7.5000,7.5000,7.5000
5.8919,7.5000,7.5000,7.5000,7.5000,7.5000,7.5000,7.5000,7.5000,7.5000,7.5000,7.5000,7.5000,7.5000,7.5000,7.5000,7.5000
5.9020,7.5000,7.5000,7.5000,7.5000,7.5000,7.5000,7.5000,7.5000,7.5000,7.5000,7.5000,7.5000,7.5000,7.5000,7.5000,7.5000
5.9121,7.5000,7.5000,7.5000,7.5000,7.5000,7.5000,7.5000,7.5000,7.5000,7.5000,7.5000,7.5000,7.5000,7.5000,7.5000,7.5000
5.9221,7.5000,7.5000,7.5000,7.5000,7.5000,7.5000,7.5000,7.5000,7.5000,7.5000,7.5000,7.5000,7.5000,7.5000,7.5000,7.5000
5.9322,7.5000,7.5000,7.5000,7.5000,7.5000,7.5000,7.5000,7.5000,7.5000,7.5000,7.5000,7.5000,7.5000,7.5000,7.5000,7.5000
5.9423,7.5000,7.5000,7.5000,7.5000,7.5000,7.5000,7.5000,7.5000,7.5000,7.5000,7.5000,7.5000,7.5000,7.5000,7.5000,7.5000
5.9524,7.5000,7.5000,7.5000,7.5000,7.5000,7.5000,7.5000,7.5000,7.5000,7.5000,7.5000,7.5000,7.5000,7.5000,7.5000,7.5000
5.9624,7.5000,7.5000,7.5000,7.5000,7.5000,7.5000,7.5000,7.5000,7.5000,7.5000,7.5000,7.5000,7.5000,7.5000,7.5000,7.5000
5.9725,7.5000,7.5000,7.5000,7.5000,7.5000,7.5000,7.5000,7.5000,7.5000,7.5000,7.5000,7.5000,7.5000,7.5000,7.5000,7.5000
5.9826,7.5000,7.5000,7.5000,7.5000,7.5000,7.5000,7.5000,7.5000,7.5000,7.5000,7.5000,7.5000,7.5000,7.5000,7.5000,7.5000
5.9926,7.5000,7.5000,7.5000,7.5000,7.5000,7.5000,7.5000,7.5000,7.5000,7.5000,7.5000,7.5000,7.5000,7.5000,7.5000,7.5000
6.0027,7.5000,7.5000,7.5000,7.5000,7.5000,7.5000,7.5000,7.5000,7.5000,7.5000,7.5000,7.5000,7.5000,7.5000,7.5000,7.5000
6.0128,7.5000,7.5000,7.5000,7.5000,7.5000,7.5000,7.5000,7.5000,7.5000,7.5000,7.5000,7.5000,7.5000,7.5000,7.5000,7.5000
6.0228,7.5000,7.5000,7.5000,7.5000,7.5000,7.5000,7.5000,7.5000,7.5000,7.5000,7.5000,7.5000,7.5000,7.5000,7.5000,7.5000
6.0329,7.5000,7.5000,7.5000,7.5000,7.5000,7.5000,7.5000,7.5000,7.5000,7.5000,7.5000,7.5000,7.5000,7.5000,7.5000,7.5000
6.0429,7.5000,7.5000,7.5000,7.5000,7.5000,7.5000,7.5000,7.5000,7.5000,7.5000,7.5000,7.5000,7.5000,7.5000,7.5000,7.5000
6.0530,7.5000,7.5000,7.5000,7.5000,7.5000,7.5000,7.5000,7.5000,7.5000,7.5000,7.5000,7.5000,7.5000,7.5000,7.5000,7.5000
6.0631,7.5000,7.5000,7.5000,7.5000,7.5000,7.5000,7.5000,7.5000,7.5000,7.5000,7.5000,7.5000,7.5000,7.5000,7.5000,7.5000
6.0731,7.5000,7.5000,7.5000,7.5000,7.5000,7.5000,7.5000,7.5000,7.5000,7.5000,7.5000,7.5000,7.5000,7.5000,7.5000,7.5000
6.0832,7.5000,7.5000,7.5000,7.5000,7.5000,7.5000,7.5000,7.5000,7.5000,7.5000,7.5000,7.5000,7.5000,7.5000,7.5000,7.5000
6.0932,7.5000,7.5000,7.5000,7.5000,7.5000,7.5000,7.5000,7.5000,7.5000,7.5000,7.5000,7.5000,7.5000,7.5000,7.5000,7.5000
6.1033,7.5000,7.5000,7.5000,7.5000,7.5000,7.5000,7.5000,7.5000,7.5000,7.5000,7.5000,7.5000,7.5000,7.5000,7.5000,7.5000
6.1134,7.5000,7.5000,7.5000,7.5000,7.5000,7.5000,7.5000,7.5000,7.5000,7.5000,7.5000,7.5000,7.5000,7.5000,7.5000,7.5000
6.1234,7.5000,7.5000,7.5000,7.5000,7.5000,7.5000,7.5000,7.5000,7.5000,7.5000,7.5000,7.5000,7.5000,7.5000,7.5000,7.5000
6.1335,7.5000,7.5000,7.5000,7.5000,7.5000,7.5000,7.5000,7.5000,7.5000,7.5000,7.5000,7.5000,7.5000,7.5000,7.5000,7.5000
6.1435,7.5000,7.5000,7.5000,7.5000,7.5000,7.5000,7.5000,7.5000,7.5000,7.5000,7.5000,7.5000,7.5000,7.5000,7.5000,7.5000
6.1536,7.5000,7.5000,7.5000,7.5000,7.5000,7.5000,7.5000,7.5000,7.5000,7.5000,7.5000,7.5000,7.5000,7.5000,7.5000,7.5000
6.1637,7.5000,7.5000,7.5000,7.5000,7.5000,7.5000,7.5000,7.5000,7.5000,7.5000,7.5000,7.5000,7.5000,7.5000,7.5000,7.5000
6.1737,7.5000,7.5000,7.5000,7.5000,7.5000,7.5000,7.5000,7.5000,7.5000,7.5000,7.5000,7.5000,7.5000,7.5000,7.5000,7.5000
6.1838,7.5000,7.5000,7.5000,7.5000,7.5000,7.5000,7.5000,7.5000,7.5000,7.5000,7.5000,7.5000,7.5000,7.5000,7.5000,7.5000
6.1938,7.5000,7.5000,7.5000,7.5000,7.5000,7.5000,7.5000,7.5000,7.5000,7.5000,7.5000,7.5000,7.5000,7.5000,7.5000,7.5000
6.2039,7.5000,7.5000,7.5000,7.5000,7.5000,7.5000,7.5000,7.5000,7.5000,7.5000,7.5000,7.5000,7.5000,7.5000,7.5000,7.5000
6.2140,7.5000,7.5000,7.5000,7.5000,7.5000,7.5000,7.5000,7.5000,7.5000,7.5000,7.5000,7.5000,7.5000,7.5000,7.5000,7.5000
6.2240,7.5000,7.5000,7.5000,7.5000,7.5000,7.5000,7.5000,7.5000,7.5000,7.5000,7.5000,7.5000,7.5000,7.5000,7.5000,7.5000
6.2341,7.5000,7.5000,7.5000,7.5000,7.5000,7.5000,7.5000,7.5000,7.5000,7.5000,7.5000,7.5000,7.5000,7.5000,7.5000,7.5000
6.2442,7.5000,7.5000,7.5000,7.5000,7.5000,7.5000,7.5000,7.5000,7.5000,7.5000,7.5000,7.5000,7.5000,7.5000,7.5000,7.5000
6.2542,7.5000,7.5000,7.5000,7.5000,7.5000,7.5000,7.5000,7.5000,7.5000,7.5000,7.5000,7.5000,7.5000,7.5000,7.5000,7.5000
6.2643,7.5000,7.5000,7.5000,7.5000,7.5000,7.5000,7.5000,7.5000,7.5000,7.5000,7.5000,7.5000,7.5000,7.5000,7.5000,7.5000
6.2743,7.5000,7.5000,7.5000,7.5000,7.5000,7.5000,7.5000,7.5000,7.5000,7.5000,7.5000,7.5000,7.5000,7.5000,7.5000,7.5000
6.2844,7.5000,7.5000,7.5000,7.5000,7.5000,7.5000,7.5000,7.5000,7.5000,7.5000,7.5000,7.5000,7.5000,7.5000,7.5000,7.5000
6.2945,7.5000,7.5000,7.5000,7.5000,7.5000,7.5000,7.5000,7.5000,7.5000,7.5000,7.5000,7.5000,7.5000,7.5000,7.5000,7.5000
6.3045,7.5000,7.5000,7.5000,7.5000,7.5000,7.5000,7.5000,7.5000,7.5000,7.5000,7.5000,7.5000,7.5000,7.5000,7.5000,7.5000
6.3146,7.5000,7.5000,7.5000,7.5000,7.5000,7.5000,7.5000,7.5000,7.5000,7.5000,7.5000,7.5000,7.5000,7.5000,7.5000,7.5000
6.3246,7.5000,7.5000,7.5000,7.5000,7.5000,7.5000,7.5000,7.5000,7.5000,7.5000,7.5000,7.5000,7.5000,7.5000,7.5000,7.5000
6.3347,7.5000,7.5000,7.5000,7.5000,7.5000,7.5000,7.5000,7.5000,7.5000,7.5000,7.5000,7.5000,7.5000,7.5000,7.5000,7.5000
6.3448,7.5000,7.5000,7.5000,7.5000,7.5000,7.5000,7.5000,7.5000,7.5000,7.5000,7.5000,7.5000,7.5000,7.5000,7.5000,7.5000
6.3548,7.5000,7.5000,7.5000,7.5000,7.5000,7.5000,7.5000,7.5000,7.5000,7.5000,7.5000,7.5000,7.5000,7.5000,7.5000,7.5000
6.3649,7.5000,7.5000,7.5000,7.5000,7.5000,7.5000,7.5000,7.5000,7.5000,7.5000,7.5000,7.5000,7.5000,7.5000,7.5000,7.5000
6.3750,7.5000,7.5000,7.5000,7.5000,7.5000,7.5000,7.5000,7.5000,7.5000,7.5000,7.5000,7.5000,7.5000,7.5000,7.5000,7.5000
6.3850,7.5000,7.5000,7.5000,7.5000,7.5000,7.5000,7.5000,7.5000,7.5000,7.5000,7.5000,7.5000,7.5000,7.5000,7.5000,7.5000
6.3951,7.5000,7.5000,7.5000,7.5000,7.5000,7.5000,7.5000,7.5000,7.5000,7.5000,7.5000,7.5000,7.5000,7.5000,7.5000,7.5000
6.4051,7.5000,7.5000,7.5000,7.5000,7.5000,7.5000,7.5000,7.5000,7.5000,7.5000,7.5000,7.5000,7.5000,7.5000,7.5000,7.5000
6.4152,7.5000,7.5000,7.5000,7.5000,7.5000,7.5000,7.5000,7.5000,7.5000,7.5000,7.5000,7.5000,7.5000,7.5000,7.5000,7.5000
6.4253,7.5000,7.5000,7.5000,7.5000,7.5000,7.5000,7.5000,7.5000,7.5000,7.5000,7.5000,7.5000,7.5000,7.5000,7.5000,7.5000
6.4353,7.5000,7.5000,7.5000,7.5000,7.5000,7.5000,7.5000,7.5000,7.5000,7.5000,7.5000,7.5000,7.5000,7.5000,7.5000,7.5000
6.4454,7.5000,7.5000,7.5000,7.5000,7.5000,7.5000,7.5000,7.5000,7.5000,7.5000,7.5000,7.5000,7.5000,7.5000,7.5000,7.5000
6.4554,7.5000,7.5000,7.5000,7.5000,7.5000,7.5000,7.5000,7.5000,7.5000,7.5000,7.5000,7.5000,7.5000,7.5000,7.5000,7.5000
6.4655,7.5000,7.5000,7.5000,7.5000,7.5000,7.5000,7.5000,7.5000,7.5000,7.5000,7.5000,7.5000,7.5000,7.5000,7.5000,7.5000
6.4755,7.5000,7.5000,7.5000,7.5000,7.5000,7.5000,7.5000,7.5000,7.5000,7.5000,7.5000,7.5000,7.5000,7.5000,7.5000,7.5000
6.4856,7.5000,7.5000,7.5000,7.5000,7.5000,7.5000,7.5000,7.5000,7.5000,7.5000,7.5000,7.5000,7.5000,7.5000,7.5000,7.5000
6.4957,7.5000,7.5000,7.5000,7.5000,7.5000,7.5000,7.5000,7.5000,7.5000,7.5000,7.5000,7.5000,7.5000,7.5000,7.5000,7.5000
6.5057,7.5000,7.5000,7.5000,7.5000,7.5000,7.5000,7.5000,7.5000,7.5000,7.5000,7.5000,7.5000,7.5000,7.5000,7.5000,7.5000
6.5158,7.5000,7.5000,7.5000,7.5000,7.5000,7.5000,7.5000,7.5000,7.5000,7.5000,7.5000,7.5000,7.5000,7.5000,7.5000,7.5000
6.5258,7.5000,7.5000,7.5000,7.5000,7.5000,7.5000,7.5000,7.5000,7.5000,7.5000,7.5000,7.5000,7.5000,7.5000,7.5000,7.5000
6.5359,7.5000,7.5000,7.5000,7.5000,7.5000,7.5000,7.5000,7.5000,7.5000,7.5000,7.5000,7.5000,7.5000,7.5000,7.5000,7.5000
6.5459,7.5000,7.5000,7.5000,7.5000,7.5000,7.5000,7.5000,7.5000,7.5000,7.5000,7.5000,7.5000,7.5000,7.5000,7.5000,7.5000
6.5560,7.5000,7.5000,7.5000,7.5000,7.5000,7.5000,7.5000,7.5000,7.5000,7.5000,7.5000,7.5000,7.5000,7.5000,7.5000,7.5000
6.5660,7.5000,7.5000,7.5000,7.5000,7.5000,7.5000,7.5000,7.5000,7.5000,7.5000,7.5000,7.5000,7.5000,7.5000,7.5000,7.5000
6.5761,7.5000,7.5000,7.5000,7.5000,7.5000,7.5000,7.5000,7.5000,7.5000,7.5000,7.5000,7.5000,7.5000,7.5000,7.5000,7.5000
6.5862,7.5000,7.5000,7.5000,7.5000,7.5000,7.5000,7.5000,7.5000,7.5000,7.5000,7.5000,7.5000,7.5000,7.5000,7.5000,7.5000
6.5962,7.5000,7.5000,7.5000,7.5000,7.5000,7.5000,7.5000,7.5000,7.5000,7.5000,7.5000,7.5000,7.5000,7.5000,7.5000,7.5000
6.6063,7.5000,7.5000,7.5000,7.5000,7.5000,7.5000,7.5000,7.5000,7.5000,7.5000,7.5000,7.5000,7.5000,7.5000,7.5000,7.5000
6.6163,7.5000,7.5000,7.5000,7.5000,7.5000,7.5000,7.5000,7.5000,7.5000,7.5000,7.5000,7.5000,7.5000,7.5000,7.5000,7.5000
6.6264,7.5000,7.5000,7.5000,7.5000,7.5000,7.5000,7.5000,7.5000,7.5000,7.5000,7.5000,7.5000,7.5000,7.5000,7.5000,7.5000
6.6364,7.5000,7.5000,7.5000,7.5000,7.5000,7.5000,7.5000,7.5000,7.5000,7.5000,7.5000,7.5000,7.5000,7.5000,7.5000,7.5000
6.6465,7.5000,7.5000,7.5000,7.5000,7.5000,7.5000,7.5000,7.5000,7.5000,7.5000,7.5000,7.5000,7.5000,7.5000,7.5000,7.5000
6.6566,7.5000,7.5000,7.5000,7.5000,7.5000,7.5000,7.5000,7.5000,7.5000,7.5000,7.5000,7.5000,7.5000,7.5000,7.5000,7.5000
6.6666,7.5000,7.5000,7.5000,7.5000,7.5000,7.5000,7.5000,7.5000,7.5000,7.5000,7.5000,7.5000,7.5000,7.5000,7.5000,7.5000
6.6767,7.5000,7.5000,7.5000,7.5000,7.5000,7.5000,7.5000,7.5000,7.5000,7.5000,7.5000,7.5000,7.5000,7.5000,7.5000,7.5000
6.6867,7.5000,7.5000,7.5000,7.5000,7.5000,7.5000,7.5000,7.5000,7.5000,7.5000,7.5000,7.5000,7.5000,7.5000,7.5000,7.5000
6.6968,7.5000,7.5000,7.5000,7.5000,7.5000,7.5000,7.5000,7.5000,7.5000,7.5000,7.5000,7.5000,7.5000,7.5000,7.5000,7.5000
6.7069,7.5000,7.5000,7.5000,7.5000,7.5000,7.5000,7.5000,7.5000,7.5000,7.5000,7.5000,7.5000,7.5000,7.5000,7.5000,7.5000
6.7169,7.5000,7.5000,7.5000,7.5000,7.5000,7.5000,7.5000,7.5000,7.5000,7.5000,7.5000,7.5000,7.5000,7.5000,7.5000,7.5000
6.7270,7.5000,7.5000,7.5000,7.5000,7.5000,7.5000,7.5000,7.5000,7.5000,7.5000,7.5000,7.5000,7.5000,7.5000,7.5000,7.5000
6.7370,7.5000,7.5000,7.5000,7.5000,7.5000,7.5000,7.5000,7.5000,7.5000,7.5000,7.5000,7.5000,7.5000,7.5000,7.5000,7.5000
6.7471,7.5000,7.5000,7.5000,7.5000,7.5000,7.5000,7.5000,7.5000,7.5000,7.5000,7.5000,7.5000,7.5000,7.5000,7.5000,7.5000
6.7572,7.5000,7.5000,7.5000,7.5000,7.5000,7.5000,7.5000,7.5000,7.5000,7.5000,7.5000,7.5000,7.5000,7.5000,7.5000,7.5000
6.7672,7.5000,7.5000,7.5000,7.5000,7.5000,7.5000,7.5000,7.5000,7.5000,7.5000,7.5000,7.5000,7.5000,7.5000,7.5000,7.5000
6.7773,7.5000,7.5000,7.5000,7.5000,7.5000,7.5000,7.5000,7.5000,7.5000,7.5000,7.5000,7.5000,7.5000,7.5000,7.5000,7.5000
6.7873,7.5000,7.5000,7.5000,7.5000,7.5000,7.5000,7.5000,7.5000,7.5000,7.5000,7.5000,7.5000,7.5000,7.5000,7.5000,7.5000
6.7974,7.5000,7.5000,7.5000,7.5000,7.5000,7.5000,7.5000,7.5000,7.5000,7.5000,7.5000,7.5000,7.5000,7.5000,7.5000,7.5000
6.8074,7.5000,7.5000,7.5000,7.5000,7.5000,7.5000,7.5000,7.5000,7.5000,7.5000,7.5000,7.5000,7.5000,7.5000,7.5000,7.5000
6.8175,7.5000,7.5000,7.5000,7.5000,7.5000,7.5000,7.5000,7.5000,7.5000,7.5000,7.5000,7.5000,7.5000,7.5000,7.5000,7.5000
6.8276,7.5000,7.5000,7.5000,7.5000,7.5000,7.5000,7.5000,7.5000,7.5000,7.5000,7.5000,7.5000,7.5000,7.5000,7.5000,7.5000
6.8376,7.5000,7.5000,7.5000,7.5000,7.5000,7.5000,7.5000,7.5000,7.5000,7.5000,7.5000,7.5000,7.5000,7.5000,7.5000,7.5000
6.8477,7.5000,7.5000,7.5000,7.5000,7.5000,7.5000,7.5000,7.5000,7.5000,7.5000,7.5000,7.5000,7.5000,7.5000,7.5000,7.5000
6.8578,7.5000,7.5000,7.5000,7.5000,7.5000,7.5000,7.5000,7.5000,7.5000,7.5000,7.5000,7.5000,7.5000,7.5000,7.5000,7.5000
6.8678,7.5000,7.5000,7.5000,7.5000,7.5000,7.5000,7.5000,7.5000,7.5000,7.5000,7.5000,7.5000,7.5000,7.5000,7.5000,7.5000
6.8779,7.5000,7.5000,7.5000,7.5000,7.5000,7.5000,7.5000,7.5000,7.5000,7.5000,7.5000,7.5000,7.5000,7.5000,7.5000,7.5000
6.8880,7.5000,7.5000,7.5000,7.5000,7.5000,7.5000,7.5000,7.5000,7.5000,7.5000,7.5000,7.5000,7.5000,7.5000,7.5000,7.5000
6.8980,7.5000,7.5000,7.5000,7.5000,7.5000,7.5000,7.5000,7.5000,7.5000,7.5000,7.5000,7.5000,7.5000,7.5000,7.5000,7.5000
6.9081,7.5000,7.5000,7.5000,7.5000,7.5000,7.5000,7.5000,7.5000,7.5000,7.5000,7.5000,7.5000,7.5000,7.5000,7.5000,7.5000
6.9182,7.5000,7.5000,7.5000,7.5000,7.5000,7.5000,7.5000,7.5000,7.5000,7.5000,7.5000,7.5000,7.5000,7.5000,7.5000,7.5000
6.9282,7.5000,7.5000,7.5000,7.5000,7.5000,7.5000,7.5000,7.5000,7.5000,7.5000,7.5000,7.5000,7.5000,7.5000,7.5000,7.5000
6.9383,7.5000,7.5000,7.5000,7.5000,7.5000,7.5000,7.5000,7.5000,7.5000,7.5000,7.5000,7.5000,7.5000,7.5000,7.5000,7.5000
6.9484,7.5000,7.5000,7.5000,7.5000,7.5000,7.5000,7.5000,7.5000,7.5000,7.5000,7.5000,7.5000,7.5000,7.5000,7.5000,7.5000
6.9584,7.5000,7.5000,7.5000,7.5000,7.5000,7.5000,7.5000,7.5000,7.5000,7.5000,7.5000,7.5000,7.5000,7.5000,7.5000,7.5000
6.9685,7.5000,7.5000,7.5000,7.5000,7.5000,7.5000,7.5000,7.5000,7.5000,7.5000,7.5000,7.5000,7.5000,7.5000,7.5000,7.5000
6.9785,7.5000,7.5000,7.5000,7.5000,7.5000,7.5000,7.5000,7.5000,7.5000,7.5000,7.5000,7.5000,7.5000,7.5000,7.5000,7.5000
6.9886,7.5000,7.5000,7.5000,7.5000,7.5000,7.5000,7.5000,7.5000,7.5000,7.5000,7.5000,7.5000,7.5000,7.5000,7.5000,7.5000
6.9987,7.5000,7.5000,7.5000,7.5000,7.5000,7.5000,7.5000,7.5000,7.5000,7.5000,7.5000,7.5000,7.5000,7.5000,7.5000,7.5000
7.0087,7.5000,7.5000,7.5000,7.5000,7.5000,7.5000,7.5000,7.5000,7.5000,7.5000,7.5000,7.5000,7.5000,7.5000,7.5000,7.5000
7.0188,7.5000,7.5000,7.5000,7.5000,7.5000,7.5000,7.5000,7.5000,7.5000,7.5000,7.5000,7.5000,7.5000,7.5000,7.5000,7.5000
7.0289,7.5000,7.5000,7.5000,7.5000,7.5000,7.5000,7.5000,7.5000,7.5000,7.5000,7.5000,7.5000,7.5000,7.5000,7.5000,7.5000
7.0389,7.5000,7.5000,7.5000,7.5000,7.5000,7.5000,7.5000,7.5000,7.5000,7.5000,7.5000,7.5000,7.5000,7.5000,7.5000,7.5000
7.0490,7.5000,7.5000,7.5000,7.5000,7.5000,7.5000,7.5000,7.5000,7.5000,7.5000,7.5000,7.5000,7.5000,7.5000,7.5000,7.5000
7.0591,7.5000,7.5000,7.5000,7.5000,7.5000,7.5000,7.5000,7.5000,7.5000,7.5000,7.5000,7.5000,7.5000,7.5000,7.5000,7.5000
7.0691,7.5000,7.5000,7.5000,7.5000,7.5000,7.5000,7.5000,7.5000,7.5000,7.5000,7.5000,7.5000,7.5000,7.5000,7.5000,7.5000
7.0792,7.5000,7.5000,7.5000,7.5000,7.5000,7.5000,7.5000,7.5000,7.5000,7.5000,7.5000,7.5000,7.5000,7.5000,7.5000,7.5000
7.0893,7.5000,7.5000,7.5000,7.5000,7.5000,7.5000,7.5000,7.5000,7.5000,7.5000,7.5000,7.5000,7.5000,7.5000,7.5000,7.5000
7.0993,7.5000,7.5000,7.5000,7.5000,7.5000,7.5000,7.5000,7.5000,7.5000,7.5000,7.5000,7.5000,7.5000,7.5000,7.5000,7.5000
7.1094,7.5000,7.5000,7.5000,7.5000,7.5000,7.5000,7.5000,7.5000,7.5000,7.5000,7.5000,7.5000,7.5000,7.5000,7.5000,7.5000
7.1194,7.5000,7.5000,7.5000,7.5000,7.5000,7.5000,7.5000,7.5000,7.5000,7.5000,7.5000,7.5000,7.5000,7.5000,7.5000,7.5000
7.1295,7.5000,7.5000,7.5000,7.5000,7.5000,7.5000,7.5000,7.5000,7.5000,7.5000,7.5000,7.5000,7.5000,7.5000,7.5000,7.5000
7.1396,7.5000,7.5000,7.5000,7.5000,7.5000,7.5000,7.5000,7.5000,7.5000,7.5000,7.5000,7.5000,7.5000,7.5000,7.5000,7.5000
7.1496,7.5000,7.5000,7.5000,7.5000,7.5000,7.5000,7.5000,7.5000,7.5000,7.5000,7.5000,7.5000,7.5000,7.5000,7.5000,7.5000
7.1597,7.5000,7.5000,7.5000,7.5000,7.5000,7.5000,7.5000,7.5000,7.5000,7.5000,7.5000,7.5000,7.5000,7.5000,7.5000,7.5000
7.1698,7.5000,7.5000,7.5000,7.5000,7.5000,7.5000,7.5000,7.5000,7.5000,7.5000,7.5000,7.5000,7.5000,7.5000,7.5000,7.5000
7.1798,7.5000,7.5000,7.5000,7.5000,7.5000,7.5000,7.5000,7.5000,7.5000,7.5000,7.5000,7.5000,7.5000,7.5000,7.5000,7.5000
7.1899,7.5000,7.5000,7.5000,7.5000,7.5000,7.5000,7.5000,7.5000,7.5000,7.5000,7.5000,7.5000,7.5000,7.5000,7.5000,7.5000
7.1999,7.5000,7.5000,7.5000,7.5000,7.5000,7.5000,7.5000,7.5000,7.5000,7.5000,7.5000,7.5000,7.5000,7.5000,7.5000,7.5000
7.2100,7.5000,7.5000,7.5000,7.5000,7.5000,7.5000,7.5000,7.5000,7.5000,7.5000,7.5000,7.5000,7.5000,7.5000,7.5000,7.5000
7.2201,7.5000,7.5000,7.5000,7.5000,7.5000,7.5000,7.5000,7.5000,7.5000,7.5000,7.5000,7.5000,7.5000,7.5000,7.5000,7.5000
7.2301,7.5000,7.5000,7.5000,7.5000,7.5000,7.5000,7.5000,7.5000,7.5000,7.5000,7.5000,7.5000,7.5000,7.5000,7.5000,7.5000
7.2402,7.5000,7.5000,7.5000,7.5000,7.5000,7.5000,7.5000,7.5000,7.5000,7.5000,7.5000,7.5000,7.5000,7.5000,7.5000,7.5000
7.2502,7.5000,7.5000,7.5000,7.5000,7.5000,7.5000,7.5000,7.5000,7.5000,7.5000,7.5000,7.5000,7.5000,7.5000,7.5000,7.5000
7.2603,7.5000,7.5000,7.5000,7.5000,7.5000,7.5000,7.5000,7.5000,7.5000,7.5000,7.5000,7.5000,7.5000,7.5000,7.5000,7.5000
7.2704,7.5000,7.5000,7.5000,7.5000,7.5000,7.5000,7.5000,7.5000,7.5000,7.5000,7.5000,7.5000,7.5000,7.5000,7.5000,7.5000
7.2804,7.5000,7.5000,7.5000,7.5000,7.5000,7.5000,7.5000,7.5000,7.5000,7.5000,7.5000,7.5000,7.5000,7.5000,7.5000,7.5000
7.2905,7.5000,7.5000,7.5000,7.5000,7.5000,7.5000,7.5000,7.5000,7.5000,7.5000,7.5000,7.5000,7.5000,7.5000,7.5000,7.5000
7.3005,7.5000,7.5000,7.5000,7.5000,7.5000,7.5000,7.5000,7.5000,7.5000,7.5000,7.5000,7.5000,7.5000,7.5000,7.5000,7.5000
7.3106,7.5000,7.5000,7.5000,7.5000,7.5000,7.5000,7.5000,7.5000,7.5000,7.5000,7.5000,7.5000,7.5000,7.5000,7.5000,7.5000
7.3207,7.5000,7.5000,7.5000,7.5000,7.5000,7.5000,7.5000,7.5000,7.5000,7.5000,7.5000,7.5000,7.5000,7.5000,7.5000,7.5000
7.3307,7.5000,7.5000,7.5000,7.5000,7.5000,7.5000,7.5000,7.5000,7.5000,7.5000,7.5000,7.5000,7.5000,7.5000,7.5000,7.5000
7.3408,7.5000,7.5000,7.5000,7.5000,7.5000,7.5000,7.5000,7.5000,7.5000,7.5000,7.5000,7.5000,7.5000,7.5000,7.5000,7.5000
7.3508,7.5000,7.5000,7.5000,7.5000,7.5000,7.5000,7.5000,7.5000,7.5000,7.5000,7.5000,7.5000,7.5000,7.5000,7.5000,7.5000
7.3609,7.5000,7.5000,7.5000,7.5000,7.5000,7.5000,7.5000,7.5000,7.5000,7.5000,7.5000,7.5000,7.5000,7.5000,7.5000,7.5000
7.3710,7.5000,7.5000,7.5000,7.5000,7.5000,7.5000,7.5000,7.5000,7.5000,7.5000,7.5000,7.5000,7.5000,7.5000,7.5000,7.5000
7.3810,7.5000,7.5000,7.5000,7.5000,7.5000,7.5000,7.5000,7.5000,7.5000,7.5000,7.5000,7.5000,7.5000,7.5000,7.5000,7.5000
7.3911,7.5000,7.5000,7.5000,7.5000,7.5000,7.5000,7.5000,7.5000,7.5000,7.5000,7.5000,7.5000,7.5000,7.5000,7.5000,7.5000
7.4011,7.5000,7.5000,7.5000,7.5000,7.5000,7.5000,7.5000,7.5000,7.5000,7.5000,7.5000,7.5000,7.5000,7.5000,7.5000,7.5000
7.4112,7.5000,7.5000,7.5000,7.5000,7.5000,7.5000,7.5000,7.5000,7.5000,7.5000,7.5000,7.5000,7.5000,7.5000,7.5000,7.5000
7.4213,7.5000,7.5000,7.5000,7.5000,7.5000,7.5000,7.5000,7.5000,7.5000,7.5000,7.5000,7.5000,7.5000,7.5000,7.5000,7.5000
7.4313,7.5000,7.5000,7.5000,7.5000,7.5000,7.5000,7.5000,7.5000,7.5000,7.5000,7.5000,7.5000,7.5000,7.5000,7.5000,7.5000
7.4414,7.5000,7.5000,7.5000,7.5000,7.5000,7.5000,7.5000,7.5000,7.5000,7.5000,7.5000,7.5000,7.5000,7.5000,7.5000,7.5000
7.4514,7.5000,7.5000,7.5000,7.5000,7.5000,7.5000,7.5000,7.5000,7.5000,7.5000,7.5000,7.5000,7.5000,7.5000,7.5000,7.5000
7.4615,7.5000,7.5000,7.5000,7.5000,7.5000,7.5000,7.5000,7.5000,7.5000,7.5000,7.5000,7.5000,7.5000,7.5000,7.5000,7.5000
7.4716,7.5000,7.5000,7.5000,7.5000,7.5000,7.5000,7.5000,7.5000,7.5000,7.5000,7.5000,7.5000,7.5000,7.5000,7.5000,7.5000
7.4816,7.5000,7.5000,7.5000,7.5000,7.5000,7.5000,7.5000,7.5000,7.5000,7.5000,7.5000,7.5000,7.5000,7.5000,7.5000,7.5000
7.4917,7.5000,7.5000,7.5000,7.5000,7.5000,7.5000,7.5000,7.5000,7.5000,7.5000,7.5000,7.5000,7.5000,7.5000,7.5000,7.5000
7.5018,7.5000,7.5000,7.5000,7.5000,7.5000,7.5000,7.5000,7.5000,7.5000,7.5000,7.5000,7.5000,7.5000,7.5000,7.5000,7.5000
7.5118,7.5000,7.5000,7.5000,7.5000,7.5000,7.5000,7.5000,7.5000,7.5000,7.5000,7.5000,7.5000,7.5000,7.5000,7.5000,7.5000
7.5219,7.5000,7.5000,7.5000,7.5000,7.5000,7.5000,7.5000,7.5000,7.5000,7.5000,7.5000,7.5000,7.5000,7.5000,7.5000,7.5000
7.5319,7.5000,7.5000,7.5000,7.5000,7.5000,7.5000,7.5000,7.5000,7.5000,7.5000,7.5000,7.5000,7.5000,7.5000,7.5000,7.5000
7.5420,7.5000,7.5000,7.5000,7.5000,7.5000,7.5000,7.5000,7.5000,7.5000,7.5000,7.5000,7.5000,7.5000,7.5000,7.5000,7.5000
7.5521,7.5000,7.5000,7.5000,7.5000,7.5000,7.5000,7.5000,7.5000,7.5000,7.5000,7.5000,7.5000,7.5000,7.5000,7.5000,7.5000
7.5621,7.5000,7.5000,7.5000,7.5000,7.5000,7.5000,7.5000,7.5000,7.5000,7.5000,7.5000,7.5000,7.5000,7.5000,7.5000,7.5000
7.5722,7.5000,7.5000,7.5000,7.5000,7.5000,7.5000,7.5000,7.5000,7.5000,7.5000,7.5000,7.5000,7.5000,7.5000,7.5000,7.5000
7.5822,7.5000,7.5000,7.5000,7.5000,7.5000,7.5000,7.5000,7.5000,7.5000,7.5000,7.5000,7.5000,7.5000,7.5000,7.5000,7.5000
7.5923,7.5000,7.5000,7.5000,7.5000,7.5000,7.5000,7.5000,7.5000,7.5000,7.5000,7.5000,7.5000,7.5000,7.5000,7.5000,7.5000
7.6024,7.5000,7.5000,7.5000,7.5000,7.5000,7.5000,7.5000,7.5000,7.5000,7.5000,7.5000,7.5000,7.5000,7.5000,7.5000,7.5000
7.6124,7.5000,7.5000,7.5000,7.5000,7.5000,7.5000,7.5000,7.5000,7.5000,7.5000,7.5000,7.5000,7.5000,7.5000,7.5000,7.5000
7.6225,7.5000,7.5000,7.5000,7.5000,7.5000,7.5000,7.5000,7.5000,7.5000,7.5000,7.5000,7.5000,7.5000,7.5000,7.5000,7.5000
7.6325,7.5000,7.5000,7.5000,7.5000,7.5000,7.5000,7.5000,7.5000,7.5000,7.5000,7.5000,7.5000,7.5000,7.5000,7.5000,7.5000
7.6426,7.5000,7.5000,7.5000,7.5000,7.5000,7.5000,7.5000,7.5000,7.5000,7.5000,7.5000,7.5000,7.5000,7.5000,7.5000,7.5000
7.6527,7.5000,7.5000,7.5000,7.5000,7.5000,7.5000,7.5000,7.5000,7.5000,7.5000,7.5000,7.5000,7.5000,7.5000,7.5000,7.5000
7.6627,7.5000,7.5000,7.5000,7.5000,7.5000,7.5000,7.5000,7.5000,7.5000,7.5000,7.5000,7.5000,7.5000,7.5000,7.5000,7.5000
7.6728,7.5000,7.5000,7.5000,7.5000,7.5000,7.5000,7.5000,7.5000,7.5000,7.5000,7.5000,7.5000,7.5000,7.5000,7.5000,7.5000
7.6829,7.5000,7.5000,7.5000,7.5000,7.5000,7.5000,7.5000,7.5000,7.5000,7.5000,7.5000,7.5000,7.5000,7.5000,7.5000,7.5000
7.6929,7.5000,7.5000,7.5000,7.5000,7.5000,7.5000,7.5000,7.5000,7.5000,7.5000,7.5000,7.5000,7.5000,7.5000,7.5000,7.5000
7.7030,7.5000,7.5000,7.5000,7.5000,7.5000,7.5000,7.5000,7.5000,7.5000,7.5000,7.5000,7.5000,7.5000,7.5000,7.5000,7.5000
7.7131,7.5000,7.5000,7.5000,7.5000,7.5000,7.5000,7.5000,7.5000,7.5000,7.5000,7.5000,7.5000,7.5000,7.5000,7.5000,7.5000
7.7232,7.5000,7.5000,7.5000,7.5000,7.5000,7.5000,7.5000,7.5000,7.5000,7.5000,7.5000,7.5000,7.5000,7.5000,7.5000,7.5000
7.7333,7.5000,7.5000,7.5000,7.5000,7.5000,7.5000,7.5000,7.5000,7.5000,7.5000,7.5000,7.5000,7.5000,7.5000,7.5000,7.5000
7.7433,7.5000,7.5000,7.5000,7.5000,7.5000,7.5000,7.5000,7.5000,7.5000,7.5000,7.5000,7.5000,7.5000,7.5000,7.5000,7.5000
7.7534,7.5000,7.5000,7.5000,7.5000,7.5000,7.5000,7.5000,7.5000,7.5000,7.5000,7.5000,7.5000,7.5000,7.5000,7.5000,7.5000
7.7635,7.5000,7.5000,7.5000,7.5000,7.5000,7.5000,7.5000,7.5000,7.5000,7.5000,7.5000,7.5000,7.5000,7.5000,7.5000,7.5000
7.7736,7.5000,7.5000,7.5000,7.5000,7.5000,7.5000,7.5000,7.5000,7.5000,7.5000,7.5000,7.5000,7.5000,7.5000,7.5000,7.5000
7.7837,7.5000,7.5000,7.5000,7.5000,7.5000,7.5000,7.5000,7.5000,7.5000,7.5000,7.5000,7.5000,7.5000,7.5000,7.5000,7.5000
7.7938,7.5000,7.5000,7.5000,7.5000,7.5000,7.5000,7.5000,7.5000,7.5000,7.5000,7.5000,7.5000,7.5000,7.5000,7.5000,7.5000
7.8038,7.5000,7.5000,7.5000,7.5000,7.5000,7.5000,7.5000,7.5000,7.5000,7.5000,7.5000,7.5000,7.5000,7.5000,7.5000,7.5000
7.8139,7.5000,7.5000,7.5000,7.5000,7.5000,7.5000,7.5000,7.5000,7.5000,7.5000,7.5000,7.5000,7.5000,7.5000,7.5000,7.5000
7.8240,7.5000,7.5000,7.5000,7.5000,7.5000,7.5000,7.5000,7.5000,7.5000,7.5000,7.5000,7.5000,7.5000,7.5000,7.5000,7.5000
7.8340,7.5000,7.5000,7.5000,7.5000,7.5000,7.5000,7.5000,7.5000,7.5000,7.5000,7.5000,7.5000,7.5000,7.5000,7.5000,7.5000
7.8441,7.5000,7.5000,7.5000,7.5000,7.5000,7.5000,7.5000,7.5000,7.5000,7.5000,7.5000,7.5000,7.5000,7.5000,7.5000,7.5000
7.8541,7.5000,7.5000,7.5000,7.5000,7.5000,7.5000,7.5000,7.5000,7.5000,7.5000,7.5000,7.5000,7.5000,7.5000,7.5000,7.5000
7.8642,7.5000,7.5000,7.5000,7.5000,7.5000,7.5000,7.5000,7.5000,7.5000,7.5000,7.5000,7.5000,7.5000,7.5000,7.5000,7.5000
7.8743,7.5000,7.5000,7.5000,7.5000,7.5000,7.5000,7.5000,7.5000,7.5000,7.5000,7.5000,7.5000,7.5000,7.5000,7.5000,7.5000
7.8843,7.5000,7.5000,7.5000,7.5000,7.5000,7.5000,7.5000,7.5000,7.5000,7.5000,7.5000,7.5000,7.5000,7.5000,7.5000,7.5000
7.8944,7.5000,7.5000,7.5000,7.5000,7.5000,7.5000,7.5000,7.5000,7.5000,7.5000,7.5000,7.5000,7.5000,7.5000,7.5000,7.5000
7.9044,7.5000,7.5000,7.5000,7.5000,7.5000,7.5000,7.5000,7.5000,7.5000,7.5000,7.5000,7.5000,7.5000,7.5000,7.5000,7.5000
7.9145,7.5000,7.5000,7.5000,7.5000,7.5000,7.5000,7.5000,7.5000,7.5000,7.5000,7.5000,7.5000,7.5000,7.5000,7.5000,7.5000
7.9246,7.5000,7.5000,7.5000,7.5000,7.5000,7.5000,7.5000,7.5000,7.5000,7.5000,7.5000,7.5000,7.5000,7.5000,7.5000,7.5000
7.9347,7.5000,7.5000,7.5000,7.5000,7.5000,7.5000,7.5000,7.5000,7.5000,7.5000,7.5000,7.5000,7.5000,7.5000,7.5000,7.5000
7.9447,7.5000,7.5000,7.5000,7.5000,7.5000,7.5000,7.5000,7.5000,7.5000,7.5000,7.5000,7.5000,7.5000,7.5000,7.5000,7.5000
7.9548,7.5000,7.5000,7.5000,7.5000,7.5000,7.5000,7.5000,7.5000,7.5000,7.5000,7.5000,7.5000,7.5000,7.5000,7.5000,7.5000
7.9648,7.5000,7.5000,7.5000,7.5000,7.5000,7.5000,7.5000,7.5000,7.5000,7.5000,7.5000,7.5000,7.5000,7.5000,7.5000,7.5000
7.9749,7.5000,7.5000,7.5000,7.5000,7.5000,7.5000,7.5000,7.5000,7.5000,7.5000,7.5000,7.5000,7.5000,7.5000,7.5000,7.5000
7.9850,7.5000,7.5000,7.5000,7.5000,7.5000,7.5000,7.5000,7.5000,7.5000,7.5000,7.5000,7.5000,7.5000,7.5000,7.5000,7.5000
7.9951,7.5000,7.5000,7.5000,7.5000,7.5000,7.5000,7.5000,7.5000,7.5000,7.5000,7.5000,7.5000,7.5000,7.5000,7.5000,7.5000
8.0051,7.5000,7.5000,7.5000,7.5000,7.5000,7.5000,7.5000,7.5000,7.5000,7.5000,7.5000,7.5000,7.5000,7.5000,7.5000,7.5000
8.0152,7.5000,7.5000,7.5000,7.5000,7.5000,7.5000,7.5000,7.5000,7.5000,7.5000,7.5000,7.5000,7.5000,7.5000,7.5000,7.5000
8.0252,7.5000,7.5000,7.5000,7.5000,7.5000,7.5000,7.5000,7.5000,7.5000,7.5000,7.5000,7.5000,7.5000,7.5000,7.5000,7.5000
8.0353,7.5000,7.5000,7.5000,7.5000,7.5000,7.5000,7.5000,7.5000,7.5000,7.5000,7.5000,7.5000,7.5000,7.5000,7.5000,7.5000
8.0454,7.5000,7.5000,7.5000,7.5000,7.5000,7.5000,7.5000,7.5000,7.5000,7.5000,7.5000,7.5000,7.5000,7.5000,7.5000,7.5000
8.0554,7.5000,7.5000,7.5000,7.5000,7.5000,7.5000,7.5000,7.5000,7.5000,7.5000,7.5000,7.5000,7.5000,7.5000,7.5000,7.5000
8.0655,7.5000,7.5000,7.5000,7.5000,7.5000,7.5000,7.5000,7.5000,7.5000,7.5000,7.5000,7.5000,7.5000,7.5000,7.5000,7.5000
8.0756,7.5000,7.5000,7.5000,7.5000,7.5000,7.5000,7.5000,7.5000,7.5000,7.5000,7.5000,7.5000,7.5000,7.5000,7.5000,7.5000
8.0856,7.5000,7.5000,7.5000,7.5000,7.5000,7.5000,7.5000,7.5000,7.5000,7.5000,7.5000,7.5000,7.5000,7.5000,7.5000,7.5000
8.0957,7.5000,7.5000,7.5000,7.5000,7.5000,7.5000,7.5000,7.5000,7.5000,7.5000,7.5000,7.5000,7.5000,7.5000,7.5000,7.5000
8.1057,7.5000,7.5000,7.5000,7.5000,7.5000,7.5000,7.5000,7.5000,7.5000,7.5000,7.5000,7.5000,7.5000,7.5000,7.5000,7.5000
8.1158,7.5000,7.5000,7.5000,7.5000,7.5000,7.5000,7.5000,7.5000,7.5000,7.5000,7.5000,7.5000,7.5000,7.5000,7.5000,7.5000
8.1259,7.5000,7.5000,7.5000,7.5000,7.5000,7.5000,7.5000,7.5000,7.5000,7.5000,7.5000,7.5000,7.5000,7.5000,7.5000,7.5000
8.1359,7.5000,7.5000,7.5000,7.5000,7.5000,7.5000,7.5000,7.5000,7.5000,7.5000,7.5000,7.5000,7.5000,7.5000,7.5000,7.5000
8.1460,7.5000,7.5000,7.5000,7.5000,7.5000,7.5000,7.5000,7.5000,7.5000,7.5000,7.5000,7.5000,7.5000,7.5000,7.5000,7.5000
8.1561,7.5000,7.5000,7.5000,7.5000,7.5000,7.5000,7.5000,7.5000,7.5000,7.5000,7.5000,7.5000,7.5000,7.5000,7.5000,7.5000
8.1661,7.5000,7.5000,7.5000,7.5000,7.5000,7.5000,7.5000,7.5000,7.5000,7.5000,7.5000,7.5000,7.5000,7.5000,7.5000,7.5000
8.1762,7.5000,7.5000,7.5000,7.5000,7.5000,7.5000,7.5000,7.5000,7.5000,7.5000,7.5000,7.5000,7.5000,7.5000,7.5000,7.5000
8.1862,7.5000,7.5000,7.5000,7.5000,7.5000,7.5000,7.5000,7.5000,7.5000,7.5000,7.5000,7.5000,7.5000,7.5000,7.5000,7.5000
8.1963,7.5000,7.5000,7.5000,7.5000,7.5000,7.5000,7.5000,7.5000,7.5000,7.5000,7.5000,7.5000,7.5000,7.5000,7.5000,7.5000
8.2064,7.5000,7.5000,7.5000,7.5000,7.5000,7.5000,7.5000,7.5000,7.5000,7.5000,7.5000,7.5000,7.5000,7.5000,7.5000,7.5000
8.2164,7.5000,7.5000,7.5000,7.5000,7.5000,7.5000,7.5000,7.5000,7.5000,7.5000,7.5000,7.5000,7.5000,7.5000,7.5000,7.5000
8.2265,7.5000,7.5000,7.5000,7.5000,7.5000,7.5000,7.5000,7.5000,7.5000,7.5000,7.5000,7.5000,7.5000,7.5000,7.5000,7.5000
8.2365,7.5000,7.5000,7.5000,7.5000,7.5000,7.5000,7.5000,7.5000,7.5000,7.5000,7.5000,7.5000,7.5000,7.5000,7.5000,7.5000
8.2466,7.5000,7.5000,7.5000,7.5000,7.5000,7.5000,7.5000,7.5000,7.5000,7.5000,7.5000,7.5000,7.5000,7.5000,7.5000,7.5000
8.2566,7.5000,7.5000,7.5000,7.5000,7.5000,7.5000,7.5000,7.5000,7.5000,7.5000,7.5000,7.5000,7.5000,7.5000,7.5000,7.5000
8.2667,7.5000,7.5000,7.5000,7.5000,7.5000,7.5000,7.5000,7.5000,7.5000,7.5000,7.5000,7.5000,7.5000,7.5000,7.5000,7.5000
8.2768,7.5000,7.5000,7.5000,7.5000,7.5000,7.5000,7.5000,7.5000,7.5000,7.5000,7.5000,7.5000,7.5000,7.5000,7.5000,7.5000
8.2868,7.5000,7.5000,7.5000,7.5000,7.5000,7.5000,7.5000,7.5000,7.5000,7.5000,7.5000,7.5000,7.5000,7.5000,7.5000,7.5000
8.2969,7.5000,7.5000,7.5000,7.5000,7.5000,7.5000,7.5000,7.5000,7.5000,7.5000,7.5000,7.5000,7.5000,7.5000,7.5000,7.5000
8.3070,7.5000,7.5000,7.5000,7.5000,7.5000,7.5000,7.5000,7.5000,7.5000,7.5000,7.5000,7.5000,7.5000,7.5000,7.5000,7.5000
8.3170,7.5000,7.5000,7.5000,7.5000,7.5000,7.5000,7.5000,7.5000,7.5000,7.5000,7.5000,7.5000,7.5000,7.5000,7.5000,7.5000
8.3271,7.5000,7.5000,7.5000,7.5000,7.5000,7.5000,7.5000,7.5000,7.5000,7.5000,7.5000,7.5000,7.5000,7.5000,7.5000,7.5000
8.3371,7.5000,7.5000,7.5000,7.5000,7.5000,7.5000,7.5000,7.5000,7.5000,7.5000,7.5000,7.5000,7.5000,7.5000,7.5000,7.5000
8.3472,7.5000,7.5000,7.5000,7.5000,7.5000,7.5000,7.5000,7.5000,7.5000,7.5000,7.5000,7.5000,7.5000,7.5000,7.5000,7.5000
8.3573,7.5000,7.5000,7.5000,7.5000,7.5000,7.5000,7.5000,7.5000,7.5000,7.5000,7.5000,7.5000,7.5000,7.5000,7.5000,7.5000
8.3673,7.5000,7.5000,7.5000,7.5000,7.5000,7.5000,7.5000,7.5000,7.5000,7.5000,7.5000,7.5000,7.5000,7.5000,7.5000,7.5000
8.3774,7.5000,7.5000,7.5000,7.5000,7.5000,7.5000,7.5000,7.5000,7.5000,7.5000,7.5000,7.5000,7.5000,7.5000,7.5000,7.5000
8.3875,7.5000,7.5000,7.5000,7.5000,7.5000,7.5000,7.5000,7.5000,7.5000,7.5000,7.5000,7.5000,7.5000,7.5000,7.5000,7.5000
8.3975,7.5000,7.5000,7.5000,7.5000,7.5000,7.5000,7.5000,7.5000,7.5000,7.5000,7.5000,7.5000,7.5000,7.5000,7.5000,7.5000
8.4076,7.5000,7.5000,7.5000,7.5000,7.5000,7.5000,7.5000,7.5000,7.5000,7.5000,7.5000,7.5000,7.5000,7.5000,7.5000,7.5000
8.4177,7.5000,7.5000,7.5000,7.5000,7.5000,7.5000,7.5000,7.5000,7.5000,7.5000,7.5000,7.5000,7.5000,7.5000,7.5000,7.5000
8.4277,7.5000,7.5000,7.5000,7.5000,7.5000,7.5000,7.5000,7.5000,7.5000,7.5000,7.5000,7.5000,7.5000,7.5000,7.5000,7.5000
8.4378,7.5000,7.5000,7.5000,7.5000,7.5000,7.5000,7.5000,7.5000,7.5000,7.5000,7.5000,7.5000,7.5000,7.5000,7.5000,7.5000
8.4479,7.5000,7.5000,7.5000,7.5000,7.5000,7.5000,7.5000,7.5000,7.5000,7.5000,7.5000,7.5000,7.5000,7.5000,7.5000,7.5000
8.4579,7.5000,7.5000,7.5000,7.5000,7.5000,7.5000,7.5000,7.5000,7.5000,7.5000,7.5000,7.5000,7.5000,7.5000,7.5000,7.5000
8.4680,7.5000,7.5000,7.5000,7.5000,7.5000,7.5000,7.5000,7.5000,7.5000,7.5000,7.5000,7.5000,7.5000,7.5000,7.5000,7.5000
8.4780,7.5000,7.5000,7.5000,7.5000,7.5000,7.5000,7.5000,7.5000,7.5000,7.5000,7.5000,7.5000,7.5000,7.5000,7.5000,7.5000
8.4881,7.5000,7.5000,7.5000,7.5000,7.5000,7.5000,7.5000,7.5000,7.5000,7.5000,7.5000,7.5000,7.5000,7.5000,7.5000,7.5000
8.4982,7.5000,7.5000,7.5000,7.5000,7.5000,7.5000,7.5000,7.5000,7.5000,7.5000,7.5000,7.5000,7.5000,7.5000,7.5000,7.5000
8.5082,7.5000,7.5000,7.5000,7.5000,7.5000,7.5000,7.5000,7.5000,7.5000,7.5000,7.5000,7.5000,7.5000,7.5000,7.5000,7.5000
8.5183,7.5000,7.5000,7.5000,7.5000,7.5000,7.5000,7.5000,7.5000,7.5000,7.5000,7.5000,7.5000,7.5000,7.5000,7.5000,7.5000
8.5284,7.5000,7.5000,7.5000,7.5000,7.5000,7.5000,7.5000,7.5000,7.5000,7.5000,7.5000,7.5000,7.5000,7.5000,7.5000,7.5000
8.5384,7.5000,7.5000,7.5000,7.5000,7.5000,7.5000,7.5000,7.5000,7.5000,7.5000,7.5000,7.5000,7.5000,7.5000,7.5000,7.5000
8.5485,7.5000,7.5000,7.5000,7.5000,7.5000,7.5000,7.5000,7.5000,7.5000,7.5000,7.5000,7.5000,7.5000,7.5000,7.5000,7.5000
8.5586,7.5000,7.5000,7.5000,7.5000,7.5000,7.5000,7.5000,7.5000,7.5000,7.5000,7.5000,7.5000,7.5000,7.5000,7.5000,7.5000
8.5686,7.5000,7.5000,7.5000,7.5000,7.5000,7.5000,7.5000,7.5000,7.5000,7.5000,7.5000,7.5000,7.5000,7.5000,7.5000,7.5000
8.5787,7.5000,7.5000,7.5000,7.5000,7.5000,7.5000,7.5000,7.5000,7.5000,7.5000,7.5000,7.5000,7.5000,7.5000,7.5000,7.5000
8.5887,7.5000,7.5000,7.5000,7.5000,7.5000,7.5000,7.5000,7.5000,7.5000,7.5000,7.5000,7.5000,7.5000,7.5000,7.5000,7.5000
8.5988,7.5000,7.5000,7.5000,7.5000,7.5000,7.5000,7.5000,7.5000,7.5000,7.5000,7.5000,7.5000,7.5000,7.5000,7.5000,7.5000
8.6089,7.5000,7.5000,7.5000,7.5000,7.5000,7.5000,7.5000,7.5000,7.5000,7.5000,7.5000,7.5000,7.5000,7.5000,7.5000,7.5000
8.6189,7.5000,7.5000,7.5000,7.5000,7.5000,7.5000,7.5000,7.5000,7.5000,7.5000,7.5000,7.5000,7.5000,7.5000,7.5000,7.5000
8.6290,7.5000,7.5000,7.5000,7.5000,7.5000,7.5000,7.5000,7.5000,7.5000,7.5000,7.5000,7.5000,7.5000,7.5000,7.5000,7.5000
8.6391,7.5000,7.5000,7.5000,7.5000,7.5000,7.5000,7.5000,7.5000,7.5000,7.5000,7.5000,7.5000,7.5000,7.5000,7.5000,7.5000
8.6491,7.5000,7.5000,7.5000,7.5000,7.5000,7.5000,7.5000,7.5000,7.5000,7.5000,7.5000,7.5000,7.5000,7.5000,7.5000,7.5000
8.6592,7.5000,7.5000,7.5000,7.5000,7.5000,7.5000,7.5000,7.5000,7.5000,7.5000,7.5000,7.5000,7.5000,7.5000,7.5000,7.5000
8.6693,7.5000,7.5000,7.5000,7.5000,7.5000,7.5000,7.5000,7.5000,7.5000,7.5000,7.5000,7.5000,7.5000,7.5000,7.5000,7.5000
8.6793,7.5000,7.5000,7.5000,7.5000,7.5000,7.5000,7.5000,7.5000,7.5000,7.5000,7.5000,7.5000,7.5000,7.5000,7.5000,7.5000
8.6894,7.5000,7.5000,7.5000,7.5000,7.5000,7.5000,7.5000,7.5000,7.5000,7.5000,7.5000,7.5000,7.5000,7.5000,7.5000,7.5000
8.6994,7.5000,7.5000,7.5000,7.5000,7.5000,7.5000,7.5000,7.5000,7.5000,7.5000,7.5000,7.5000,7.5000,7.5000,7.5000,7.5000
8.7095,7.5000,7.5000,7.5000,7.5000,7.5000,7.5000,7.5000,7.5000,7.5000,7.5000,7.5000,7.5000,7.5000,7.5000,7.5000,7.5000
8.7196,7.5000,7.5000,7.5000,7.5000,7.5000,7.5000,7.5000,7.5000,7.5000,7.5000,7.5000,7.5000,7.5000,7.5000,7.5000,7.5000
8.7297,7.5000,7.5000,7.5000,7.5000,7.5000,7.5000,7.5000,7.5000,7.5000,7.5000,7.5000,7.5000,7.5000,7.5000,7.5000,7.5000
8.7397,7.5000,7.5000,7.5000,7.5000,7.5000,7.5000,7.5000,7.5000,7.5000,7.5000,7.5000,7.5000,7.5000,7.5000,7.5000,7.5000
8.7498,7.5000,7.5000,7.5000,7.5000,7.5000,7.5000,7.5000,7.5000,7.5000,7.5000,7.5000,7.5000,7.5000,7.5000,7.5000,7.5000
8.7599,7.5000,7.5000,7.5000,7.5000,7.5000,7.5000,7.5000,7.5000,7.5000,7.5000,7.5000,7.5000,7.5000,7.5000,7.5000,7.5000
8.7699,7.5000,7.5000,7.5000,7.5000,7.5000,7.5000,7.5000,7.5000,7.5000,7.5000,7.5000,7.5000,7.5000,7.5000,7.5000,7.5000
8.7800,7.5000,7.5000,7.5000,7.5000,7.5000,7.5000,7.5000,7.5000,7.5000,7.5000,7.5000,7.5000,7.5000,7.5000,7.5000,7.5000
8.7900,7.5000,7.5000,7.5000,7.5000,7.5000,7.5000,7.5000,7.5000,7.5000,7.5000,7.5000,7.5000,7.5000,7.5000,7.5000,7.5000
8.8001,7.5000,7.5000,7.5000,7.5000,7.5000,7.5000,7.5000,7.5000,7.5000,7.5000,7.5000,7.5000,7.5000,7.5000,7.5000,7.5000
8.8102,7.5000,7.5000,7.5000,7.5000,7.5000,7.5000,7.5000,7.5000,7.5000,7.5000,7.5000,7.5000,7.5000,7.5000,7.5000,7.5000
8.8202,7.5000,7.5000,7.5000,7.5000,7.5000,7.5000,7.5000,7.5000,7.5000,7.5000,7.5000,7.5000,7.5000,7.5000,7.5000,7.5000
8.8303,7.5000,7.5000,7.5000,7.5000,7.5000,7.5000,7.5000,7.5000,7.5000,7.5000,7.5000,7.5000,7.5000,7.5000,7.5000,7.5000
8.8404,7.5000,7.5000,7.5000,7.5000,7.5000,7.5000,7.5000,7.5000,7.5000,7.5000,7.5000,7.5000,7.5000,7.5000,7.5000,7.5000
8.8504,7.5000,7.5000,7.5000,7.5000,7.5000,7.5000,7.5000,7.5000,7.5000,7.5000,7.5000,7.5000,7.5000,7.5000,7.5000,7.5000
8.8605,7.5000,7.5000,7.5000,7.5000,7.5000,7.5000,7.5000,7.5000,7.5000,7.5000,7.5000,7.5000,7.5000,7.5000,7.5000,7.5000
8.8706,7.5000,7.5000,7.5000,7.5000,7.5000,7.5000,7.5000,7.5000,7.5000,7.5000,7.5000,7.5000,7.5000,7.5000,7.5000,7.5000
8.8806,7.5000,7.5000,7.5000,7.5000,7.5000,7.5000,7.5000,7.5000,7.5000,7.5000,7.5000,7.5000,7.5000,7.5000,7.5000,7.5000
8.8907,7.5000,7.5000,7.5000,7.5000,7.5000,7.5000,7.5000,7.5000,7.5000,7.5000,7.5000,7.5000,7.5000,7.5000,7.5000,7.5000
8.9007,7.5000,7.5000,7.5000,7.5000,7.5000,7.5000,7.5000,7.5000,7.5000,7.5000,7.5000,7.5000,7.5000,7.5000,7.5000,7.5000
8.9108,7.5000,7.5000,7.5000,7.5000,7.5000,7.5000,7.5000,7.5000,7.5000,7.5000,7.5000,7.5000,7.5000,7.5000,7.5000,7.5000
8.9208,7.5000,7.5000,7.5000,7.5000,7.5000,7.5000,7.5000,7.5000,7.5000,7.5000,7.5000,7.5000,7.5000,7.5000,7.5000,7.5000
8.9309,7.5000,7.5000,7.5000,7.5000,7.5000,7.5000,7.5000,7.5000,7.5000,7.5000,7.5000,7.5000,7.5000,7.5000,7.5000,7.5000
8.9410,7.5000,7.5000,7.5000,7.5000,7.5000,7.5000,7.5000,7.5000,7.5000,7.5000,7.5000,7.5000,7.5000,7.5000,7.5000,7.5000
8.9510,7.5000,7.5000,7.5000,7.5000,7.5000,7.5000,7.5000,7.5000,7.5000,7.5000,7.5000,7.5000,7.5000,7.5000,7.5000,7.5000
8.9611,7.5000,7.5000,7.5000,7.5000,7.5000,7.5000,7.5000,7.5000,7.5000,7.5000,7.5000,7.5000,7.5000,7.5000,7.5000,7.5000
8.9712,7.5000,7.5000,7.5000,7.5000,7.5000,7.5000,7.5000,7.5000,7.5000,7.5000,7.5000,7.5000,7.5000,7.5000,7.5000,7.5000
8.9812,7.5000,7.5000,7.5000,7.5000,7.5000,7.5000,7.5000,7.5000,7.5000,7.5000,7.5000,7.5000,7.5000,7.5000,7.5000,7.5000
8.9913,7.5000,7.5000,7.5000,7.5000,7.5000,7.5000,7.5000,7.5000,7.5000,7.5000,7.5000,7.5000,7.5000,7.5000,7.5000,7.5000
9.0014,7.5000,7.5000,7.5000,7.5000,7.5000,7.5000,7.5000,7.5000,7.5000,7.5000,7.5000,7.5000,7.5000,7.5000,7.5000,7.5000
9.0114,7.5000,7.5000,7.5000,7.5000,7.5000,7.5000,7.5000,7.5000,7.5000,7.5000,7.5000,7.5000,7.5000,7.5000,7.5000,7.5000
9.0215,7.5000,7.5000,7.5000,7.5000,7.5000,7.5000,7.5000,7.5000,7.5000,7.5000,7.5000,7.5000,7.5000,7.5000,7.5000,7.5000
9.0315,7.5000,7.5000,7.5000,7.5000,7.5000,7.5000,7.5000,7.5000,7.5000,7.5000,7.5000,7.5000,7.5000,7.5000,7.5000,7.5000
9.0416,7.5000,7.5000,7.5000,7.5000,7.5000,7.5000,7.5000,7.5000,7.5000,7.5000,7.5000,7.5000,7.5000,7.5000,7.5000,7.5000
9.0517,7.5000,7.5000,7.5000,7.5000,7.5000,7.5000,7.5000,7.5000,7.5000,7.5000,7.5000,7.5000,7.5000,7.5000,7.5000,7.5000
9.0617,7.5000,7.5000,7.5000,7.5000,7.5000,7.5000,7.5000,7.5000,7.5000,7.5000,7.5000,7.5000,7.5000,7.5000,7.5000,7.5000
9.0718,7.5000,7.5000,7.5000,7.5000,7.5000,7.5000,7.5000,7.5000,7.5000,7.5000,7.5000,7.5000,7.5000,7.5000,7.5000,7.5000
9.0819,7.5000,7.5000,7.5000,7.5000,7.5000,7.5000,7.5000,7.5000,7.5000,7.5000,7.5000,7.5000,7.5000,7.5000,7.5000,7.5000
9.0919,7.5000,7.5000,7.5000,7.5000,7.5000,7.5000,7.5000,7.5000,7.5000,7.5000,7.5000,7.5000,7.5000,7.5000,7.5000,7.5000
9.1020,7.5000,7.5000,7.5000,7.5000,7.5000,7.5000,7.5000,7.5000,7.5000,7.5000,7.5000,7.5000,7.5000,7.5000,7.5000,7.5000
9.1121,7.5000,7.5000,7.5000,7.5000,7.5000,7.5000,7.5000,7.5000,7.5000,7.5000,7.5000,7.5000,7.5000,7.5000,7.5000,7.5000
9.1221,7.5000,7.5000,7.5000,7.5000,7.5000,7.5000,7.5000,7.5000,7.5000,7.5000,7.5000,7.5000,7.5000,7.5000,7.5000,7.5000
9.1322,7.5000,7.5000,7.5000,7.5000,7.5000,7.5000,7.5000,7.5000,7.5000,7.5000,7.5000,7.5000,7.5000,7.5000,7.5000,7.5000
9.1422,7.5000,7.5000,7.5000,7.5000,7.5000,7.5000,7.5000,7.5000,7.5000,7.5000,7.5000,7.5000,7.5000,7.5000,7.5000,7.5000
9.1523,7.5000,7.5000,7.5000,7.5000,7.5000,7.5000,7.5000,7.5000,7.5000,7.5000,7.5000,7.5000,7.5000,7.5000,7.5000,7.5000
9.1624,7.5000,7.5000,7.5000,7.5000,7.5000,7.5000,7.5000,7.5000,7.5000,7.5000,7.5000,7.5000,7.5000,7.5000,7.5000,7.5000
9.1724,7.5000,7.5000,7.5000,7.5000,7.5000,7.5000,7.5000,7.5000,7.5000,7.5000,7.5000,7.5000,7.5000,7.5000,7.5000,7.5000
9.1825,7.5000,7.5000,7.5000,7.5000,7.5000,7.5000,7.5000,7.5000,7.5000,7.5000,7.5000,7.5000,7.5000,7.5000,7.5000,7.5000
9.1926,7.5000,7.5000,7.5000,7.5000,7.5000,7.5000,7.5000,7.5000,7.5000,7.5000,7.5000,7.5000,7.5000,7.5000,7.5000,7.5000
9.2026,7.5000,7.5000,7.5000,7.5000,7.5000,7.5000,7.5000,7.5000,7.5000,7.5000,7.5000,7.5000,7.5000,7.5000,7.5000,7.5000
9.2126,7.5000,7.5000,7.5000,7.5000,7.5000,7.5000,7.5000,7.5000,7.5000,7.5000,7.5000,7.5000,7.5000,7.5000,7.5000,7.5000
9.2227,7.5000,7.5000,7.5000,7.5000,7.5000,7.5000,7.5000,7.5000,7.5000,7.5000,7.5000,7.5000,7.5000,7.5000,7.5000,7.5000
9.2328,7.5000,7.5000,7.5000,7.5000,7.5000,7.5000,7.5000,7.5000,7.5000,7.5000,7.5000,7.5000,7.5000,7.5000,7.5000,7.5000
9.2428,7.5000,7.5000,7.5000,7.5000,7.5000,7.5000,7.5000,7.5000,7.5000,7.5000,7.5000,7.5000,7.5000,7.5000,7.5000,7.5000
9.2529,7.5000,7.5000,7.5000,7.5000,7.5000,7.5000,7.5000,7.5000,7.5000,7.5000,7.5000,7.5000,7.5000,7.5000,7.5000,7.5000
9.2630,7.5000,7.5000,7.5000,7.5000,7.5000,7.5000,7.5000,7.5000,7.5000,7.5000,7.5000,7.5000,7.5000,7.5000,7.5000,7.5000
9.2730,7.5000,7.5000,7.5000,7.5000,7.5000,7.5000,7.5000,7.5000,7.5000,7.5000,7.5000,7.5000,7.5000,7.5000,7.5000,7.5000
9.2831,7.5000,7.5000,7.5000,7.5000,7.5000,7.5000,7.5000,7.5000,7.5000,7.5000,7.5000,7.5000,7.5000,7.5000,7.5000,7.5000
9.2932,7.5000,7.5000,7.5000,7.5000,7.5000,7.5000,7.5000,7.5000,7.5000,7.5000,7.5000,7.5000,7.5000,7.5000,7.5000,7.5000
9.3032,7.5000,7.5000,7.5000,7.5000,7.5000,7.5000,7.5000,7.5000,7.5000,7.5000,7.5000,7.5000,7.5000,7.5000,7.5000,7.5000
9.3133,7.5000,7.5000,7.5000,7.5000,7.5000,7.5000,7.5000,7.5000,7.5000,7.5000,7.5000,7.5000,7.5000,7.5000,7.5000,7.5000
9.3233,7.5000,7.5000,7.5000,7.5000,7.5000,7.5000,7.5000,7.5000,7.5000,7.5000,7.5000,7.5000,7.5000,7.5000,7.5000,7.5000
9.3334,7.5000,7.5000,7.5000,7.5000,7.5000,7.5000,7.5000,7.5000,7.5000,7.5000,7.5000,7.5000,7.5000,7.5000,7.5000,7.5000
9.3435,7.5000,7.5000,7.5000,7.5000,7.5000,7.5000,7.5000,7.5000,7.5000,7.5000,7.5000,7.5000,7.5000,7.5000,7.5000,7.5000
9.3535,7.5000,7.5000,7.5000,7.5000,7.5000,7.5000,7.5000,7.5000,7.5000,7.5000,7.5000,7.5000,7.5000,7.5000,7.5000,7.5000
9.3636,7.5000,7.5000,7.5000,7.5000,7.5000,7.5000,7.5000,7.5000,7.5000,7.5000,7.5000,7.5000,7.5000,7.5000,7.5000,7.5000
9.3737,7.5000,7.5000,7.5000,7.5000,7.5000,7.5000,7.5000,7.5000,7.5000,7.5000,7.5000,7.5000,7.5000,7.5000,7.5000,7.5000
9.3837,7.5000,7.5000,7.5000,7.5000,7.5000,7.5000,7.5000,7.5000,7.5000,7.5000,7.5000,7.5000,7.5000,7.5000,7.5000,7.5000
9.3938,7.5000,7.5000,7.5000,7.5000,7.5000,7.5000,7.5000,7.5000,7.5000,7.5000,7.5000,7.5000,7.5000,7.5000,7.5000,7.5000
9.4039,7.5000,7.5000,7.5000,7.5000,7.5000,7.5000,7.5000,7.5000,7.5000,7.5000,7.5000,7.5000,7.5000,7.5000,7.5000,7.5000
9.4139,7.5000,7.5000,7.5000,7.5000,7.5000,7.5000,7.5000,7.5000,7.5000,7.5000,7.5000,7.5000,7.5000,7.5000,7.5000,7.5000
9.4240,7.5000,7.5000,7.5000,7.5000,7.5000,7.5000,7.5000,7.5000,7.5000,7.5000,7.5000,7.5000,7.5000,7.5000,7.5000,7.5000
9.4341,7.5000,7.5000,7.5000,7.5000,7.5000,7.5000,7.5000,7.5000,7.5000,7.5000,7.5000,7.5000,7.5000,7.5000,7.5000,7.5000
9.4442,7.5000,7.5000,7.5000,7.5000,7.5000,7.5000,7.5000,7.5000,7.5000,7.5000,7.5000,7.5000,7.5000,7.5000,7.5000,7.5000
9.4542,7.5000,7.5000,7.5000,7.5000,7.5000,7.5000,7.5000,7.5000,7.5000,7.5000,7.5000,7.5000,7.5000,7.5000,7.5000,7.5000
9.4643,7.5000,7.5000,7.5000,7.5000,7.5000,7.5000,7.5000,7.5000,7.5000,7.5000,7.5000,7.5000,7.5000,7.5000,7.5000,7.5000
9.4743,7.5000,7.5000,7.5000,7.5000,7.5000,7.5000,7.5000,7.5000,7.5000,7.5000,7.5000,7.5000,7.5000,7.5000,7.5000,7.5000
9.4844,7.5000,7.5000,7.5000,7.5000,7.5000,7.5000,7.5000,7.5000,7.5000,7.5000,7.5000,7.5000,7.5000,7.5000,7.5000,7.5000
9.4945,7.5000,7.5000,7.5000,7.5000,7.5000,7.5000,7.5000,7.5000,7.5000,7.5000,7.5000,7.5000,7.5000,7.5000,7.5000,7.5000
9.5045,7.5000,7.5000,7.5000,7.5000,7.5000,7.5000,7.5000,7.5000,7.5000,7.5000,7.5000,7.5000,7.5000,7.5000,7.5000,7.5000
9.5146,7.5000,7.5000,7.5000,7.5000,7.5000,7.5000,7.5000,7.5000,7.5000,7.5000,7.5000,7.5000,7.5000,7.5000,7.5000,7.5000
9.5247,7.5000,7.5000,7.5000,7.5000,7.5000,7.5000,7.5000,7.5000,7.5000,7.5000,7.5000,7.5000,7.5000,7.5000,7.5000,7.5000
9.5347,7.5000,7.5000,7.5000,7.5000,7.5000,7.5000,7.5000,7.5000,7.5000,7.5000,7.5000,7.5000,7.5000,7.5000,7.5000,7.5000
9.5448,7.5000,7.5000,7.5000,7.5000,7.5000,7.5000,7.5000,7.5000,7.5000,7.5000,7.5000,7.5000,7.5000,7.5000,7.5000,7.5000
9.5549,7.5000,7.5000,7.5000,7.5000,7.5000,7.5000,7.5000,7.5000,7.5000,7.5000,7.5000,7.5000,7.5000,7.5000,7.5000,7.5000
9.5649,7.5000,7.5000,7.5000,7.5000,7.5000,7.5000,7.5000,7.5000,7.5000,7.5000,7.5000,7.5000,7.5000,7.5000,7.5000,7.5000
9.5750,7.5000,7.5000,7.5000,7.5000,7.5000,7.5000,7.5000,7.5000,7.5000,7.5000,7.5000,7.5000,7.5000,7.5000,7.5000,7.5000
9.5850,7.5000,7.5000,7.5000,7.5000,7.5000,7.5000,7.5000,7.5000,7.5000,7.5000,7.5000,7.5000,7.5000,7.5000,7.5000,7.5000
9.5951,7.5000,7.5000,7.5000,7.5000,7.5000,7.5000,7.5000,7.5000,7.5000,7.5000,7.5000,7.5000,7.5000,7.5000,7.5000,7.5000
9.6052,7.5000,7.5000,7.5000,7.5000,7.5000,7.5000,7.5000,7.5000,7.5000,7.5000,7.5000,7.5000,7.5000,7.5000,7.5000,7.5000
9.6152,7.5000,7.5000,7.5000,7.5000,7.5000,7.5000,7.5000,7.5000,7.5000,7.5000,7.5000,7.5000,7.5000,7.5000,7.5000,7.5000
9.6253,7.5000,7.5000,7.5000,7.5000,7.5000,7.5000,7.5000,7.5000,7.5000,7.5000,7.5000,7.5000,7.5000,7.5000,7.5000,7.5000
9.6353,7.5000,7.5000,7.5000,7.5000,7.5000,7.5000,7.5000,7.5000,7.5000,7.5000,7.5000,7.5000,7.5000,7.5000,7.5000,7.5000
9.6454,7.5000,7.5000,7.5000,7.5000,7.5000,7.5000,7.5000,7.5000,7.5000,7.5000,7.5000,7.5000,7.5000,7.5000,7.5000,7.5000
9.6555,7.5000,7.5000,7.5000,7.5000,7.5000,7.5000,7.5000,7.5000,7.5000,7.5000,7.5000,7.5000,7.5000,7.5000,7.5000,7.5000
9.6655,7.5000,7.5000,7.5000,7.5000,7.5000,7.5000,7.5000,7.5000,7.5000,7.5000,7.5000,7.5000,7.5000,7.5000,7.5000,7.5000
9.6756,7.5000,7.5000,7.5000,7.5000,7.5000,7.5000,7.5000,7.5000,7.5000,7.5000,7.5000,7.5000,7.5000,7.5000,7.5000,7.5000
9.6857,7.5000,7.5000,7.5000,7.5000,7.5000,7.5000,7.5000,7.5000,7.5000,7.5000,7.5000,7.5000,7.5000,7.5000,7.5000,7.5000
9.6957,7.5000,7.5000,7.5000,7.5000,7.5000,7.5000,7.5000,7.5000,7.5000,7.5000,7.5000,7.5000,7.5000,7.5000,7.5000,7.5000
9.7058,7.5000,7.5000,7.5000,7.5000,7.5000,7.5000,7.5000,7.5000,7.5000,7.5000,7.5000,7.5000,7.5000,7.5000,7.5000,7.5000
9.7158,7.5000,7.5000,7.5000,7.5000,7.5000,7.5000,7.5000,7.5000,7.5000,7.5000,7.5000,7.5000,7.5000,7.5000,7.5000,7.5000
9.7259,7.5000,7.5000,7.5000,7.5000,7.5000,7.5000,7.5000,7.5000,7.5000,7.5000,7.5000,7.5000,7.5000,7.5000,7.5000,7.5000
9.7360,7.5000,7.5000,7.5000,7.5000,7.5000,7.5000,7.5000,7.5000,7.5000,7.5000,7.5000,7.5000,7.5000,7.5000,7.5000,7.5000
9.7460,7.5000,7.5000,7.5000,7.5000,7.5000,7.5000,7.5000,7.5000,7.5000,7.5000,7.5000,7.5000,7.5000,7.5000,7.5000,7.5000
9.7561,7.5000,7.5000,7.5000,7.5000,7.5000,7.5000,7.5000,7.5000,7.5000,7.5000,7.5000,7.5000,7.5000,7.5000,7.5000,7.5000
9.7661,7.5000,7.5000,7.5000,7.5000,7.5000,7.5000,7.5000,7.5000,7.5000,7.5000,7.5000,7.5000,7.5000,7.5000,7.5000,7.5000
9.7762,7.5000,7.5000,7.5000,7.5000,7.5000,7.5000,7.5000,7.5000,7.5000,7.5000,7.5000,7.5000,7.5000,7.5000,7.5000,7.5000
9.7863,7.5000,7.5000,7.5000,7.5000,7.5000,7.5000,7.5000,7.5000,7.5000,7.5000,7.5000,7.5000,7.5000,7.5000,7.5000,7.5000
9.7963,7.5000,7.5000,7.5000,7.5000,7.5000,7.5000,7.5000,7.5000,7.5000,7.5000,7.5000,7.5000,7.5000,7.5000,7.5000,7.5000
9.8064,7.5000,7.5000,7.5000,7.5000,7.5000,7.5000,7.5000,7.5000,7.5000,7.5000,7.5000,7.5000,7.5000,7.5000,7.5000,7.5000
9.8165,7.5000,7.5000,7.5000,7.5000,7.5000,7.5000,7.5000,7.5000,7.5000,7.5000,7.5000,7.5000,7.5000,7.5000,7.5000,7.5000
9.8265,7.5000,7.5000,7.5000,7.5000,7.5000,7.5000,7.5000,7.5000,7.5000,7.5000,7.5000,7.5000,7.5000,7.5000,7.5000,7.5000
9.8366,7.5000,7.5000,7.5000,7.5000,7.5000,7.5000,7.5000,7.5000,7.5000,7.5000,7.5000,7.5000,7.5000,7.5000,7.5000,7.5000
9.8466,7.5000,7.5000,7.5000,7.5000,7.5000,7.5000,7.5000,7.5000,7.5000,7.5000,7.5000,7.5000,7.5000,7.5000,7.5000,7.5000
9.8567,7.5000,7.5000,7.5000,7.5000,7.5000,7.5000,7.5000,7.5000,7.5000,7.5000,7.5000,7.5000,7.5000,7.5000,7.5000,7.5000
9.8668,7.5000,7.5000,7.5000,7.5000,7.5000,7.5000,7.5000,7.5000,7.5000,7.5000,7.5000,7.5000,7.5000,7.5000,7.5000,7.5000
9.8768,7.5000,7.5000,7.5000,7.5000,7.5000,7.5000,7.5000,7.5000,7.5000,7.5000,7.5000,7.5000,7.5000,7.5000,7.5000,7.5000
9.8869,7.5000,7.5000,7.5000,7.5000,7.5000,7.5000,7.5000,7.5000,7.5000,7.5000,7.5000,7.5000,7.5000,7.5000,7.5000,7.5000
9.8970,7.5000,7.5000,7.5000,7.5000,7.5000,7.5000,7.5000,7.5000,7.5000,7.5000,7.5000,7.5000,7.5000,7.5000,7.5000,7.5000
9.9070,7.5000,7.5000,7.5000,7.5000,7.5000,7.5000,7.5000,7.5000,7.5000,7.5000,7.5000,7.5000,7.5000,7.5000,7.5000,7.5000
9.9171,7.5000,7.5000,7.5000,7.5000,7.5000,7.5000,7.5000,7.5000,7.5000,7.5000,7.5000,7.5000,7.5000,7.5000,7.5000,7.5000
9.9271,7.5000,7.5000,7.5000,7.5000,7.5000,7.5000,7.5000,7.5000,7.5000,7.5000,7.5000,7.5000,7.5000,7.5000,7.5000,7.5000
9.9372,7.5000,7.5000,7.5000,7.5000,7.5000,7.5000,7.5000,7.5000,7.5000,7.5000,7.5000,7.5000,7.5000,7.5000,7.5000,7.5000
9.9473,7.5000,7.5000,7.5000,7.5000,7.5000,7.5000,7.5000,7.5000,7.5000,7.5000,7.5000,7.5000,7.5000,7.5000,7.5000,7.5000
9.9573,7.5000,7.5000,7.5000,7.5000,7.5000,7.5000,7.5000,7.5000,7.5000,7.5000,7.5000,7.5000,7.5000,7.5000,7.5000,7.5000
9.9674,7.5000,7.5000,7.5000,7.5000,7.5000,7.5000,7.5000,7.5000,7.5000,7.5000,7.5000,7.5000,7.5000,7.5000,7.5000,7.5000
9.9775,7.5000,7.5000,7.5000,7.5000,7.5000,7.5000,7.5000,7.5000,7.5000,7.5000,7.5000,7.5000,7.5000,7.5000,7.5000,7.5000
9.9875,7.5000,7.5000,7.5000,7.5000,7.5000,7.5000,7.5000,7.5000,7.5000,7.5000,7.5000,7.5000,7.5000,7.5000,7.5000,7.5000
9.9976,7.5000,7.5000,7.5000,7.5000,7.5000,7.5000,7.5000,7.5000,7.5000,7.5000,7.5000,7.5000,7.5000,7.5000,7.5000,7.5000
10.0077,7.5000,7.5000,7.5000,7.5000,7.5000,7.5000,7.5000,7.5000,7.5000,7.5000,7.5000,7.5000,7.5000,7.5000,7.5000,7.5000
10.0177,7.5000,7.5000,7.5000,7.5000,7.5000,7.5000,7.5000,7.5000,7.5000,7.5000,7.5000,7.5000,7.5000,7.5000,7.5000,7.5000
10.0278,7.5000,7.5000,7.5000,7.5000,7.5000,7.5000,7.5000,7.5000,7.5000,7.5000,7.5000,7.5000,7.5000,7.5000,7.5000,7.5000
10.0378,7.5000,7.5000,7.5000,7.5000,7.5000,7.5000,7.5000,7.5000,7.5000,7.5000,7.5000,7.5000,7.5000,7.5000,7.5000,7.5000
10.0479,7.5000,7.5000,7.5000,7.5000,7.5000,7.5000,7.5000,7.5000,7.5000,7.5000,7.5000,7.5000,7.5000,7.5000,7.5000,7.5000
10.0580,7.5000,7.5000,7.5000,7.5000,7.5000,7.5000,7.5000,7.5000,7.5000,7.5000,7.5000,7.5000,7.5000,7.5000,7.5000,7.5000
10.0680,7.5000,7.5000,7.5000,7.5000,7.5000,7.5000,7.5000,7.5000,7.5000,7.5000,7.5000,7.5000,7.5000,7.5000,7.5000,7.5000
10.0781,7.5000,7.5000,7.5000,7.5000,7.5000,7.5000,7.5000,7.5000,7.5000,7.5000,7.5000,7.5000,7.5000,7.5000,7.5000,7.5000
10.0882,7.5000,7.5000,7.5000,7.5000,7.5000,7.5000,7.5000,7.5000,7.5000,7.5000,7.5000,7.5000,7.5000,7.5000,7.5000,7.5000
10.0982,7.5000,7.5000,7.5000,7.5000,7.5000,7.5000,7.5000,7.5000,7.5000,7.5000,7.5000,7.5000,7.5000,7.5000,7.5000,7.5000
10.1083,7.5000,7.5000,7.5000,7.5000,7.5000,7.5000,7.5000,7.5000,7.5000,7.5000,7.5000,7.5000,7.5000,7.5000,7.5000,7.5000
10.1184,7.5000,7.5000,7.5000,7.5000,7.5000,7.5000,7.5000,7.5000,7.5000,7.5000,7.5000,7.5000,7.5000,7.5000,7.5000,7.5000
10.1284,7.5000,7.5000,7.5000,7.5000,7.5000,7.5000,7.5000,7.5000,7.5000,7.5000,7.5000,7.5000,7.5000,7.5000,7.5000,7.5000
10.1385,7.5000,7.5000,7.5000,7.5000,7.5000,7.5000,7.5000,7.5000,7.5000,7.5000,7.5000,7.5000,7.5000,7.5000,7.5000,7.5000
10.1485,7.5000,7.5000,7.5000,7.5000,7.5000,7.5000,7.5000,7.5000,7.5000,7.5000,7.5000,7.5000,7.5000,7.5000,7.5000,7.5000
10.1586,7.5000,7.5000,7.5000,7.5000,7.5000,7.5000,7.5000,7.5000,7.5000,7.5000,7.5000,7.5000,7.5000,7.5000,7.5000,7.5000
10.1687,7.5000,7.5000,7.5000,7.5000,7.5000,7.5000,7.5000,7.5000,7.5000,7.5000,7.5000,7.5000,7.5000,7.5000,7.5000,7.5000
10.1787,7.5000,7.5000,7.5000,7.5000,7.5000,7.5000,7.5000,7.5000,7.5000,7.5000,7.5000,7.5000,7.5000,7.5000,7.5000,7.5000
10.1888,7.5000,7.5000,7.5000,7.5000,7.5000,7.5000,7.5000,7.5000,7.5000,7.5000,7.5000,7.5000,7.5000,7.5000,7.5000,7.5000
10.1989,7.5000,7.5000,7.5000,7.5000,7.5000,7.5000,7.5000,7.5000,7.5000,7.5000,7.5000,7.5000,7.5000,7.5000,7.5000,7.5000
10.2089,7.5000,7.5000,7.5000,7.5000,7.5000,7.5000,7.5000,7.5000,7.5000,7.5000,7.5000,7.5000,7.5000,7.5000,7.5000,7.5000
10.2190,7.5000,7.5000,7.5000,7.5000,7.5000,7.5000,7.5000,7.5000,7.5000,7.5000,7.5000,7.5000,7.5000,7.5000,7.5000,7.5000
10.2291,7.5000,7.5000,7.5000,7.5000,7.5000,7.5000,7.5000,7.5000,7.5000,7.5000,7.5000,7.5000,7.5000,7.5000,7.5000,7.5000
10.2391,7.5000,7.5000,7.5000,7.5000,7.5000,7.5000,7.5000,7.5000,7.5000,7.5000,7.5000,7.5000,7.5000,7.5000,7.5000,7.5000
10.2492,7.5000,7.5000,7.5000,7.5000,7.5000,7.5000,7.5000,7.5000,7.5000,7.5000,7.5000,7.5000,7.5000,7.5000,7.5000,7.5000
10.2593,7.5000,7.5000,7.5000,7.5000,7.5000,7.5000,7.5000,7.5000,7.5000,7.5000,7.5000,7.5000,7.5000,7.5000,7.5000,7.5000
10.2693,7.5000,7.5000,7.5000,7.5000,7.5000,7.5000,7.5000,7.5000,7.5000,7.5000,7.5000,7.5000,7.5000,7.5000,7.5000,7.5000
10.2794,7.5000,7.5000,7.5000,7.5000,7.5000,7.5000,7.5000,7.5000,7.5000,7.5000,7.5000,7.5000,7.5000,7.5000,7.5000,7.5000
10.2895,7.5000,7.5000,7.5000,7.5000,7.5000,7.5000,7.5000,7.5000,7.5000,7.5000,7.5000,7.5000,7.5000,7.5000,7.5000,7.5000
10.2996,7.5000,7.5000,7.5000,7.5000,7.5000,7.5000,7.5000,7.5000,7.5000,7.5000,7.5000,7.5000,7.5000,7.5000,7.5000,7.5000
10.3096,7.5000,7.5000,7.5000,7.5000,7.5000,7.5000,7.5000,7.5000,7.5000,7.5000,7.5000,7.5000,7.5000,7.5000,7.5000,7.5000
10.3197,7.5000,7.5000,7.5000,7.5000,7.5000,7.5000,7.5000,7.5000,7.5000,7.5000,7.5000,7.5000,7.5000,7.5000,7.5000,7.5000
10.3298,7.5000,7.5000,7.5000,7.5000,7.5000,7.5000,7.5000,7.5000,7.5000,7.5000,7.5000,7.5000,7.5000,7.5000,7.5000,7.5000
10.3398,7.5000,7.5000,7.5000,7.5000,7.5000,7.5000,7.5000,7.5000,7.5000,7.5000,7.5000,7.5000,7.5000,7.5000,7.5000,7.5000
10.3499,7.5000,7.5000,7.5000,7.5000,7.5000,7.5000,7.5000,7.5000,7.5000,7.5000,7.5000,7.5000,7.5000,7.5000,7.5000,7.5000
10.3600,7.5000,7.5000,7.5000,7.5000,7.5000,7.5000,7.5000,7.5000,7.5000,7.5000,7.5000,7.5000,7.5000,7.5000,7.5000,7.5000
10.3700,7.5000,7.5000,7.5000,7.5000,7.5000,7.5000,7.5000,7.5000,7.5000,7.5000,7.5000,7.5000,7.5000,7.5000,7.5000,7.5000
10.3801,7.5000,7.5000,7.5000,7.5000,7.5000,7.5000,7.5000,7.5000,7.5000,7.5000,7.5000,7.5000,7.5000,7.5000,7.5000,7.5000
10.3901,7.5000,7.5000,7.5000,7.5000,7.5000,7.5000,7.5000,7.5000,7.5000,7.5000,7.5000,7.5000,7.5000,7.5000,7.5000,7.5000
10.4002,7.5000,7.5000,7.5000,7.5000,7.5000,7.5000,7.5000,7.5000,7.5000,7.5000,7.5000,7.5000,7.5000,7.5000,7.5000,7.5000
10.4103,7.5000,7.5000,7.5000,7.5000,7.5000,7.5000,7.5000,7.5000,7.5000,7.5000,7.5000,7.5000,7.5000,7.5000,7.5000,7.5000
10.4203,7.5000,7.5000,7.5000,7.5000,7.5000,7.5000,7.5000,7.5000,7.5000,7.5000,7.5000,7.5000,7.5000,7.5000,7.5000,7.5000
10.4304,7.5000,7.5000,7.5000,7.5000,7.5000,7.5000,7.5000,7.5000,7.5000,7.5000,7.5000,7.5000,7.5000,7.5000,7.5000,7.5000
10.4404,7.5000,7.5000,7.5000,7.5000,7.5000,7.5000,7.5000,7.5000,7.5000,7.5000,7.5000,7.5000,7.5000,7.5000,7.5000,7.5000
10.4505,7.5000,7.5000,7.5000,7.5000,7.5000,7.5000,7.5000,7.5000,7.5000,7.5000,7.5000,7.5000,7.5000,7.5000,7.5000,7.5000
10.4606,7.5000,7.5000,7.5000,7.5000,7.5000,7.5000,7.5000,7.5000,7.5000,7.5000,7.5000,7.5000,7.5000,7.5000,7.5000,7.5000
10.4706,7.5000,7.5000,7.5000,7.5000,7.5000,7.5000,7.5000,7.5000,7.5000,7.5000,7.5000,7.5000,7.5000,7.5000,7.5000,7.5000
10.4806,7.5000,7.5000,7.5000,7.5000,7.5000,7.5000,7.5000,7.5000,7.5000,7.5000,7.5000,7.5000,7.5000,7.5000,7.5000,7.5000
10.4907,7.5000,7.5000,7.5000,7.5000,7.5000,7.5000,7.5000,7.5000,7.5000,7.5000,7.5000,7.5000,7.5000,7.5000,7.5000,7.5000
10.5008,7.5000,7.5000,7.5000,7.5000,7.5000,7.5000,7.5000,7.5000,7.5000,7.5000,7.5000,7.5000,7.5000,7.5000,7.5000,7.5000
10.5108,7.5000,7.5000,7.5000,7.5000,7.5000,7.5000,7.5000,7.5000,7.5000,7.5000,7.5000,7.5000,7.5000,7.5000,7.5000,7.5000
10.5209,7.5000,7.5000,7.5000,7.5000,7.5000,7.5000,7.5000,7.5000,7.5000,7.5000,7.5000,7.5000,7.5000,7.5000,7.5000,7.5000
10.5310,7.5000,7.5000,7.5000,7.5000,7.5000,7.5000,7.5000,7.5000,7.5000,7.5000,7.5000,7.5000,7.5000,7.5000,7.5000,7.5000
10.5410,7.5000,7.5000,7.5000,7.5000,7.5000,7.5000,7.5000,7.5000,7.5000,7.5000,7.5000,7.5000,7.5000,7.5000,7.5000,7.5000
10.5511,7.5000,7.5000,7.5000,7.5000,7.5000,7.5000,7.5000,7.5000,7.5000,7.5000,7.5000,7.5000,7.5000,7.5000,7.5000,7.5000
10.5611,7.5000,7.5000,7.5000,7.5000,7.5000,7.5000,7.5000,7.5000,7.5000,7.5000,7.5000,7.5000,7.5000,7.5000,7.5000,7.5000
10.5712,7.5000,7.5000,7.5000,7.5000,7.5000,7.5000,7.5000,7.5000,7.5000,7.5000,7.5000,7.5000,7.5000,7.5000,7.5000,7.5000
10.5813,7.5000,7.5000,7.5000,7.5000,7.5000,7.5000,7.5000,7.5000,7.5000,7.5000,7.5000,7.5000,7.5000,7.5000,7.5000,7.5000
10.5913,7.5000,7.5000,7.5000,7.5000,7.5000,7.5000,7.5000,7.5000,7.5000,7.5000,7.5000,7.5000,7.5000,7.5000,7.5000,7.5000
10.6014,7.5000,7.5000,7.5000,7.5000,7.5000,7.5000,7.5000,7.5000,7.5000,7.5000,7.5000,7.5000,7.5000,7.5000,7.5000,7.5000
10.6115,7.5000,7.5000,7.5000,7.5000,7.5000,7.5000,7.5000,7.5000,7.5000,7.5000,7.5000,7.5000,7.5000,7.5000,7.5000,7.5000
10.6215,7.5000,7.5000,7.5000,7.5000,7.5000,7.5000,7.5000,7.5000,7.5000,7.5000,7.5000,7.5000,7.5000,7.5000,7.5000,7.5000
10.6316,7.5000,7.5000,7.5000,7.5000,7.5000,7.5000,7.5000,7.5000,7.5000,7.5000,7.5000,7.5000,7.5000,7.5000,7.5000,7.5000
10.6416,7.5000,7.5000,7.5000,7.5000,7.5000,7.5000,7.5000,7.5000,7.5000,7.5000,7.5000,7.5000,7.5000,7.5000,7.5000,7.5000
10.6517,7.5000,7.5000,7.5000,7.5000,7.5000,7.5000,7.5000,7.5000,7.5000,7.5000,7.5000,7.5000,7.5000,7.5000,7.5000,7.5000
10.6618,7.5000,7.5000,7.5000,7.5000,7.5000,7.5000,7.5000,7.5000,7.5000,7.5000,7.5000,7.5000,7.5000,7.5000,7.5000,7.5000
10.6718,7.5000,7.5000,7.5000,7.5000,7.5000,7.5000,7.5000,7.5000,7.5000,7.5000,7.5000,7.5000,7.5000,7.5000,7.5000,7.5000
10.6819,7.5000,7.5000,7.5000,7.5000,7.5000,7.5000,7.5000,7.5000,7.5000,7.5000,7.5000,7.5000,7.5000,7.5000,7.5000,7.5000
10.6920,7.5000,7.5000,7.5000,7.5000,7.5000,7.5000,7.5000,7.5000,7.5000,7.5000,7.5000,7.5000,7.5000,7.5000,7.5000,7.5000
10.7020,7.5000,7.5000,7.5000,7.5000,7.5000,7.5000,7.5000,7.5000,7.5000,7.5000,7.5000,7.5000,7.5000,7.5000,7.5000,7.5000
10.7121,7.5000,7.5000,7.5000,7.5000,7.5000,7.5000,7.5000,7.5000,7.5000,7.5000,7.5000,7.5000,7.5000,7.5000,7.5000,7.5000
10.7222,7.5000,7.5000,7.5000,7.5000,7.5000,7.5000,7.5000,7.5000,7.5000,7.5000,7.5000,7.5000,7.5000,7.5000,7.5000,7.5000
10.7322,7.5000,7.5000,7.5000,7.5000,7.5000,7.5000,7.5000,7.5000,7.5000,7.5000,7.5000,7.5000,7.5000,7.5000,7.5000,7.5000
10.7423,7.5000,7.5000,7.5000,7.5000,7.5000,7.5000,7.5000,7.5000,7.5000,7.5000,7.5000,7.5000,7.5000,7.5000,7.5000,7.5000
10.7524,7.5000,7.5000,7.5000,7.5000,7.5000,7.5000,7.5000,7.5000,7.5000,7.5000,7.5000,7.5000,7.5000,7.5000,7.5000,7.5000
10.7624,7.5000,7.5000,7.5000,7.5000,7.5000,7.5000,7.5000,7.5000,7.5000,7.5000,7.5000,7.5000,7.5000,7.5000,7.5000,7.5000
10.7725,7.5000,7.5000,7.5000,7.5000,7.5000,7.5000,7.5000,7.5000,7.5000,7.5000,7.5000,7.5000,7.5000,7.5000,7.5000,7.5000
10.7826,7.5000,7.5000,7.5000,7.5000,7.5000,7.5000,7.5000,7.5000,7.5000,7.5000,7.5000,7.5000,7.5000,7.5000,7.5000,7.5000
10.7926,7.5000,7.5000,7.5000,7.5000,7.5000,7.5000,7.5000,7.5000,7.5000,7.5000,7.5000,7.5000,7.5000,7.5000,7.5000,7.5000
10.8027,7.5000,7.5000,7.5000,7.5000,7.5000,7.5000,7.5000,7.5000,7.5000,7.5000,7.5000,7.5000,7.5000,7.5000,7.5000,7.5000
10.8127,7.5000,7.5000,7.5000,7.5000,7.5000,7.5000,7.5000,7.5000,7.5000,7.5000,7.5000,7.5000,7.5000,7.5000,7.5000,7.5000
10.8228,7.5000,7.5000,7.5000,7.5000,7.5000,7.5000,7.5000,7.5000,7.5000,7.5000,7.5000,7.5000,7.5000,7.5000,7.5000,7.5000
10.8328,7.5000,7.5000,7.5000,7.5000,7.5000,7.5000,7.5000,7.5000,7.5000,7.5000,7.5000,7.5000,7.5000,7.5000,7.5000,7.5000
10.8429,7.5000,7.5000,7.5000,7.5000,7.5000,7.5000,7.5000,7.5000,7.5000,7.5000,7.5000,7.5000,7.5000,7.5000,7.5000,7.5000
10.8530,7.5000,7.5000,7.5000,7.5000,7.5000,7.5000,7.5000,7.5000,7.5000,7.5000,7.5000,7.5000,7.5000,7.5000,7.5000,7.5000
10.8630,7.5000,7.5000,7.5000,7.5000,7.5000,7.5000,7.5000,7.5000,7.5000,7.5000,7.5000,7.5000,7.5000,7.5000,7.5000,7.5000
10.8731,7.5000,7.5000,7.5000,7.5000,7.5000,7.5000,7.5000,7.5000,7.5000,7.5000,7.5000,7.5000,7.5000,7.5000,7.5000,7.5000
10.8831,7.5000,7.5000,7.5000,7.5000,7.5000,7.5000,7.5000,7.5000,7.5000,7.5000,7.5000,7.5000,7.5000,7.5000,7.5000,7.5000
10.8932,7.5000,7.5000,7.5000,7.5000,7.5000,7.5000,7.5000,7.5000,7.5000,7.5000,7.5000,7.5000,7.5000,7.5000,7.5000,7.5000
10.9033,7.5000,7.5000,7.5000,7.5000,7.5000,7.5000,7.5000,7.5000,7.5000,7.5000,7.5000,7.5000,7.5000,7.5000,7.5000,7.5000
10.9133,7.5000,7.5000,7.5000,7.5000,7.5000,7.5000,7.5000,7.5000,7.5000,7.5000,7.5000,7.5000,7.5000,7.5000,7.5000,7.5000
10.9234,7.5000,7.5000,7.5000,7.5000,7.5000,7.5000,7.5000,7.5000,7.5000,7.5000,7.5000,7.5000,7.5000,7.5000,7.5000,7.5000
10.9334,7.5000,7.5000,7.5000,7.5000,7.5000,7.5000,7.5000,7.5000,7.5000,7.5000,7.5000,7.5000,7.5000,7.5000,7.5000,7.5000
10.9435,7.5000,7.5000,7.5000,7.5000,7.5000,7.5000,7.5000,7.5000,7.5000,7.5000,7.5000,7.5000,7.5000,7.5000,7.5000,7.5000
10.9536,7.5000,7.5000,7.5000,7.5000,7.5000,7.5000,7.5000,7.5000,7.5000,7.5000,7.5000,7.5000,7.5000,7.5000,7.5000,7.5000
10.9636,7.5000,7.5000,7.5000,7.5000,7.5000,7.5000,7.5000,7.5000,7.5000,7.5000,7.5000,7.5000,7.5000,7.5000,7.5000,7.5000
10.9737,7.5000,7.5000,7.5000,7.5000,7.5000,7.5000,7.5000,7.5000,7.5000,7.5000,7.5000,7.5000,7.5000,7.5000,7.5000,7.5000
10.9837,7.5000,7.5000,7.5000,7.5000,7.5000,7.5000,7.5000,7.5000,7.5000,7.5000,7.5000,7.5000,7.5000,7.5000,7.5000,7.5000
10.9938,7.5000,7.5000,7.5000,7.5000,7.5000,7.5000,7.5000,7.5000,7.5000,7.5000,7.5000,7.5000,7.5000,7.5000,7.5000,7.5000
11.0039,7.5000,7.5000,7.5000,7.5000,7.5000,7.5000,7.5000,7.5000,7.5000,7.5000,7.5000,7.5000,7.5000,7.5000,7.5000,7.5000
11.0139,7.5000,7.5000,7.5000,7.5000,7.5000,7.5000,7.5000,7.5000,7.5000,7.5000,7.5000,7.5000,7.5000,7.5000,7.5000,7.5000
11.0240,7.5000,7.5000,7.5000,7.5000,7.5000,7.5000,7.5000,7.5000,7.5000,7.5000,7.5000,7.5000,7.5000,7.5000,7.5000,7.5000
11.0341,7.5000,7.5000,7.5000,7.5000,7.5000,7.5000,7.5000,7.5000,7.5000,7.5000,7.5000,7.5000,7.5000,7.5000,7.5000,7.5000
11.0441,7.5000,7.5000,7.5000,7.5000,7.5000,7.5000,7.5000,7.5000,7.5000,7.5000,7.5000,7.5000,7.5000,7.5000,7.5000,7.5000
11.0542,7.5000,7.5000,7.5000,7.5000,7.5000,7.5000,7.5000,7.5000,7.5000,7.5000,7.5000,7.5000,7.5000,7.5000,7.5000,7.5000
11.0642,7.5000,7.5000,7.5000,7.5000,7.5000,7.5000,7.5000,7.5000,7.5000,7.5000,7.5000,7.5000,7.5000,7.5000,7.5000,7.5000
11.0743,7.5000,7.5000,7.5000,7.5000,7.5000,7.5000,7.5000,7.5000,7.5000,7.5000,7.5000,7.5000,7.5000,7.5000,7.5000,7.5000
11.0844,7.5000,7.5000,7.5000,7.5000,7.5000,7.5000,7.5000,7.5000,7.5000,7.5000,7.5000,7.5000,7.5000,7.5000,7.5000,7.5000
11.0944,7.5000,7.5000,7.5000,7.5000,7.5000,7.5000,7.5000,7.5000,7.5000,7.5000,7.5000,7.5000,7.5000,7.5000,7.5000,7.5000
11.1045,7.5000,7.5000,7.5000,7.5000,7.5000,7.5000,7.5000,7.5000,7.5000,7.5000,7.5000,7.5000,7.5000,7.5000,7.5000,7.5000
11.1145,7.5000,7.5000,7.5000,7.5000,7.5000,7.5000,7.5000,7.5000,7.5000,7.5000,7.5000,7.5000,7.5000,7.5000,7.5000,7.5000
11.1246,7.5000,7.5000,7.5000,7.5000,7.5000,7.5000,7.5000,7.5000,7.5000,7.5000,7.5000,7.5000,7.5000,7.5000,7.5000,7.5000
11.1346,7.5000,7.5000,7.5000,7.5000,7.5000,7.5000,7.5000,7.5000,7.5000,7.5000,7.5000,7.5000,7.5000,7.5000,7.5000,7.5000
11.1447,7.5000,7.5000,7.5000,7.5000,7.5000,7.5000,7.5000,7.5000,7.5000,7.5000,7.5000,7.5000,7.5000,7.5000,7.5000,7.5000
11.1548,7.5000,7.5000,7.5000,7.5000,7.5000,7.5000,7.5000,7.5000,7.5000,7.5000,7.5000,7.5000,7.5000,7.5000,7.5000,7.5000
11.1648,7.5000,7.5000,7.5000,7.5000,7.5000,7.5000,7.5000,7.5000,7.5000,7.5000,7.5000,7.5000,7.5000,7.5000,7.5000,7.5000
11.1749,7.5000,7.5000,7.5000,7.5000,7.5000,7.5000,7.5000,7.5000,7.5000,7.5000,7.5000,7.5000,7.5000,7.5000,7.5000,7.5000
11.1849,7.5000,7.5000,7.5000,7.5000,7.5000,7.5000,7.5000,7.5000,7.5000,7.5000,7.5000,7.5000,7.5000,7.5000,7.5000,7.5000
11.1950,7.5000,7.5000,7.5000,7.5000,7.5000,7.5000,7.5000,7.5000,7.5000,7.5000,7.5000,7.5000,7.5000,7.5000,7.5000,7.5000
11.2051,7.5000,7.5000,7.5000,7.5000,7.5000,7.5000,7.5000,7.5000,7.5000,7.5000,7.5000,7.5000,7.5000,7.5000,7.5000,7.5000
11.2151,7.5000,7.5000,7.5000,7.5000,7.5000,7.5000,7.5000,7.5000,7.5000,7.5000,7.5000,7.5000,7.5000,7.5000,7.5000,7.5000
11.2252,7.5000,7.5000,7.5000,7.5000,7.5000,7.5000,7.5000,7.5000,7.5000,7.5000,7.5000,7.5000,7.5000,7.5000,7.5000,7.5000
11.2352,7.5000,7.5000,7.5000,7.5000,7.5000,7.5000,7.5000,7.5000,7.5000,7.5000,7.5000,7.5000,7.5000,7.5000,7.5000,7.5000
11.2452,7.5000,7.5000,7.5000,7.5000,7.5000,7.5000,7.5000,7.5000,7.5000,7.5000,7.5000,7.5000,7.5000,7.5000,7.5000,7.5000
11.2553,7.5000,7.5000,7.5000,7.5000,7.5000,7.5000,7.5000,7.5000,7.5000,7.5000,7.5000,7.5000,7.5000,7.5000,7.5000,7.5000
11.2653,7.5000,7.5000,7.5000,7.5000,7.5000,7.5000,7.5000,7.5000,7.5000,7.5000,7.5000,7.5000,7.5000,7.5000,7.5000,7.5000
11.2754,7.5000,7.5000,7.5000,7.5000,7.5000,7.5000,7.5000,7.5000,7.5000,7.5000,7.5000,7.5000,7.5000,7.5000,7.5000,7.5000
11.2854,7.5000,7.5000,7.5000,7.5000,7.5000,7.5000,7.5000,7.5000,7.5000,7.5000,7.5000,7.5000,7.5000,7.5000,7.5000,7.5000
11.2955,7.5000,7.5000,7.5000,7.5000,7.5000,7.5000,7.5000,7.5000,7.5000,7.5000,7.5000,7.5000,7.5000,7.5000,7.5000,7.5000
11.3055,7.5000,7.5000,7.5000,7.5000,7.5000,7.5000,7.5000,7.5000,7.5000,7.5000,7.5000,7.5000,7.5000,7.5000,7.5000,7.5000
11.3156,7.5000,7.5000,7.5000,7.5000,7.5000,7.5000,7.5000,7.5000,7.5000,7.5000,7.5000,7.5000,7.5000,7.5000,7.5000,7.5000
11.3257,7.5000,7.5000,7.5000,7.5000,7.5000,7.5000,7.5000,7.5000,7.5000,7.5000,7.5000,7.5000,7.5000,7.5000,7.5000,7.5000
11.3357,7.5000,7.5000,7.5000,7.5000,7.5000,7.5000,7.5000,7.5000,7.5000,7.5000,7.5000,7.5000,7.5000,7.5000,7.5000,7.5000
11.3458,7.5000,7.5000,7.5000,7.5000,7.5000,7.5000,7.5000,7.5000,7.5000,7.5000,7.5000,7.5000,7.5000,7.5000,7.5000,7.5000
11.3558,7.5000,7.5000,7.5000,7.5000,7.5000,7.5000,7.5000,7.5000,7.5000,7.5000,7.5000,7.5000,7.5000,7.5000,7.5000,7.5000
11.3659,7.5000,7.5000,7.5000,7.5000,7.5000,7.5000,7.5000,7.5000,7.5000,7.5000,7.5000,7.5000,7.5000,7.5000,7.5000,7.5000
11.3760,7.5000,7.5000,7.5000,7.5000,7.5000,7.5000,7.5000,7.5000,7.5000,7.5000,7.5000,7.5000,7.5000,7.5000,7.5000,7.5000
11.3860,7.5000,7.5000,7.5000,7.5000,7.5000,7.5000,7.5000,7.5000,7.5000,7.5000,7.5000,7.5000,7.5000,7.5000,7.5000,7.5000
11.3961,7.5000,7.5000,7.5000,7.5000,7.5000,7.5000,7.5000,7.5000,7.5000,7.5000,7.5000,7.5000,7.5000,7.5000,7.5000,7.5000
11.4062,7.5000,7.5000,7.5000,7.5000,7.5000,7.5000,7.5000,7.5000,7.5000,7.5000,7.5000,7.5000,7.5000,7.5000,7.5000,7.5000
11.4162,7.5000,7.5000,7.5000,7.5000,7.5000,7.5000,7.5000,7.5000,7.5000,7.5000,7.5000,7.5000,7.5000,7.5000,7.5000,7.5000
11.4263,7.5000,7.5000,7.5000,7.5000,7.5000,7.5000,7.5000,7.5000,7.5000,7.5000,7.5000,7.5000,7.5000,7.5000,7.5000,7.5000
11.4364,7.5000,7.5000,7.5000,7.5000,7.5000,7.5000,7.5000,7.5000,7.5000,7.5000,7.5000,7.5000,7.5000,7.5000,7.5000,7.5000
11.4465,7.5000,7.5000,7.5000,7.5000,7.5000,7.5000,7.5000,7.5000,7.5000,7.5000,7.5000,7.5000,7.5000,7.5000,7.5000,7.5000
11.4565,7.5000,7.5000,7.5000,7.5000,7.5000,7.5000,7.5000,7.5000,7.5000,7.5000,7.5000,7.5000,7.5000,7.5000,7.5000,7.5000
11.4666,7.5000,7.5000,7.5000,7.5000,7.5000,7.5000,7.5000,7.5000,7.5000,7.5000,7.5000,7.5000,7.5000,7.5000,7.5000,7.5000
11.4767,7.5000,7.5000,7.5000,7.5000,7.5000,7.5000,7.5000,7.5000,7.5000,7.5000,7.5000,7.5000,7.5000,7.5000,7.5000,7.5000
11.4867,7.5000,7.5000,7.5000,7.5000,7.5000,7.5000,7.5000,7.5000,7.5000,7.5000,7.5000,7.5000,7.5000,7.5000,7.5000,7.5000
11.4968,7.5000,7.5000,7.5000,7.5000,7.5000,7.5000,7.5000,7.5000,7.5000,7.5000,7.5000,7.5000,7.5000,7.5000,7.5000,7.5000
11.5068,7.5000,7.5000,7.5000,7.5000,7.5000,7.5000,7.5000,7.5000,7.5000,7.5000,7.5000,7.5000,7.5000,7.5000,7.5000,7.5000
11.5169,7.5000,7.5000,7.5000,7.5000,7.5000,7.5000,7.5000,7.5000,7.5000,7.5000,7.5000,7.5000,7.5000,7.5000,7.5000,7.5000
11.5270,7.5000,7.5000,7.5000,7.5000,7.5000,7.5000,7.5000,7.5000,7.5000,7.5000,7.5000,7.5000,7.5000,7.5000,7.5000,7.5000
11.5370,7.5000,7.5000,7.5000,7.5000,7.5000,7.5000,7.5000,7.5000,7.5000,7.5000,7.5000,7.5000,7.5000,7.5000,7.5000,7.5000
11.5471,7.5000,7.5000,7.5000,7.5000,7.5000,7.5000,7.5000,7.5000,7.5000,7.5000,7.5000,7.5000,7.5000,7.5000,7.5000,7.5000
11.5572,7.5000,7.5000,7.5000,7.5000,7.5000,7.5000,7.5000,7.5000,7.5000,7.5000,7.5000,7.5000,7.5000,7.5000,7.5000,7.5000
11.5672,7.5000,7.5000,7.5000,7.5000,7.5000,7.5000,7.5000,7.5000,7.5000,7.5000,7.5000,7.5000,7.5000,7.5000,7.5000,7.5000
11.5773,7.5000,7.5000,7.5000,7.5000,7.5000,7.5000,7.5000,7.5000,7.5000,7.5000,7.5000,7.5000,7.5000,7.5000,7.5000,7.5000
11.5874,7.5000,7.5000,7.5000,7.5000,7.5000,7.5000,7.5000,7.5000,7.5000,7.5000,7.5000,7.5000,7.5000,7.5000,7.5000,7.5000
11.5974,7.5000,7.5000,7.5000,7.5000,7.5000,7.5000,7.5000,7.5000,7.5000,7.5000,7.5000,7.5000,7.5000,7.5000,7.5000,7.5000
11.6075,7.5000,7.5000,7.5000,7.5000,7.5000,7.5000,7.5000,7.5000,7.5000,7.5000,7.5000,7.5000,7.5000,7.5000,7.5000,7.5000
11.6175,7.5000,7.5000,7.5000,7.5000,7.5000,7.5000,7.5000,7.5000,7.5000,7.5000,7.5000,7.5000,7.5000,7.5000,7.5000,7.5000
11.6276,7.5000,7.5000,7.5000,7.5000,7.5000,7.5000,7.5000,7.5000,7.5000,7.5000,7.5000,7.5000,7.5000,7.5000,7.5000,7.5000
11.6377,7.5000,7.5000,7.5000,7.5000,7.5000,7.5000,7.5000,7.5000,7.5000,7.5000,7.5000,7.5000,7.5000,7.5000,7.5000,7.5000
11.6477,7.5000,7.5000,7.5000,7.5000,7.5000,7.5000,7.5000,7.5000,7.5000,7.5000,7.5000,7.5000,7.5000,7.5000,7.5000,7.5000
11.6578,7.5000,7.5000,7.5000,7.5000,7.5000,7.5000,7.5000,7.5000,7.5000,7.5000,7.5000,7.5000,7.5000,7.5000,7.5000,7.5000
11.6678,7.5000,7.5000,7.5000,7.5000,7.5000,7.5000,7.5000,7.5000,7.5000,7.5000,7.5000,7.5000,7.5000,7.5000,7.5000,7.5000
11.6779,7.5000,7.5000,7.5000,7.5000,7.5000,7.5000,7.5000,7.5000,7.5000,7.5000,7.5000,7.5000,7.5000,7.5000,7.5000,7.5000
11.6879,7.5000,7.5000,7.5000,7.5000,7.5000,7.5000,7.5000,7.5000,7.5000,7.5000,7.5000,7.5000,7.5000,7.5000,7.5000,7.5000
11.6980,7.5000,7.5000,7.5000,7.5000,7.5000,7.5000,7.5000,7.5000,7.5000,7.5000,7.5000,7.5000,7.5000,7.5000,7.5000,7.5000
11.7081,7.5000,7.5000,7.5000,7.5000,7.5000,7.5000,7.5000,7.5000,7.5000,7.5000,7.5000,7.5000,7.5000,7.5000,7.5000,7.5000
11.7181,7.5000,7.5000,7.5000,7.5000,7.5000,7.5000,7.5000,7.5000,7.5000,7.5000,7.5000,7.5000,7.5000,7.5000,7.5000,7.5000
11.7282,7.5000,7.5000,7.5000,7.5000,7.5000,7.5000,7.5000,7.5000,7.5000,7.5000,7.5000,7.5000,7.5000,7.5000,7.5000,7.5000
11.7382,7.5000,7.5000,7.5000,7.5000,7.5000,7.5000,7.5000,7.5000,7.5000,7.5000,7.5000,7.5000,7.5000,7.5000,7.5000,7.5000
11.7483,7.5000,7.5000,7.5000,7.5000,7.5000,7.5000,7.5000,7.5000,7.5000,7.5000,7.5000,7.5000,7.5000,7.5000,7.5000,7.5000
11.7583,7.5000,7.5000,7.5000,7.5000,7.5000,7.5000,7.5000,7.5000,7.5000,7.5000,7.5000,7.5000,7.5000,7.5000,7.5000,7.5000
11.7684,7.5000,7.5000,7.5000,7.5000,7.5000,7.5000,7.5000,7.5000,7.5000,7.5000,7.5000,7.5000,7.5000,7.5000,7.5000,7.5000
11.7785,7.5000,7.5000,7.5000,7.5000,7.5000,7.5000,7.5000,7.5000,7.5000,7.5000,7.5000,7.5000,7.5000,7.5000,7.5000,7.5000
11.7885,7.5000,7.5000,7.5000,7.5000,7.5000,7.5000,7.5000,7.5000,7.5000,7.5000,7.5000,7.5000,7.5000,7.5000,7.5000,7.5000
11.7986,7.5000,7.5000,7.5000,7.5000,7.5000,7.5000,7.5000,7.5000,7.5000,7.5000,7.5000,7.5000,7.5000,7.5000,7.5000,7.5000
11.8086,7.5000,7.5000,7.5000,7.5000,7.5000,7.5000,7.5000,7.5000,7.5000,7.5000,7.5000,7.5000,7.5000,7.5000,7.5000,7.5000
11.8187,7.5000,7.5000,7.5000,7.5000,7.5000,7.5000,7.5000,7.5000,7.5000,7.5000,7.5000,7.5000,7.5000,7.5000,7.5000,7.5000
11.8288,7.5000,7.5000,7.5000,7.5000,7.5000,7.5000,7.5000,7.5000,7.5000,7.5000,7.5000,7.5000,7.5000,7.5000,7.5000,7.5000
11.8388,7.5000,7.5000,7.5000,7.5000,7.5000,7.5000,7.5000,7.5000,7.5000,7.5000,7.5000,7.5000,7.5000,7.5000,7.5000,7.5000
11.8489,7.5000,7.5000,7.5000,7.5000,7.5000,7.5000,7.5000,7.5000,7.5000,7.5000,7.5000,7.5000,7.5000,7.5000,7.5000,7.5000
11.8590,7.5000,7.5000,7.5000,7.5000,7.5000,7.5000,7.5000,7.5000,7.5000,7.5000,7.5000,7.5000,7.5000,7.5000,7.5000,7.5000
11.8690,7.5000,7.5000,7.5000,7.5000,7.5000,7.5000,7.5000,7.5000,7.5000,7.5000,7.5000,7.5000,7.5000,7.5000,7.5000,7.5000
11.8791,7.5000,7.5000,7.5000,7.5000,7.5000,7.5000,7.5000,7.5000,7.5000,7.5000,7.5000,7.5000,7.5000,7.5000,7.5000,7.5000
11.8891,7.5000,7.5000,7.5000,7.5000,7.5000,7.5000,7.5000,7.5000,7.5000,7.5000,7.5000,7.5000,7.5000,7.5000,7.5000,7.5000
11.8992,7.5000,7.5000,7.5000,7.5000,7.5000,7.5000,7.5000,7.5000,7.5000,7.5000,7.5000,7.5000,7.5000,7.5000,7.5000,7.5000
11.9093,7.5000,7.5000,7.5000,7.5000,7.5000,7.5000,7.5000,7.5000,7.5000,7.5000,7.5000,7.5000,7.5000,7.5000,7.5000,7.5000
11.9193,7.5000,7.5000,7.5000,7.5000,7.5000,7.5000,7.5000,7.5000,7.5000,7.5000,7.5000,7.5000,7.5000,7.5000,7.5000,7.5000
11.9294,7.5000,7.5000,7.5000,7.5000,7.5000,7.5000,7.5000,7.5000,7.5000,7.5000,7.5000,7.5000,7.5000,7.5000,7.5000,7.5000
11.9394,7.5000,7.5000,7.5000,7.5000,7.5000,7.5000,7.5000,7.5000,7.5000,7.5000,7.5000,7.5000,7.5000,7.5000,7.5000,7.5000
11.9495,7.5000,7.5000,7.5000,7.5000,7.5000,7.5000,7.5000,7.5000,7.5000,7.5000,7.5000,7.5000,7.5000,7.5000,7.5000,7.5000
11.9596,7.5000,7.5000,7.5000,7.5000,7.5000,7.5000,7.5000,7.5000,7.5000,7.5000,7.5000,7.5000,7.5000,7.5000,7.5000,7.5000
11.9696,7.5000,7.5000,7.5000,7.5000,7.5000,7.5000,7.5000,7.5000,7.5000,7.5000,7.5000,7.5000,7.5000,7.5000,7.5000,7.5000
11.9797,7.5000,7.5000,7.5000,7.5000,7.5000,7.5000,7.5000,7.5000,7.5000,7.5000,7.5000,7.5000,7.5000,7.5000,7.5000,7.5000
11.9897,7.5000,7.5000,7.5000,7.5000,7.5000,7.5000,7.5000,7.5000,7.5000,7.5000,7.5000,7.5000,7.5000,7.5000,7.5000,7.5000
11.9998,7.5000,7.5000,7.5000,7.5000,7.5000,7.5000,7.5000,7.5000,7.5000,7.5000,7.5000,7.5000,7.5000,7.5000,7.5000,7.5000
12.0098,7.5000,7.5000,7.5000,7.5000,7.5000,7.5000,7.5000,7.5000,7.5000,7.5000,7.5000,7.5000,7.5000,7.5000,7.5000,7.5000
12.0199,7.5000,7.5000,7.5000,7.5000,7.5000,7.5000,7.5000,7.5000,7.5000,7.5000,7.5000,7.5000,7.5000,7.5000,7.5000,7.5000
12.0300,7.5000,7.5000,7.5000,7.5000,7.5000,7.5000,7.5000,7.5000,7.5000,7.5000,7.5000,7.5000,7.5000,7.5000,7.5000,7.5000
12.0400,7.5000,7.5000,7.5000,7.5000,7.5000,7.5000,7.5000,7.5000,7.5000,7.5000,7.5000,7.5000,7.5000,7.5000,7.5000,7.5000
12.0501,7.5000,7.5000,7.5000,7.5000,7.5000,7.5000,7.5000,7.5000,7.5000,7.5000,7.5000,7.5000,7.5000,7.5000,7.5000,7.5000
12.0601,7.5000,7.5000,7.5000,7.5000,7.5000,7.5000,7.5000,7.5000,7.5000,7.5000,7.5000,7.5000,7.5000,7.5000,7.5000,7.5000
12.0702,7.5000,7.5000,7.5000,7.5000,7.5000,7.5000,7.5000,7.5000,7.5000,7.5000,7.5000,7.5000,7.5000,7.5000,7.5000,7.5000
12.0802,7.5000,7.5000,7.5000,7.5000,7.5000,7.5000,7.5000,7.5000,7.5000,7.5000,7.5000,7.5000,7.5000,7.5000,7.5000,7.5000
12.0903,7.5000,7.5000,7.5000,7.5000,7.5000,7.5000,7.5000,7.5000,7.5000,7.5000,7.5000,7.5000,7.5000,7.5000,7.5000,7.5000
12.1003,7.5000,7.5000,7.5000,7.5000,7.5000,7.5000,7.5000,7.5000,7.5000,7.5000,7.5000,7.5000,7.5000,7.5000,7.5000,7.5000
12.1104,7.5000,7.5000,7.5000,7.5000,7.5000,7.5000,7.5000,7.5000,7.5000,7.5000,7.5000,7.5000,7.5000,7.5000,7.5000,7.5000
12.1205,7.5000,7.5000,7.5000,7.5000,7.5000,7.5000,7.5000,7.5000,7.5000,7.5000,7.5000,7.5000,7.5000,7.5000,7.5000,7.5000
12.1305,7.5000,7.5000,7.5000,7.5000,7.5000,7.5000,7.5000,7.5000,7.5000,7.5000,7.5000,7.5000,7.5000,7.5000,7.5000,7.5000
12.1406,7.5000,7.5000,7.5000,7.5000,7.5000,7.5000,7.5000,7.5000,7.5000,7.5000,7.5000,7.5000,7.5000,7.5000,7.5000,7.5000
12.1506,7.5000,7.5000,7.5000,7.5000,7.5000,7.5000,7.5000,7.5000,7.5000,7.5000,7.5000,7.5000,7.5000,7.5000,7.5000,7.5000
12.1607,7.5000,7.5000,7.5000,7.5000,7.5000,7.5000,7.5000,7.5000,7.5000,7.5000,7.5000,7.5000,7.5000,7.5000,7.5000,7.5000
12.1708,7.5000,7.5000,7.5000,7.5000,7.5000,7.5000,7.5000,7.5000,7.5000,7.5000,7.5000,7.5000,7.5000,7.5000,7.5000,7.5000
12.1808,7.5000,7.5000,7.5000,7.5000,7.5000,7.5000,7.5000,7.5000,7.5000,7.5000,7.5000,7.5000,7.5000,7.5000,7.5000,7.5000
12.1909,7.5000,7.5000,7.5000,7.5000,7.5000,7.5000,7.5000,7.5000,7.5000,7.5000,7.5000,7.5000,7.5000,7.5000,7.5000,7.5000
12.2009,7.5000,7.5000,7.5000,7.5000,7.5000,7.5000,7.5000,7.5000,7.5000,7.5000,7.5000,7.5000,7.5000,7.5000,7.5000,7.5000
12.2110,7.5000,7.5000,7.5000,7.5000,7.5000,7.5000,7.5000,7.5000,7.5000,7.5000,7.5000,7.5000,7.5000,7.5000,7.5000,7.5000
12.2211,7.5000,7.5000,7.5000,7.5000,7.5000,7.5000,7.5000,7.5000,7.5000,7.5000,7.5000,7.5000,7.5000,7.5000,7.5000,7.5000
12.2311,7.5000,7.5000,7.5000,7.5000,7.5000,7.5000,7.5000,7.5000,7.5000,7.5000,7.5000,7.5000,7.5000,7.5000,7.5000,7.5000
12.2412,7.5000,7.5000,7.5000,7.5000,7.5000,7.5000,7.5000,7.5000,7.5000,7.5000,7.5000,7.5000,7.5000,7.5000,7.5000,7.5000
12.2512,7.5000,7.5000,7.5000,7.5000,7.5000,7.5000,7.5000,7.5000,7.5000,7.5000,7.5000,7.5000,7.5000,7.5000,7.5000,7.5000
12.2613,7.5000,7.5000,7.5000,7.5000,7.5000,7.5000,7.5000,7.5000,7.5000,7.5000,7.5000,7.5000,7.5000,7.5000,7.5000,7.5000
12.2714,7.5000,7.5000,7.5000,7.5000,7.5000,7.5000,7.5000,7.5000,7.5000,7.5000,7.5000,7.5000,7.5000,7.5000,7.5000,7.5000
12.2814,7.5000,7.5000,7.5000,7.5000,7.5000,7.5000,7.5000,7.5000,7.5000,7.5000,7.5000,7.5000,7.5000,7.5000,7.5000,7.5000
12.2915,7.5000,7.5000,7.5000,7.5000,7.5000,7.5000,7.5000,7.5000,7.5000,7.5000,7.5000,7.5000,7.5000,7.5000,7.5000,7.5000
12.3016,7.5000,7.5000,7.5000,7.5000,7.5000,7.5000,7.5000,7.5000,7.5000,7.5000,7.5000,7.5000,7.5000,7.5000,7.5000,7.5000
12.3116,7.5000,7.5000,7.5000,7.5000,7.5000,7.5000,7.5000,7.5000,7.5000,7.5000,7.5000,7.5000,7.5000,7.5000,7.5000,7.5000
12.3217,7.5000,7.5000,7.5000,7.5000,7.5000,7.5000,7.5000,7.5000,7.5000,7.5000,7.5000,7.5000,7.5000,7.5000,7.5000,7.5000
12.3317,7.5000,7.5000,7.5000,7.5000,7.5000,7.5000,7.5000,7.5000,7.5000,7.5000,7.5000,7.5000,7.5000,7.5000,7.5000,7.5000
12.3418,7.5000,7.5000,7.5000,7.5000,7.5000,7.5000,7.5000,7.5000,7.5000,7.5000,7.5000,7.5000,7.5000,7.5000,7.5000,7.5000
12.3519,7.5000,7.5000,7.5000,7.5000,7.5000,7.5000,7.5000,7.5000,7.5000,7.5000,7.5000,7.5000,7.5000,7.5000,7.5000,7.5000
12.3619,7.5000,7.5000,7.5000,7.5000,7.5000,7.5000,7.5000,7.5000,7.5000,7.5000,7.5000,7.5000,7.5000,7.5000,7.5000,7.5000
12.3720,7.5000,7.5000,7.5000,7.5000,7.5000,7.5000,7.5000,7.5000,7.5000,7.5000,7.5000,7.5000,7.5000,7.5000,7.5000,7.5000
12.3821,7.5000,7.5000,7.5000,7.5000,7.5000,7.5000,7.5000,7.5000,7.5000,7.5000,7.5000,7.5000,7.5000,7.5000,7.5000,7.5000
12.3921,7.5000,7.5000,7.5000,7.5000,7.5000,7.5000,7.5000,7.5000,7.5000,7.5000,7.5000,7.5000,7.5000,7.5000,7.5000,7.5000
12.4022,7.5000,7.5000,7.5000,7.5000,7.5000,7.5000,7.5000,7.5000,7.5000,7.5000,7.5000,7.5000,7.5000,7.5000,7.5000,7.5000
12.4122,7.5000,7.5000,7.5000,7.5000,7.5000,7.5000,7.5000,7.5000,7.5000,7.5000,7.5000,7.5000,7.5000,7.5000,7.5000,7.5000
12.4223,7.5000,7.5000,7.5000,7.5000,7.5000,7.5000,7.5000,7.5000,7.5000,7.5000,7.5000,7.5000,7.5000,7.5000,7.5000,7.5000
12.4323,7.5000,7.5000,7.5000,7.5000,7.5000,7.5000,7.5000,7.5000,7.5000,7.5000,7.5000,7.5000,7.5000,7.5000,7.5000,7.5000
12.4424,7.5000,7.5000,7.5000,7.5000,7.5000,7.5000,7.5000,7.5000,7.5000,7.5000,7.5000,7.5000,7.5000,7.5000,7.5000,7.5000
12.4525,7.5000,7.5000,7.5000,7.5000,7.5000,7.5000,7.5000,7.5000,7.5000,7.5000,7.5000,7.5000,7.5000,7.5000,7.5000,7.5000
12.4625,7.5000,7.5000,7.5000,7.5000,7.5000,7.5000,7.5000,7.5000,7.5000,7.5000,7.5000,7.5000,7.5000,7.5000,7.5000,7.5000
12.4726,7.5000,7.5000,7.5000,7.5000,7.5000,7.5000,7.5000,7.5000,7.5000,7.5000,7.5000,7.5000,7.5000,7.5000,7.5000,7.5000
12.4826,7.5000,7.5000,7.5000,7.5000,7.5000,7.5000,7.5000,7.5000,7.5000,7.5000,7.5000,7.5000,7.5000,7.5000,7.5000,7.5000
12.4927,7.5000,7.5000,7.5000,7.5000,7.5000,7.5000,7.5000,7.5000,7.5000,7.5000,7.5000,7.5000,7.5000,7.5000,7.5000,7.5000
12.5028,7.5000,7.5000,7.5000,7.5000,7.5000,7.5000,7.5000,7.5000,7.5000,7.5000,7.5000,7.5000,7.5000,7.5000,7.5000,7.5000
12.5128,7.5000,7.5000,7.5000,7.5000,7.5000,7.5000,7.5000,7.5000,7.5000,7.5000,7.5000,7.5000,7.5000,7.5000,7.5000,7.5000
12.5229,7.5000,7.5000,7.5000,7.5000,7.5000,7.5000,7.5000,7.5000,7.5000,7.5000,7.5000,7.5000,7.5000,7.5000,7.5000,7.5000
12.5329,7.5000,7.5000,7.5000,7.5000,7.5000,7.5000,7.5000,7.5000,7.5000,7.5000,7.5000,7.5000,7.5000,7.5000,7.5000,7.5000
12.5430,7.5000,7.5000,7.5000,7.5000,7.5000,7.5000,7.5000,7.5000,7.5000,7.5000,7.5000,7.5000,7.5000,7.5000,7.5000,7.5000
12.5531,7.5000,7.5000,7.5000,7.5000,7.5000,7.5000,7.5000,7.5000,7.5000,7.5000,7.5000,7.5000,7.5000,7.5000,7.5000,7.5000
12.5631,7.5000,7.5000,7.5000,7.5000,7.5000,7.5000,7.5000,7.5000,7.5000,7.5000,7.5000,7.5000,7.5000,7.5000,7.5000,7.5000
12.5732,7.5000,7.5000,7.5000,7.5000,7.5000,7.5000,7.5000,7.5000,7.5000,7.5000,7.5000,7.5000,7.5000,7.5000,7.5000,7.5000
12.5832,7.5000,7.5000,7.5000,7.5000,7.5000,7.5000,7.5000,7.5000,7.5000,7.5000,7.5000,7.5000,7.5000,7.5000,7.5000,7.5000
12.5933,7.5000,7.5000,7.5000,7.5000,7.5000,7.5000,7.5000,7.5000,7.5000,7.5000,7.5000,7.5000,7.5000,7.5000,7.5000,7.5000
12.6034,7.5000,7.5000,7.5000,7.5000,7.5000,7.5000,7.5000,7.5000,7.5000,7.5000,7.5000,7.5000,7.5000,7.5000,7.5000,7.5000
12.6134,7.5000,7.5000,7.5000,7.5000,7.5000,7.5000,7.5000,7.5000,7.5000,7.5000,7.5000,7.5000,7.5000,7.5000,7.5000,7.5000
12.6235,7.5000,7.5000,7.5000,7.5000,7.5000,7.5000,7.5000,7.5000,7.5000,7.5000,7.5000,7.5000,7.5000,7.5000,7.5000,7.5000
12.6336,7.5000,7.5000,7.5000,7.5000,7.5000,7.5000,7.5000,7.5000,7.5000,7.5000,7.5000,7.5000,7.5000,7.5000,7.5000,7.5000
12.6436,7.5000,7.5000,7.5000,7.5000,7.5000,7.5000,7.5000,7.5000,7.5000,7.5000,7.5000,7.5000,7.5000,7.5000,7.5000,7.5000
12.6537,7.5000,7.5000,7.5000,7.5000,7.5000,7.5000,7.5000,7.5000,7.5000,7.5000,7.5000,7.5000,7.5000,7.5000,7.5000,7.5000
12.6637,7.5000,7.5000,7.5000,7.5000,7.5000,7.5000,7.5000,7.5000,7.5000,7.5000,7.5000,7.5000,7.5000,7.5000,7.5000,7.5000
12.6738,7.5000,7.5000,7.5000,7.5000,7.5000,7.5000,7.5000,7.5000,7.5000,7.5000,7.5000,7.5000,7.5000,7.5000,7.5000,7.5000
12.6839,7.5000,7.5000,7.5000,7.5000,7.5000,7.5000,7.5000,7.5000,7.5000,7.5000,7.5000,7.5000,7.5000,7.5000,7.5000,7.5000
12.6939,7.5000,7.5000,7.5000,7.5000,7.5000,7.5000,7.5000,7.5000,7.5000,7.5000,7.5000,7.5000,7.5000,7.5000,7.5000,7.5000
12.7040,7.5000,7.5000,7.5000,7.5000,7.5000,7.5000,7.5000,7.5000,7.5000,7.5000,7.5000,7.5000,7.5000,7.5000,7.5000,7.5000
12.7141,7.5000,7.5000,7.5000,7.5000,7.5000,7.5000,7.5000,7.5000,7.5000,7.5000,7.5000,7.5000,7.5000,7.5000,7.5000,7.5000
12.7241,7.5000,7.5000,7.5000,7.5000,7.5000,7.5000,7.5000,7.5000,7.5000,7.5000,7.5000,7.5000,7.5000,7.5000,7.5000,7.5000
12.7342,7.5000,7.5000,7.5000,7.5000,7.5000,7.5000,7.5000,7.5000,7.5000,7.5000,7.5000,7.5000,7.5000,7.5000,7.5000,7.5000
12.7443,7.5000,7.5000,7.5000,7.5000,7.5000,7.5000,7.5000,7.5000,7.5000,7.5000,7.5000,7.5000,7.5000,7.5000,7.5000,7.5000
12.7544,7.5000,7.5000,7.5000,7.5000,7.5000,7.5000,7.5000,7.5000,7.5000,7.5000,7.5000,7.5000,7.5000,7.5000,7.5000,7.5000
12.7644,7.5000,7.5000,7.5000,7.5000,7.5000,7.5000,7.5000,7.5000,7.5000,7.5000,7.5000,7.5000,7.5000,7.5000,7.5000,7.5000
12.7745,7.5000,7.5000,7.5000,7.5000,7.5000,7.5000,7.5000,7.5000,7.5000,7.5000,7.5000,7.5000,7.5000,7.5000,7.5000,7.5000
12.7846,7.5000,7.5000,7.5000,7.5000,7.5000,7.5000,7.5000,7.5000,7.5000,7.5000,7.5000,7.5000,7.5000,7.5000,7.5000,7.5000
12.7946,7.5000,7.5000,7.5000,7.5000,7.5000,7.5000,7.5000,7.5000,7.5000,7.5000,7.5000,7.5000,7.5000,7.5000,7.5000,7.5000
12.8047,7.5000,7.5000,7.5000,7.5000,7.5000,7.5000,7.5000,7.5000,7.5000,7.5000,7.5000,7.5000,7.5000,7.5000,7.5000,7.5000
12.8148,7.5000,7.5000,7.5000,7.5000,7.5000,7.5000,7.5000,7.5000,7.5000,7.5000,7.5000,7.5000,7.5000,7.5000,7.5000,7.5000
12.8248,7.5000,7.5000,7.5000,7.5000,7.5000,7.5000,7.5000,7.5000,7.5000,7.5000,7.5000,7.5000,7.5000,7.5000,7.5000,7.5000
12.8349,7.5000,7.5000,7.5000,7.5000,7.5000,7.5000,7.5000,7.5000,7.5000,7.5000,7.5000,7.5000,7.5000,7.5000,7.5000,7.5000
12.8450,7.5000,7.5000,7.5000,7.5000,7.5000,7.5000,7.5000,7.5000,7.5000,7.5000,7.5000,7.5000,7.5000,7.5000,7.5000,7.5000
12.8550,7.5000,7.5000,7.5000,7.5000,7.5000,7.5000,7.5000,7.5000,7.5000,7.5000,7.5000,7.5000,7.5000,7.5000,7.5000,7.5000
12.8651,7.5000,7.5000,7.5000,7.5000,7.5000,7.5000,7.5000,7.5000,7.5000,7.5000,7.5000,7.5000,7.5000,7.5000,7.5000,7.5000
12.8752,7.5000,7.5000,7.5000,7.5000,7.5000,7.5000,7.5000,7.5000,7.5000,7.5000,7.5000,7.5000,7.5000,7.5000,7.5000,7.5000
12.8852,7.5000,7.5000,7.5000,7.5000,7.5000,7.5000,7.5000,7.5000,7.5000,7.5000,7.5000,7.5000,7.5000,7.5000,7.5000,7.5000
12.8953,7.5000,7.5000,7.5000,7.5000,7.5000,7.5000,7.5000,7.5000,7.5000,7.5000,7.5000,7.5000,7.5000,7.5000,7.5000,7.5000
12.9054,7.5000,7.5000,7.5000,7.5000,7.5000,7.5000,7.5000,7.5000,7.5000,7.5000,7.5000,7.5000,7.5000,7.5000,7.5000,7.5000
12.9154,7.5000,7.5000,7.5000,7.5000,7.5000,7.5000,7.5000,7.5000,7.5000,7.5000,7.5000,7.5000,7.5000,7.5000,7.5000,7.5000
12.9255,7.5000,7.5000,7.5000,7.5000,7.5000,7.5000,7.5000,7.5000,7.5000,7.5000,7.5000,7.5000,7.5000,7.5000,7.5000,7.5000
12.9356,7.5000,7.5000,7.5000,7.5000,7.5000,7.5000,7.5000,7.5000,7.5000,7.5000,7.5000,7.5000,7.5000,7.5000,7.5000,7.5000
12.9456,7.5000,7.5000,7.5000,7.5000,7.5000,7.5000,7.5000,7.5000,7.5000,7.5000,7.5000,7.5000,7.5000,7.5000,7.5000,7.5000
12.9557,7.5000,7.5000,7.5000,7.5000,7.5000,7.5000,7.5000,7.5000,7.5000,7.5000,7.5000,7.5000,7.5000,7.5000,7.5000,7.5000
12.9658,7.5000,7.5000,7.5000,7.5000,7.5000,7.5000,7.5000,7.5000,7.5000,7.5000,7.5000,7.5000,7.5000,7.5000,7.5000,7.5000
12.9758,7.5000,7.5000,7.5000,7.5000,7.5000,7.5000,7.5000,7.5000,7.5000,7.5000,7.5000,7.5000,7.5000,7.5000,7.5000,7.5000
12.9859,7.5000,7.5000,7.5000,7.5000,7.5000,7.5000,7.5000,7.5000,7.5000,7.5000,7.5000,7.5000,7.5000,7.5000,7.5000,7.5000
12.9960,7.5000,7.5000,7.5000,7.5000,7.5000,7.5000,7.5000,7.5000,7.5000,7.5000,7.5000,7.5000,7.5000,7.5000,7.5000,7.5000
13.0060,7.5000,7.5000,7.5000,7.5000,7.5000,7.5000,7.5000,7.5000,7.5000,7.5000,7.5000,7.5000,7.5000,7.5000,7.5000,7.5000
13.0161,7.5000,7.5000,7.5000,7.5000,7.5000,7.5000,7.5000,7.5000,7.5000,7.5000,7.5000,7.5000,7.5000,7.5000,7.5000,7.5000
13.0262,7.5000,7.5000,7.5000,7.5000,7.5000,7.5000,7.5000,7.5000,7.5000,7.5000,7.5000,7.5000,7.5000,7.5000,7.5000,7.5000
13.0363,7.5000,7.5000,7.5000,7.5000,7.5000,7.5000,7.5000,7.5000,7.5000,7.5000,7.5000,7.5000,7.5000,7.5000,7.5000,7.5000
13.0463,7.5000,7.5000,7.5000,7.5000,7.5000,7.5000,7.5000,7.5000,7.5000,7.5000,7.5000,7.5000,7.5000,7.5000,7.5000,7.5000
13.0564,7.5000,7.5000,7.5000,7.5000,7.5000,7.5000,7.5000,7.5000,7.5000,7.5000,7.5000,7.5000,7.5000,7.5000,7.5000,7.5000
13.0665,7.5000,7.5000,7.5000,7.5000,7.5000,7.5000,7.5000,7.5000,7.5000,7.5000,7.5000,7.5000,7.5000,7.5000,7.5000,7.5000
13.0765,7.5000,7.5000,7.5000,7.5000,7.5000,7.5000,7.5000,7.5000,7.5000,7.5000,7.5000,7.5000,7.5000,7.5000,7.5000,7.5000
13.0866,7.5000,7.5000,7.5000,7.5000,7.5000,7.5000,7.5000,7.5000,7.5000,7.5000,7.5000,7.5000,7.5000,7.5000,7.5000,7.5000
13.0966,7.5000,7.5000,7.5000,7.5000,7.5000,7.5000,7.5000,7.5000,7.5000,7.5000,7.5000,7.5000,7.5000,7.5000,7.5000,7.5000
13.1067,7.5000,7.5000,7.5000,7.5000,7.5000,7.5000,7.5000,7.5000,7.5000,7.5000,7.5000,7.5000,7.5000,7.5000,7.5000,7.5000
13.1168,7.5000,7.5000,7.5000,7.5000,7.5000,7.5000,7.5000,7.5000,7.5000,7.5000,7.5000,7.5000,7.5000,7.5000,7.5000,7.5000
13.1268,7.5000,7.5000,7.5000,7.5000,7.5000,7.5000,7.5000,7.5000,7.5000,7.5000,7.5000,7.5000,7.5000,7.5000,7.5000,7.5000
13.1369,7.5000,7.5000,7.5000,7.5000,7.5000,7.5000,7.5000,7.5000,7.5000,7.5000,7.5000,7.5000,7.5000,7.5000,7.5000,7.5000
13.1470,7.5000,7.5000,7.5000,7.5000,7.5000,7.5000,7.5000,7.5000,7.5000,7.5000,7.5000,7.5000,7.5000,7.5000,7.5000,7.5000
13.1570,7.5000,7.5000,7.5000,7.5000,7.5000,7.5000,7.5000,7.5000,7.5000,7.5000,7.5000,7.5000,7.5000,7.5000,7.5000,7.5000
13.1671,7.5000,7.5000,7.5000,7.5000,7.5000,7.5000,7.5000,7.5000,7.5000,7.5000,7.5000,7.5000,7.5000,7.5000,7.5000,7.5000
13.1772,7.5000,7.5000,7.5000,7.5000,7.5000,7.5000,7.5000,7.5000,7.5000,7.5000,7.5000,7.5000,7.5000,7.5000,7.5000,7.5000
13.1872,7.5000,7.5000,7.5000,7.5000,7.5000,7.5000,7.5000,7.5000,7.5000,7.5000,7.5000,7.5000,7.5000,7.5000,7.5000,7.5000
13.1973,7.5000,7.5000,7.5000,7.5000,7.5000,7.5000,7.5000,7.5000,7.5000,7.5000,7.5000,7.5000,7.5000,7.5000,7.5000,7.5000
13.2074,7.5000,7.5000,7.5000,7.5000,7.5000,7.5000,7.5000,7.5000,7.5000,7.5000,7.5000,7.5000,7.5000,7.5000,7.5000,7.5000
13.2175,7.5000,7.5000,7.5000,7.5000,7.5000,7.5000,7.5000,7.5000,7.5000,7.5000,7.5000,7.5000,7.5000,7.5000,7.5000,7.5000
13.2275,7.5000,7.5000,7.5000,7.5000,7.5000,7.5000,7.5000,7.5000,7.5000,7.5000,7.5000,7.5000,7.5000,7.5000,7.5000,7.5000
13.2376,7.5000,7.5000,7.5000,7.5000,7.5000,7.5000,7.5000,7.5000,7.5000,7.5000,7.5000,7.5000,7.5000,7.5000,7.5000,7.5000
13.2476,7.5000,7.5000,7.5000,7.5000,7.5000,7.5000,7.5000,7.5000,7.5000,7.5000,7.5000,7.5000,7.5000,7.5000,7.5000,7.5000
13.2577,7.5000,7.5000,7.5000,7.5000,7.5000,7.5000,7.5000,7.5000,7.5000,7.5000,7.5000,7.5000,7.5000,7.5000,7.5000,7.5000
13.2678,7.5000,7.5000,7.5000,7.5000,7.5000,7.5000,7.5000,7.5000,7.5000,7.5000,7.5000,7.5000,7.5000,7.5000,7.5000,7.5000
13.2778,7.5000,7.5000,7.5000,7.5000,7.5000,7.5000,7.5000,7.5000,7.5000,7.5000,7.5000,7.5000,7.5000,7.5000,7.5000,7.5000
13.2879,7.5000,7.5000,7.5000,7.5000,7.5000,7.5000,7.5000,7.5000,7.5000,7.5000,7.5000,7.5000,7.5000,7.5000,7.5000,7.5000
13.2980,7.5000,7.5000,7.5000,7.5000,7.5000,7.5000,7.5000,7.5000,7.5000,7.5000,7.5000,7.5000,7.5000,7.5000,7.5000,7.5000
13.3080,7.5000,7.5000,7.5000,7.5000,7.5000,7.5000,7.5000,7.5000,7.5000,7.5000,7.5000,7.5000,7.5000,7.5000,7.5000,7.5000
13.3181,7.5000,7.5000,7.5000,7.5000,7.5000,7.5000,7.5000,7.5000,7.5000,7.5000,7.5000,7.5000,7.5000,7.5000,7.5000,7.5000
13.3282,7.5000,7.5000,7.5000,7.5000,7.5000,7.5000,7.5000,7.5000,7.5000,7.5000,7.5000,7.5000,7.5000,7.5000,7.5000,7.5000
13.3382,7.5000,7.5000,7.5000,7.5000,7.5000,7.5000,7.5000,7.5000,7.5000,7.5000,7.5000,7.5000,7.5000,7.5000,7.5000,7.5000
13.3483,7.5000,7.5000,7.5000,7.5000,7.5000,7.5000,7.5000,7.5000,7.5000,7.5000,7.5000,7.5000,7.5000,7.5000,7.5000,7.5000
13.3583,7.5000,7.5000,7.5000,7.5000,7.5000,7.5000,7.5000,7.5000,7.5000,7.5000,7.5000,7.5000,7.5000,7.5000,7.5000,7.5000
13.3684,7.5000,7.5000,7.5000,7.5000,7.5000,7.5000,7.5000,7.5000,7.5000,7.5000,7.5000,7.5000,7.5000,7.5000,7.5000,7.5000
13.3785,7.5000,7.5000,7.5000,7.5000,7.5000,7.5000,7.5000,7.5000,7.5000,7.5000,7.5000,7.5000,7.5000,7.5000,7.5000,7.5000
13.3885,7.5000,7.5000,7.5000,7.5000,7.5000,7.5000,7.5000,7.5000,7.5000,7.5000,7.5000,7.5000,7.5000,7.5000,7.5000,7.5000
13.3986,7.5000,7.5000,7.5000,7.5000,7.5000,7.5000,7.5000,7.5000,7.5000,7.5000,7.5000,7.5000,7.5000,7.5000,7.5000,7.5000
13.4086,7.5000,7.5000,7.5000,7.5000,7.5000,7.5000,7.5000,7.5000,7.5000,7.5000,7.5000,7.5000,7.5000,7.5000,7.5000,7.5000
13.4187,7.5000,7.5000,7.5000,7.5000,7.5000,7.5000,7.5000,7.5000,7.5000,7.5000,7.5000,7.5000,7.5000,7.5000,7.5000,7.5000
13.4288,7.5000,7.5000,7.5000,7.5000,7.5000,7.5000,7.5000,7.5000,7.5000,7.5000,7.5000,7.5000,7.5000,7.5000,7.5000,7.5000
13.4388,7.5000,7.5000,7.5000,7.5000,7.5000,7.5000,7.5000,7.5000,7.5000,7.5000,7.5000,7.5000,7.5000,7.5000,7.5000,7.5000
13.4489,7.5000,7.5000,7.5000,7.5000,7.5000,7.5000,7.5000,7.5000,7.5000,7.5000,7.5000,7.5000,7.5000,7.5000,7.5000,7.5000
13.4589,7.5000,7.5000,7.5000,7.5000,7.5000,7.5000,7.5000,7.5000,7.5000,7.5000,7.5000,7.5000,7.5000,7.5000,7.5000,7.5000
13.4690,7.5000,7.5000,7.5000,7.5000,7.5000,7.5000,7.5000,7.5000,7.5000,7.5000,7.5000,7.5000,7.5000,7.5000,7.5000,7.5000
13.4791,7.5000,7.5000,7.5000,7.5000,7.5000,7.5000,7.5000,7.5000,7.5000,7.5000,7.5000,7.5000,7.5000,7.5000,7.5000,7.5000
13.4891,7.5000,7.5000,7.5000,7.5000,7.5000,7.5000,7.5000,7.5000,7.5000,7.5000,7.5000,7.5000,7.5000,7.5000,7.5000,7.5000
13.4992,7.5000,7.5000,7.5000,7.5000,7.5000,7.5000,7.5000,7.5000,7.5000,7.5000,7.5000,7.5000,7.5000,7.5000,7.5000,7.5000
13.5092,7.5000,7.5000,7.5000,7.5000,7.5000,7.5000,7.5000,7.5000,7.5000,7.5000,7.5000,7.5000,7.5000,7.5000,7.5000,7.5000
13.5193,7.5000,7.5000,7.5000,7.5000,7.5000,7.5000,7.5000,7.5000,7.5000,7.5000,7.5000,7.5000,7.5000,7.5000,7.5000,7.5000
13.5294,7.5000,7.5000,7.5000,7.5000,7.5000,7.5000,7.5000,7.5000,7.5000,7.5000,7.5000,7.5000,7.5000,7.5000,7.5000,7.5000
13.5394,7.5000,7.5000,7.5000,7.5000,7.5000,7.5000,7.5000,7.5000,7.5000,7.5000,7.5000,7.5000,7.5000,7.5000,7.5000,7.5000
13.5495,7.5000,7.5000,7.5000,7.5000,7.5000,7.5000,7.5000,7.5000,7.5000,7.5000,7.5000,7.5000,7.5000,7.5000,7.5000,7.5000
13.5596,7.5000,7.5000,7.5000,7.5000,7.5000,7.5000,7.5000,7.5000,7.5000,7.5000,7.5000,7.5000,7.5000,7.5000,7.5000,7.5000
13.5696,7.5000,7.5000,7.5000,7.5000,7.5000,7.5000,7.5000,7.5000,7.5000,7.5000,7.5000,7.5000,7.5000,7.5000,7.5000,7.5000
13.5797,7.5000,7.5000,7.5000,7.5000,7.5000,7.5000,7.5000,7.5000,7.5000,7.5000,7.5000,7.5000,7.5000,7.5000,7.5000,7.5000
13.5897,7.5000,7.5000,7.5000,7.5000,7.5000,7.5000,7.5000,7.5000,7.5000,7.5000,7.5000,7.5000,7.5000,7.5000,7.5000,7.5000
13.5998,7.5000,7.5000,7.5000,7.5000,7.5000,7.5000,7.5000,7.5000,7.5000,7.5000,7.5000,7.5000,7.5000,7.5000,7.5000,7.5000
13.6099,7.5000,7.5000,7.5000,7.5000,7.5000,7.5000,7.5000,7.5000,7.5000,7.5000,7.5000,7.5000,7.5000,7.5000,7.5000,7.5000
13.6199,7.5000,7.5000,7.5000,7.5000,7.5000,7.5000,7.5000,7.5000,7.5000,7.5000,7.5000,7.5000,7.5000,7.5000,7.5000,7.5000
13.6300,7.5000,7.5000,7.5000,7.5000,7.5000,7.5000,7.5000,7.5000,7.5000,7.5000,7.5000,7.5000,7.5000,7.5000,7.5000,7.5000
13.6400,7.5000,7.5000,7.5000,7.5000,7.5000,7.5000,7.5000,7.5000,7.5000,7.5000,7.5000,7.5000,7.5000,7.5000,7.5000,7.5000
13.6501,7.5000,7.5000,7.5000,7.5000,7.5000,7.5000,7.5000,7.5000,7.5000,7.5000,7.5000,7.5000,7.5000,7.5000,7.5000,7.5000
13.6602,7.5000,7.5000,7.5000,7.5000,7.5000,7.5000,7.5000,7.5000,7.5000,7.5000,7.5000,7.5000,7.5000,7.5000,7.5000,7.5000
13.6702,7.5000,7.5000,7.5000,7.5000,7.5000,7.5000,7.5000,7.5000,7.5000,7.5000,7.5000,7.5000,7.5000,7.5000,7.5000,7.5000
13.6803,7.5000,7.5000,7.5000,7.5000,7.5000,7.5000,7.5000,7.5000,7.5000,7.5000,7.5000,7.5000,7.5000,7.5000,7.5000,7.5000
13.6903,7.5000,7.5000,7.5000,7.5000,7.5000,7.5000,7.5000,7.5000,7.5000,7.5000,7.5000,7.5000,7.5000,7.5000,7.5000,7.5000
13.7004,7.5000,7.5000,7.5000,7.5000,7.5000,7.5000,7.5000,7.5000,7.5000,7.5000,7.5000,7.5000,7.5000,7.5000,7.5000,7.5000
13.7105,7.5000,7.5000,7.5000,7.5000,7.5000,7.5000,7.5000,7.5000,7.5000,7.5000,7.5000,7.5000,7.5000,7.5000,7.5000,7.5000
13.7205,7.5000,7.5000,7.5000,7.5000,7.5000,7.5000,7.5000,7.5000,7.5000,7.5000,7.5000,7.5000,7.5000,7.5000,7.5000,7.5000
13.7306,7.5000,7.5000,7.5000,7.5000,7.5000,7.5000,7.5000,7.5000,7.5000,7.5000,7.5000,7.5000,7.5000,7.5000,7.5000,7.5000
13.7406,7.5000,7.5000,7.5000,7.5000,7.5000,7.5000,7.5000,7.5000,7.5000,7.5000,7.5000,7.5000,7.5000,7.5000,7.5000,7.5000
13.7507,7.5000,7.5000,7.5000,7.5000,7.5000,7.5000,7.5000,7.5000,7.5000,7.5000,7.5000,7.5000,7.5000,7.5000,7.5000,7.5000
13.7608,7.5000,7.5000,7.5000,7.5000,7.5000,7.5000,7.5000,7.5000,7.5000,7.5000,7.5000,7.5000,7.5000,7.5000,7.5000,7.5000
13.7708,7.5000,7.5000,7.5000,7.5000,7.5000,7.5000,7.5000,7.5000,7.5000,7.5000,7.5000,7.5000,7.5000,7.5000,7.5000,7.5000
13.7809,7.5000,7.5000,7.5000,7.5000,7.5000,7.5000,7.5000,7.5000,7.5000,7.5000,7.5000,7.5000,7.5000,7.5000,7.5000,7.5000
13.7909,7.5000,7.5000,7.5000,7.5000,7.5000,7.5000,7.5000,7.5000,7.5000,7.5000,7.5000,7.5000,7.5000,7.5000,7.5000,7.5000
13.8010,7.5000,7.5000,7.5000,7.5000,7.5000,7.5000,7.5000,7.5000,7.5000,7.5000,7.5000,7.5000,7.5000,7.5000,7.5000,7.5000
13.8111,7.5000,7.5000,7.5000,7.5000,7.5000,7.5000,7.5000,7.5000,7.5000,7.5000,7.5000,7.5000,7.5000,7.5000,7.5000,7.5000
13.8211,7.5000,7.5000,7.5000,7.5000,7.5000,7.5000,7.5000,7.5000,7.5000,7.5000,7.5000,7.5000,7.5000,7.5000,7.5000,7.5000
13.8312,7.5000,7.5000,7.5000,7.5000,7.5000,7.5000,7.5000,7.5000,7.5000,7.5000,7.5000,7.5000,7.5000,7.5000,7.5000,7.5000
13.8412,7.5000,7.5000,7.5000,7.5000,7.5000,7.5000,7.5000,7.5000,7.5000,7.5000,7.5000,7.5000,7.5000,7.5000,7.5000,7.5000
13.8513,7.5000,7.5000,7.5000,7.5000,7.5000,7.5000,7.5000,7.5000,7.5000,7.5000,7.5000,7.5000,7.5000,7.5000,7.5000,7.5000
13.8614,7.5000,7.5000,7.5000,7.5000,7.5000,7.5000,7.5000,7.5000,7.5000,7.5000,7.5000,7.5000,7.5000,7.5000,7.5000,7.5000
13.8714,7.5000,7.5000,7.5000,7.5000,7.5000,7.5000,7.5000,7.5000,7.5000,7.5000,7.5000,7.5000,7.5000,7.5000,7.5000,7.5000
13.8815,7.5000,7.5000,7.5000,7.5000,7.5000,7.5000,7.5000,7.5000,7.5000,7.5000,7.5000,7.5000,7.5000,7.5000,7.5000,7.5000
13.8915,7.5000,7.5000,7.5000,7.5000,7.5000,7.5000,7.5000,7.5000,7.5000,7.5000,7.5000,7.5000,7.5000,7.5000,7.5000,7.5000
13.9016,7.5000,7.5000,7.5000,7.5000,7.5000,7.5000,7.5000,7.5000,7.5000,7.5000,7.5000,7.5000,7.5000,7.5000,7.5000,7.5000
13.9117,7.5000,7.5000,7.5000,7.5000,7.5000,7.5000,7.5000,7.5000,7.5000,7.5000,7.5000,7.5000,7.5000,7.5000,7.5000,7.5000
13.9217,7.5000,7.5000,7.5000,7.5000,7.5000,7.5000,7.5000,7.5000,7.5000,7.5000,7.5000,7.5000,7.5000,7.5000,7.5000,7.5000
13.9318,7.5000,7.5000,7.5000,7.5000,7.5000,7.5000,7.5000,7.5000,7.5000,7.5000,7.5000,7.5000,7.5000,7.5000,7.5000,7.5000
13.9419,7.5000,7.5000,7.5000,7.5000,7.5000,7.5000,7.5000,7.5000,7.5000,7.5000,7.5000,7.5000,7.5000,7.5000,7.5000,7.5000
13.9519,7.5000,7.5000,7.5000,7.5000,7.5000,7.5000,7.5000,7.5000,7.5000,7.5000,7.5000,7.5000,7.5000,7.5000,7.5000,7.5000
13.9620,7.5000,7.5000,7.5000,7.5000,7.5000,7.5000,7.5000,7.5000,7.5000,7.5000,7.5000,7.5000,7.5000,7.5000,7.5000,7.5000
13.9721,7.5000,7.5000,7.5000,7.5000,7.5000,7.5000,7.5000,7.5000,7.5000,7.5000,7.5000,7.5000,7.5000,7.5000,7.5000,7.5000
13.9821,7.5000,7.5000,7.5000,7.5000,7.5000,7.5000,7.5000,7.5000,7.5000,7.5000,7.5000,7.5000,7.5000,7.5000,7.5000,7.5000
13.9922,7.5000,7.5000,7.5000,7.5000,7.5000,7.5000,7.5000,7.5000,7.5000,7.5000,7.5000,7.5000,7.5000,7.5000,7.5000,7.5000
14.0022,7.5000,7.5000,7.5000,7.5000,7.5000,7.5000,7.5000,7.5000,7.5000,7.5000,7.5000,7.5000,7.5000,7.5000,7.5000,7.5000
14.0123,7.5000,7.5000,7.5000,7.5000,7.5000,7.5000,7.5000,7.5000,7.5000,7.5000,7.5000,7.5000,7.5000,7.5000,7.5000,7.5000
14.0224,7.5000,7.5000,7.5000,7.5000,7.5000,7.5000,7.5000,7.5000,7.5000,7.5000,7.5000,7.5000,7.5000,7.5000,7.5000,7.5000
14.0325,7.5000,7.5000,7.5000,7.5000,7.5000,7.5000,7.5000,7.5000,7.5000,7.5000,7.5000,7.5000,7.5000,7.5000,7.5000,7.5000
14.0425,7.5000,7.5000,7.5000,7.5000,7.5000,7.5000,7.5000,7.5000,7.5000,7.5000,7.5000,7.5000,7.5000,7.5000,7.5000,7.5000
14.0526,7.5000,7.5000,7.5000,7.5000,7.5000,7.5000,7.5000,7.5000,7.5000,7.5000,7.5000,7.5000,7.5000,7.5000,7.5000,7.5000
14.0627,7.5000,7.5000,7.5000,7.5000,7.5000,7.5000,7.5000,7.5000,7.5000,7.5000,7.5000,7.5000,7.5000,7.5000,7.5000,7.5000
14.0727,7.5000,7.5000,7.5000,7.5000,7.5000,7.5000,7.5000,7.5000,7.5000,7.5000,7.5000,7.5000,7.5000,7.5000,7.5000,7.5000
14.0828,7.5000,7.5000,7.5000,7.5000,7.5000,7.5000,7.5000,7.5000,7.5000,7.5000,7.5000,7.5000,7.5000,7.5000,7.5000,7.5000
14.0929,7.5000,7.5000,7.5000,7.5000,7.5000,7.5000,7.5000,7.5000,7.5000,7.5000,7.5000,7.5000,7.5000,7.5000,7.5000,7.5000
14.1029,7.5000,7.5000,7.5000,7.5000,7.5000,7.5000,7.5000,7.5000,7.5000,7.5000,7.5000,7.5000,7.5000,7.5000,7.5000,7.5000
14.1130,7.5000,7.5000,7.5000,7.5000,7.5000,7.5000,7.5000,7.5000,7.5000,7.5000,7.5000,7.5000,7.5000,7.5000,7.5000,7.5000
14.1231,7.5000,7.5000,7.5000,7.5000,7.5000,7.5000,7.5000,7.5000,7.5000,7.5000,7.5000,7.5000,7.5000,7.5000,7.5000,7.5000
14.1331,7.5000,7.5000,7.5000,7.5000,7.5000,7.5000,7.5000,7.5000,7.5000,7.5000,7.5000,7.5000,7.5000,7.5000,7.5000,7.5000
14.1432,7.5000,7.5000,7.5000,7.5000,7.5000,7.5000,7.5000,7.5000,7.5000,7.5000,7.5000,7.5000,7.5000,7.5000,7.5000,7.5000
14.1533,7.5000,7.5000,7.5000,7.5000,7.5000,7.5000,7.5000,7.5000,7.5000,7.5000,7.5000,7.5000,7.5000,7.5000,7.5000,7.5000
14.1633,7.5000,7.5000,7.5000,7.5000,7.5000,7.5000,7.5000,7.5000,7.5000,7.5000,7.5000,7.5000,7.5000,7.5000,7.5000,7.5000
14.1734,7.5000,7.5000,7.5000,7.5000,7.5000,7.5000,7.5000,7.5000,7.5000,7.5000,7.5000,7.5000,7.5000,7.5000,7.5000,7.5000
14.1834,7.5000,7.5000,7.5000,7.5000,7.5000,7.5000,7.5000,7.5000,7.5000,7.5000,7.5000,7.5000,7.5000,7.5000,7.5000,7.5000
14.1935,7.5000,7.5000,7.5000,7.5000,7.5000,7.5000,7.5000,7.5000,7.5000,7.5000,7.5000,7.5000,7.5000,7.5000,7.5000,7.5000
14.2036,7.5000,7.5000,7.5000,7.5000,7.5000,7.5000,7.5000,7.5000,7.5000,7.5000,7.5000,7.5000,7.5000,7.5000,7.5000,7.5000
14.2136,7.5000,7.5000,7.5000,7.5000,7.5000,7.5000,7.5000,7.5000,7.5000,7.5000,7.5000,7.5000,7.5000,7.5000,7.5000,7.5000
14.2237,7.5000,7.5000,7.5000,7.5000,7.5000,7.5000,7.5000,7.5000,7.5000,7.5000,7.5000,7.5000,7.5000,7.5000,7.5000,7.5000
14.2338,7.5000,7.5000,7.5000,7.5000,7.5000,7.5000,7.5000,7.5000,7.5000,7.5000,7.5000,7.5000,7.5000,7.5000,7.5000,7.5000
14.2438,7.5000,7.5000,7.5000,7.5000,7.5000,7.5000,7.5000,7.5000,7.5000,7.5000,7.5000,7.5000,7.5000,7.5000,7.5000,7.5000
14.2539,7.5000,7.5000,7.5000,7.5000,7.5000,7.5000,7.5000,7.5000,7.5000,7.5000,7.5000,7.5000,7.5000,7.5000,7.5000,7.5000
14.2639,7.5000,7.5000,7.5000,7.5000,7.5000,7.5000,7.5000,7.5000,7.5000,7.5000,7.5000,7.5000,7.5000,7.5000,7.5000,7.5000
14.2740,7.5000,7.5000,7.5000,7.5000,7.5000,7.5000,7.5000,7.5000,7.5000,7.5000,7.5000,7.5000,7.5000,7.5000,7.5000,7.5000
14.2841,7.5000,7.5000,7.5000,7.5000,7.5000,7.5000,7.5000,7.5000,7.5000,7.5000,7.5000,7.5000,7.5000,7.5000,7.5000,7.5000
14.2941,7.5000,7.5000,7.5000,7.5000,7.5000,7.5000,7.5000,7.5000,7.5000,7.5000,7.5000,7.5000,7.5000,7.5000,7.5000,7.5000
14.3042,7.5000,7.5000,7.5000,7.5000,7.5000,7.5000,7.5000,7.5000,7.5000,7.5000,7.5000,7.5000,7.5000,7.5000,7.5000,7.5000
14.3142,7.5000,7.5000,7.5000,7.5000,7.5000,7.5000,7.5000,7.5000,7.5000,7.5000,7.5000,7.5000,7.5000,7.5000,7.5000,7.5000
14.3243,7.5000,7.5000,7.5000,7.5000,7.5000,7.5000,7.5000,7.5000,7.5000,7.5000,7.5000,7.5000,7.5000,7.5000,7.5000,7.5000
14.3344,7.5000,7.5000,7.5000,7.5000,7.5000,7.5000,7.5000,7.5000,7.5000,7.5000,7.5000,7.5000,7.5000,7.5000,7.5000,7.5000
14.3444,7.5000,7.5000,7.5000,7.5000,7.5000,7.5000,7.5000,7.5000,7.5000,7.5000,7.5000,7.5000,7.5000,7.5000,7.5000,7.5000
14.3545,7.5000,7.5000,7.5000,7.5000,7.5000,7.5000,7.5000,7.5000,7.5000,7.5000,7.5000,7.5000,7.5000,7.5000,7.5000,7.5000
14.3646,7.5000,7.5000,7.5000,7.5000,7.5000,7.5000,7.5000,7.5000,7.5000,7.5000,7.5000,7.5000,7.5000,7.5000,7.5000,7.5000
14.3746,7.5000,7.5000,7.5000,7.5000,7.5000,7.5000,7.5000,7.5000,7.5000,7.5000,7.5000,7.5000,7.5000,7.5000,7.5000,7.5000
14.3846,7.5000,7.5000,7.5000,7.5000,7.5000,7.5000,7.5000,7.5000,7.5000,7.5000,7.5000,7.5000,7.5000,7.5000,7.5000,7.5000
14.3947,7.5000,7.5000,7.5000,7.5000,7.5000,7.5000,7.5000,7.5000,7.5000,7.5000,7.5000,7.5000,7.5000,7.5000,7.5000,7.5000
14.4048,7.5000,7.5000,7.5000,7.5000,7.5000,7.5000,7.5000,7.5000,7.5000,7.5000,7.5000,7.5000,7.5000,7.5000,7.5000,7.5000
14.4149,7.5000,7.5000,7.5000,7.5000,7.5000,7.5000,7.5000,7.5000,7.5000,7.5000,7.5000,7.5000,7.5000,7.5000,7.5000,7.5000
14.4249,7.5000,7.5000,7.5000,7.5000,7.5000,7.5000,7.5000,7.5000,7.5000,7.5000,7.5000,7.5000,7.5000,7.5000,7.5000,7.5000
14.4350,7.5000,7.5000,7.5000,7.5000,7.5000,7.5000,7.5000,7.5000,7.5000,7.5000,7.5000,7.5000,7.5000,7.5000,7.5000,7.5000
14.4451,7.5000,7.5000,7.5000,7.5000,7.5000,7.5000,7.5000,7.5000,7.5000,7.5000,7.5000,7.5000,7.5000,7.5000,7.5000,7.5000
14.4551,7.5000,7.5000,7.5000,7.5000,7.5000,7.5000,7.5000,7.5000,7.5000,7.5000,7.5000,7.5000,7.5000,7.5000,7.5000,7.5000
14.4652,7.5000,7.5000,7.5000,7.5000,7.5000,7.5000,7.5000,7.5000,7.5000,7.5000,7.5000,7.5000,7.5000,7.5000,7.5000,7.5000
14.4752,7.5000,7.5000,7.5000,7.5000,7.5000,7.5000,7.5000,7.5000,7.5000,7.5000,7.5000,7.5000,7.5000,7.5000,7.5000,7.5000
14.4853,7.5000,7.5000,7.5000,7.5000,7.5000,7.5000,7.5000,7.5000,7.5000,7.5000,7.5000,7.5000,7.5000,7.5000,7.5000,7.5000
14.4954,7.5000,7.5000,7.5000,7.5000,7.5000,7.5000,7.5000,7.5000,7.5000,7.5000,7.5000,7.5000,7.5000,7.5000,7.5000,7.5000
14.5054,7.5000,7.5000,7.5000,7.5000,7.5000,7.5000,7.5000,7.5000,7.5000,7.5000,7.5000,7.5000,7.5000,7.5000,7.5000,7.5000
14.5155,7.5000,7.5000,7.5000,7.5000,7.5000,7.5000,7.5000,7.5000,7.5000,7.5000,7.5000,7.5000,7.5000,7.5000,7.5000,7.5000
14.5256,7.5000,7.5000,7.5000,7.5000,7.5000,7.5000,7.5000,7.5000,7.5000,7.5000,7.5000,7.5000,7.5000,7.5000,7.5000,7.5000
14.5356,7.5000,7.5000,7.5000,7.5000,7.5000,7.5000,7.5000,7.5000,7.5000,7.5000,7.5000,7.5000,7.5000,7.5000,7.5000,7.5000
14.5457,7.5000,7.5000,7.5000,7.5000,7.5000,7.5000,7.5000,7.5000,7.5000,7.5000,7.5000,7.5000,7.5000,7.5000,7.5000,7.5000
14.5558,7.5000,7.5000,7.5000,7.5000,7.5000,7.5000,7.5000,7.5000,7.5000,7.5000,7.5000,7.5000,7.5000,7.5000,7.5000,7.5000
14.5658,7.5000,7.5000,7.5000,7.5000,7.5000,7.5000,7.5000,7.5000,7.5000,7.5000,7.5000,7.5000,7.5000,7.5000,7.5000,7.5000
14.5759,7.5000,7.5000,7.5000,7.5000,7.5000,7.5000,7.5000,7.5000,7.5000,7.5000,7.5000,7.5000,7.5000,7.5000,7.5000,7.5000
14.5859,7.5000,7.5000,7.5000,7.5000,7.5000,7.5000,7.5000,7.5000,7.5000,7.5000,7.5000,7.5000,7.5000,7.5000,7.5000,7.5000
14.5960,7.5000,7.5000,7.5000,7.5000,7.5000,7.5000,7.5000,7.5000,7.5000,7.5000,7.5000,7.5000,7.5000,7.5000,7.5000,7.5000
14.6061,7.5000,7.5000,7.5000,7.5000,7.5000,7.5000,7.5000,7.5000,7.5000,7.5000,7.5000,7.5000,7.5000,7.5000,7.5000,7.5000
14.6161,7.5000,7.5000,7.5000,7.5000,7.5000,7.5000,7.5000,7.5000,7.5000,7.5000,7.5000,7.5000,7.5000,7.5000,7.5000,7.5000
14.6262,7.5000,7.5000,7.5000,7.5000,7.5000,7.5000,7.5000,7.5000,7.5000,7.5000,7.5000,7.5000,7.5000,7.5000,7.5000,7.5000
14.6363,7.5000,7.5000,7.5000,7.5000,7.5000,7.5000,7.5000,7.5000,7.5000,7.5000,7.5000,7.5000,7.5000,7.5000,7.5000,7.5000
14.6463,7.5000,7.5000,7.5000,7.5000,7.5000,7.5000,7.5000,7.5000,7.5000,7.5000,7.5000,7.5000,7.5000,7.5000,7.5000,7.5000
14.6564,7.5000,7.5000,7.5000,7.5000,7.5000,7.5000,7.5000,7.5000,7.5000,7.5000,7.5000,7.5000,7.5000,7.5000,7.5000,7.5000
14.6664,7.5000,7.5000,7.5000,7.5000,7.5000,7.5000,7.5000,7.5000,7.5000,7.5000,7.5000,7.5000,7.5000,7.5000,7.5000,7.5000
14.6765,7.5000,7.5000,7.5000,7.5000,7.5000,7.5000,7.5000,7.5000,7.5000,7.5000,7.5000,7.5000,7.5000,7.5000,7.5000,7.5000
14.6866,7.5000,7.5000,7.5000,7.5000,7.5000,7.5000,7.5000,7.5000,7.5000,7.5000,7.5000,7.5000,7.5000,7.5000,7.5000,7.5000
14.6966,7.5000,7.5000,7.5000,7.5000,7.5000,7.5000,7.5000,7.5000,7.5000,7.5000,7.5000,7.5000,7.5000,7.5000,7.5000,7.5000
14.7067,7.5000,7.5000,7.5000,7.5000,7.5000,7.5000,7.5000,7.5000,7.5000,7.5000,7.5000,7.5000,7.5000,7.5000,7.5000,7.5000
14.7167,7.5000,7.5000,7.5000,7.5000,7.5000,7.5000,7.5000,7.5000,7.5000,7.5000,7.5000,7.5000,7.5000,7.5000,7.5000,7.5000
14.7268,7.5000,7.5000,7.5000,7.5000,7.5000,7.5000,7.5000,7.5000,7.5000,7.5000,7.5000,7.5000,7.5000,7.5000,7.5000,7.5000
14.7369,7.5000,7.5000,7.5000,7.5000,7.5000,7.5000,7.5000,7.5000,7.5000,7.5000,7.5000,7.5000,7.5000,7.5000,7.5000,7.5000
14.7469,7.5000,7.5000,7.5000,7.5000,7.5000,7.5000,7.5000,7.5000,7.5000,7.5000,7.5000,7.5000,7.5000,7.5000,7.5000,7.5000
14.7570,7.5000,7.5000,7.5000,7.5000,7.5000,7.5000,7.5000,7.5000,7.5000,7.5000,7.5000,7.5000,7.5000,7.5000,7.5000,7.5000
14.7670,7.5000,7.5000,7.5000,7.5000,7.5000,7.5000,7.5000,7.5000,7.5000,7.5000,7.5000,7.5000,7.5000,7.5000,7.5000,7.5000
14.7771,7.5000,7.5000,7.5000,7.5000,7.5000,7.5000,7.5000,7.5000,7.5000,7.5000,7.5000,7.5000,7.5000,7.5000,7.5000,7.5000
14.7872,7.5000,7.5000,7.5000,7.5000,7.5000,7.5000,7.5000,7.5000,7.5000,7.5000,7.5000,7.5000,7.5000,7.5000,7.5000,7.5000
14.7972,7.5000,7.5000,7.5000,7.5000,7.5000,7.5000,7.5000,7.5000,7.5000,7.5000,7.5000,7.5000,7.5000,7.5000,7.5000,7.5000
14.8073,7.5000,7.5000,7.5000,7.5000,7.5000,7.5000,7.5000,7.5000,7.5000,7.5000,7.5000,7.5000,7.5000,7.5000,7.5000,7.5000
14.8173,7.5000,7.5000,7.5000,7.5000,7.5000,7.5000,7.5000,7.5000,7.5000,7.5000,7.5000,7.5000,7.5000,7.5000,7.5000,7.5000
14.8274,7.5000,7.5000,7.5000,7.5000,7.5000,7.5000,7.5000,7.5000,7.5000,7.5000,7.5000,7.5000,7.5000,7.5000,7.5000,7.5000
14.8374,7.5000,7.5000,7.5000,7.5000,7.5000,7.5000,7.5000,7.5000,7.5000,7.5000,7.5000,7.5000,7.5000,7.5000,7.5000,7.5000
14.8475,7.5000,7.5000,7.5000,7.5000,7.5000,7.5000,7.5000,7.5000,7.5000,7.5000,7.5000,7.5000,7.5000,7.5000,7.5000,7.5000
14.8576,7.5000,7.5000,7.5000,7.5000,7.5000,7.5000,7.5000,7.5000,7.5000,7.5000,7.5000,7.5000,7.5000,7.5000,7.5000,7.5000
14.8676,7.5000,7.5000,7.5000,7.5000,7.5000,7.5000,7.5000,7.5000,7.5000,7.5000,7.5000,7.5000,7.5000,7.5000,7.5000,7.5000
14.8777,7.5000,7.5000,7.5000,7.5000,7.5000,7.5000,7.5000,7.5000,7.5000,7.5000,7.5000,7.5000,7.5000,7.5000,7.5000,7.5000
14.8878,7.5000,7.5000,7.5000,7.5000,7.5000,7.5000,7.5000,7.5000,7.5000,7.5000,7.5000,7.5000,7.5000,7.5000,7.5000,7.5000
14.8978,7.5000,7.5000,7.5000,7.5000,7.5000,7.5000,7.5000,7.5000,7.5000,7.5000,7.5000,7.5000,7.5000,7.5000,7.5000,7.5000
14.9079,7.5000,7.5000,7.5000,7.5000,7.5000,7.5000,7.5000,7.5000,7.5000,7.5000,7.5000,7.5000,7.5000,7.5000,7.5000,7.5000
14.9180,7.5000,7.5000,7.5000,7.5000,7.5000,7.5000,7.5000,7.5000,7.5000,7.5000,7.5000,7.5000,7.5000,7.5000,7.5000,7.5000
14.9280,7.5000,7.5000,7.5000,7.5000,7.5000,7.5000,7.5000,7.5000,7.5000,7.5000,7.5000,7.5000,7.5000,7.5000,7.5000,7.5000
14.9381,7.5000,7.5000,7.5000,7.5000,7.5000,7.5000,7.5000,7.5000,7.5000,7.5000,7.5000,7.5000,7.5000,7.5000,7.5000,7.5000
14.9482,7.5000,7.5000,7.5000,7.5000,7.5000,7.5000,7.5000,7.5000,7.5000,7.5000,7.5000,7.5000,7.5000,7.5000,7.5000,7.5000
14.9582,7.5000,7.5000,7.5000,7.5000,7.5000,7.5000,7.5000,7.5000,7.5000,7.5000,7.5000,7.5000,7.5000,7.5000,7.5000,7.5000
14.9683,7.5000,7.5000,7.5000,7.5000,7.5000,7.5000,7.5000,7.5000,7.5000,7.5000,7.5000,7.5000,7.5000,7.5000,7.5000,7.5000
14.9783,7.5000,7.5000,7.5000,7.5000,7.5000,7.5000,7.5000,7.5000,7.5000,7.5000,7.5000,7.5000,7.5000,7.5000,7.5000,7.5000
14.9884,7.5000,7.5000,7.5000,7.5000,7.5000,7.5000,7.5000,7.5000,7.5000,7.5000,7.5000,7.5000,7.5000,7.5000,7.5000,7.5000
14.9985,7.5000,7.5000,7.5000,7.5000,7.5000,7.5000,7.5000,7.5000,7.5000,7.5000,7.5000,7.5000,7.5000,7.5000,7.5000,7.5000
15.0085,7.5000,7.5000,7.5000,7.5000,7.5000,7.5000,7.5000,7.5000,7.5000,7.5000,7.5000,7.5000,7.5000,7.5000,7.5000,7.5000
15.0186,7.5000,7.5000,7.5000,7.5000,7.5000,7.5000,7.5000,7.5000,7.5000,7.5000,7.5000,7.5000,7.5000,7.5000,7.5000,7.5000
15.0286,7.5000,7.5000,7.5000,7.5000,7.5000,7.5000,7.5000,7.5000,7.5000,7.5000,7.5000,7.5000,7.5000,7.5000,7.5000,7.5000
15.0387,7.5000,7.5000,7.5000,7.5000,7.5000,7.5000,7.5000,7.5000,7.5000,7.5000,7.5000,7.5000,7.5000,7.5000,7.5000,7.5000
15.0488,7.5000,7.5000,7.5000,7.5000,7.5000,7.5000,7.5000,7.5000,7.5000,7.5000,7.5000,7.5000,7.5000,7.5000,7.5000,7.5000
15.0588,7.5000,7.5000,7.5000,7.5000,7.5000,7.5000,7.5000,7.5000,7.5000,7.5000,7.5000,7.5000,7.5000,7.5000,7.5000,7.5000
15.0689,7.5000,7.5000,7.5000,7.5000,7.5000,7.5000,7.5000,7.5000,7.5000,7.5000,7.5000,7.5000,7.5000,7.5000,7.5000,7.5000
15.0790,7.5000,7.5000,7.5000,7.5000,7.5000,7.5000,7.5000,7.5000,7.5000,7.5000,7.5000,7.5000,7.5000,7.5000,7.5000,7.5000
15.0890,7.5000,7.5000,7.5000,7.5000,7.5000,7.5000,7.5000,7.5000,7.5000,7.5000,7.5000,7.5000,7.5000,7.5000,7.5000,7.5000
15.0991,7.5000,7.5000,7.5000,7.5000,7.5000,7.5000,7.5000,7.5000,7.5000,7.5000,7.5000,7.5000,7.5000,7.5000,7.5000,7.5000
15.1092,7.5000,7.5000,7.5000,7.5000,7.5000,7.5000,7.5000,7.5000,7.5000,7.5000,7.5000,7.5000,7.5000,7.5000,7.5000,7.5000
15.1192,7.5000,7.5000,7.5000,7.5000,7.5000,7.5000,7.5000,7.5000,7.5000,7.5000,7.5000,7.5000,7.5000,7.5000,7.5000,7.5000
15.1293,7.5000,7.5000,7.5000,7.5000,7.5000,7.5000,7.5000,7.5000,7.5000,7.5000,7.5000,7.5000,7.5000,7.5000,7.5000,7.5000
15.1394,7.5000,7.5000,7.5000,7.5000,7.5000,7.5000,7.5000,7.5000,7.5000,7.5000,7.5000,7.5000,7.5000,7.5000,7.5000,7.5000
15.1494,7.5000,7.5000,7.5000,7.5000,7.5000,7.5000,7.5000,7.5000,7.5000,7.5000,7.5000,7.5000,7.5000,7.5000,7.5000,7.5000
15.1595,7.5000,7.5000,7.5000,7.5000,7.5000,7.5000,7.5000,7.5000,7.5000,7.5000,7.5000,7.5000,7.5000,7.5000,7.5000,7.5000
15.1696,7.5000,7.5000,7.5000,7.5000,7.5000,7.5000,7.5000,7.5000,7.5000,7.5000,7.5000,7.5000,7.5000,7.5000,7.5000,7.5000
15.1796,7.5000,7.5000,7.5000,7.5000,7.5000,7.5000,7.5000,7.5000,7.5000,7.5000,7.5000,7.5000,7.5000,7.5000,7.5000,7.5000
15.1897,7.5000,7.5000,7.5000,7.5000,7.5000,7.5000,7.5000,7.5000,7.5000,7.5000,7.5000,7.5000,7.5000,7.5000,7.5000,7.5000
15.1997,7.5000,7.5000,7.5000,7.5000,7.5000,7.5000,7.5000,7.5000,7.5000,7.5000,7.5000,7.5000,7.5000,7.5000,7.5000,7.5000
15.2098,7.5000,7.5000,7.5000,7.5000,7.5000,7.5000,7.5000,7.5000,7.5000,7.5000,7.5000,7.5000,7.5000,7.5000,7.5000,7.5000
15.2199,7.5000,7.5000,7.5000,7.5000,7.5000,7.5000,7.5000,7.5000,7.5000,7.5000,7.5000,7.5000,7.5000,7.5000,7.5000,7.5000
15.2299,7.5000,7.5000,7.5000,7.5000,7.5000,7.5000,7.5000,7.5000,7.5000,7.5000,7.5000,7.5000,7.5000,7.5000,7.5000,7.5000
15.2400,7.5000,7.5000,7.5000,7.5000,7.5000,7.5000,7.5000,7.5000,7.5000,7.5000,7.5000,7.5000,7.5000,7.5000,7.5000,7.5000
15.2500,7.5000,7.5000,7.5000,7.5000,7.5000,7.5000,7.5000,7.5000,7.5000,7.5000,7.5000,7.5000,7.5000,7.5000,7.5000,7.5000
15.2601,7.5000,7.5000,7.5000,7.5000,7.5000,7.5000,7.5000,7.5000,7.5000,7.5000,7.5000,7.5000,7.5000,7.5000,7.5000,7.5000
15.2702,7.5000,7.5000,7.5000,7.5000,7.5000,7.5000,7.5000,7.5000,7.5000,7.5000,7.5000,7.5000,7.5000,7.5000,7.5000,7.5000
15.2802,7.5000,7.5000,7.5000,7.5000,7.5000,7.5000,7.5000,7.5000,7.5000,7.5000,7.5000,7.5000,7.5000,7.5000,7.5000,7.5000
15.2903,7.5000,7.5000,7.5000,7.5000,7.5000,7.5000,7.5000,7.5000,7.5000,7.5000,7.5000,7.5000,7.5000,7.5000,7.5000,7.5000
15.3003,7.5000,7.5000,7.5000,7.5000,7.5000,7.5000,7.5000,7.5000,7.5000,7.5000,7.5000,7.5000,7.5000,7.5000,7.5000,7.5000
15.3104,7.5000,7.5000,7.5000,7.5000,7.5000,7.5000,7.5000,7.5000,7.5000,7.5000,7.5000,7.5000,7.5000,7.5000,7.5000,7.5000
15.3205,7.5000,7.5000,7.5000,7.5000,7.5000,7.5000,7.5000,7.5000,7.5000,7.5000,7.5000,7.5000,7.5000,7.5000,7.5000,7.5000
15.3305,7.5000,7.5000,7.5000,7.5000,7.5000,7.5000,7.5000,7.5000,7.5000,7.5000,7.5000,7.5000,7.5000,7.5000,7.5000,7.5000
15.3406,7.5000,7.5000,7.5000,7.5000,7.5000,7.5000,7.5000,7.5000,7.5000,7.5000,7.5000,7.5000,7.5000,7.5000,7.5000,7.5000
15.3507,7.5000,7.5000,7.5000,7.5000,7.5000,7.5000,7.5000,7.5000,7.5000,7.5000,7.5000,7.5000,7.5000,7.5000,7.5000,7.5000
15.3607,7.5000,7.5000,7.5000,7.5000,7.5000,7.5000,7.5000,7.5000,7.5000,7.5000,7.5000,7.5000,7.5000,7.5000,7.5000,7.5000
15.3708,7.5000,7.5000,7.5000,7.5000,7.5000,7.5000,7.5000,7.5000,7.5000,7.5000,7.5000,7.5000,7.5000,7.5000,7.5000,7.5000
15.3808,7.5000,7.5000,7.5000,7.5000,7.5000,7.5000,7.5000,7.5000,7.5000,7.5000,7.5000,7.5000,7.5000,7.5000,7.5000,7.5000
15.3909,7.5000,7.5000,7.5000,7.5000,7.5000,7.5000,7.5000,7.5000,7.5000,7.5000,7.5000,7.5000,7.5000,7.5000,7.5000,7.5000
15.4009,7.5000,7.5000,7.5000,7.5000,7.5000,7.5000,7.5000,7.5000,7.5000,7.5000,7.5000,7.5000,7.5000,7.5000,7.5000,7.5000
15.4110,7.5000,7.5000,7.5000,7.5000,7.5000,7.5000,7.5000,7.5000,7.5000,7.5000,7.5000,7.5000,7.5000,7.5000,7.5000,7.5000
15.4211,7.5000,7.5000,7.5000,7.5000,7.5000,7.5000,7.5000,7.5000,7.5000,7.5000,7.5000,7.5000,7.5000,7.5000,7.5000,7.5000
15.4311,7.5000,7.5000,7.5000,7.5000,7.5000,7.5000,7.5000,7.5000,7.5000,7.5000,7.5000,7.5000,7.5000,7.5000,7.5000,7.5000
15.4412,7.5000,7.5000,7.5000,7.5000,7.5000,7.5000,7.5000,7.5000,7.5000,7.5000,7.5000,7.5000,7.5000,7.5000,7.5000,7.5000
15.4512,7.5000,7.5000,7.5000,7.5000,7.5000,7.5000,7.5000,7.5000,7.5000,7.5000,7.5000,7.5000,7.5000,7.5000,7.5000,7.5000
15.4613,7.5000,7.5000,7.5000,7.5000,7.5000,7.5000,7.5000,7.5000,7.5000,7.5000,7.5000,7.5000,7.5000,7.5000,7.5000,7.5000
15.4714,7.5000,7.5000,7.5000,7.5000,7.5000,7.5000,7.5000,7.5000,7.5000,7.5000,7.5000,7.5000,7.5000,7.5000,7.5000,7.5000
15.4814,7.5000,7.5000,7.5000,7.5000,7.5000,7.5000,7.5000,7.5000,7.5000,7.5000,7.5000,7.5000,7.5000,7.5000,7.5000,7.5000
15.4915,7.5000,7.5000,7.5000,7.5000,7.5000,7.5000,7.5000,7.5000,7.5000,7.5000,7.5000,7.5000,7.5000,7.5000,7.5000,7.5000
15.5015,7.5000,7.5000,7.5000,7.5000,7.5000,7.5000,7.5000,7.5000,7.5000,7.5000,7.5000,7.5000,7.5000,7.5000,7.5000,7.5000
15.5116,7.5000,7.5000,7.5000,7.5000,7.5000,7.5000,7.5000,7.5000,7.5000,7.5000,7.5000,7.5000,7.5000,7.5000,7.5000,7.5000
15.5217,7.5000,7.5000,7.5000,7.5000,7.5000,7.5000,7.5000,7.5000,7.5000,7.5000,7.5000,7.5000,7.5000,7.5000,7.5000,7.5000
15.5317,7.5000,7.5000,7.5000,7.5000,7.5000,7.5000,7.5000,7.5000,7.5000,7.5000,7.5000,7.5000,7.5000,7.5000,7.5000,7.5000
15.5418,7.5000,7.5000,7.5000,7.5000,7.5000,7.5000,7.5000,7.5000,7.5000,7.5000,7.5000,7.5000,7.5000,7.5000,7.5000,7.5000
15.5519,7.5000,7.5000,7.5000,7.5000,7.5000,7.5000,7.5000,7.5000,7.5000,7.5000,7.5000,7.5000,7.5000,7.5000,7.5000,7.5000
15.5619,7.5000,7.5000,7.5000,7.5000,7.5000,7.5000,7.5000,7.5000,7.5000,7.5000,7.5000,7.5000,7.5000,7.5000,7.5000,7.5000
15.5720,7.5000,7.5000,7.5000,7.5000,7.5000,7.5000,7.5000,7.5000,7.5000,7.5000,7.5000,7.5000,7.5000,7.5000,7.5000,7.5000
15.5820,7.5000,7.5000,7.5000,7.5000,7.5000,7.5000,7.5000,7.5000,7.5000,7.5000,7.5000,7.5000,7.5000,7.5000,7.5000,7.5000
15.5921,7.5000,7.5000,7.5000,7.5000,7.5000,7.5000,7.5000,7.5000,7.5000,7.5000,7.5000,7.5000,7.5000,7.5000,7.5000,7.5000
15.6022,7.5000,7.5000,7.5000,7.5000,7.5000,7.5000,7.5000,7.5000,7.5000,7.5000,7.5000,7.5000,7.5000,7.5000,7.5000,7.5000
15.6122,7.5000,7.5000,7.5000,7.5000,7.5000,7.5000,7.5000,7.5000,7.5000,7.5000,7.5000,7.5000,7.5000,7.5000,7.5000,7.5000
15.6223,7.5000,7.5000,7.5000,7.5000,7.5000,7.5000,7.5000,7.5000,7.5000,7.5000,7.5000,7.5000,7.5000,7.5000,7.5000,7.5000
15.6324,7.5000,7.5000,7.5000,7.5000,7.5000,7.5000,7.5000,7.5000,7.5000,7.5000,7.5000,7.5000,7.5000,7.5000,7.5000,7.5000
15.6424,7.5000,7.5000,7.5000,7.5000,7.5000,7.5000,7.5000,7.5000,7.5000,7.5000,7.5000,7.5000,7.5000,7.5000,7.5000,7.5000
15.6525,7.5000,7.5000,7.5000,7.5000,7.5000,7.5000,7.5000,7.5000,7.5000,7.5000,7.5000,7.5000,7.5000,7.5000,7.5000,7.5000
15.6626,7.5000,7.5000,7.5000,7.5000,7.5000,7.5000,7.5000,7.5000,7.5000,7.5000,7.5000,7.5000,7.5000,7.5000,7.5000,7.5000
15.6726,7.5000,7.5000,7.5000,7.5000,7.5000,7.5000,7.5000,7.5000,7.5000,7.5000,7.5000,7.5000,7.5000,7.5000,7.5000,7.5000
15.6827,7.5000,7.5000,7.5000,7.5000,7.5000,7.5000,7.5000,7.5000,7.5000,7.5000,7.5000,7.5000,7.5000,7.5000,7.5000,7.5000
15.6927,7.5000,7.5000,7.5000,7.5000,7.5000,7.5000,7.5000,7.5000,7.5000,7.5000,7.5000,7.5000,7.5000,7.5000,7.5000,7.5000
15.7028,7.5000,7.5000,7.5000,7.5000,7.5000,7.5000,7.5000,7.5000,7.5000,7.5000,7.5000,7.5000,7.5000,7.5000,7.5000,7.5000
15.7128,7.5000,7.5000,7.5000,7.5000,7.5000,7.5000,7.5000,7.5000,7.5000,7.5000,7.5000,7.5000,7.5000,7.5000,7.5000,7.5000
15.7229,7.5000,7.5000,7.5000,7.5000,7.5000,7.5000,7.5000,7.5000,7.5000,7.5000,7.5000,7.5000,7.5000,7.5000,7.5000,7.5000
15.7330,7.5000,7.5000,7.5000,7.5000,7.5000,7.5000,7.5000,7.5000,7.5000,7.5000,7.5000,7.5000,7.5000,7.5000,7.5000,7.5000
15.7430,7.5000,7.5000,7.5000,7.5000,7.5000,7.5000,7.5000,7.5000,7.5000,7.5000,7.5000,7.5000,7.5000,7.5000,7.5000,7.5000
15.7531,7.5000,7.5000,7.5000,7.5000,7.5000,7.5000,7.5000,7.5000,7.5000,7.5000,7.5000,7.5000,7.5000,7.5000,7.5000,7.5000
15.7632,7.5000,7.5000,7.5000,7.5000,7.5000,7.5000,7.5000,7.5000,7.5000,7.5000,7.5000,7.5000,7.5000,7.5000,7.5000,7.5000
15.7732,7.5000,7.5000,7.5000,7.5000,7.5000,7.5000,7.5000,7.5000,7.5000,7.5000,7.5000,7.5000,7.5000,7.5000,7.5000,7.5000
15.7833,7.5000,7.5000,7.5000,7.5000,7.5000,7.5000,7.5000,7.5000,7.5000,7.5000,7.5000,7.5000,7.5000,7.5000,7.5000,7.5000
15.7933,7.5000,7.5000,7.5000,7.5000,7.5000,7.5000,7.5000,7.5000,7.5000,7.5000,7.5000,7.5000,7.5000,7.5000,7.5000,7.5000
15.8034,7.5000,7.5000,7.5000,7.5000,7.5000,7.5000,7.5000,7.5000,7.5000,7.5000,7.5000,7.5000,7.5000,7.5000,7.5000,7.5000
15.8135,7.5000,7.5000,7.5000,7.5000,7.5000,7.5000,7.5000,7.5000,7.5000,7.5000,7.5000,7.5000,7.5000,7.5000,7.5000,7.5000
15.8235,7.5000,7.5000,7.5000,7.5000,7.5000,7.5000,7.5000,7.5000,7.5000,7.5000,7.5000,7.5000,7.5000,7.5000,7.5000,7.5000
15.8336,7.5000,7.5000,7.5000,7.5000,7.5000,7.5000,7.5000,7.5000,7.5000,7.5000,7.5000,7.5000,7.5000,7.5000,7.5000,7.5000
15.8436,7.5000,7.5000,7.5000,7.5000,7.5000,7.5000,7.5000,7.5000,7.5000,7.5000,7.5000,7.5000,7.5000,7.5000,7.5000,7.5000
15.8537,7.5000,7.5000,7.5000,7.5000,7.5000,7.5000,7.5000,7.5000,7.5000,7.5000,7.5000,7.5000,7.5000,7.5000,7.5000,7.5000
15.8638,7.5000,7.5000,7.5000,7.5000,7.5000,7.5000,7.5000,7.5000,7.5000,7.5000,7.5000,7.5000,7.5000,7.5000,7.5000,7.5000
15.8738,7.5000,7.5000,7.5000,7.5000,7.5000,7.5000,7.5000,7.5000,7.5000,7.5000,7.5000,7.5000,7.5000,7.5000,7.5000,7.5000
15.8839,7.5000,7.5000,7.5000,7.5000,7.5000,7.5000,7.5000,7.5000,7.5000,7.5000,7.5000,7.5000,7.5000,7.5000,7.5000,7.5000
15.8940,7.5000,7.5000,7.5000,7.5000,7.5000,7.5000,7.5000,7.5000,7.5000,7.5000,7.5000,7.5000,7.5000,7.5000,7.5000,7.5000
15.9040,7.5000,7.5000,7.5000,7.5000,7.5000,7.5000,7.5000,7.5000,7.5000,7.5000,7.5000,7.5000,7.5000,7.5000,7.5000,7.5000
15.9141,7.5000,7.5000,7.5000,7.5000,7.5000,7.5000,7.5000,7.5000,7.5000,7.5000,7.5000,7.5000,7.5000,7.5000,7.5000,7.5000
15.9241,7.5000,7.5000,7.5000,7.5000,7.5000,7.5000,7.5000,7.5000,7.5000,7.5000,7.5000,7.5000,7.5000,7.5000,7.5000,7.5000
15.9342,7.5000,7.5000,7.5000,7.5000,7.5000,7.5000,7.5000,7.5000,7.5000,7.5000,7.5000,7.5000,7.5000,7.5000,7.5000,7.5000
15.9443,7.5000,7.5000,7.5000,7.5000,7.5000,7.5000,7.5000,7.5000,7.5000,7.5000,7.5000,7.5000,7.5000,7.5000,7.5000,7.5000
15.9543,7.5000,7.5000,7.5000,7.5000,7.5000,7.5000,7.5000,7.5000,7.5000,7.5000,7.5000,7.5000,7.5000,7.5000,7.5000,7.5000
15.9644,7.5000,7.5000,7.5000,7.5000,7.5000,7.5000,7.5000,7.5000,7.5000,7.5000,7.5000,7.5000,7.5000,7.5000,7.5000,7.5000
15.9744,7.5000,7.5000,7.5000,7.5000,7.5000,7.5000,7.5000,7.5000,7.5000,7.5000,7.5000,7.5000,7.5000,7.5000,7.5000,7.5000
15.9845,7.5000,7.5000,7.5000,7.5000,7.5000,7.5000,7.5000,7.5000,7.5000,7.5000,7.5000,7.5000,7.5000,7.5000,7.5000,7.5000
15.9946,7.5000,7.5000,7.5000,7.5000,7.5000,7.5000,7.5000,7.5000,7.5000,7.5000,7.5000,7.5000,7.5000,7.5000,7.5000,7.5000
16.0046,7.5000,7.5000,7.5000,7.5000,7.5000,7.5000,7.5000,7.5000,7.5000,7.5000,7.5000,7.5000,7.5000,7.5000,7.5000,7.5000
16.0147,7.5000,7.5000,7.5000,7.5000,7.5000,7.5000,7.5000,7.5000,7.5000,7.5000,7.5000,7.5000,7.5000,7.5000,7.5000,7.5000
16.0248,7.5000,7.5000,7.5000,7.5000,7.5000,7.5000,7.5000,7.5000,7.5000,7.5000,7.5000,7.5000,7.5000,7.5000,7.5000,7.5000
16.0348,7.5000,7.5000,7.5000,7.5000,7.5000,7.5000,7.5000,7.5000,7.5000,7.5000,7.5000,7.5000,7.5000,7.5000,7.5000,7.5000
16.0449,7.5000,7.5000,7.5000,7.5000,7.5000,7.5000,7.5000,7.5000,7.5000,7.5000,7.5000,7.5000,7.5000,7.5000,7.5000,7.5000
16.0549,7.5000,7.5000,7.5000,7.5000,7.5000,7.5000,7.5000,7.5000,7.5000,7.5000,7.5000,7.5000,7.5000,7.5000,7.5000,7.5000
16.0650,7.5000,7.5000,7.5000,7.5000,7.5000,7.5000,7.5000,7.5000,7.5000,7.5000,7.5000,7.5000,7.5000,7.5000,7.5000,7.5000
16.0751,7.5000,7.5000,7.5000,7.5000,7.5000,7.5000,7.5000,7.5000,7.5000,7.5000,7.5000,7.5000,7.5000,7.5000,7.5000,7.5000
16.0851,7.5000,7.5000,7.5000,7.5000,7.5000,7.5000,7.5000,7.5000,7.5000,7.5000,7.5000,7.5000,7.5000,7.5000,7.5000,7.5000
16.0952,7.5000,7.5000,7.5000,7.5000,7.5000,7.5000,7.5000,7.5000,7.5000,7.5000,7.5000,7.5000,7.5000,7.5000,7.5000,7.5000
16.1052,7.5000,7.5000,7.5000,7.5000,7.5000,7.5000,7.5000,7.5000,7.5000,7.5000,7.5000,7.5000,7.5000,7.5000,7.5000,7.5000
16.1153,7.5000,7.5000,7.5000,7.5000,7.5000,7.5000,7.5000,7.5000,7.5000,7.5000,7.5000,7.5000,7.5000,7.5000,7.5000,7.5000
16.1254,7.5000,7.5000,7.5000,7.5000,7.5000,7.5000,7.5000,7.5000,7.5000,7.5000,7.5000,7.5000,7.5000,7.5000,7.5000,7.5000
16.1354,7.5000,7.5000,7.5000,7.5000,7.5000,7.5000,7.5000,7.5000,7.5000,7.5000,7.5000,7.5000,7.5000,7.5000,7.5000,7.5000
16.1455,7.5000,7.5000,7.5000,7.5000,7.5000,7.5000,7.5000,7.5000,7.5000,7.5000,7.5000,7.5000,7.5000,7.5000,7.5000,7.5000
16.1556,7.5000,7.5000,7.5000,7.5000,7.5000,7.5000,7.5000,7.5000,7.5000,7.5000,7.5000,7.5000,7.5000,7.5000,7.5000,7.5000
16.1656,7.5000,7.5000,7.5000,7.5000,7.5000,7.5000,7.5000,7.5000,7.5000,7.5000,7.5000,7.5000,7.5000,7.5000,7.5000,7.5000
16.1757,7.5000,7.5000,7.5000,7.5000,7.5000,7.5000,7.5000,7.5000,7.5000,7.5000,7.5000,7.5000,7.5000,7.5000,7.5000,7.5000
16.1858,7.5000,7.5000,7.5000,7.5000,7.5000,7.5000,7.5000,7.5000,7.5000,7.5000,7.5000,7.5000,7.5000,7.5000,7.5000,7.5000
16.1958,7.5000,7.5000,7.5000,7.5000,7.5000,7.5000,7.5000,7.5000,7.5000,7.5000,7.5000,7.5000,7.5000,7.5000,7.5000,7.5000
16.2059,7.5000,7.5000,7.5000,7.5000,7.5000,7.5000,7.5000,7.5000,7.5000,7.5000,7.5000,7.5000,7.5000,7.5000,7.5000,7.5000
16.2160,7.5000,7.5000,7.5000,7.5000,7.5000,7.5000,7.5000,7.5000,7.5000,7.5000,7.5000,7.5000,7.5000,7.5000,7.5000,7.5000
16.2260,7.5000,7.5000,7.5000,7.5000,7.5000,7.5000,7.5000,7.5000,7.5000,7.5000,7.5000,7.5000,7.5000,7.5000,7.5000,7.5000
16.2361,7.5000,7.5000,7.5000,7.5000,7.5000,7.5000,7.5000,7.5000,7.5000,7.5000,7.5000,7.5000,7.5000,7.5000,7.5000,7.5000
16.2461,7.5000,7.5000,7.5000,7.5000,7.5000,7.5000,7.5000,7.5000,7.5000,7.5000,7.5000,7.5000,7.5000,7.5000,7.5000,7.5000
16.2562,7.5000,7.5000,7.5000,7.5000,7.5000,7.5000,7.5000,7.5000,7.5000,7.5000,7.5000,7.5000,7.5000,7.5000,7.5000,7.5000
16.2663,7.5000,7.5000,7.5000,7.5000,7.5000,7.5000,7.5000,7.5000,7.5000,7.5000,7.5000,7.5000,7.5000,7.5000,7.5000,7.5000
16.2763,7.5000,7.5000,7.5000,7.5000,7.5000,7.5000,7.5000,7.5000,7.5000,7.5000,7.5000,7.5000,7.5000,7.5000,7.5000,7.5000
16.2864,7.5000,7.5000,7.5000,7.5000,7.5000,7.5000,7.5000,7.5000,7.5000,7.5000,7.5000,7.5000,7.5000,7.5000,7.5000,7.5000
16.2964,7.5000,7.5000,7.5000,7.5000,7.5000,7.5000,7.5000,7.5000,7.5000,7.5000,7.5000,7.5000,7.5000,7.5000,7.5000,7.5000
16.3065,7.5000,7.5000,7.5000,7.5000,7.5000,7.5000,7.5000,7.5000,7.5000,7.5000,7.5000,7.5000,7.5000,7.5000,7.5000,7.5000
16.3166,7.5000,7.5000,7.5000,7.5000,7.5000,7.5000,7.5000,7.5000,7.5000,7.5000,7.5000,7.5000,7.5000,7.5000,7.5000,7.5000
16.3266,7.5000,7.5000,7.5000,7.5000,7.5000,7.5000,7.5000,7.5000,7.5000,7.5000,7.5000,7.5000,7.5000,7.5000,7.5000,7.5000
16.3366,7.5000,7.5000,7.5000,7.5000,7.5000,7.5000,7.5000,7.5000,7.5000,7.5000,7.5000,7.5000,7.5000,7.5000,7.5000,7.5000
16.3467,7.5000,7.5000,7.5000,7.5000,7.5000,7.5000,7.5000,7.5000,7.5000,7.5000,7.5000,7.5000,7.5000,7.5000,7.5000,7.5000
16.3568,7.5000,7.5000,7.5000,7.5000,7.5000,7.5000,7.5000,7.5000,7.5000,7.5000,7.5000,7.5000,7.5000,7.5000,7.5000,7.5000
16.3668,7.5000,7.5000,7.5000,7.5000,7.5000,7.5000,7.5000,7.5000,7.5000,7.5000,7.5000,7.5000,7.5000,7.5000,7.5000,7.5000
16.3769,7.5000,7.5000,7.5000,7.5000,7.5000,7.5000,7.5000,7.5000,7.5000,7.5000,7.5000,7.5000,7.5000,7.5000,7.5000,7.5000
16.3870,7.5000,7.5000,7.5000,7.5000,7.5000,7.5000,7.5000,7.5000,7.5000,7.5000,7.5000,7.5000,7.5000,7.5000,7.5000,7.5000
16.3970,7.5000,7.5000,7.5000,7.5000,7.5000,7.5000,7.5000,7.5000,7.5000,7.5000,7.5000,7.5000,7.5000,7.5000,7.5000,7.5000
16.4071,7.5000,7.5000,7.5000,7.5000,7.5000,7.5000,7.5000,7.5000,7.5000,7.5000,7.5000,7.5000,7.5000,7.5000,7.5000,7.5000
16.4172,7.5000,7.5000,7.5000,7.5000,7.5000,7.5000,7.5000,7.5000,7.5000,7.5000,7.5000,7.5000,7.5000,7.5000,7.5000,7.5000
16.4272,7.5000,7.5000,7.5000,7.5000,7.5000,7.5000,7.5000,7.5000,7.5000,7.5000,7.5000,7.5000,7.5000,7.5000,7.5000,7.5000
16.4373,7.5000,7.5000,7.5000,7.5000,7.5000,7.5000,7.5000,7.5000,7.5000,7.5000,7.5000,7.5000,7.5000,7.5000,7.5000,7.5000
16.4474,7.5000,7.5000,7.5000,7.5000,7.5000,7.5000,7.5000,7.5000,7.5000,7.5000,7.5000,7.5000,7.5000,7.5000,7.5000,7.5000
16.4575,7.5000,7.5000,7.5000,7.5000,7.5000,7.5000,7.5000,7.5000,7.5000,7.5000,7.5000,7.5000,7.5000,7.5000,7.5000,7.5000
16.4675,7.5000,7.5000,7.5000,7.5000,7.5000,7.5000,7.5000,7.5000,7.5000,7.5000,7.5000,7.5000,7.5000,7.5000,7.5000,7.5000
16.4776,7.5000,7.5000,7.5000,7.5000,7.5000,7.5000,7.5000,7.5000,7.5000,7.5000,7.5000,7.5000,7.5000,7.5000,7.5000,7.5000
16.4877,7.5000,7.5000,7.5000,7.5000,7.5000,7.5000,7.5000,7.5000,7.5000,7.5000,7.5000,7.5000,7.5000,7.5000,7.5000,7.5000
16.4977,7.5000,7.5000,7.5000,7.5000,7.5000,7.5000,7.5000,7.5000,7.5000,7.5000,7.5000,7.5000,7.5000,7.5000,7.5000,7.5000
16.5078,7.5000,7.5000,7.5000,7.5000,7.5000,7.5000,7.5000,7.5000,7.5000,7.5000,7.5000,7.5000,7.5000,7.5000,7.5000,7.5000
16.5179,7.5000,7.5000,7.5000,7.5000,7.5000,7.5000,7.5000,7.5000,7.5000,7.5000,7.5000,7.5000,7.5000,7.5000,7.5000,7.5000
16.5279,7.5000,7.5000,7.5000,7.5000,7.5000,7.5000,7.5000,7.5000,7.5000,7.5000,7.5000,7.5000,7.5000,7.5000,7.5000,7.5000
16.5380,7.5000,7.5000,7.5000,7.5000,7.5000,7.5000,7.5000,7.5000,7.5000,7.5000,7.5000,7.5000,7.5000,7.5000,7.5000,7.5000
16.5481,7.5000,7.5000,7.5000,7.5000,7.5000,7.5000,7.5000,7.5000,7.5000,7.5000,7.5000,7.5000,7.5000,7.5000,7.5000,7.5000
16.5581,7.5000,7.5000,7.5000,7.5000,7.5000,7.5000,7.5000,7.5000,7.5000,7.5000,7.5000,7.5000,7.5000,7.5000,7.5000,7.5000
16.5682,7.5000,7.5000,7.5000,7.5000,7.5000,7.5000,7.5000,7.5000,7.5000,7.5000,7.5000,7.5000,7.5000,7.5000,7.5000,7.5000
16.5783,7.5000,7.5000,7.5000,7.5000,7.5000,7.5000,7.5000,7.5000,7.5000,7.5000,7.5000,7.5000,7.5000,7.5000,7.5000,7.5000
16.5883,7.5000,7.5000,7.5000,7.5000,7.5000,7.5000,7.5000,7.5000,7.5000,7.5000,7.5000,7.5000,7.5000,7.5000,7.5000,7.5000
16.5984,7.5000,7.5000,7.5000,7.5000,7.5000,7.5000,7.5000,7.5000,7.5000,7.5000,7.5000,7.5000,7.5000,7.5000,7.5000,7.5000
16.6085,7.5000,7.5000,7.5000,7.5000,7.5000,7.5000,7.5000,7.5000,7.5000,7.5000,7.5000,7.5000,7.5000,7.5000,7.5000,7.5000
16.6185,7.5000,7.5000,7.5000,7.5000,7.5000,7.5000,7.5000,7.5000,7.5000,7.5000,7.5000,7.5000,7.5000,7.5000,7.5000,7.5000
16.6286,7.5000,7.5000,7.5000,7.5000,7.5000,7.5000,7.5000,7.5000,7.5000,7.5000,7.5000,7.5000,7.5000,7.5000,7.5000,7.5000
16.6387,7.5000,7.5000,7.5000,7.5000,7.5000,7.5000,7.5000,7.5000,7.5000,7.5000,7.5000,7.5000,7.5000,7.5000,7.5000,7.5000
16.6487,7.5000,7.5000,7.5000,7.5000,7.5000,7.5000,7.5000,7.5000,7.5000,7.5000,7.5000,7.5000,7.5000,7.5000,7.5000,7.5000
16.6588,7.5000,7.5000,7.5000,7.5000,7.5000,7.5000,7.5000,7.5000,7.5000,7.5000,7.5000,7.5000,7.5000,7.5000,7.5000,7.5000
16.6689,7.5000,7.5000,7.5000,7.5000,7.5000,7.5000,7.5000,7.5000,7.5000,7.5000,7.5000,7.5000,7.5000,7.5000,7.5000,7.5000
16.6789,7.5000,7.5000,7.5000,7.5000,7.5000,7.5000,7.5000,7.5000,7.5000,7.5000,7.5000,7.5000,7.5000,7.5000,7.5000,7.5000
16.6890,7.5000,7.5000,7.5000,7.5000,7.5000,7.5000,7.5000,7.5000,7.5000,7.5000,7.5000,7.5000,7.5000,7.5000,7.5000,7.5000
16.6991,7.5000,7.5000,7.5000,7.5000,7.5000,7.5000,7.5000,7.5000,7.5000,7.5000,7.5000,7.5000,7.5000,7.5000,7.5000,7.5000
16.7092,7.5000,7.5000,7.5000,7.5000,7.5000,7.5000,7.5000,7.5000,7.5000,7.5000,7.5000,7.5000,7.5000,7.5000,7.5000,7.5000
16.7192,7.5000,7.5000,7.5000,7.5000,7.5000,7.5000,7.5000,7.5000,7.5000,7.5000,7.5000,7.5000,7.5000,7.5000,7.5000,7.5000
16.7293,7.5000,7.5000,7.5000,7.5000,7.5000,7.5000,7.5000,7.5000,7.5000,7.5000,7.5000,7.5000,7.5000,7.5000,7.5000,7.5000
16.7394,7.5000,7.5000,7.5000,7.5000,7.5000,7.5000,7.5000,7.5000,7.5000,7.5000,7.5000,7.5000,7.5000,7.5000,7.5000,7.5000
16.7494,7.5000,7.5000,7.5000,7.5000,7.5000,7.5000,7.5000,7.5000,7.5000,7.5000,7.5000,7.5000,7.5000,7.5000,7.5000,7.5000
16.7595,7.5000,7.5000,7.5000,7.5000,7.5000,7.5000,7.5000,7.5000,7.5000,7.5000,7.5000,7.5000,7.5000,7.5000,7.5000,7.5000
16.7696,7.5000,7.5000,7.5000,7.5000,7.5000,7.5000,7.5000,7.5000,7.5000,7.5000,7.5000,7.5000,7.5000,7.5000,7.5000,7.5000
16.7796,7.5000,7.5000,7.5000,7.5000,7.5000,7.5000,7.5000,7.5000,7.5000,7.5000,7.5000,7.5000,7.5000,7.5000,7.5000,7.5000
16.7897,7.5000,7.5000,7.5000,7.5000,7.5000,7.5000,7.5000,7.5000,7.5000,7.5000,7.5000,7.5000,7.5000,7.5000,7.5000,7.5000
16.7998,7.5000,7.5000,7.5000,7.5000,7.5000,7.5000,7.5000,7.5000,7.5000,7.5000,7.5000,7.5000,7.5000,7.5000,7.5000,7.5000
16.8098,7.5000,7.5000,7.5000,7.5000,7.5000,7.5000,7.5000,7.5000,7.5000,7.5000,7.5000,7.5000,7.5000,7.5000,7.5000,7.5000
16.8199,7.5000,7.5000,7.5000,7.5000,7.5000,7.5000,7.5000,7.5000,7.5000,7.5000,7.5000,7.5000,7.5000,7.5000,7.5000,7.5000
16.8300,7.5000,7.5000,7.5000,7.5000,7.5000,7.5000,7.5000,7.5000,7.5000,7.5000,7.5000,7.5000,7.5000,7.5000,7.5000,7.5000
16.8400,7.5000,7.5000,7.5000,7.5000,7.5000,7.5000,7.5000,7.5000,7.5000,7.5000,7.5000,7.5000,7.5000,7.5000,7.5000,7.5000
16.8501,7.5000,7.5000,7.5000,7.5000,7.5000,7.5000,7.5000,7.5000,7.5000,7.5000,7.5000,7.5000,7.5000,7.5000,7.5000,7.5000
16.8602,7.5000,7.5000,7.5000,7.5000,7.5000,7.5000,7.5000,7.5000,7.5000,7.5000,7.5000,7.5000,7.5000,7.5000,7.5000,7.5000
16.8702,7.5000,7.5000,7.5000,7.5000,7.5000,7.5000,7.5000,7.5000,7.5000,7.5000,7.5000,7.5000,7.5000,7.5000,7.5000,7.5000
16.8803,7.5000,7.5000,7.5000,7.5000,7.5000,7.5000,7.5000,7.5000,7.5000,7.5000,7.5000,7.5000,7.5000,7.5000,7.5000,7.5000
16.8904,7.5000,7.5000,7.5000,7.5000,7.5000,7.5000,7.5000,7.5000,7.5000,7.5000,7.5000,7.5000,7.5000,7.5000,7.5000,7.5000
16.9004,7.5000,7.5000,7.5000,7.5000,7.5000,7.5000,7.5000,7.5000,7.5000,7.5000,7.5000,7.5000,7.5000,7.5000,7.5000,7.5000
16.9105,7.5000,7.5000,7.5000,7.5000,7.5000,7.5000,7.5000,7.5000,7.5000,7.5000,7.5000,7.5000,7.5000,7.5000,7.5000,7.5000
16.9205,7.5000,7.5000,7.5000,7.5000,7.5000,7.5000,7.5000,7.5000,7.5000,7.5000,7.5000,7.5000,7.5000,7.5000,7.5000,7.5000
16.9306,7.5000,7.5000,7.5000,7.5000,7.5000,7.5000,7.5000,7.5000,7.5000,7.5000,7.5000,7.5000,7.5000,7.5000,7.5000,7.5000
16.9407,7.5000,7.5000,7.5000,7.5000,7.5000,7.5000,7.5000,7.5000,7.5000,7.5000,7.5000,7.5000,7.5000,7.5000,7.5000,7.5000
16.9507,7.5000,7.5000,7.5000,7.5000,7.5000,7.5000,7.5000,7.5000,7.5000,7.5000,7.5000,7.5000,7.5000,7.5000,7.5000,7.5000
16.9608,7.5000,7.5000,7.5000,7.5000,7.5000,7.5000,7.5000,7.5000,7.5000,7.5000,7.5000,7.5000,7.5000,7.5000,7.5000,7.5000
16.9709,7.5000,7.5000,7.5000,7.5000,7.5000,7.5000,7.5000,7.5000,7.5000,7.5000,7.5000,7.5000,7.5000,7.5000,7.5000,7.5000
16.9809,7.5000,7.5000,7.5000,7.5000,7.5000,7.5000,7.5000,7.5000,7.5000,7.5000,7.5000,7.5000,7.5000,7.5000,7.5000,7.5000
16.9910,7.5000,7.5000,7.5000,7.5000,7.5000,7.5000,7.5000,7.5000,7.5000,7.5000,7.5000,7.5000,7.5000,7.5000,7.5000,7.5000
17.0010,7.5000,7.5000,7.5000,7.5000,7.5000,7.5000,7.5000,7.5000,7.5000,7.5000,7.5000,7.5000,7.5000,7.5000,7.5000,7.5000
17.0111,7.5000,7.5000,7.5000,7.5000,7.5000,7.5000,7.5000,7.5000,7.5000,7.5000,7.5000,7.5000,7.5000,7.5000,7.5000,7.5000
17.0211,7.5000,7.5000,7.5000,7.5000,7.5000,7.5000,7.5000,7.5000,7.5000,7.5000,7.5000,7.5000,7.5000,7.5000,7.5000,7.5000
17.0312,7.5000,7.5000,7.5000,7.5000,7.5000,7.5000,7.5000,7.5000,7.5000,7.5000,7.5000,7.5000,7.5000,7.5000,7.5000,7.5000
17.0413,7.5000,7.5000,7.5000,7.5000,7.5000,7.5000,7.5000,7.5000,7.5000,7.5000,7.5000,7.5000,7.5000,7.5000,7.5000,7.5000
17.0513,7.5000,7.5000,7.5000,7.5000,7.5000,7.5000,7.5000,7.5000,7.5000,7.5000,7.5000,7.5000,7.5000,7.5000,7.5000,7.5000
17.0614,7.5000,7.5000,7.5000,7.5000,7.5000,7.5000,7.5000,7.5000,7.5000,7.5000,7.5000,7.5000,7.5000,7.5000,7.5000,7.5000
17.0715,7.5000,7.5000,7.5000,7.5000,7.5000,7.5000,7.5000,7.5000,7.5000,7.5000,7.5000,7.5000,7.5000,7.5000,7.5000,7.5000
17.0815,7.5000,7.5000,7.5000,7.5000,7.5000,7.5000,7.5000,7.5000,7.5000,7.5000,7.5000,7.5000,7.5000,7.5000,7.5000,7.5000
17.0916,7.5000,7.5000,7.5000,7.5000,7.5000,7.5000,7.5000,7.5000,7.5000,7.5000,7.5000,7.5000,7.5000,7.5000,7.5000,7.5000
17.1016,7.5000,7.5000,7.5000,7.5000,7.5000,7.5000,7.5000,7.5000,7.5000,7.5000,7.5000,7.5000,7.5000,7.5000,7.5000,7.5000
17.1117,7.5000,7.5000,7.5000,7.5000,7.5000,7.5000,7.5000,7.5000,7.5000,7.5000,7.5000,7.5000,7.5000,7.5000,7.5000,7.5000
17.1218,7.5000,7.5000,7.5000,7.5000,7.5000,7.5000,7.5000,7.5000,7.5000,7.5000,7.5000,7.5000,7.5000,7.5000,7.5000,7.5000
17.1318,7.5000,7.5000,7.5000,7.5000,7.5000,7.5000,7.5000,7.5000,7.5000,7.5000,7.5000,7.5000,7.5000,7.5000,7.5000,7.5000
17.1419,7.5000,7.5000,7.5000,7.5000,7.5000,7.5000,7.5000,7.5000,7.5000,7.5000,7.5000,7.5000,7.5000,7.5000,7.5000,7.5000
17.1519,7.5000,7.5000,7.5000,7.5000,7.5000,7.5000,7.5000,7.5000,7.5000,7.5000,7.5000,7.5000,7.5000,7.5000,7.5000,7.5000
17.1620,7.5000,7.5000,7.5000,7.5000,7.5000,7.5000,7.5000,7.5000,7.5000,7.5000,7.5000,7.5000,7.5000,7.5000,7.5000,7.5000
17.1721,7.5000,7.5000,7.5000,7.5000,7.5000,7.5000,7.5000,7.5000,7.5000,7.5000,7.5000,7.5000,7.5000,7.5000,7.5000,7.5000
17.1821,7.5000,7.5000,7.5000,7.5000,7.5000,7.5000,7.5000,7.5000,7.5000,7.5000,7.5000,7.5000,7.5000,7.5000,7.5000,7.5000
17.1922,7.5000,7.5000,7.5000,7.5000,7.5000,7.5000,7.5000,7.5000,7.5000,7.5000,7.5000,7.5000,7.5000,7.5000,7.5000,7.5000
17.2023,7.5000,7.5000,7.5000,7.5000,7.5000,7.5000,7.5000,7.5000,7.5000,7.5000,7.5000,7.5000,7.5000,7.5000,7.5000,7.5000
17.2123,7.5000,7.5000,7.5000,7.5000,7.5000,7.5000,7.5000,7.5000,7.5000,7.5000,7.5000,7.5000,7.5000,7.5000,7.5000,7.5000
17.2224,7.5000,7.5000,7.5000,7.5000,7.5000,7.5000,7.5000,7.5000,7.5000,7.5000,7.5000,7.5000,7.5000,7.5000,7.5000,7.5000
17.2325,7.5000,7.5000,7.5000,7.5000,7.5000,7.5000,7.5000,7.5000,7.5000,7.5000,7.5000,7.5000,7.5000,7.5000,7.5000,7.5000
17.2425,7.5000,7.5000,7.5000,7.5000,7.5000,7.5000,7.5000,7.5000,7.5000,7.5000,7.5000,7.5000,7.5000,7.5000,7.5000,7.5000
17.2526,7.5000,7.5000,7.5000,7.5000,7.5000,7.5000,7.5000,7.5000,7.5000,7.5000,7.5000,7.5000,7.5000,7.5000,7.5000,7.5000
17.2627,7.5000,7.5000,7.5000,7.5000,7.5000,7.5000,7.5000,7.5000,7.5000,7.5000,7.5000,7.5000,7.5000,7.5000,7.5000,7.5000
17.2727,7.5000,7.5000,7.5000,7.5000,7.5000,7.5000,7.5000,7.5000,7.5000,7.5000,7.5000,7.5000,7.5000,7.5000,7.5000,7.5000
17.2828,7.5000,7.5000,7.5000,7.5000,7.5000,7.5000,7.5000,7.5000,7.5000,7.5000,7.5000,7.5000,7.5000,7.5000,7.5000,7.5000
17.2929,7.5000,7.5000,7.5000,7.5000,7.5000,7.5000,7.5000,7.5000,7.5000,7.5000,7.5000,7.5000,7.5000,7.5000,7.5000,7.5000
17.3029,7.5000,7.5000,7.5000,7.5000,7.5000,7.5000,7.5000,7.5000,7.5000,7.5000,7.5000,7.5000,7.5000,7.5000,7.5000,7.5000
17.3130,7.5000,7.5000,7.5000,7.5000,7.5000,7.5000,7.5000,7.5000,7.5000,7.5000,7.5000,7.5000,7.5000,7.5000,7.5000,7.5000
17.3231,7.5000,7.5000,7.5000,7.5000,7.5000,7.5000,7.5000,7.5000,7.5000,7.5000,7.5000,7.5000,7.5000,7.5000,7.5000,7.5000
17.3331,7.5000,7.5000,7.5000,7.5000,7.5000,7.5000,7.5000,7.5000,7.5000,7.5000,7.5000,7.5000,7.5000,7.5000,7.5000,7.5000
17.3432,7.5000,7.5000,7.5000,7.5000,7.5000,7.5000,7.5000,7.5000,7.5000,7.5000,7.5000,7.5000,7.5000,7.5000,7.5000,7.5000
17.3533,7.5000,7.5000,7.5000,7.5000,7.5000,7.5000,7.5000,7.5000,7.5000,7.5000,7.5000,7.5000,7.5000,7.5000,7.5000,7.5000
17.3633,7.5000,7.5000,7.5000,7.5000,7.5000,7.5000,7.5000,7.5000,7.5000,7.5000,7.5000,7.5000,7.5000,7.5000,7.5000,7.5000
17.3734,7.5000,7.5000,7.5000,7.5000,7.5000,7.5000,7.5000,7.5000,7.5000,7.5000,7.5000,7.5000,7.5000,7.5000,7.5000,7.5000
17.3835,7.5000,7.5000,7.5000,7.5000,7.5000,7.5000,7.5000,7.5000,7.5000,7.5000,7.5000,7.5000,7.5000,7.5000,7.5000,7.5000
17.3935,7.5000,7.5000,7.5000,7.5000,7.5000,7.5000,7.5000,7.5000,7.5000,7.5000,7.5000,7.5000,7.5000,7.5000,7.5000,7.5000
17.4036,7.5000,7.5000,7.5000,7.5000,7.5000,7.5000,7.5000,7.5000,7.5000,7.5000,7.5000,7.5000,7.5000,7.5000,7.5000,7.5000
17.4137,7.5000,7.5000,7.5000,7.5000,7.5000,7.5000,7.5000,7.5000,7.5000,7.5000,7.5000,7.5000,7.5000,7.5000,7.5000,7.5000
17.4238,7.5000,7.5000,7.5000,7.5000,7.5000,7.5000,7.5000,7.5000,7.5000,7.5000,7.5000,7.5000,7.5000,7.5000,7.5000,7.5000
17.4338,7.5000,7.5000,7.5000,7.5000,7.5000,7.5000,7.5000,7.5000,7.5000,7.5000,7.5000,7.5000,7.5000,7.5000,7.5000,7.5000
17.4439,7.5000,7.5000,7.5000,7.5000,7.5000,7.5000,7.5000,7.5000,7.5000,7.5000,7.5000,7.5000,7.5000,7.5000,7.5000,7.5000
17.4540,7.5000,7.5000,7.5000,7.5000,7.5000,7.5000,7.5000,7.5000,7.5000,7.5000,7.5000,7.5000,7.5000,7.5000,7.5000,7.5000
17.4640,7.5000,7.5000,7.5000,7.5000,7.5000,7.5000,7.5000,7.5000,7.5000,7.5000,7.5000,7.5000,7.5000,7.5000,7.5000,7.5000
17.4741,7.5000,7.5000,7.5000,7.5000,7.5000,7.5000,7.5000,7.5000,7.5000,7.5000,7.5000,7.5000,7.5000,7.5000,7.5000,7.5000
17.4842,7.5000,7.5000,7.5000,7.5000,7.5000,7.5000,7.5000,7.5000,7.5000,7.5000,7.5000,7.5000,7.5000,7.5000,7.5000,7.5000
17.4942,7.5000,7.5000,7.5000,7.5000,7.5000,7.5000,7.5000,7.5000,7.5000,7.5000,7.5000,7.5000,7.5000,7.5000,7.5000,7.5000
17.5043,7.5000,7.5000,7.5000,7.5000,7.5000,7.5000,7.5000,7.5000,7.5000,7.5000,7.5000,7.5000,7.5000,7.5000,7.5000,7.5000
17.5144,7.5000,7.5000,7.5000,7.5000,7.5000,7.5000,7.5000,7.5000,7.5000,7.5000,7.5000,7.5000,7.5000,7.5000,7.5000,7.5000
17.5244,7.5000,7.5000,7.5000,7.5000,7.5000,7.5000,7.5000,7.5000,7.5000,7.5000,7.5000,7.5000,7.5000,7.5000,7.5000,7.5000
17.5345,7.5000,7.5000,7.5000,7.5000,7.5000,7.5000,7.5000,7.5000,7.5000,7.5000,7.5000,7.5000,7.5000,7.5000,7.5000,7.5000
17.5446,7.5000,7.5000,7.5000,7.5000,7.5000,7.5000,7.5000,7.5000,7.5000,7.5000,7.5000,7.5000,7.5000,7.5000,7.5000,7.5000
17.5546,7.5000,7.5000,7.5000,7.5000,7.5000,7.5000,7.5000,7.5000,7.5000,7.5000,7.5000,7.5000,7.5000,7.5000,7.5000,7.5000
17.5647,7.5000,7.5000,7.5000,7.5000,7.5000,7.5000,7.5000,7.5000,7.5000,7.5000,7.5000,7.5000,7.5000,7.5000,7.5000,7.5000
17.5748,7.5000,7.5000,7.5000,7.5000,7.5000,7.5000,7.5000,7.5000,7.5000,7.5000,7.5000,7.5000,7.5000,7.5000,7.5000,7.5000
17.5849,7.5000,7.5000,7.5000,7.5000,7.5000,7.5000,7.5000,7.5000,7.5000,7.5000,7.5000,7.5000,7.5000,7.5000,7.5000,7.5000
17.5949,7.5000,7.5000,7.5000,7.5000,7.5000,7.5000,7.5000,7.5000,7.5000,7.5000,7.5000,7.5000,7.5000,7.5000,7.5000,7.5000
17.6050,7.5000,7.5000,7.5000,7.5000,7.5000,7.5000,7.5000,7.5000,7.5000,7.5000,7.5000,7.5000,7.5000,7.5000,7.5000,7.5000
17.6151,7.5000,7.5000,7.5000,7.5000,7.5000,7.5000,7.5000,7.5000,7.5000,7.5000,7.5000,7.5000,7.5000,7.5000,7.5000,7.5000
17.6251,7.5000,7.5000,7.5000,7.5000,7.5000,7.5000,7.5000,7.5000,7.5000,7.5000,7.5000,7.5000,7.5000,7.5000,7.5000,7.5000
17.6352,7.5000,7.5000,7.5000,7.5000,7.5000,7.5000,7.5000,7.5000,7.5000,7.5000,7.5000,7.5000,7.5000,7.5000,7.5000,7.5000
17.6453,7.5000,7.5000,7.5000,7.5000,7.5000,7.5000,7.5000,7.5000,7.5000,7.5000,7.5000,7.5000,7.5000,7.5000,7.5000,7.5000
17.6553,7.5000,7.5000,7.5000,7.5000,7.5000,7.5000,7.5000,7.5000,7.5000,7.5000,7.5000,7.5000,7.5000,7.5000,7.5000,7.5000
17.6654,7.5000,7.5000,7.5000,7.5000,7.5000,7.5000,7.5000,7.5000,7.5000,7.5000,7.5000,7.5000,7.5000,7.5000,7.5000,7.5000
17.6755,7.5000,7.5000,7.5000,7.5000,7.5000,7.5000,7.5000,7.5000,7.5000,7.5000,7.5000,7.5000,7.5000,7.5000,7.5000,7.5000
17.6855,7.5000,7.5000,7.5000,7.5000,7.5000,7.5000,7.5000,7.5000,7.5000,7.5000,7.5000,7.5000,7.5000,7.5000,7.5000,7.5000
17.6956,7.5000,7.5000,7.5000,7.5000,7.5000,7.5000,7.5000,7.5000,7.5000,7.5000,7.5000,7.5000,7.5000,7.5000,7.5000,7.5000
17.7057,7.5000,7.5000,7.5000,7.5000,7.5000,7.5000,7.5000,7.5000,7.5000,7.5000,7.5000,7.5000,7.5000,7.5000,7.5000,7.5000
17.7158,7.5000,7.5000,7.5000,7.5000,7.5000,7.5000,7.5000,7.5000,7.5000,7.5000,7.5000,7.5000,7.5000,7.5000,7.5000,7.5000
17.7258,7.5000,7.5000,7.5000,7.5000,7.5000,7.5000,7.5000,7.5000,7.5000,7.5000,7.5000,7.5000,7.5000,7.5000,7.5000,7.5000
17.7359,7.5000,7.5000,7.5000,7.5000,7.5000,7.5000,7.5000,7.5000,7.5000,7.5000,7.5000,7.5000,7.5000,7.5000,7.5000,7.5000
17.7460,7.5000,7.5000,7.5000,7.5000,7.5000,7.5000,7.5000,7.5000,7.5000,7.5000,7.5000,7.5000,7.5000,7.5000,7.5000,7.5000
17.7560,7.5000,7.5000,7.5000,7.5000,7.5000,7.5000,7.5000,7.5000,7.5000,7.5000,7.5000,7.5000,7.5000,7.5000,7.5000,7.5000
17.7661,7.5000,7.5000,7.5000,7.5000,7.5000,7.5000,7.5000,7.5000,7.5000,7.5000,7.5000,7.5000,7.5000,7.5000,7.5000,7.5000
17.7762,7.5000,7.5000,7.5000,7.5000,7.5000,7.5000,7.5000,7.5000,7.5000,7.5000,7.5000,7.5000,7.5000,7.5000,7.5000,7.5000
17.7862,7.5000,7.5000,7.5000,7.5000,7.5000,7.5000,7.5000,7.5000,7.5000,7.5000,7.5000,7.5000,7.5000,7.5000,7.5000,7.5000
17.7963,7.5000,7.5000,7.5000,7.5000,7.5000,7.5000,7.5000,7.5000,7.5000,7.5000,7.5000,7.5000,7.5000,7.5000,7.5000,7.5000
17.8064,7.5000,7.5000,7.5000,7.5000,7.5000,7.5000,7.5000,7.5000,7.5000,7.5000,7.5000,7.5000,7.5000,7.5000,7.5000,7.5000
17.8164,7.5000,7.5000,7.5000,7.5000,7.5000,7.5000,7.5000,7.5000,7.5000,7.5000,7.5000,7.5000,7.5000,7.5000,7.5000,7.5000
17.8265,7.5000,7.5000,7.5000,7.5000,7.5000,7.5000,7.5000,7.5000,7.5000,7.5000,7.5000,7.5000,7.5000,7.5000,7.5000,7.5000
17.8365,7.5000,7.5000,7.5000,7.5000,7.5000,7.5000,7.5000,7.5000,7.5000,7.5000,7.5000,7.5000,7.5000,7.5000,7.5000,7.5000
17.8466,7.5000,7.5000,7.5000,7.5000,7.5000,7.5000,7.5000,7.5000,7.5000,7.5000,7.5000,7.5000,7.5000,7.5000,7.5000,7.5000
17.8566,7.5000,7.5000,7.5000,7.5000,7.5000,7.5000,7.5000,7.5000,7.5000,7.5000,7.5000,7.5000,7.5000,7.5000,7.5000,7.5000
17.8667,7.5000,7.5000,7.5000,7.5000,7.5000,7.5000,7.5000,7.5000,7.5000,7.5000,7.5000,7.5000,7.5000,7.5000,7.5000,7.5000
17.8768,7.5000,7.5000,7.5000,7.5000,7.5000,7.5000,7.5000,7.5000,7.5000,7.5000,7.5000,7.5000,7.5000,7.5000,7.5000,7.5000
17.8868,7.5000,7.5000,7.5000,7.5000,7.5000,7.5000,7.5000,7.5000,7.5000,7.5000,7.5000,7.5000,7.5000,7.5000,7.5000,7.5000
17.8969,7.5000,7.5000,7.5000,7.5000,7.5000,7.5000,7.5000,7.5000,7.5000,7.5000,7.5000,7.5000,7.5000,7.5000,7.5000,7.5000
17.9070,7.5000,7.5000,7.5000,7.5000,7.5000,7.5000,7.5000,7.5000,7.5000,7.5000,7.5000,7.5000,7.5000,7.5000,7.5000,7.5000
17.9170,7.5000,7.5000,7.5000,7.5000,7.5000,7.5000,7.5000,7.5000,7.5000,7.5000,7.5000,7.5000,7.5000,7.5000,7.5000,7.5000
17.9271,7.5000,7.5000,7.5000,7.5000,7.5000,7.5000,7.5000,7.5000,7.5000,7.5000,7.5000,7.5000,7.5000,7.5000,7.5000,7.5000
17.9372,7.5000,7.5000,7.5000,7.5000,7.5000,7.5000,7.5000,7.5000,7.5000,7.5000,7.5000,7.5000,7.5000,7.5000,7.5000,7.5000
17.9472,7.5000,7.5000,7.5000,7.5000,7.5000,7.5000,7.5000,7.5000,7.5000,7.5000,7.5000,7.5000,7.5000,7.5000,7.5000,7.5000
17.9573,7.5000,7.5000,7.5000,7.5000,7.5000,7.5000,7.5000,7.5000,7.5000,7.5000,7.5000,7.5000,7.5000,7.5000,7.5000,7.5000
17.9674,7.5000,7.5000,7.5000,7.5000,7.5000,7.5000,7.5000,7.5000,7.5000,7.5000,7.5000,7.5000,7.5000,7.5000,7.5000,7.5000
17.9774,7.5000,7.5000,7.5000,7.5000,7.5000,7.5000,7.5000,7.5000,7.5000,7.5000,7.5000,7.5000,7.5000,7.5000,7.5000,7.5000
17.9875,7.5000,7.5000,7.5000,7.5000,7.5000,7.5000,7.5000,7.5000,7.5000,7.5000,7.5000,7.5000,7.5000,7.5000,7.5000,7.5000
17.9976,7.5000,7.5000,7.5000,7.5000,7.5000,7.5000,7.5000,7.5000,7.5000,7.5000,7.5000,7.5000,7.5000,7.5000,7.5000,7.5000
18.0076,7.5000,7.5000,7.5000,7.5000,7.5000,7.5000,7.5000,7.5000,7.5000,7.5000,7.5000,7.5000,7.5000,7.5000,7.5000,7.5000
18.0177,7.5000,7.5000,7.5000,7.5000,7.5000,7.5000,7.5000,7.5000,7.5000,7.5000,7.5000,7.5000,7.5000,7.5000,7.5000,7.5000
18.0278,7.5000,7.5000,7.5000,7.5000,7.5000,7.5000,7.5000,7.5000,7.5000,7.5000,7.5000,7.5000,7.5000,7.5000,7.5000,7.5000
18.0378,7.5000,7.5000,7.5000,7.5000,7.5000,7.5000,7.5000,7.5000,7.5000,7.5000,7.5000,7.5000,7.5000,7.5000,7.5000,7.5000
18.0479,7.5000,7.5000,7.5000,7.5000,7.5000,7.5000,7.5000,7.5000,7.5000,7.5000,7.5000,7.5000,7.5000,7.5000,7.5000,7.5000
18.0579,7.5000,7.5000,7.5000,7.5000,7.5000,7.5000,7.5000,7.5000,7.5000,7.5000,7.5000,7.5000,7.5000,7.5000,7.5000,7.5000
18.0680,7.5000,7.5000,7.5000,7.5000,7.5000,7.5000,7.5000,7.5000,7.5000,7.5000,7.5000,7.5000,7.5000,7.5000,7.5000,7.5000
18.0781,7.5000,7.5000,7.5000,7.5000,7.5000,7.5000,7.5000,7.5000,7.5000,7.5000,7.5000,7.5000,7.5000,7.5000,7.5000,7.5000
18.0881,7.5000,7.5000,7.5000,7.5000,7.5000,7.5000,7.5000,7.5000,7.5000,7.5000,7.5000,7.5000,7.5000,7.5000,7.5000,7.5000
18.0982,7.5000,7.5000,7.5000,7.5000,7.5000,7.5000,7.5000,7.5000,7.5000,7.5000,7.5000,7.5000,7.5000,7.5000,7.5000,7.5000
18.1082,7.5000,7.5000,7.5000,7.5000,7.5000,7.5000,7.5000,7.5000,7.5000,7.5000,7.5000,7.5000,7.5000,7.5000,7.5000,7.5000
18.1183,7.5000,7.5000,7.5000,7.5000,7.5000,7.5000,7.5000,7.5000,7.5000,7.5000,7.5000,7.5000,7.5000,7.5000,7.5000,7.5000
18.1284,7.5000,7.5000,7.5000,7.5000,7.5000,7.5000,7.5000,7.5000,7.5000,7.5000,7.5000,7.5000,7.5000,7.5000,7.5000,7.5000
18.1384,7.5000,7.5000,7.5000,7.5000,7.5000,7.5000,7.5000,7.5000,7.5000,7.5000,7.5000,7.5000,7.5000,7.5000,7.5000,7.5000
18.1485,7.5000,7.5000,7.5000,7.5000,7.5000,7.5000,7.5000,7.5000,7.5000,7.5000,7.5000,7.5000,7.5000,7.5000,7.5000,7.5000
18.1585,7.5000,7.5000,7.5000,7.5000,7.5000,7.5000,7.5000,7.5000,7.5000,7.5000,7.5000,7.5000,7.5000,7.5000,7.5000,7.5000
18.1686,7.5000,7.5000,7.5000,7.5000,7.5000,7.5000,7.5000,7.5000,7.5000,7.5000,7.5000,7.5000,7.5000,7.5000,7.5000,7.5000
18.1787,7.5000,7.5000,7.5000,7.5000,7.5000,7.5000,7.5000,7.5000,7.5000,7.5000,7.5000,7.5000,7.5000,7.5000,7.5000,7.5000
18.1887,7.5000,7.5000,7.5000,7.5000,7.5000,7.5000,7.5000,7.5000,7.5000,7.5000,7.5000,7.5000,7.5000,7.5000,7.5000,7.5000
18.1988,7.5000,7.5000,7.5000,7.5000,7.5000,7.5000,7.5000,7.5000,7.5000,7.5000,7.5000,7.5000,7.5000,7.5000,7.5000,7.5000
18.2089,7.5000,7.5000,7.5000,7.5000,7.5000,7.5000,7.5000,7.5000,7.5000,7.5000,7.5000,7.5000,7.5000,7.5000,7.5000,7.5000
18.2189,7.5000,7.5000,7.5000,7.5000,7.5000,7.5000,7.5000,7.5000,7.5000,7.5000,7.5000,7.5000,7.5000,7.5000,7.5000,7.5000
18.2290,7.5000,7.5000,7.5000,7.5000,7.5000,7.5000,7.5000,7.5000,7.5000,7.5000,7.5000,7.5000,7.5000,7.5000,7.5000,7.5000
18.2390,7.5000,7.5000,7.5000,7.5000,7.5000,7.5000,7.5000,7.5000,7.5000,7.5000,7.5000,7.5000,7.5000,7.5000,7.5000,7.5000
18.2491,7.5000,7.5000,7.5000,7.5000,7.5000,7.5000,7.5000,7.5000,7.5000,7.5000,7.5000,7.5000,7.5000,7.5000,7.5000,7.5000
18.2592,7.5000,7.5000,7.5000,7.5000,7.5000,7.5000,7.5000,7.5000,7.5000,7.5000,7.5000,7.5000,7.5000,7.5000,7.5000,7.5000
18.2692,7.5000,7.5000,7.5000,7.5000,7.5000,7.5000,7.5000,7.5000,7.5000,7.5000,7.5000,7.5000,7.5000,7.5000,7.5000,7.5000
18.2793,7.5000,7.5000,7.5000,7.5000,7.5000,7.5000,7.5000,7.5000,7.5000,7.5000,7.5000,7.5000,7.5000,7.5000,7.5000,7.5000
18.2893,7.5000,7.5000,7.5000,7.5000,7.5000,7.5000,7.5000,7.5000,7.5000,7.5000,7.5000,7.5000,7.5000,7.5000,7.5000,7.5000
18.2994,7.5000,7.5000,7.5000,7.5000,7.5000,7.5000,7.5000,7.5000,7.5000,7.5000,7.5000,7.5000,7.5000,7.5000,7.5000,7.5000
18.3095,7.5000,7.5000,7.5000,7.5000,7.5000,7.5000,7.5000,7.5000,7.5000,7.5000,7.5000,7.5000,7.5000,7.5000,7.5000,7.5000
18.3195,7.5000,7.5000,7.5000,7.5000,7.5000,7.5000,7.5000,7.5000,7.5000,7.5000,7.5000,7.5000,7.5000,7.5000,7.5000,7.5000
18.3296,7.5000,7.5000,7.5000,7.5000,7.5000,7.5000,7.5000,7.5000,7.5000,7.5000,7.5000,7.5000,7.5000,7.5000,7.5000,7.5000
18.3397,7.5000,7.5000,7.5000,7.5000,7.5000,7.5000,7.5000,7.5000,7.5000,7.5000,7.5000,7.5000,7.5000,7.5000,7.5000,7.5000
18.3497,7.5000,7.5000,7.5000,7.5000,7.5000,7.5000,7.5000,7.5000,7.5000,7.5000,7.5000,7.5000,7.5000,7.5000,7.5000,7.5000
18.3598,7.5000,7.5000,7.5000,7.5000,7.5000,7.5000,7.5000,7.5000,7.5000,7.5000,7.5000,7.5000,7.5000,7.5000,7.5000,7.5000
18.3699,7.5000,7.5000,7.5000,7.5000,7.5000,7.5000,7.5000,7.5000,7.5000,7.5000,7.5000,7.5000,7.5000,7.5000,7.5000,7.5000
18.3799,7.5000,7.5000,7.5000,7.5000,7.5000,7.5000,7.5000,7.5000,7.5000,7.5000,7.5000,7.5000,7.5000,7.5000,7.5000,7.5000
18.3900,7.5000,7.5000,7.5000,7.5000,7.5000,7.5000,7.5000,7.5000,7.5000,7.5000,7.5000,7.5000,7.5000,7.5000,7.5000,7.5000
18.4001,7.5000,7.5000,7.5000,7.5000,7.5000,7.5000,7.5000,7.5000,7.5000,7.5000,7.5000,7.5000,7.5000,7.5000,7.5000,7.5000
18.4101,7.5000,7.5000,7.5000,7.5000,7.5000,7.5000,7.5000,7.5000,7.5000,7.5000,7.5000,7.5000,7.5000,7.5000,7.5000,7.5000
18.4202,7.5000,7.5000,7.5000,7.5000,7.5000,7.5000,7.5000,7.5000,7.5000,7.5000,7.5000,7.5000,7.5000,7.5000,7.5000,7.5000
18.4303,7.5000,7.5000,7.5000,7.5000,7.5000,7.5000,7.5000,7.5000,7.5000,7.5000,7.5000,7.5000,7.5000,7.5000,7.5000,7.5000
18.4403,7.5000,7.5000,7.5000,7.5000,7.5000,7.5000,7.5000,7.5000,7.5000,7.5000,7.5000,7.5000,7.5000,7.5000,7.5000,7.5000
18.4504,7.5000,7.5000,7.5000,7.5000,7.5000,7.5000,7.5000,7.5000,7.5000,7.5000,7.5000,7.5000,7.5000,7.5000,7.5000,7.5000
18.4604,7.5000,7.5000,7.5000,7.5000,7.5000,7.5000,7.5000,7.5000,7.5000,7.5000,7.5000,7.5000,7.5000,7.5000,7.5000,7.5000
18.4705,7.5000,7.5000,7.5000,7.5000,7.5000,7.5000,7.5000,7.5000,7.5000,7.5000,7.5000,7.5000,7.5000,7.5000,7.5000,7.5000
18.4805,7.5000,7.5000,7.5000,7.5000,7.5000,7.5000,7.5000,7.5000,7.5000,7.5000,7.5000,7.5000,7.5000,7.5000,7.5000,7.5000
18.4906,7.5000,7.5000,7.5000,7.5000,7.5000,7.5000,7.5000,7.5000,7.5000,7.5000,7.5000,7.5000,7.5000,7.5000,7.5000,7.5000
18.5007,7.5000,7.5000,7.5000,7.5000,7.5000,7.5000,7.5000,7.5000,7.5000,7.5000,7.5000,7.5000,7.5000,7.5000,7.5000,7.5000
18.5107,7.5000,7.5000,7.5000,7.5000,7.5000,7.5000,7.5000,7.5000,7.5000,7.5000,7.5000,7.5000,7.5000,7.5000,7.5000,7.5000
18.5208,7.5000,7.5000,7.5000,7.5000,7.5000,7.5000,7.5000,7.5000,7.5000,7.5000,7.5000,7.5000,7.5000,7.5000,7.5000,7.5000
18.5309,7.5000,7.5000,7.5000,7.5000,7.5000,7.5000,7.5000,7.5000,7.5000,7.5000,7.5000,7.5000,7.5000,7.5000,7.5000,7.5000
18.5409,7.5000,7.5000,7.5000,7.5000,7.5000,7.5000,7.5000,7.5000,7.5000,7.5000,7.5000,7.5000,7.5000,7.5000,7.5000,7.5000
18.5510,7.5000,7.5000,7.5000,7.5000,7.5000,7.5000,7.5000,7.5000,7.5000,7.5000,7.5000,7.5000,7.5000,7.5000,7.5000,7.5000
18.5611,7.5000,7.5000,7.5000,7.5000,7.5000,7.5000,7.5000,7.5000,7.5000,7.5000,7.5000,7.5000,7.5000,7.5000,7.5000,7.5000
18.5711,7.5000,7.5000,7.5000,7.5000,7.5000,7.5000,7.5000,7.5000,7.5000,7.5000,7.5000,7.5000,7.5000,7.5000,7.5000,7.5000
18.5812,7.5000,7.5000,7.5000,7.5000,7.5000,7.5000,7.5000,7.5000,7.5000,7.5000,7.5000,7.5000,7.5000,7.5000,7.5000,7.5000
18.5913,7.5000,7.5000,7.5000,7.5000,7.5000,7.5000,7.5000,7.5000,7.5000,7.5000,7.5000,7.5000,7.5000,7.5000,7.5000,7.5000
18.6013,7.5000,7.5000,7.5000,7.5000,7.5000,7.5000,7.5000,7.5000,7.5000,7.5000,7.5000,7.5000,7.5000,7.5000,7.5000,7.5000
18.6114,7.5000,7.5000,7.5000,7.5000,7.5000,7.5000,7.5000,7.5000,7.5000,7.5000,7.5000,7.5000,7.5000,7.5000,7.5000,7.5000
18.6214,7.5000,7.5000,7.5000,7.5000,7.5000,7.5000,7.5000,7.5000,7.5000,7.5000,7.5000,7.5000,7.5000,7.5000,7.5000,7.5000
18.6315,7.5000,7.5000,7.5000,7.5000,7.5000,7.5000,7.5000,7.5000,7.5000,7.5000,7.5000,7.5000,7.5000,7.5000,7.5000,7.5000
18.6416,7.5000,7.5000,7.5000,7.5000,7.5000,7.5000,7.5000,7.5000,7.5000,7.5000,7.5000,7.5000,7.5000,7.5000,7.5000,7.5000
18.6516,7.5000,7.5000,7.5000,7.5000,7.5000,7.5000,7.5000,7.5000,7.5000,7.5000,7.5000,7.5000,7.5000,7.5000,7.5000,7.5000
18.6617,7.5000,7.5000,7.5000,7.5000,7.5000,7.5000,7.5000,7.5000,7.5000,7.5000,7.5000,7.5000,7.5000,7.5000,7.5000,7.5000
18.6717,7.5000,7.5000,7.5000,7.5000,7.5000,7.5000,7.5000,7.5000,7.5000,7.5000,7.5000,7.5000,7.5000,7.5000,7.5000,7.5000
18.6818,7.5000,7.5000,7.5000,7.5000,7.5000,7.5000,7.5000,7.5000,7.5000,7.5000,7.5000,7.5000,7.5000,7.5000,7.5000,7.5000
18.6919,7.5000,7.5000,7.5000,7.5000,7.5000,7.5000,7.5000,7.5000,7.5000,7.5000,7.5000,7.5000,7.5000,7.5000,7.5000,7.5000
18.7019,7.5000,7.5000,7.5000,7.5000,7.5000,7.5000,7.5000,7.5000,7.5000,7.5000,7.5000,7.5000,7.5000,7.5000,7.5000,7.5000
18.7120,7.5000,7.5000,7.5000,7.5000,7.5000,7.5000,7.5000,7.5000,7.5000,7.5000,7.5000,7.5000,7.5000,7.5000,7.5000,7.5000
18.7220,7.5000,7.5000,7.5000,7.5000,7.5000,7.5000,7.5000,7.5000,7.5000,7.5000,7.5000,7.5000,7.5000,7.5000,7.5000,7.5000
18.7321,7.5000,7.5000,7.5000,7.5000,7.5000,7.5000,7.5000,7.5000,7.5000,7.5000,7.5000,7.5000,7.5000,7.5000,7.5000,7.5000
18.7421,7.5000,7.5000,7.5000,7.5000,7.5000,7.5000,7.5000,7.5000,7.5000,7.5000,7.5000,7.5000,7.5000,7.5000,7.5000,7.5000
18.7522,7.5000,7.5000,7.5000,7.5000,7.5000,7.5000,7.5000,7.5000,7.5000,7.5000,7.5000,7.5000,7.5000,7.5000,7.5000,7.5000
18.7623,7.5000,7.5000,7.5000,7.5000,7.5000,7.5000,7.5000,7.5000,7.5000,7.5000,7.5000,7.5000,7.5000,7.5000,7.5000,7.5000
18.7723,7.5000,7.5000,7.5000,7.5000,7.5000,7.5000,7.5000,7.5000,7.5000,7.5000,7.5000,7.5000,7.5000,7.5000,7.5000,7.5000
18.7824,7.5000,7.5000,7.5000,7.5000,7.5000,7.5000,7.5000,7.5000,7.5000,7.5000,7.5000,7.5000,7.5000,7.5000,7.5000,7.5000
18.7924,7.5000,7.5000,7.5000,7.5000,7.5000,7.5000,7.5000,7.5000,7.5000,7.5000,7.5000,7.5000,7.5000,7.5000,7.5000,7.5000
18.8025,7.5000,7.5000,7.5000,7.5000,7.5000,7.5000,7.5000,7.5000,7.5000,7.5000,7.5000,7.5000,7.5000,7.5000,7.5000,7.5000
18.8126,7.5000,7.5000,7.5000,7.5000,7.5000,7.5000,7.5000,7.5000,7.5000,7.5000,7.5000,7.5000,7.5000,7.5000,7.5000,7.5000
18.8226,7.5000,7.5000,7.5000,7.5000,7.5000,7.5000,7.5000,7.5000,7.5000,7.5000,7.5000,7.5000,7.5000,7.5000,7.5000,7.5000
18.8326,7.5000,7.5000,7.5000,7.5000,7.5000,7.5000,7.5000,7.5000,7.5000,7.5000,7.5000,7.5000,7.5000,7.5000,7.5000,7.5000
18.8427,7.5000,7.5000,7.5000,7.5000,7.5000,7.5000,7.5000,7.5000,7.5000,7.5000,7.5000,7.5000,7.5000,7.5000,7.5000,7.5000
18.8528,7.5000,7.5000,7.5000,7.5000,7.5000,7.5000,7.5000,7.5000,7.5000,7.5000,7.5000,7.5000,7.5000,7.5000,7.5000,7.5000
18.8628,7.5000,7.5000,7.5000,7.5000,7.5000,7.5000,7.5000,7.5000,7.5000,7.5000,7.5000,7.5000,7.5000,7.5000,7.5000,7.5000
18.8729,7.5000,7.5000,7.5000,7.5000,7.5000,7.5000,7.5000,7.5000,7.5000,7.5000,7.5000,7.5000,7.5000,7.5000,7.5000,7.5000
18.8830,7.5000,7.5000,7.5000,7.5000,7.5000,7.5000,7.5000,7.5000,7.5000,7.5000,7.5000,7.5000,7.5000,7.5000,7.5000,7.5000
18.8930,7.5000,7.5000,7.5000,7.5000,7.5000,7.5000,7.5000,7.5000,7.5000,7.5000,7.5000,7.5000,7.5000,7.5000,7.5000,7.5000
18.9031,7.5000,7.5000,7.5000,7.5000,7.5000,7.5000,7.5000,7.5000,7.5000,7.5000,7.5000,7.5000,7.5000,7.5000,7.5000,7.5000
18.9131,7.5000,7.5000,7.5000,7.5000,7.5000,7.5000,7.5000,7.5000,7.5000,7.5000,7.5000,7.5000,7.5000,7.5000,7.5000,7.5000
18.9232,7.5000,7.5000,7.5000,7.5000,7.5000,7.5000,7.5000,7.5000,7.5000,7.5000,7.5000,7.5000,7.5000,7.5000,7.5000,7.5000
18.9333,7.5000,7.5000,7.5000,7.5000,7.5000,7.5000,7.5000,7.5000,7.5000,7.5000,7.5000,7.5000,7.5000,7.5000,7.5000,7.5000
18.9433,7.5000,7.5000,7.5000,7.5000,7.5000,7.5000,7.5000,7.5000,7.5000,7.5000,7.5000,7.5000,7.5000,7.5000,7.5000,7.5000
18.9534,7.5000,7.5000,7.5000,7.5000,7.5000,7.5000,7.5000,7.5000,7.5000,7.5000,7.5000,7.5000,7.5000,7.5000,7.5000,7.5000
18.9634,7.5000,7.5000,7.5000,7.5000,7.5000,7.5000,7.5000,7.5000,7.5000,7.5000,7.5000,7.5000,7.5000,7.5000,7.5000,7.5000
18.9735,7.5000,7.5000,7.5000,7.5000,7.5000,7.5000,7.5000,7.5000,7.5000,7.5000,7.5000,7.5000,7.5000,7.5000,7.5000,7.5000
18.9836,7.5000,7.5000,7.5000,7.5000,7.5000,7.5000,7.5000,7.5000,7.5000,7.5000,7.5000,7.5000,7.5000,7.5000,7.5000,7.5000
18.9936,7.5000,7.5000,7.5000,7.5000,7.5000,7.5000,7.5000,7.5000,7.5000,7.5000,7.5000,7.5000,7.5000,7.5000,7.5000,7.5000
19.0037,7.5000,7.5000,7.5000,7.5000,7.5000,7.5000,7.5000,7.5000,7.5000,7.5000,7.5000,7.5000,7.5000,7.5000,7.5000,7.5000
19.0137,7.5000,7.5000,7.5000,7.5000,7.5000,7.5000,7.5000,7.5000,7.5000,7.5000,7.5000,7.5000,7.5000,7.5000,7.5000,7.5000
19.0238,7.5000,7.5000,7.5000,7.5000,7.5000,7.5000,7.5000,7.5000,7.5000,7.5000,7.5000,7.5000,7.5000,7.5000,7.5000,7.5000
19.0339,7.5000,7.5000,7.5000,7.5000,7.5000,7.5000,7.5000,7.5000,7.5000,7.5000,7.5000,7.5000,7.5000,7.5000,7.5000,7.5000
19.0439,7.5000,7.5000,7.5000,7.5000,7.5000,7.5000,7.5000,7.5000,7.5000,7.5000,7.5000,7.5000,7.5000,7.5000,7.5000,7.5000
19.0540,7.5000,7.5000,7.5000,7.5000,7.5000,7.5000,7.5000,7.5000,7.5000,7.5000,7.5000,7.5000,7.5000,7.5000,7.5000,7.5000
19.0640,7.5000,7.5000,7.5000,7.5000,7.5000,7.5000,7.5000,7.5000,7.5000,7.5000,7.5000,7.5000,7.5000,7.5000,7.5000,7.5000
19.0741,7.5000,7.5000,7.5000,7.5000,7.5000,7.5000,7.5000,7.5000,7.5000,7.5000,7.5000,7.5000,7.5000,7.5000,7.5000,7.5000
19.0842,7.5000,7.5000,7.5000,7.5000,7.5000,7.5000,7.5000,7.5000,7.5000,7.5000,7.5000,7.5000,7.5000,7.5000,7.5000,7.5000
19.0942,7.5000,7.5000,7.5000,7.5000,7.5000,7.5000,7.5000,7.5000,7.5000,7.5000,7.5000,7.5000,7.5000,7.5000,7.5000,7.5000
19.1043,7.5000,7.5000,7.5000,7.5000,7.5000,7.5000,7.5000,7.5000,7.5000,7.5000,7.5000,7.5000,7.5000,7.5000,7.5000,7.5000
19.1143,7.5000,7.5000,7.5000,7.5000,7.5000,7.5000,7.5000,7.5000,7.5000,7.5000,7.5000,7.5000,7.5000,7.5000,7.5000,7.5000
19.1244,7.5000,7.5000,7.5000,7.5000,7.5000,7.5000,7.5000,7.5000,7.5000,7.5000,7.5000,7.5000,7.5000,7.5000,7.5000,7.5000
19.1345,7.5000,7.5000,7.5000,7.5000,7.5000,7.5000,7.5000,7.5000,7.5000,7.5000,7.5000,7.5000,7.5000,7.5000,7.5000,7.5000
19.1445,7.5000,7.5000,7.5000,7.5000,7.5000,7.5000,7.5000,7.5000,7.5000,7.5000,7.5000,7.5000,7.5000,7.5000,7.5000,7.5000
19.1546,7.5000,7.5000,7.5000,7.5000,7.5000,7.5000,7.5000,7.5000,7.5000,7.5000,7.5000,7.5000,7.5000,7.5000,7.5000,7.5000
19.1647,7.5000,7.5000,7.5000,7.5000,7.5000,7.5000,7.5000,7.5000,7.5000,7.5000,7.5000,7.5000,7.5000,7.5000,7.5000,7.5000
19.1747,7.5000,7.5000,7.5000,7.5000,7.5000,7.5000,7.5000,7.5000,7.5000,7.5000,7.5000,7.5000,7.5000,7.5000,7.5000,7.5000
19.1848,7.5000,7.5000,7.5000,7.5000,7.5000,7.5000,7.5000,7.5000,7.5000,7.5000,7.5000,7.5000,7.5000,7.5000,7.5000,7.5000
19.1948,7.5000,7.5000,7.5000,7.5000,7.5000,7.5000,7.5000,7.5000,7.5000,7.5000,7.5000,7.5000,7.5000,7.5000,7.5000,7.5000
19.2049,7.5000,7.5000,7.5000,7.5000,7.5000,7.5000,7.5000,7.5000,7.5000,7.5000,7.5000,7.5000,7.5000,7.5000,7.5000,7.5000
19.2150,7.5000,7.5000,7.5000,7.5000,7.5000,7.5000,7.5000,7.5000,7.5000,7.5000,7.5000,7.5000,7.5000,7.5000,7.5000,7.5000
19.2250,7.5000,7.5000,7.5000,7.5000,7.5000,7.5000,7.5000,7.5000,7.5000,7.5000,7.5000,7.5000,7.5000,7.5000,7.5000,7.5000
19.2351,7.5000,7.5000,7.5000,7.5000,7.5000,7.5000,7.5000,7.5000,7.5000,7.5000,7.5000,7.5000,7.5000,7.5000,7.5000,7.5000
19.2451,7.5000,7.5000,7.5000,7.5000,7.5000,7.5000,7.5000,7.5000,7.5000,7.5000,7.5000,7.5000,7.5000,7.5000,7.5000,7.5000
19.2552,7.5000,7.5000,7.5000,7.5000,7.5000,7.5000,7.5000,7.5000,7.5000,7.5000,7.5000,7.5000,7.5000,7.5000,7.5000,7.5000
19.2653,7.5000,7.5000,7.5000,7.5000,7.5000,7.5000,7.5000,7.5000,7.5000,7.5000,7.5000,7.5000,7.5000,7.5000,7.5000,7.5000
19.2753,7.5000,7.5000,7.5000,7.5000,7.5000,7.5000,7.5000,7.5000,7.5000,7.5000,7.5000,7.5000,7.5000,7.5000,7.5000,7.5000
19.2854,7.5000,7.5000,7.5000,7.5000,7.5000,7.5000,7.5000,7.5000,7.5000,7.5000,7.5000,7.5000,7.5000,7.5000,7.5000,7.5000
19.2955,7.5000,7.5000,7.5000,7.5000,7.5000,7.5000,7.5000,7.5000,7.5000,7.5000,7.5000,7.5000,7.5000,7.5000,7.5000,7.5000
19.3055,7.5000,7.5000,7.5000,7.5000,7.5000,7.5000,7.5000,7.5000,7.5000,7.5000,7.5000,7.5000,7.5000,7.5000,7.5000,7.5000
19.3156,7.5000,7.5000,7.5000,7.5000,7.5000,7.5000,7.5000,7.5000,7.5000,7.5000,7.5000,7.5000,7.5000,7.5000,7.5000,7.5000
19.3256,7.5000,7.5000,7.5000,7.5000,7.5000,7.5000,7.5000,7.5000,7.5000,7.5000,7.5000,7.5000,7.5000,7.5000,7.5000,7.5000
19.3357,7.5000,7.5000,7.5000,7.5000,7.5000,7.5000,7.5000,7.5000,7.5000,7.5000,7.5000,7.5000,7.5000,7.5000,7.5000,7.5000
19.3458,7.5000,7.5000,7.5000,7.5000,7.5000,7.5000,7.5000,7.5000,7.5000,7.5000,7.5000,7.5000,7.5000,7.5000,7.5000,7.5000
19.3558,7.5000,7.5000,7.5000,7.5000,7.5000,7.5000,7.5000,7.5000,7.5000,7.5000,7.5000,7.5000,7.5000,7.5000,7.5000,7.5000
19.3659,7.5000,7.5000,7.5000,7.5000,7.5000,7.5000,7.5000,7.5000,7.5000,7.5000,7.5000,7.5000,7.5000,7.5000,7.5000,7.5000
19.3759,7.5000,7.5000,7.5000,7.5000,7.5000,7.5000,7.5000,7.5000,7.5000,7.5000,7.5000,7.5000,7.5000,7.5000,7.5000,7.5000
19.3860,7.5000,7.5000,7.5000,7.5000,7.5000,7.5000,7.5000,7.5000,7.5000,7.5000,7.5000,7.5000,7.5000,7.5000,7.5000,7.5000
19.3961,7.5000,7.5000,7.5000,7.5000,7.5000,7.5000,7.5000,7.5000,7.5000,7.5000,7.5000,7.5000,7.5000,7.5000,7.5000,7.5000
19.4061,7.5000,7.5000,7.5000,7.5000,7.5000,7.5000,7.5000,7.5000,7.5000,7.5000,7.5000,7.5000,7.5000,7.5000,7.5000,7.5000
19.4162,7.5000,7.5000,7.5000,7.5000,7.5000,7.5000,7.5000,7.5000,7.5000,7.5000,7.5000,7.5000,7.5000,7.5000,7.5000,7.5000
19.4262,7.5000,7.5000,7.5000,7.5000,7.5000,7.5000,7.5000,7.5000,7.5000,7.5000,7.5000,7.5000,7.5000,7.5000,7.5000,7.5000
19.4363,7.5000,7.5000,7.5000,7.5000,7.5000,7.5000,7.5000,7.5000,7.5000,7.5000,7.5000,7.5000,7.5000,7.5000,7.5000,7.5000
19.4464,7.5000,7.5000,7.5000,7.5000,7.5000,7.5000,7.5000,7.5000,7.5000,7.5000,7.5000,7.5000,7.5000,7.5000,7.5000,7.5000
19.4564,7.5000,7.5000,7.5000,7.5000,7.5000,7.5000,7.5000,7.5000,7.5000,7.5000,7.5000,7.5000,7.5000,7.5000,7.5000,7.5000
19.4665,7.5000,7.5000,7.5000,7.5000,7.5000,7.5000,7.5000,7.5000,7.5000,7.5000,7.5000,7.5000,7.5000,7.5000,7.5000,7.5000
19.4766,7.5000,7.5000,7.5000,7.5000,7.5000,7.5000,7.5000,7.5000,7.5000,7.5000,7.5000,7.5000,7.5000,7.5000,7.5000,7.5000
19.4866,7.5000,7.5000,7.5000,7.5000,7.5000,7.5000,7.5000,7.5000,7.5000,7.5000,7.5000,7.5000,7.5000,7.5000,7.5000,7.5000
19.4966,7.5000,7.5000,7.5000,7.5000,7.5000,7.5000,7.5000,7.5000,7.5000,7.5000,7.5000,7.5000,7.5000,7.5000,7.5000,7.5000
19.5067,7.5000,7.5000,7.5000,7.5000,7.5000,7.5000,7.5000,7.5000,7.5000,7.5000,7.5000,7.5000,7.5000,7.5000,7.5000,7.5000
19.5168,7.5000,7.5000,7.5000,7.5000,7.5000,7.5000,7.5000,7.5000,7.5000,7.5000,7.5000,7.5000,7.5000,7.5000,7.5000,7.5000
19.5268,7.5000,7.5000,7.5000,7.5000,7.5000,7.5000,7.5000,7.5000,7.5000,7.5000,7.5000,7.5000,7.5000,7.5000,7.5000,7.5000
19.5369,7.5000,7.5000,7.5000,7.5000,7.5000,7.5000,7.5000,7.5000,7.5000,7.5000,7.5000,7.5000,7.5000,7.5000,7.5000,7.5000
19.5469,7.5000,7.5000,7.5000,7.5000,7.5000,7.5000,7.5000,7.5000,7.5000,7.5000,7.5000,7.5000,7.5000,7.5000,7.5000,7.5000
19.5571,7.5000,7.5000,7.5000,7.5000,7.5000,7.5000,7.5000,7.5000,7.5000,7.5000,7.5000,7.5000,7.5000,7.5000,7.5000,7.5000
19.5672,7.5000,7.5000,7.5000,7.5000,7.5000,7.5000,7.5000,7.5000,7.5000,7.5000,7.5000,7.5000,7.5000,7.5000,7.5000,7.5000
19.5772,7.5000,7.5000,7.5000,7.5000,7.5000,7.5000,7.5000,7.5000,7.5000,7.5000,7.5000,7.5000,7.5000,7.5000,7.5000,7.5000
19.5872,7.5000,7.5000,7.5000,7.5000,7.5000,7.5000,7.5000,7.5000,7.5000,7.5000,7.5000,7.5000,7.5000,7.5000,7.5000,7.5000
19.5973,7.5000,7.5000,7.5000,7.5000,7.5000,7.5000,7.5000,7.5000,7.5000,7.5000,7.5000,7.5000,7.5000,7.5000,7.5000,7.5000
19.6073,7.5000,7.5000,7.5000,7.5000,7.5000,7.5000,7.5000,7.5000,7.5000,7.5000,7.5000,7.5000,7.5000,7.5000,7.5000,7.5000
19.6174,7.5000,7.5000,7.5000,7.5000,7.5000,7.5000,7.5000,7.5000,7.5000,7.5000,7.5000,7.5000,7.5000,7.5000,7.5000,7.5000
19.6275,7.5000,7.5000,7.5000,7.5000,7.5000,7.5000,7.5000,7.5000,7.5000,7.5000,7.5000,7.5000,7.5000,7.5000,7.5000,7.5000
19.6375,7.5000,7.5000,7.5000,7.5000,7.5000,7.5000,7.5000,7.5000,7.5000,7.5000,7.5000,7.5000,7.5000,7.5000,7.5000,7.5000
19.6476,7.5000,7.5000,7.5000,7.5000,7.5000,7.5000,7.5000,7.5000,7.5000,7.5000,7.5000,7.5000,7.5000,7.5000,7.5000,7.5000
19.6577,7.5000,7.5000,7.5000,7.5000,7.5000,7.5000,7.5000,7.5000,7.5000,7.5000,7.5000,7.5000,7.5000,7.5000,7.5000,7.5000
19.6677,7.5000,7.5000,7.5000,7.5000,7.5000,7.5000,7.5000,7.5000,7.5000,7.5000,7.5000,7.5000,7.5000,7.5000,7.5000,7.5000
19.6778,7.5000,7.5000,7.5000,7.5000,7.5000,7.5000,7.5000,7.5000,7.5000,7.5000,7.5000,7.5000,7.5000,7.5000,7.5000,7.5000
19.6878,7.5000,7.5000,7.5000,7.5000,7.5000,7.5000,7.5000,7.5000,7.5000,7.5000,7.5000,7.5000,7.5000,7.5000,7.5000,7.5000
19.6979,7.5000,7.5000,7.5000,7.5000,7.5000,7.5000,7.5000,7.5000,7.5000,7.5000,7.5000,7.5000,7.5000,7.5000,7.5000,7.5000
19.7080,7.5000,7.5000,7.5000,7.5000,7.5000,7.5000,7.5000,7.5000,7.5000,7.5000,7.5000,7.5000,7.5000,7.5000,7.5000,7.5000
19.7180,7.5000,7.5000,7.5000,7.5000,7.5000,7.5000,7.5000,7.5000,7.5000,7.5000,7.5000,7.5000,7.5000,7.5000,7.5000,7.5000
19.7281,7.5000,7.5000,7.5000,7.5000,7.5000,7.5000,7.5000,7.5000,7.5000,7.5000,7.5000,7.5000,7.5000,7.5000,7.5000,7.5000
19.7381,7.5000,7.5000,7.5000,7.5000,7.5000,7.5000,7.5000,7.5000,7.5000,7.5000,7.5000,7.5000,7.5000,7.5000,7.5000,7.5000
19.7482,7.5000,7.5000,7.5000,7.5000,7.5000,7.5000,7.5000,7.5000,7.5000,7.5000,7.5000,7.5000,7.5000,7.5000,7.5000,7.5000
19.7583,7.5000,7.5000,7.5000,7.5000,7.5000,7.5000,7.5000,7.5000,7.5000,7.5000,7.5000,7.5000,7.5000,7.5000,7.5000,7.5000
19.7684,7.5000,7.5000,7.5000,7.5000,7.5000,7.5000,7.5000,7.5000,7.5000,7.5000,7.5000,7.5000,7.5000,7.5000,7.5000,7.5000
19.7784,7.5000,7.5000,7.5000,7.5000,7.5000,7.5000,7.5000,7.5000,7.5000,7.5000,7.5000,7.5000,7.5000,7.5000,7.5000,7.5000
19.7885,7.5000,7.5000,7.5000,7.5000,7.5000,7.5000,7.5000,7.5000,7.5000,7.5000,7.5000,7.5000,7.5000,7.5000,7.5000,7.5000
19.7985,7.5000,7.5000,7.5000,7.5000,7.5000,7.5000,7.5000,7.5000,7.5000,7.5000,7.5000,7.5000,7.5000,7.5000,7.5000,7.5000
19.8086,7.5000,7.5000,7.5000,7.5000,7.5000,7.5000,7.5000,7.5000,7.5000,7.5000,7.5000,7.5000,7.5000,7.5000,7.5000,7.5000
19.8187,7.5000,7.5000,7.5000,7.5000,7.5000,7.5000,7.5000,7.5000,7.5000,7.5000,7.5000,7.5000,7.5000,7.5000,7.5000,7.5000
19.8287,7.5000,7.5000,7.5000,7.5000,7.5000,7.5000,7.5000,7.5000,7.5000,7.5000,7.5000,7.5000,7.5000,7.5000,7.5000,7.5000
19.8388,7.5000,7.5000,7.5000,7.5000,7.5000,7.5000,7.5000,7.5000,7.5000,7.5000,7.5000,7.5000,7.5000,7.5000,7.5000,7.5000
19.8488,7.5000,7.5000,7.5000,7.5000,7.5000,7.5000,7.5000,7.5000,7.5000,7.5000,7.5000,7.5000,7.5000,7.5000,7.5000,7.5000
19.8589,7.5000,7.5000,7.5000,7.5000,7.5000,7.5000,7.5000,7.5000,7.5000,7.5000,7.5000,7.5000,7.5000,7.5000,7.5000,7.5000
19.8689,7.5000,7.5000,7.5000,7.5000,7.5000,7.5000,7.5000,7.5000,7.5000,7.5000,7.5000,7.5000,7.5000,7.5000,7.5000,7.5000
19.8790,7.5000,7.5000,7.5000,7.5000,7.5000,7.5000,7.5000,7.5000,7.5000,7.5000,7.5000,7.5000,7.5000,7.5000,7.5000,7.5000
19.8891,7.5000,7.5000,7.5000,7.5000,7.5000,7.5000,7.5000,7.5000,7.5000,7.5000,7.5000,7.5000,7.5000,7.5000,7.5000,7.5000
19.8991,7.5000,7.5000,7.5000,7.5000,7.5000,7.5000,7.5000,7.5000,7.5000,7.5000,7.5000,7.5000,7.5000,7.5000,7.5000,7.5000
19.9092,7.5000,7.5000,7.5000,7.5000,7.5000,7.5000,7.5000,7.5000,7.5000,7.5000,7.5000,7.5000,7.5000,7.5000,7.5000,7.5000
19.9192,7.5000,7.5000,7.5000,7.5000,7.5000,7.5000,7.5000,7.5000,7.5000,7.5000,7.5000,7.5000,7.5000,7.5000,7.5000,7.5000
19.9293,7.5000,7.5000,7.5000,7.5000,7.5000,7.5000,7.5000,7.5000,7.5000,7.5000,7.5000,7.5000,7.5000,7.5000,7.5000,7.5000
19.9394,7.5000,7.5000,7.5000,7.5000,7.5000,7.5000,7.5000,7.5000,7.5000,7.5000,7.5000,7.5000,7.5000,7.5000,7.5000,7.5000
19.9494,7.5000,7.5000,7.5000,7.5000,7.5000,7.5000,7.5000,7.5000,7.5000,7.5000,7.5000,7.5000,7.5000,7.5000,7.5000,7.5000
19.9595,7.5000,7.5000,7.5000,7.5000,7.5000,7.5000,7.5000,7.5000,7.5000,7.5000,7.5000,7.5000,7.5000,7.5000,7.5000,7.5000
19.9695,7.5000,7.5000,7.5000,7.5000,7.5000,7.5000,7.5000,7.5000,7.5000,7.5000,7.5000,7.5000,7.5000,7.5000,7.5000,7.5000
19.9796,7.5000,7.5000,7.5000,7.5000,7.5000,7.5000,7.5000,7.5000,7.5000,7.5000,7.5000,7.5000,7.5000,7.5000,7.5000,7.5000
19.9896,7.5000,7.5000,7.5000,7.5000,7.5000,7.5000,7.5000,7.5000,7.5000,7.5000,7.5000,7.5000,7.5000,7.5000,7.5000,7.5000
19.9997,7.5000,7.5000,7.5000,7.5000,7.5000,7.5000,7.5000,7.5000,7.5000,7.5000,7.5000,7.5000,7.5000,7.5000,7.5000,7.5000
20.0098,7.5000,7.5000,7.5000,7.5000,7.5000,7.5000,7.5000,7.5000,7.5000,7.5000,7.5000,7.5000,7.5000,7.5000,7.5000,7.5000
20.0198,7.5000,7.5000,7.5000,7.5000,7.5000,7.5000,7.5000,7.5000,7.5000,7.5000,7.5000,7.5000,7.5000,7.5000,7.5000,7.5000
20.0299,7.5000,7.5000,7.5000,7.5000,7.5000,7.5000,7.5000,7.5000,7.5000,7.5000,7.5000,7.5000,7.5000,7.5000,7.5000,7.5000
20.0399,7.5000,7.5000,7.5000,7.5000,7.5000,7.5000,7.5000,7.5000,7.5000,7.5000,7.5000,7.5000,7.5000,7.5000,7.5000,7.5000
20.0500,7.5000,7.5000,7.5000,7.5000,7.5000,7.5000,7.5000,7.5000,7.5000,7.5000,7.5000,7.5000,7.5000,7.5000,7.5000,7.5000
20.0601,7.5000,7.5000,7.5000,7.5000,7.5000,7.5000,7.5000,7.5000,7.5000,7.5000,7.5000,7.5000,7.5000,7.5000,7.5000,7.5000
20.0701,7.5000,7.5000,7.5000,7.5000,7.5000,7.5000,7.5000,7.5000,7.5000,7.5000,7.5000,7.5000,7.5000,7.5000,7.5000,7.5000
20.0802,7.5000,7.5000,7.5000,7.5000,7.5000,7.5000,7.5000,7.5000,7.5000,7.5000,7.5000,7.5000,7.5000,7.5000,7.5000,7.5000
20.0902,7.5000,7.5000,7.5000,7.5000,7.5000,7.5000,7.5000,7.5000,7.5000,7.5000,7.5000,7.5000,7.5000,7.5000,7.5000,7.5000
20.1003,7.5000,7.5000,7.5000,7.5000,7.5000,7.5000,7.5000,7.5000,7.5000,7.5000,7.5000,7.5000,7.5000,7.5000,7.5000,7.5000
20.1104,7.5000,7.5000,7.5000,7.5000,7.5000,7.5000,7.5000,7.5000,7.5000,7.5000,7.5000,7.5000,7.5000,7.5000,7.5000,7.5000
20.1204,7.5000,7.5000,7.5000,7.5000,7.5000,7.5000,7.5000,7.5000,7.5000,7.5000,7.5000,7.5000,7.5000,7.5000,7.5000,7.5000
20.1305,7.5000,7.5000,7.5000,7.5000,7.5000,7.5000,7.5000,7.5000,7.5000,7.5000,7.5000,7.5000,7.5000,7.5000,7.5000,7.5000
20.1405,7.5000,7.5000,7.5000,7.5000,7.5000,7.5000,7.5000,7.5000,7.5000,7.5000,7.5000,7.5000,7.5000,7.5000,7.5000,7.5000
20.1506,7.5000,7.5000,7.5000,7.5000,7.5000,7.5000,7.5000,7.5000,7.5000,7.5000,7.5000,7.5000,7.5000,7.5000,7.5000,7.5000
20.1606,7.5000,7.5000,7.5000,7.5000,7.5000,7.5000,7.5000,7.5000,7.5000,7.5000,7.5000,7.5000,7.5000,7.5000,7.5000,7.5000
20.1707,7.5000,7.5000,7.5000,7.5000,7.5000,7.5000,7.5000,7.5000,7.5000,7.5000,7.5000,7.5000,7.5000,7.5000,7.5000,7.5000
20.1808,7.5000,7.5000,7.5000,7.5000,7.5000,7.5000,7.5000,7.5000,7.5000,7.5000,7.5000,7.5000,7.5000,7.5000,7.5000,7.5000
20.1909,7.5000,7.5000,7.5000,7.5000,7.5000,7.5000,7.5000,7.5000,7.5000,7.5000,7.5000,7.5000,7.5000,7.5000,7.5000,7.5000
20.2010,7.5000,7.5000,7.5000,7.5000,7.5000,7.5000,7.5000,7.5000,7.5000,7.5000,7.5000,7.5000,7.5000,7.5000,7.5000,7.5000
20.2110,7.5000,7.5000,7.5000,7.5000,7.5000,7.5000,7.5000,7.5000,7.5000,7.5000,7.5000,7.5000,7.5000,7.5000,7.5000,7.5000
20.2211,7.5000,7.5000,7.5000,7.5000,7.5000,7.5000,7.5000,7.5000,7.5000,7.5000,7.5000,7.5000,7.5000,7.5000,7.5000,7.5000
20.2312,7.5000,7.5000,7.5000,7.5000,7.5000,7.5000,7.5000,7.5000,7.5000,7.5000,7.5000,7.5000,7.5000,7.5000,7.5000,7.5000
20.2413,7.5000,7.5000,7.5000,7.5000,7.5000,7.5000,7.5000,7.5000,7.5000,7.5000,7.5000,7.5000,7.5000,7.5000,7.5000,7.5000
20.2514,7.5000,7.5000,7.5000,7.5000,7.5000,7.5000,7.5000,7.5000,7.5000,7.5000,7.5000,7.5000,7.5000,7.5000,7.5000,7.5000
20.2615,7.5000,7.5000,7.5000,7.5000,7.5000,7.5000,7.5000,7.5000,7.5000,7.5000,7.5000,7.5000,7.5000,7.5000,7.5000,7.5000
20.2715,7.5000,7.5000,7.5000,7.5000,7.5000,7.5000,7.5000,7.5000,7.5000,7.5000,7.5000,7.5000,7.5000,7.5000,7.5000,7.5000
20.2816,7.5000,7.5000,7.5000,7.5000,7.5000,7.5000,7.5000,7.5000,7.5000,7.5000,7.5000,7.5000,7.5000,7.5000,7.5000,7.5000
20.2917,7.5000,7.5000,7.5000,7.5000,7.5000,7.5000,7.5000,7.5000,7.5000,7.5000,7.5000,7.5000,7.5000,7.5000,7.5000,7.5000
20.3018,7.5000,7.5000,7.5000,7.5000,7.5000,7.5000,7.5000,7.5000,7.5000,7.5000,7.5000,7.5000,7.5000,7.5000,7.5000,7.5000
20.3119,7.5000,7.5000,7.5000,7.5000,7.5000,7.5000,7.5000,7.5000,7.5000,7.5000,7.5000,7.5000,7.5000,7.5000,7.5000,7.5000
20.3220,7.5000,7.5000,7.5000,7.5000,7.5000,7.5000,7.5000,7.5000,7.5000,7.5000,7.5000,7.5000,7.5000,7.5000,7.5000,7.5000
20.3321,7.5000,7.5000,7.5000,7.5000,7.5000,7.5000,7.5000,7.5000,7.5000,7.5000,7.5000,7.5000,7.5000,7.5000,7.5000,7.5000
20.3422,7.5000,7.5000,7.5000,7.5000,7.5000,7.5000,7.5000,7.5000,7.5000,7.5000,7.5000,7.5000,7.5000,7.5000,7.5000,7.5000
20.3522,7.5000,7.5000,7.5000,7.5000,7.5000,7.5000,7.5000,7.5000,7.5000,7.5000,7.5000,7.5000,7.5000,7.5000,7.5000,7.5000
20.3623,7.5000,7.5000,7.5000,7.5000,7.5000,7.5000,7.5000,7.5000,7.5000,7.5000,7.5000,7.5000,7.5000,7.5000,7.5000,7.5000
20.3724,7.5000,7.5000,7.5000,7.5000,7.5000,7.5000,7.5000,7.5000,7.5000,7.5000,7.5000,7.5000,7.5000,7.5000,7.5000,7.5000
20.3825,7.5000,7.5000,7.5000,7.5000,7.5000,7.5000,7.5000,7.5000,7.5000,7.5000,7.5000,7.5000,7.5000,7.5000,7.5000,7.5000
20.3926,7.5000,7.5000,7.5000,7.5000,7.5000,7.5000,7.5000,7.5000,7.5000,7.5000,7.5000,7.5000,7.5000,7.5000,7.5000,7.5000
20.4027,7.5000,7.5000,7.5000,7.5000,7.5000,7.5000,7.5000,7.5000,7.5000,7.5000,7.5000,7.5000,7.5000,7.5000,7.5000,7.5000
20.4127,7.5000,7.5000,7.5000,7.5000,7.5000,7.5000,7.5000,7.5000,7.5000,7.5000,7.5000,7.5000,7.5000,7.5000,7.5000,7.5000
20.4228,7.5000,7.5000,7.5000,7.5000,7.5000,7.5000,7.5000,7.5000,7.5000,7.5000,7.5000,7.5000,7.5000,7.5000,7.5000,7.5000
20.4329,7.5000,7.5000,7.5000,7.5000,7.5000,7.5000,7.5000,7.5000,7.5000,7.5000,7.5000,7.5000,7.5000,7.5000,7.5000,7.5000
20.4430,7.5000,7.5000,7.5000,7.5000,7.5000,7.5000,7.5000,7.5000,7.5000,7.5000,7.5000,7.5000,7.5000,7.5000,7.5000,7.5000
20.4531,7.5000,7.5000,7.5000,7.5000,7.5000,7.5000,7.5000,7.5000,7.5000,7.5000,7.5000,7.5000,7.5000,7.5000,7.5000,7.5000
20.4633,7.5000,7.5000,7.5000,7.5000,7.5000,7.5000,7.5000,7.5000,7.5000,7.5000,7.5000,7.5000,7.5000,7.5000,7.5000,7.5000
20.4734,7.5000,7.5000,7.5000,7.5000,7.5000,7.5000,7.5000,7.5000,7.5000,7.5000,7.5000,7.5000,7.5000,7.5000,7.5000,7.5000
20.4835,7.5000,7.5000,7.5000,7.5000,7.5000,7.5000,7.5000,7.5000,7.5000,7.5000,7.5000,7.5000,7.5000,7.5000,7.5000,7.5000
20.4935,7.5000,7.5000,7.5000,7.5000,7.5000,7.5000,7.5000,7.5000,7.5000,7.5000,7.5000,7.5000,7.5000,7.5000,7.5000,7.5000
20.5036,7.5000,7.5000,7.5000,7.5000,7.5000,7.5000,7.5000,7.5000,7.5000,7.5000,7.5000,7.5000,7.5000,7.5000,7.5000,7.5000
20.5137,7.5000,7.5000,7.5000,7.5000,7.5000,7.5000,7.5000,7.5000,7.5000,7.5000,7.5000,7.5000,7.5000,7.5000,7.5000,7.5000
20.5237,7.5000,7.5000,7.5000,7.5000,7.5000,7.5000,7.5000,7.5000,7.5000,7.5000,7.5000,7.5000,7.5000,7.5000,7.5000,7.5000
20.5338,7.5000,7.5000,7.5000,7.5000,7.5000,7.5000,7.5000,7.5000,7.5000,7.5000,7.5000,7.5000,7.5000,7.5000,7.5000,7.5000
20.5438,7.5000,7.5000,7.5000,7.5000,7.5000,7.5000,7.5000,7.5000,7.5000,7.5000,7.5000,7.5000,7.5000,7.5000,7.5000,7.5000
20.5539,7.5000,7.5000,7.5000,7.5000,7.5000,7.5000,7.5000,7.5000,7.5000,7.5000,7.5000,7.5000,7.5000,7.5000,7.5000,7.5000
20.5640,7.5000,7.5000,7.5000,7.5000,7.5000,7.5000,7.5000,7.5000,7.5000,7.5000,7.5000,7.5000,7.5000,7.5000,7.5000,7.5000
20.5740,7.5000,7.5000,7.5000,7.5000,7.5000,7.5000,7.5000,7.5000,7.5000,7.5000,7.5000,7.5000,7.5000,7.5000,7.5000,7.5000
20.5841,7.5000,7.5000,7.5000,7.5000,7.5000,7.5000,7.5000,7.5000,7.5000,7.5000,7.5000,7.5000,7.5000,7.5000,7.5000,7.5000
20.5941,7.5000,7.5000,7.5000,7.5000,7.5000,7.5000,7.5000,7.5000,7.5000,7.5000,7.5000,7.5000,7.5000,7.5000,7.5000,7.5000
20.6042,7.5000,7.5000,7.5000,7.5000,7.5000,7.5000,7.5000,7.5000,7.5000,7.5000,7.5000,7.5000,7.5000,7.5000,7.5000,7.5000
20.6143,7.5000,7.5000,7.5000,7.5000,7.5000,7.5000,7.5000,7.5000,7.5000,7.5000,7.5000,7.5000,7.5000,7.5000,7.5000,7.5000
20.6243,7.5000,7.5000,7.5000,7.5000,7.5000,7.5000,7.5000,7.5000,7.5000,7.5000,7.5000,7.5000,7.5000,7.5000,7.5000,7.5000
20.6344,7.5000,7.5000,7.5000,7.5000,7.5000,7.5000,7.5000,7.5000,7.5000,7.5000,7.5000,7.5000,7.5000,7.5000,7.5000,7.5000
20.6445,7.5000,7.5000,7.5000,7.5000,7.5000,7.5000,7.5000,7.5000,7.5000,7.5000,7.5000,7.5000,7.5000,7.5000,7.5000,7.5000
20.6545,7.5000,7.5000,7.5000,7.5000,7.5000,7.5000,7.5000,7.5000,7.5000,7.5000,7.5000,7.5000,7.5000,7.5000,7.5000,7.5000
20.6646,7.5000,7.5000,7.5000,7.5000,7.5000,7.5000,7.5000,7.5000,7.5000,7.5000,7.5000,7.5000,7.5000,7.5000,7.5000,7.5000
20.6746,7.5000,7.5000,7.5000,7.5000,7.5000,7.5000,7.5000,7.5000,7.5000,7.5000,7.5000,7.5000,7.5000,7.5000,7.5000,7.5000
20.6847,7.5000,7.5000,7.5000,7.5000,7.5000,7.5000,7.5000,7.5000,7.5000,7.5000,7.5000,7.5000,7.5000,7.5000,7.5000,7.5000
20.6948,7.5000,7.5000,7.5000,7.5000,7.5000,7.5000,7.5000,7.5000,7.5000,7.5000,7.5000,7.5000,7.5000,7.5000,7.5000,7.5000
20.7048,7.5000,7.5000,7.5000,7.5000,7.5000,7.5000,7.5000,7.5000,7.5000,7.5000,7.5000,7.5000,7.5000,7.5000,7.5000,7.5000
20.7148,7.5000,7.5000,7.5000,7.5000,7.5000,7.5000,7.5000,7.5000,7.5000,7.5000,7.5000,7.5000,7.5000,7.5000,7.5000,7.5000
20.7249,7.5000,7.5000,7.5000,7.5000,7.5000,7.5000,7.5000,7.5000,7.5000,7.5000,7.5000,7.5000,7.5000,7.5000,7.5000,7.5000
20.7350,7.5000,7.5000,7.5000,7.5000,7.5000,7.5000,7.5000,7.5000,7.5000,7.5000,7.5000,7.5000,7.5000,7.5000,7.5000,7.5000
20.7450,7.5000,7.5000,7.5000,7.5000,7.5000,7.5000,7.5000,7.5000,7.5000,7.5000,7.5000,7.5000,7.5000,7.5000,7.5000,7.5000
20.7551,7.5000,7.5000,7.5000,7.5000,7.5000,7.5000,7.5000,7.5000,7.5000,7.5000,7.5000,7.5000,7.5000,7.5000,7.5000,7.5000
20.7652,7.5000,7.5000,7.5000,7.5000,7.5000,7.5000,7.5000,7.5000,7.5000,7.5000,7.5000,7.5000,7.5000,7.5000,7.5000,7.5000
20.7752,7.5000,7.5000,7.5000,7.5000,7.5000,7.5000,7.5000,7.5000,7.5000,7.5000,7.5000,7.5000,7.5000,7.5000,7.5000,7.5000
20.7853,7.5000,7.5000,7.5000,7.5000,7.5000,7.5000,7.5000,7.5000,7.5000,7.5000,7.5000,7.5000,7.5000,7.5000,7.5000,7.5000
20.7954,7.5000,7.5000,7.5000,7.5000,7.5000,7.5000,7.5000,7.5000,7.5000,7.5000,7.5000,7.5000,7.5000,7.5000,7.5000,7.5000
20.8054,7.5000,7.5000,7.5000,7.5000,7.5000,7.5000,7.5000,7.5000,7.5000,7.5000,7.5000,7.5000,7.5000,7.5000,7.5000,7.5000
20.8155,7.5000,7.5000,7.5000,7.5000,7.5000,7.5000,7.5000,7.5000,7.5000,7.5000,7.5000,7.5000,7.5000,7.5000,7.5000,7.5000
20.8255,7.5000,7.5000,7.5000,7.5000,7.5000,7.5000,7.5000,7.5000,7.5000,7.5000,7.5000,7.5000,7.5000,7.5000,7.5000,7.5000
20.8356,7.5000,7.5000,7.5000,7.5000,7.5000,7.5000,7.5000,7.5000,7.5000,7.5000,7.5000,7.5000,7.5000,7.5000,7.5000,7.5000
20.8457,7.5000,7.5000,7.5000,7.5000,7.5000,7.5000,7.5000,7.5000,7.5000,7.5000,7.5000,7.5000,7.5000,7.5000,7.5000,7.5000
20.8557,7.5000,7.5000,7.5000,7.5000,7.5000,7.5000,7.5000,7.5000,7.5000,7.5000,7.5000,7.5000,7.5000,7.5000,7.5000,7.5000
20.8658,7.5000,7.5000,7.5000,7.5000,7.5000,7.5000,7.5000,7.5000,7.5000,7.5000,7.5000,7.5000,7.5000,7.5000,7.5000,7.5000
20.8759,7.5000,7.5000,7.5000,7.5000,7.5000,7.5000,7.5000,7.5000,7.5000,7.5000,7.5000,7.5000,7.5000,7.5000,7.5000,7.5000
20.8859,7.5000,7.5000,7.5000,7.5000,7.5000,7.5000,7.5000,7.5000,7.5000,7.5000,7.5000,7.5000,7.5000,7.5000,7.5000,7.5000
20.8960,7.5000,7.5000,7.5000,7.5000,7.5000,7.5000,7.5000,7.5000,7.5000,7.5000,7.5000,7.5000,7.5000,7.5000,7.5000,7.5000
20.9060,7.5000,7.5000,7.5000,7.5000,7.5000,7.5000,7.5000,7.5000,7.5000,7.5000,7.5000,7.5000,7.5000,7.5000,7.5000,7.5000
20.9161,7.5000,7.5000,7.5000,7.5000,7.5000,7.5000,7.5000,7.5000,7.5000,7.5000,7.5000,7.5000,7.5000,7.5000,7.5000,7.5000
20.9262,7.5000,7.5000,7.5000,7.5000,7.5000,7.5000,7.5000,7.5000,7.5000,7.5000,7.5000,7.5000,7.5000,7.5000,7.5000,7.5000
20.9362,7.5000,7.5000,7.5000,7.5000,7.5000,7.5000,7.5000,7.5000,7.5000,7.5000,7.5000,7.5000,7.5000,7.5000,7.5000,7.5000
20.9463,7.5000,7.5000,7.5000,7.5000,7.5000,7.5000,7.5000,7.5000,7.5000,7.5000,7.5000,7.5000,7.5000,7.5000,7.5000,7.5000
20.9564,7.5000,7.5000,7.5000,7.5000,7.5000,7.5000,7.5000,7.5000,7.5000,7.5000,7.5000,7.5000,7.5000,7.5000,7.5000,7.5000
20.9664,7.5000,7.5000,7.5000,7.5000,7.5000,7.5000,7.5000,7.5000,7.5000,7.5000,7.5000,7.5000,7.5000,7.5000,7.5000,7.5000
20.9765,7.5000,7.5000,7.5000,7.5000,7.5000,7.5000,7.5000,7.5000,7.5000,7.5000,7.5000,7.5000,7.5000,7.5000,7.5000,7.5000
20.9866,7.5000,7.5000,7.5000,7.5000,7.5000,7.5000,7.5000,7.5000,7.5000,7.5000,7.5000,7.5000,7.5000,7.5000,7.5000,7.5000
20.9966,7.5000,7.5000,7.5000,7.5000,7.5000,7.5000,7.5000,7.5000,7.5000,7.5000,7.5000,7.5000,7.5000,7.5000,7.5000,7.5000
21.0067,7.5000,7.5000,7.5000,7.5000,7.5000,7.5000,7.5000,7.5000,7.5000,7.5000,7.5000,7.5000,7.5000,7.5000,7.5000,7.5000
21.0167,7.5000,7.5000,7.5000,7.5000,7.5000,7.5000,7.5000,7.5000,7.5000,7.5000,7.5000,7.5000,7.5000,7.5000,7.5000,7.5000
21.0268,7.5000,7.5000,7.5000,7.5000,7.5000,7.5000,7.5000,7.5000,7.5000,7.5000,7.5000,7.5000,7.5000,7.5000,7.5000,7.5000
21.0369,7.5000,7.5000,7.5000,7.5000,7.5000,7.5000,7.5000,7.5000,7.5000,7.5000,7.5000,7.5000,7.5000,7.5000,7.5000,7.5000
21.0469,7.5000,7.5000,7.5000,7.5000,7.5000,7.5000,7.5000,7.5000,7.5000,7.5000,7.5000,7.5000,7.5000,7.5000,7.5000,7.5000
21.0570,7.5000,7.5000,7.5000,7.5000,7.5000,7.5000,7.5000,7.5000,7.5000,7.5000,7.5000,7.5000,7.5000,7.5000,7.5000,7.5000
21.0670,7.5000,7.5000,7.5000,7.5000,7.5000,7.5000,7.5000,7.5000,7.5000,7.5000,7.5000,7.5000,7.5000,7.5000,7.5000,7.5000
21.0771,7.5000,7.5000,7.5000,7.5000,7.5000,7.5000,7.5000,7.5000,7.5000,7.5000,7.5000,7.5000,7.5000,7.5000,7.5000,7.5000
21.0872,7.5000,7.5000,7.5000,7.5000,7.5000,7.5000,7.5000,7.5000,7.5000,7.5000,7.5000,7.5000,7.5000,7.5000,7.5000,7.5000
21.0972,7.5000,7.5000,7.5000,7.5000,7.5000,7.5000,7.5000,7.5000,7.5000,7.5000,7.5000,7.5000,7.5000,7.5000,7.5000,7.5000
21.1073,7.5000,7.5000,7.5000,7.5000,7.5000,7.5000,7.5000,7.5000,7.5000,7.5000,7.5000,7.5000,7.5000,7.5000,7.5000,7.5000
21.1173,7.5000,7.5000,7.5000,7.5000,7.5000,7.5000,7.5000,7.5000,7.5000,7.5000,7.5000,7.5000,7.5000,7.5000,7.5000,7.5000
21.1274,7.5000,7.5000,7.5000,7.5000,7.5000,7.5000,7.5000,7.5000,7.5000,7.5000,7.5000,7.5000,7.5000,7.5000,7.5000,7.5000
21.1375,7.5000,7.5000,7.5000,7.5000,7.5000,7.5000,7.5000,7.5000,7.5000,7.5000,7.5000,7.5000,7.5000,7.5000,7.5000,7.5000
21.1475,7.5000,7.5000,7.5000,7.5000,7.5000,7.5000,7.5000,7.5000,7.5000,7.5000,7.5000,7.5000,7.5000,7.5000,7.5000,7.5000
21.1576,7.5000,7.5000,7.5000,7.5000,7.5000,7.5000,7.5000,7.5000,7.5000,7.5000,7.5000,7.5000,7.5000,7.5000,7.5000,7.5000
21.1677,7.5000,7.5000,7.5000,7.5000,7.5000,7.5000,7.5000,7.5000,7.5000,7.5000,7.5000,7.5000,7.5000,7.5000,7.5000,7.5000
21.1777,7.5000,7.5000,7.5000,7.5000,7.5000,7.5000,7.5000,7.5000,7.5000,7.5000,7.5000,7.5000,7.5000,7.5000,7.5000,7.5000
21.1878,7.5000,7.5000,7.5000,7.5000,7.5000,7.5000,7.5000,7.5000,7.5000,7.5000,7.5000,7.5000,7.5000,7.5000,7.5000,7.5000
21.1978,7.5000,7.5000,7.5000,7.5000,7.5000,7.5000,7.5000,7.5000,7.5000,7.5000,7.5000,7.5000,7.5000,7.5000,7.5000,7.5000
21.2079,7.5000,7.5000,7.5000,7.5000,7.5000,7.5000,7.5000,7.5000,7.5000,7.5000,7.5000,7.5000,7.5000,7.5000,7.5000,7.5000
21.2180,7.5000,7.5000,7.5000,7.5000,7.5000,7.5000,7.5000,7.5000,7.5000,7.5000,7.5000,7.5000,7.5000,7.5000,7.5000,7.5000
21.2280,7.5000,7.5000,7.5000,7.5000,7.5000,7.5000,7.5000,7.5000,7.5000,7.5000,7.5000,7.5000,7.5000,7.5000,7.5000,7.5000
21.2381,7.5000,7.5000,7.5000,7.5000,7.5000,7.5000,7.5000,7.5000,7.5000,7.5000,7.5000,7.5000,7.5000,7.5000,7.5000,7.5000
21.2482,7.5000,7.5000,7.5000,7.5000,7.5000,7.5000,7.5000,7.5000,7.5000,7.5000,7.5000,7.5000,7.5000,7.5000,7.5000,7.5000
21.2582,7.5000,7.5000,7.5000,7.5000,7.5000,7.5000,7.5000,7.5000,7.5000,7.5000,7.5000,7.5000,7.5000,7.5000,7.5000,7.5000
21.2683,7.5000,7.5000,7.5000,7.5000,7.5000,7.5000,7.5000,7.5000,7.5000,7.5000,7.5000,7.5000,7.5000,7.5000,7.5000,7.5000
21.2784,7.5000,7.5000,7.5000,7.5000,7.5000,7.5000,7.5000,7.5000,7.5000,7.5000,7.5000,7.5000,7.5000,7.5000,7.5000,7.5000
21.2884,7.5000,7.5000,7.5000,7.5000,7.5000,7.5000,7.5000,7.5000,7.5000,7.5000,7.5000,7.5000,7.5000,7.5000,7.5000,7.5000
21.2985,7.5000,7.5000,7.5000,7.5000,7.5000,7.5000,7.5000,7.5000,7.5000,7.5000,7.5000,7.5000,7.5000,7.5000,7.5000,7.5000
21.3085,7.5000,7.5000,7.5000,7.5000,7.5000,7.5000,7.5000,7.5000,7.5000,7.5000,7.5000,7.5000,7.5000,7.5000,7.5000,7.5000
21.3186,7.5000,7.5000,7.5000,7.5000,7.5000,7.5000,7.5000,7.5000,7.5000,7.5000,7.5000,7.5000,7.5000,7.5000,7.5000,7.5000
21.3286,7.5000,7.5000,7.5000,7.5000,7.5000,7.5000,7.5000,7.5000,7.5000,7.5000,7.5000,7.5000,7.5000,7.5000,7.5000,7.5000
21.3387,7.5000,7.5000,7.5000,7.5000,7.5000,7.5000,7.5000,7.5000,7.5000,7.5000,7.5000,7.5000,7.5000,7.5000,7.5000,7.5000
21.3488,7.5000,7.5000,7.5000,7.5000,7.5000,7.5000,7.5000,7.5000,7.5000,7.5000,7.5000,7.5000,7.5000,7.5000,7.5000,7.5000
21.3588,7.5000,7.5000,7.5000,7.5000,7.5000,7.5000,7.5000,7.5000,7.5000,7.5000,7.5000,7.5000,7.5000,7.5000,7.5000,7.5000
21.3689,7.5000,7.5000,7.5000,7.5000,7.5000,7.5000,7.5000,7.5000,7.5000,7.5000,7.5000,7.5000,7.5000,7.5000,7.5000,7.5000
21.3790,7.5000,7.5000,7.5000,7.5000,7.5000,7.5000,7.5000,7.5000,7.5000,7.5000,7.5000,7.5000,7.5000,7.5000,7.5000,7.5000
21.3890,7.5000,7.5000,7.5000,7.5000,7.5000,7.5000,7.5000,7.5000,7.5000,7.5000,7.5000,7.5000,7.5000,7.5000,7.5000,7.5000
21.3991,7.5000,7.5000,7.5000,7.5000,7.5000,7.5000,7.5000,7.5000,7.5000,7.5000,7.5000,7.5000,7.5000,7.5000,7.5000,7.5000
21.4091,7.5000,7.5000,7.5000,7.5000,7.5000,7.5000,7.5000,7.5000,7.5000,7.5000,7.5000,7.5000,7.5000,7.5000,7.5000,7.5000
21.4192,7.5000,7.5000,7.5000,7.5000,7.5000,7.5000,7.5000,7.5000,7.5000,7.5000,7.5000,7.5000,7.5000,7.5000,7.5000,7.5000
21.4293,7.5000,7.5000,7.5000,7.5000,7.5000,7.5000,7.5000,7.5000,7.5000,7.5000,7.5000,7.5000,7.5000,7.5000,7.5000,7.5000
21.4393,7.5000,7.5000,7.5000,7.5000,7.5000,7.5000,7.5000,7.5000,7.5000,7.5000,7.5000,7.5000,7.5000,7.5000,7.5000,7.5000
21.4494,7.5000,7.5000,7.5000,7.5000,7.5000,7.5000,7.5000,7.5000,7.5000,7.5000,7.5000,7.5000,7.5000,7.5000,7.5000,7.5000
21.4594,7.5000,7.5000,7.5000,7.5000,7.5000,7.5000,7.5000,7.5000,7.5000,7.5000,7.5000,7.5000,7.5000,7.5000,7.5000,7.5000
21.4695,7.5000,7.5000,7.5000,7.5000,7.5000,7.5000,7.5000,7.5000,7.5000,7.5000,7.5000,7.5000,7.5000,7.5000,7.5000,7.5000
21.4796,7.5000,7.5000,7.5000,7.5000,7.5000,7.5000,7.5000,7.5000,7.5000,7.5000,7.5000,7.5000,7.5000,7.5000,7.5000,7.5000
21.4896,7.5000,7.5000,7.5000,7.5000,7.5000,7.5000,7.5000,7.5000,7.5000,7.5000,7.5000,7.5000,7.5000,7.5000,7.5000,7.5000
21.4997,7.5000,7.5000,7.5000,7.5000,7.5000,7.5000,7.5000,7.5000,7.5000,7.5000,7.5000,7.5000,7.5000,7.5000,7.5000,7.5000
21.5097,7.5000,7.5000,7.5000,7.5000,7.5000,7.5000,7.5000,7.5000,7.5000,7.5000,7.5000,7.5000,7.5000,7.5000,7.5000,7.5000
21.5198,7.5000,7.5000,7.5000,7.5000,7.5000,7.5000,7.5000,7.5000,7.5000,7.5000,7.5000,7.5000,7.5000,7.5000,7.5000,7.5000
21.5299,7.5000,7.5000,7.5000,7.5000,7.5000,7.5000,7.5000,7.5000,7.5000,7.5000,7.5000,7.5000,7.5000,7.5000,7.5000,7.5000
21.5399,7.5000,7.5000,7.5000,7.5000,7.5000,7.5000,7.5000,7.5000,7.5000,7.5000,7.5000,7.5000,7.5000,7.5000,7.5000,7.5000
21.5500,7.5000,7.5000,7.5000,7.5000,7.5000,7.5000,7.5000,7.5000,7.5000,7.5000,7.5000,7.5000,7.5000,7.5000,7.5000,7.5000
21.5601,7.5000,7.5000,7.5000,7.5000,7.5000,7.5000,7.5000,7.5000,7.5000,7.5000,7.5000,7.5000,7.5000,7.5000,7.5000,7.5000
21.5701,7.5000,7.5000,7.5000,7.5000,7.5000,7.5000,7.5000,7.5000,7.5000,7.5000,7.5000,7.5000,7.5000,7.5000,7.5000,7.5000
21.5802,7.5000,7.5000,7.5000,7.5000,7.5000,7.5000,7.5000,7.5000,7.5000,7.5000,7.5000,7.5000,7.5000,7.5000,7.5000,7.5000
21.5903,7.5000,7.5000,7.5000,7.5000,7.5000,7.5000,7.5000,7.5000,7.5000,7.5000,7.5000,7.5000,7.5000,7.5000,7.5000,7.5000
21.6003,7.5000,7.5000,7.5000,7.5000,7.5000,7.5000,7.5000,7.5000,7.5000,7.5000,7.5000,7.5000,7.5000,7.5000,7.5000,7.5000
21.6104,7.5000,7.5000,7.5000,7.5000,7.5000,7.5000,7.5000,7.5000,7.5000,7.5000,7.5000,7.5000,7.5000,7.5000,7.5000,7.5000
21.6204,7.5000,7.5000,7.5000,7.5000,7.5000,7.5000,7.5000,7.5000,7.5000,7.5000,7.5000,7.5000,7.5000,7.5000,7.5000,7.5000
21.6305,7.5000,7.5000,7.5000,7.5000,7.5000,7.5000,7.5000,7.5000,7.5000,7.5000,7.5000,7.5000,7.5000,7.5000,7.5000,7.5000
21.6406,7.5000,7.5000,7.5000,7.5000,7.5000,7.5000,7.5000,7.5000,7.5000,7.5000,7.5000,7.5000,7.5000,7.5000,7.5000,7.5000
21.6506,7.5000,7.5000,7.5000,7.5000,7.5000,7.5000,7.5000,7.5000,7.5000,7.5000,7.5000,7.5000,7.5000,7.5000,7.5000,7.5000
21.6607,7.5000,7.5000,7.5000,7.5000,7.5000,7.5000,7.5000,7.5000,7.5000,7.5000,7.5000,7.5000,7.5000,7.5000,7.5000,7.5000
21.6708,7.5000,7.5000,7.5000,7.5000,7.5000,7.5000,7.5000,7.5000,7.5000,7.5000,7.5000,7.5000,7.5000,7.5000,7.5000,7.5000
21.6808,7.5000,7.5000,7.5000,7.5000,7.5000,7.5000,7.5000,7.5000,7.5000,7.5000,7.5000,7.5000,7.5000,7.5000,7.5000,7.5000
21.6909,7.5000,7.5000,7.5000,7.5000,7.5000,7.5000,7.5000,7.5000,7.5000,7.5000,7.5000,7.5000,7.5000,7.5000,7.5000,7.5000
21.7009,7.5000,7.5000,7.5000,7.5000,7.5000,7.5000,7.5000,7.5000,7.5000,7.5000,7.5000,7.5000,7.5000,7.5000,7.5000,7.5000
21.7110,7.5000,7.5000,7.5000,7.5000,7.5000,7.5000,7.5000,7.5000,7.5000,7.5000,7.5000,7.5000,7.5000,7.5000,7.5000,7.5000
21.7211,7.5000,7.5000,7.5000,7.5000,7.5000,7.5000,7.5000,7.5000,7.5000,7.5000,7.5000,7.5000,7.5000,7.5000,7.5000,7.5000
21.7311,7.5000,7.5000,7.5000,7.5000,7.5000,7.5000,7.5000,7.5000,7.5000,7.5000,7.5000,7.5000,7.5000,7.5000,7.5000,7.5000
21.7412,7.5000,7.5000,7.5000,7.5000,7.5000,7.5000,7.5000,7.5000,7.5000,7.5000,7.5000,7.5000,7.5000,7.5000,7.5000,7.5000
21.7513,7.5000,7.5000,7.5000,7.5000,7.5000,7.5000,7.5000,7.5000,7.5000,7.5000,7.5000,7.5000,7.5000,7.5000,7.5000,7.5000
21.7613,7.5000,7.5000,7.5000,7.5000,7.5000,7.5000,7.5000,7.5000,7.5000,7.5000,7.5000,7.5000,7.5000,7.5000,7.5000,7.5000
21.7714,7.5000,7.5000,7.5000,7.5000,7.5000,7.5000,7.5000,7.5000,7.5000,7.5000,7.5000,7.5000,7.5000,7.5000,7.5000,7.5000
21.7814,7.5000,7.5000,7.5000,7.5000,7.5000,7.5000,7.5000,7.5000,7.5000,7.5000,7.5000,7.5000,7.5000,7.5000,7.5000,7.5000
21.7915,7.5000,7.5000,7.5000,7.5000,7.5000,7.5000,7.5000,7.5000,7.5000,7.5000,7.5000,7.5000,7.5000,7.5000,7.5000,7.5000
21.8016,7.5000,7.5000,7.5000,7.5000,7.5000,7.5000,7.5000,7.5000,7.5000,7.5000,7.5000,7.5000,7.5000,7.5000,7.5000,7.5000
21.8116,7.5000,7.5000,7.5000,7.5000,7.5000,7.5000,7.5000,7.5000,7.5000,7.5000,7.5000,7.5000,7.5000,7.5000,7.5000,7.5000
21.8217,7.5000,7.5000,7.5000,7.5000,7.5000,7.5000,7.5000,7.5000,7.5000,7.5000,7.5000,7.5000,7.5000,7.5000,7.5000,7.5000
21.8317,7.5000,7.5000,7.5000,7.5000,7.5000,7.5000,7.5000,7.5000,7.5000,7.5000,7.5000,7.5000,7.5000,7.5000,7.5000,7.5000
21.8418,7.5000,7.5000,7.5000,7.5000,7.5000,7.5000,7.5000,7.5000,7.5000,7.5000,7.5000,7.5000,7.5000,7.5000,7.5000,7.5000
21.8519,7.5000,7.5000,7.5000,7.5000,7.5000,7.5000,7.5000,7.5000,7.5000,7.5000,7.5000,7.5000,7.5000,7.5000,7.5000,7.5000
21.8619,7.5000,7.5000,7.5000,7.5000,7.5000,7.5000,7.5000,7.5000,7.5000,7.5000,7.5000,7.5000,7.5000,7.5000,7.5000,7.5000
21.8720,7.5000,7.5000,7.5000,7.5000,7.5000,7.5000,7.5000,7.5000,7.5000,7.5000,7.5000,7.5000,7.5000,7.5000,7.5000,7.5000
21.8820,7.5000,7.5000,7.5000,7.5000,7.5000,7.5000,7.5000,7.5000,7.5000,7.5000,7.5000,7.5000,7.5000,7.5000,7.5000,7.5000
21.8921,7.5000,7.5000,7.5000,7.5000,7.5000,7.5000,7.5000,7.5000,7.5000,7.5000,7.5000,7.5000,7.5000,7.5000,7.5000,7.5000
21.9022,7.5000,7.5000,7.5000,7.5000,7.5000,7.5000,7.5000,7.5000,7.5000,7.5000,7.5000,7.5000,7.5000,7.5000,7.5000,7.5000
21.9122,7.5000,7.5000,7.5000,7.5000,7.5000,7.5000,7.5000,7.5000,7.5000,7.5000,7.5000,7.5000,7.5000,7.5000,7.5000,7.5000
21.9223,7.5000,7.5000,7.5000,7.5000,7.5000,7.5000,7.5000,7.5000,7.5000,7.5000,7.5000,7.5000,7.5000,7.5000,7.5000,7.5000
21.9324,7.5000,7.5000,7.5000,7.5000,7.5000,7.5000,7.5000,7.5000,7.5000,7.5000,7.5000,7.5000,7.5000,7.5000,7.5000,7.5000
21.9424,7.5000,7.5000,7.5000,7.5000,7.5000,7.5000,7.5000,7.5000,7.5000,7.5000,7.5000,7.5000,7.5000,7.5000,7.5000,7.5000
21.9525,7.5000,7.5000,7.5000,7.5000,7.5000,7.5000,7.5000,7.5000,7.5000,7.5000,7.5000,7.5000,7.5000,7.5000,7.5000,7.5000
21.9625,7.5000,7.5000,7.5000,7.5000,7.5000,7.5000,7.5000,7.5000,7.5000,7.5000,7.5000,7.5000,7.5000,7.5000,7.5000,7.5000
21.9726,7.5000,7.5000,7.5000,7.5000,7.5000,7.5000,7.5000,7.5000,7.5000,7.5000,7.5000,7.5000,7.5000,7.5000,7.5000,7.5000
21.9827,7.5000,7.5000,7.5000,7.5000,7.5000,7.5000,7.5000,7.5000,7.5000,7.5000,7.5000,7.5000,7.5000,7.5000,7.5000,7.5000
21.9927,7.5000,7.5000,7.5000,7.5000,7.5000,7.5000,7.5000,7.5000,7.5000,7.5000,7.5000,7.5000,7.5000,7.5000,7.5000,7.5000
22.0028,7.5000,7.5000,7.5000,7.5000,7.5000,7.5000,7.5000,7.5000,7.5000,7.5000,7.5000,7.5000,7.5000,7.5000,7.5000,7.5000
22.0129,7.5000,7.5000,7.5000,7.5000,7.5000,7.5000,7.5000,7.5000,7.5000,7.5000,7.5000,7.5000,7.5000,7.5000,7.5000,7.5000
22.0229,7.5000,7.5000,7.5000,7.5000,7.5000,7.5000,7.5000,7.5000,7.5000,7.5000,7.5000,7.5000,7.5000,7.5000,7.5000,7.5000
22.0330,7.5000,7.5000,7.5000,7.5000,7.5000,7.5000,7.5000,7.5000,7.5000,7.5000,7.5000,7.5000,7.5000,7.5000,7.5000,7.5000
22.0430,7.5000,7.5000,7.5000,7.5000,7.5000,7.5000,7.5000,7.5000,7.5000,7.5000,7.5000,7.5000,7.5000,7.5000,7.5000,7.5000
22.0531,7.5000,7.5000,7.5000,7.5000,7.5000,7.5000,7.5000,7.5000,7.5000,7.5000,7.5000,7.5000,7.5000,7.5000,7.5000,7.5000
22.0632,7.5000,7.5000,7.5000,7.5000,7.5000,7.5000,7.5000,7.5000,7.5000,7.5000,7.5000,7.5000,7.5000,7.5000,7.5000,7.5000
22.0732,7.5000,7.5000,7.5000,7.5000,7.5000,7.5000,7.5000,7.5000,7.5000,7.5000,7.5000,7.5000,7.5000,7.5000,7.5000,7.5000
22.0833,7.5000,7.5000,7.5000,7.5000,7.5000,7.5000,7.5000,7.5000,7.5000,7.5000,7.5000,7.5000,7.5000,7.5000,7.5000,7.5000
22.0933,7.5000,7.5000,7.5000,7.5000,7.5000,7.5000,7.5000,7.5000,7.5000,7.5000,7.5000,7.5000,7.5000,7.5000,7.5000,7.5000
22.1034,7.5000,7.5000,7.5000,7.5000,7.5000,7.5000,7.5000,7.5000,7.5000,7.5000,7.5000,7.5000,7.5000,7.5000,7.5000,7.5000
22.1135,7.5000,7.5000,7.5000,7.5000,7.5000,7.5000,7.5000,7.5000,7.5000,7.5000,7.5000,7.5000,7.5000,7.5000,7.5000,7.5000
22.1235,7.5000,7.5000,7.5000,7.5000,7.5000,7.5000,7.5000,7.5000,7.5000,7.5000,7.5000,7.5000,7.5000,7.5000,7.5000,7.5000
22.1336,7.5000,7.5000,7.5000,7.5000,7.5000,7.5000,7.5000,7.5000,7.5000,7.5000,7.5000,7.5000,7.5000,7.5000,7.5000,7.5000
22.1436,7.5000,7.5000,7.5000,7.5000,7.5000,7.5000,7.5000,7.5000,7.5000,7.5000,7.5000,7.5000,7.5000,7.5000,7.5000,7.5000
22.1537,7.5000,7.5000,7.5000,7.5000,7.5000,7.5000,7.5000,7.5000,7.5000,7.5000,7.5000,7.5000,7.5000,7.5000,7.5000,7.5000
22.1638,7.5000,7.5000,7.5000,7.5000,7.5000,7.5000,7.5000,7.5000,7.5000,7.5000,7.5000,7.5000,7.5000,7.5000,7.5000,7.5000
22.1738,7.5000,7.5000,7.5000,7.5000,7.5000,7.5000,7.5000,7.5000,7.5000,7.5000,7.5000,7.5000,7.5000,7.5000,7.5000,7.5000
22.1839,7.5000,7.5000,7.5000,7.5000,7.5000,7.5000,7.5000,7.5000,7.5000,7.5000,7.5000,7.5000,7.5000,7.5000,7.5000,7.5000
22.1940,7.5000,7.5000,7.5000,7.5000,7.5000,7.5000,7.5000,7.5000,7.5000,7.5000,7.5000,7.5000,7.5000,7.5000,7.5000,7.5000
22.2040,7.5000,7.5000,7.5000,7.5000,7.5000,7.5000,7.5000,7.5000,7.5000,7.5000,7.5000,7.5000,7.5000,7.5000,7.5000,7.5000
22.2141,7.5000,7.5000,7.5000,7.5000,7.5000,7.5000,7.5000,7.5000,7.5000,7.5000,7.5000,7.5000,7.5000,7.5000,7.5000,7.5000
22.2241,7.5000,7.5000,7.5000,7.5000,7.5000,7.5000,7.5000,7.5000,7.5000,7.5000,7.5000,7.5000,7.5000,7.5000,7.5000,7.5000
22.2342,7.5000,7.5000,7.5000,7.5000,7.5000,7.5000,7.5000,7.5000,7.5000,7.5000,7.5000,7.5000,7.5000,7.5000,7.5000,7.5000
22.2443,7.5000,7.5000,7.5000,7.5000,7.5000,7.5000,7.5000,7.5000,7.5000,7.5000,7.5000,7.5000,7.5000,7.5000,7.5000,7.5000
22.2543,7.5000,7.5000,7.5000,7.5000,7.5000,7.5000,7.5000,7.5000,7.5000,7.5000,7.5000,7.5000,7.5000,7.5000,7.5000,7.5000
22.2644,7.5000,7.5000,7.5000,7.5000,7.5000,7.5000,7.5000,7.5000,7.5000,7.5000,7.5000,7.5000,7.5000,7.5000,7.5000,7.5000
22.2744,7.5000,7.5000,7.5000,7.5000,7.5000,7.5000,7.5000,7.5000,7.5000,7.5000,7.5000,7.5000,7.5000,7.5000,7.5000,7.5000
22.2845,7.5000,7.5000,7.5000,7.5000,7.5000,7.5000,7.5000,7.5000,7.5000,7.5000,7.5000,7.5000,7.5000,7.5000,7.5000,7.5000
22.2946,7.5000,7.5000,7.5000,7.5000,7.5000,7.5000,7.5000,7.5000,7.5000,7.5000,7.5000,7.5000,7.5000,7.5000,7.5000,7.5000
22.3046,7.5000,7.5000,7.5000,7.5000,7.5000,7.5000,7.5000,7.5000,7.5000,7.5000,7.5000,7.5000,7.5000,7.5000,7.5000,7.5000
22.3147,7.5000,7.5000,7.5000,7.5000,7.5000,7.5000,7.5000,7.5000,7.5000,7.5000,7.5000,7.5000,7.5000,7.5000,7.5000,7.5000
22.3248,7.5000,7.5000,7.5000,7.5000,7.5000,7.5000,7.5000,7.5000,7.5000,7.5000,7.5000,7.5000,7.5000,7.5000,7.5000,7.5000
22.3349,7.5000,7.5000,7.5000,7.5000,7.5000,7.5000,7.5000,7.5000,7.5000,7.5000,7.5000,7.5000,7.5000,7.5000,7.5000,7.5000
22.3449,7.5000,7.5000,7.5000,7.5000,7.5000,7.5000,7.5000,7.5000,7.5000,7.5000,7.5000,7.5000,7.5000,7.5000,7.5000,7.5000
22.3550,7.5000,7.5000,7.5000,7.5000,7.5000,7.5000,7.5000,7.5000,7.5000,7.5000,7.5000,7.5000,7.5000,7.5000,7.5000,7.5000
22.3650,7.5000,7.5000,7.5000,7.5000,7.5000,7.5000,7.5000,7.5000,7.5000,7.5000,7.5000,7.5000,7.5000,7.5000,7.5000,7.5000
22.3751,7.5000,7.5000,7.5000,7.5000,7.5000,7.5000,7.5000,7.5000,7.5000,7.5000,7.5000,7.5000,7.5000,7.5000,7.5000,7.5000
22.3852,7.5000,7.5000,7.5000,7.5000,7.5000,7.5000,7.5000,7.5000,7.5000,7.5000,7.5000,7.5000,7.5000,7.5000,7.5000,7.5000
22.3952,7.5000,7.5000,7.5000,7.5000,7.5000,7.5000,7.5000,7.5000,7.5000,7.5000,7.5000,7.5000,7.5000,7.5000,7.5000,7.5000
22.4053,7.5000,7.5000,7.5000,7.5000,7.5000,7.5000,7.5000,7.5000,7.5000,7.5000,7.5000,7.5000,7.5000,7.5000,7.5000,7.5000
22.4154,7.5000,7.5000,7.5000,7.5000,7.5000,7.5000,7.5000,7.5000,7.5000,7.5000,7.5000,7.5000,7.5000,7.5000,7.5000,7.5000
22.4254,7.5000,7.5000,7.5000,7.5000,7.5000,7.5000,7.5000,7.5000,7.5000,7.5000,7.5000,7.5000,7.5000,7.5000,7.5000,7.5000
22.4355,7.5000,7.5000,7.5000,7.5000,7.5000,7.5000,7.5000,7.5000,7.5000,7.5000,7.5000,7.5000,7.5000,7.5000,7.5000,7.5000
22.4455,7.5000,7.5000,7.5000,7.5000,7.5000,7.5000,7.5000,7.5000,7.5000,7.5000,7.5000,7.5000,7.5000,7.5000,7.5000,7.5000
22.4556,7.5000,7.5000,7.5000,7.5000,7.5000,7.5000,7.5000,7.5000,7.5000,7.5000,7.5000,7.5000,7.5000,7.5000,7.5000,7.5000
22.4657,7.5000,7.5000,7.5000,7.5000,7.5000,7.5000,7.5000,7.5000,7.5000,7.5000,7.5000,7.5000,7.5000,7.5000,7.5000,7.5000
22.4757,7.5000,7.5000,7.5000,7.5000,7.5000,7.5000,7.5000,7.5000,7.5000,7.5000,7.5000,7.5000,7.5000,7.5000,7.5000,7.5000
22.4858,7.5000,7.5000,7.5000,7.5000,7.5000,7.5000,7.5000,7.5000,7.5000,7.5000,7.5000,7.5000,7.5000,7.5000,7.5000,7.5000
22.4959,7.5000,7.5000,7.5000,7.5000,7.5000,7.5000,7.5000,7.5000,7.5000,7.5000,7.5000,7.5000,7.5000,7.5000,7.5000,7.5000
22.5059,7.5000,7.5000,7.5000,7.5000,7.5000,7.5000,7.5000,7.5000,7.5000,7.5000,7.5000,7.5000,7.5000,7.5000,7.5000,7.5000
22.5160,7.5000,7.5000,7.5000,7.5000,7.5000,7.5000,7.5000,7.5000,7.5000,7.5000,7.5000,7.5000,7.5000,7.5000,7.5000,7.5000
22.5260,7.5000,7.5000,7.5000,7.5000,7.5000,7.5000,7.5000,7.5000,7.5000,7.5000,7.5000,7.5000,7.5000,7.5000,7.5000,7.5000
22.5361,7.5000,7.5000,7.5000,7.5000,7.5000,7.5000,7.5000,7.5000,7.5000,7.5000,7.5000,7.5000,7.5000,7.5000,7.5000,7.5000
22.5461,7.5000,7.5000,7.5000,7.5000,7.5000,7.5000,7.5000,7.5000,7.5000,7.5000,7.5000,7.5000,7.5000,7.5000,7.5000,7.5000
22.5561,7.5000,7.5000,7.5000,7.5000,7.5000,7.5000,7.5000,7.5000,7.5000,7.5000,7.5000,7.5000,7.5000,7.5000,7.5000,7.5000
22.5662,7.5000,7.5000,7.5000,7.5000,7.5000,7.5000,7.5000,7.5000,7.5000,7.5000,7.5000,7.5000,7.5000,7.5000,7.5000,7.5000
22.5763,7.5000,7.5000,7.5000,7.5000,7.5000,7.5000,7.5000,7.5000,7.5000,7.5000,7.5000,7.5000,7.5000,7.5000,7.5000,7.5000
22.5863,7.5000,7.5000,7.5000,7.5000,7.5000,7.5000,7.5000,7.5000,7.5000,7.5000,7.5000,7.5000,7.5000,7.5000,7.5000,7.5000
22.5964,7.5000,7.5000,7.5000,7.5000,7.5000,7.5000,7.5000,7.5000,7.5000,7.5000,7.5000,7.5000,7.5000,7.5000,7.5000,7.5000
22.6064,7.5000,7.5000,7.5000,7.5000,7.5000,7.5000,7.5000,7.5000,7.5000,7.5000,7.5000,7.5000,7.5000,7.5000,7.5000,7.5000
22.6165,7.5000,7.5000,7.5000,7.5000,7.5000,7.5000,7.5000,7.5000,7.5000,7.5000,7.5000,7.5000,7.5000,7.5000,7.5000,7.5000
22.6266,7.5000,7.5000,7.5000,7.5000,7.5000,7.5000,7.5000,7.5000,7.5000,7.5000,7.5000,7.5000,7.5000,7.5000,7.5000,7.5000
22.6366,7.5000,7.5000,7.5000,7.5000,7.5000,7.5000,7.5000,7.5000,7.5000,7.5000,7.5000,7.5000,7.5000,7.5000,7.5000,7.5000
22.6467,7.5000,7.5000,7.5000,7.5000,7.5000,7.5000,7.5000,7.5000,7.5000,7.5000,7.5000,7.5000,7.5000,7.5000,7.5000,7.5000
22.6568,7.5000,7.5000,7.5000,7.5000,7.5000,7.5000,7.5000,7.5000,7.5000,7.5000,7.5000,7.5000,7.5000,7.5000,7.5000,7.5000
22.6668,7.5000,7.5000,7.5000,7.5000,7.5000,7.5000,7.5000,7.5000,7.5000,7.5000,7.5000,7.5000,7.5000,7.5000,7.5000,7.5000
22.6769,7.5000,7.5000,7.5000,7.5000,7.5000,7.5000,7.5000,7.5000,7.5000,7.5000,7.5000,7.5000,7.5000,7.5000,7.5000,7.5000
22.6869,7.5000,7.5000,7.5000,7.5000,7.5000,7.5000,7.5000,7.5000,7.5000,7.5000,7.5000,7.5000,7.5000,7.5000,7.5000,7.5000
22.6970,7.5000,7.5000,7.5000,7.5000,7.5000,7.5000,7.5000,7.5000,7.5000,7.5000,7.5000,7.5000,7.5000,7.5000,7.5000,7.5000
22.7071,7.5000,7.5000,7.5000,7.5000,7.5000,7.5000,7.5000,7.5000,7.5000,7.5000,7.5000,7.5000,7.5000,7.5000,7.5000,7.5000
22.7171,7.5000,7.5000,7.5000,7.5000,7.5000,7.5000,7.5000,7.5000,7.5000,7.5000,7.5000,7.5000,7.5000,7.5000,7.5000,7.5000
22.7272,7.5000,7.5000,7.5000,7.5000,7.5000,7.5000,7.5000,7.5000,7.5000,7.5000,7.5000,7.5000,7.5000,7.5000,7.5000,7.5000
22.7373,7.5000,7.5000,7.5000,7.5000,7.5000,7.5000,7.5000,7.5000,7.5000,7.5000,7.5000,7.5000,7.5000,7.5000,7.5000,7.5000
22.7473,7.5000,7.5000,7.5000,7.5000,7.5000,7.5000,7.5000,7.5000,7.5000,7.5000,7.5000,7.5000,7.5000,7.5000,7.5000,7.5000
22.7574,7.5000,7.5000,7.5000,7.5000,7.5000,7.5000,7.5000,7.5000,7.5000,7.5000,7.5000,7.5000,7.5000,7.5000,7.5000,7.5000
22.7675,7.5000,7.5000,7.5000,7.5000,7.5000,7.5000,7.5000,7.5000,7.5000,7.5000,7.5000,7.5000,7.5000,7.5000,7.5000,7.5000
22.7775,7.5000,7.5000,7.5000,7.5000,7.5000,7.5000,7.5000,7.5000,7.5000,7.5000,7.5000,7.5000,7.5000,7.5000,7.5000,7.5000
22.7876,7.5000,7.5000,7.5000,7.5000,7.5000,7.5000,7.5000,7.5000,7.5000,7.5000,7.5000,7.5000,7.5000,7.5000,7.5000,7.5000
22.7977,7.5000,7.5000,7.5000,7.5000,7.5000,7.5000,7.5000,7.5000,7.5000,7.5000,7.5000,7.5000,7.5000,7.5000,7.5000,7.5000
22.8077,7.5000,7.5000,7.5000,7.5000,7.5000,7.5000,7.5000,7.5000,7.5000,7.5000,7.5000,7.5000,7.5000,7.5000,7.5000,7.5000
22.8178,7.5000,7.5000,7.5000,7.5000,7.5000,7.5000,7.5000,7.5000,7.5000,7.5000,7.5000,7.5000,7.5000,7.5000,7.5000,7.5000
22.8279,7.5000,7.5000,7.5000,7.5000,7.5000,7.5000,7.5000,7.5000,7.5000,7.5000,7.5000,7.5000,7.5000,7.5000,7.5000,7.5000
22.8379,7.5000,7.5000,7.5000,7.5000,7.5000,7.5000,7.5000,7.5000,7.5000,7.5000,7.5000,7.5000,7.5000,7.5000,7.5000,7.5000
22.8480,7.5000,7.5000,7.5000,7.5000,7.5000,7.5000,7.5000,7.5000,7.5000,7.5000,7.5000,7.5000,7.5000,7.5000,7.5000,7.5000
22.8580,7.5000,7.5000,7.5000,7.5000,7.5000,7.5000,7.5000,7.5000,7.5000,7.5000,7.5000,7.5000,7.5000,7.5000,7.5000,7.5000
22.8681,7.5000,7.5000,7.5000,7.5000,7.5000,7.5000,7.5000,7.5000,7.5000,7.5000,7.5000,7.5000,7.5000,7.5000,7.5000,7.5000
22.8782,7.5000,7.5000,7.5000,7.5000,7.5000,7.5000,7.5000,7.5000,7.5000,7.5000,7.5000,7.5000,7.5000,7.5000,7.5000,7.5000
22.8882,7.5000,7.5000,7.5000,7.5000,7.5000,7.5000,7.5000,7.5000,7.5000,7.5000,7.5000,7.5000,7.5000,7.5000,7.5000,7.5000
22.8983,7.5000,7.5000,7.5000,7.5000,7.5000,7.5000,7.5000,7.5000,7.5000,7.5000,7.5000,7.5000,7.5000,7.5000,7.5000,7.5000
22.9084,7.5000,7.5000,7.5000,7.5000,7.5000,7.5000,7.5000,7.5000,7.5000,7.5000,7.5000,7.5000,7.5000,7.5000,7.5000,7.5000
22.9184,7.5000,7.5000,7.5000,7.5000,7.5000,7.5000,7.5000,7.5000,7.5000,7.5000,7.5000,7.5000,7.5000,7.5000,7.5000,7.5000
22.9285,7.5000,7.5000,7.5000,7.5000,7.5000,7.5000,7.5000,7.5000,7.5000,7.5000,7.5000,7.5000,7.5000,7.5000,7.5000,7.5000
22.9386,7.5000,7.5000,7.5000,7.5000,7.5000,7.5000,7.5000,7.5000,7.5000,7.5000,7.5000,7.5000,7.5000,7.5000,7.5000,7.5000
22.9486,7.5000,7.5000,7.5000,7.5000,7.5000,7.5000,7.5000,7.5000,7.5000,7.5000,7.5000,7.5000,7.5000,7.5000,7.5000,7.5000
22.9587,7.5000,7.5000,7.5000,7.5000,7.5000,7.5000,7.5000,7.5000,7.5000,7.5000,7.5000,7.5000,7.5000,7.5000,7.5000,7.5000
22.9687,7.5000,7.5000,7.5000,7.5000,7.5000,7.5000,7.5000,7.5000,7.5000,7.5000,7.5000,7.5000,7.5000,7.5000,7.5000,7.5000
22.9788,7.5000,7.5000,7.5000,7.5000,7.5000,7.5000,7.5000,7.5000,7.5000,7.5000,7.5000,7.5000,7.5000,7.5000,7.5000,7.5000
22.9889,7.5000,7.5000,7.5000,7.5000,7.5000,7.5000,7.5000,7.5000,7.5000,7.5000,7.5000,7.5000,7.5000,7.5000,7.5000,7.5000
22.9989,7.5000,7.5000,7.5000,7.5000,7.5000,7.5000,7.5000,7.5000,7.5000,7.5000,7.5000,7.5000,7.5000,7.5000,7.5000,7.5000
23.0090,7.5000,7.5000,7.5000,7.5000,7.5000,7.5000,7.5000,7.5000,7.5000,7.5000,7.5000,7.5000,7.5000,7.5000,7.5000,7.5000
23.0190,7.5000,7.5000,7.5000,7.5000,7.5000,7.5000,7.5000,7.5000,7.5000,7.5000,7.5000,7.5000,7.5000,7.5000,7.5000,7.5000
23.0291,7.5000,7.5000,7.5000,7.5000,7.5000,7.5000,7.5000,7.5000,7.5000,7.5000,7.5000,7.5000,7.5000,7.5000,7.5000,7.5000
23.0392,7.5000,7.5000,7.5000,7.5000,7.5000,7.5000,7.5000,7.5000,7.5000,7.5000,7.5000,7.5000,7.5000,7.5000,7.5000,7.5000
23.0492,7.5000,7.5000,7.5000,7.5000,7.5000,7.5000,7.5000,7.5000,7.5000,7.5000,7.5000,7.5000,7.5000,7.5000,7.5000,7.5000
23.0593,7.5000,7.5000,7.5000,7.5000,7.5000,7.5000,7.5000,7.5000,7.5000,7.5000,7.5000,7.5000,7.5000,7.5000,7.5000,7.5000
23.0693,7.5000,7.5000,7.5000,7.5000,7.5000,7.5000,7.5000,7.5000,7.5000,7.5000,7.5000,7.5000,7.5000,7.5000,7.5000,7.5000
23.0794,7.5000,7.5000,7.5000,7.5000,7.5000,7.5000,7.5000,7.5000,7.5000,7.5000,7.5000,7.5000,7.5000,7.5000,7.5000,7.5000
23.0895,7.5000,7.5000,7.5000,7.5000,7.5000,7.5000,7.5000,7.5000,7.5000,7.5000,7.5000,7.5000,7.5000,7.5000,7.5000,7.5000
23.0995,7.5000,7.5000,7.5000,7.5000,7.5000,7.5000,7.5000,7.5000,7.5000,7.5000,7.5000,7.5000,7.5000,7.5000,7.5000,7.5000
23.1096,7.5000,7.5000,7.5000,7.5000,7.5000,7.5000,7.5000,7.5000,7.5000,7.5000,7.5000,7.5000,7.5000,7.5000,7.5000,7.5000
23.1197,7.5000,7.5000,7.5000,7.5000,7.5000,7.5000,7.5000,7.5000,7.5000,7.5000,7.5000,7.5000,7.5000,7.5000,7.5000,7.5000
23.1297,7.5000,7.5000,7.5000,7.5000,7.5000,7.5000,7.5000,7.5000,7.5000,7.5000,7.5000,7.5000,7.5000,7.5000,7.5000,7.5000
23.1398,7.5000,7.5000,7.5000,7.5000,7.5000,7.5000,7.5000,7.5000,7.5000,7.5000,7.5000,7.5000,7.5000,7.5000,7.5000,7.5000
23.1498,7.5000,7.5000,7.5000,7.5000,7.5000,7.5000,7.5000,7.5000,7.5000,7.5000,7.5000,7.5000,7.5000,7.5000,7.5000,7.5000
23.1599,7.5000,7.5000,7.5000,7.5000,7.5000,7.5000,7.5000,7.5000,7.5000,7.5000,7.5000,7.5000,7.5000,7.5000,7.5000,7.5000
23.1700,7.5000,7.5000,7.5000,7.5000,7.5000,7.5000,7.5000,7.5000,7.5000,7.5000,7.5000,7.5000,7.5000,7.5000,7.5000,7.5000
23.1800,7.5000,7.5000,7.5000,7.5000,7.5000,7.5000,7.5000,7.5000,7.5000,7.5000,7.5000,7.5000,7.5000,7.5000,7.5000,7.5000
23.1901,7.5000,7.5000,7.5000,7.5000,7.5000,7.5000,7.5000,7.5000,7.5000,7.5000,7.5000,7.5000,7.5000,7.5000,7.5000,7.5000
23.2002,7.5000,7.5000,7.5000,7.5000,7.5000,7.5000,7.5000,7.5000,7.5000,7.5000,7.5000,7.5000,7.5000,7.5000,7.5000,7.5000
23.2102,7.5000,7.5000,7.5000,7.5000,7.5000,7.5000,7.5000,7.5000,7.5000,7.5000,7.5000,7.5000,7.5000,7.5000,7.5000,7.5000
23.2203,7.5000,7.5000,7.5000,7.5000,7.5000,7.5000,7.5000,7.5000,7.5000,7.5000,7.5000,7.5000,7.5000,7.5000,7.5000,7.5000
23.2303,7.5000,7.5000,7.5000,7.5000,7.5000,7.5000,7.5000,7.5000,7.5000,7.5000,7.5000,7.5000,7.5000,7.5000,7.5000,7.5000
23.2404,7.5000,7.5000,7.5000,7.5000,7.5000,7.5000,7.5000,7.5000,7.5000,7.5000,7.5000,7.5000,7.5000,7.5000,7.5000,7.5000
23.2505,7.5000,7.5000,7.5000,7.5000,7.5000,7.5000,7.5000,7.5000,7.5000,7.5000,7.5000,7.5000,7.5000,7.5000,7.5000,7.5000
23.2605,7.5000,7.5000,7.5000,7.5000,7.5000,7.5000,7.5000,7.5000,7.5000,7.5000,7.5000,7.5000,7.5000,7.5000,7.5000,7.5000
23.2706,7.5000,7.5000,7.5000,7.5000,7.5000,7.5000,7.5000,7.5000,7.5000,7.5000,7.5000,7.5000,7.5000,7.5000,7.5000,7.5000
23.2806,7.5000,7.5000,7.5000,7.5000,7.5000,7.5000,7.5000,7.5000,7.5000,7.5000,7.5000,7.5000,7.5000,7.5000,7.5000,7.5000
23.2907,7.5000,7.5000,7.5000,7.5000,7.5000,7.5000,7.5000,7.5000,7.5000,7.5000,7.5000,7.5000,7.5000,7.5000,7.5000,7.5000
23.3008,7.5000,7.5000,7.5000,7.5000,7.5000,7.5000,7.5000,7.5000,7.5000,7.5000,7.5000,7.5000,7.5000,7.5000,7.5000,7.5000
23.3108,7.5000,7.5000,7.5000,7.5000,7.5000,7.5000,7.5000,7.5000,7.5000,7.5000,7.5000,7.5000,7.5000,7.5000,7.5000,7.5000
23.3209,7.5000,7.5000,7.5000,7.5000,7.5000,7.5000,7.5000,7.5000,7.5000,7.5000,7.5000,7.5000,7.5000,7.5000,7.5000,7.5000
23.3309,7.5000,7.5000,7.5000,7.5000,7.5000,7.5000,7.5000,7.5000,7.5000,7.5000,7.5000,7.5000,7.5000,7.5000,7.5000,7.5000
23.3410,7.5000,7.5000,7.5000,7.5000,7.5000,7.5000,7.5000,7.5000,7.5000,7.5000,7.5000,7.5000,7.5000,7.5000,7.5000,7.5000
23.3510,7.5000,7.5000,7.5000,7.5000,7.5000,7.5000,7.5000,7.5000,7.5000,7.5000,7.5000,7.5000,7.5000,7.5000,7.5000,7.5000
23.3611,7.5000,7.5000,7.5000,7.5000,7.5000,7.5000,7.5000,7.5000,7.5000,7.5000,7.5000,7.5000,7.5000,7.5000,7.5000,7.5000
23.3712,7.5000,7.5000,7.5000,7.5000,7.5000,7.5000,7.5000,7.5000,7.5000,7.5000,7.5000,7.5000,7.5000,7.5000,7.5000,7.5000
23.3812,7.5000,7.5000,7.5000,7.5000,7.5000,7.5000,7.5000,7.5000,7.5000,7.5000,7.5000,7.5000,7.5000,7.5000,7.5000,7.5000
23.3913,7.5000,7.5000,7.5000,7.5000,7.5000,7.5000,7.5000,7.5000,7.5000,7.5000,7.5000,7.5000,7.5000,7.5000,7.5000,7.5000
23.4013,7.5000,7.5000,7.5000,7.5000,7.5000,7.5000,7.5000,7.5000,7.5000,7.5000,7.5000,7.5000,7.5000,7.5000,7.5000,7.5000
23.4114,7.5000,7.5000,7.5000,7.5000,7.5000,7.5000,7.5000,7.5000,7.5000,7.5000,7.5000,7.5000,7.5000,7.5000,7.5000,7.5000
23.4215,7.5000,7.5000,7.5000,7.5000,7.5000,7.5000,7.5000,7.5000,7.5000,7.5000,7.5000,7.5000,7.5000,7.5000,7.5000,7.5000
23.4315,7.5000,7.5000,7.5000,7.5000,7.5000,7.5000,7.5000,7.5000,7.5000,7.5000,7.5000,7.5000,7.5000,7.5000,7.5000,7.5000
23.4416,7.5000,7.5000,7.5000,7.5000,7.5000,7.5000,7.5000,7.5000,7.5000,7.5000,7.5000,7.5000,7.5000,7.5000,7.5000,7.5000
23.4516,7.5000,7.5000,7.5000,7.5000,7.5000,7.5000,7.5000,7.5000,7.5000,7.5000,7.5000,7.5000,7.5000,7.5000,7.5000,7.5000
23.4617,7.5000,7.5000,7.5000,7.5000,7.5000,7.5000,7.5000,7.5000,7.5000,7.5000,7.5000,7.5000,7.5000,7.5000,7.5000,7.5000
23.4718,7.5000,7.5000,7.5000,7.5000,7.5000,7.5000,7.5000,7.5000,7.5000,7.5000,7.5000,7.5000,7.5000,7.5000,7.5000,7.5000
23.4819,7.5000,7.5000,7.5000,7.5000,7.5000,7.5000,7.5000,7.5000,7.5000,7.5000,7.5000,7.5000,7.5000,7.5000,7.5000,7.5000
23.4919,7.5000,7.5000,7.5000,7.5000,7.5000,7.5000,7.5000,7.5000,7.5000,7.5000,7.5000,7.5000,7.5000,7.5000,7.5000,7.5000
23.5020,7.5000,7.5000,7.5000,7.5000,7.5000,7.5000,7.5000,7.5000,7.5000,7.5000,7.5000,7.5000,7.5000,7.5000,7.5000,7.5000
23.5121,7.5000,7.5000,7.5000,7.5000,7.5000,7.5000,7.5000,7.5000,7.5000,7.5000,7.5000,7.5000,7.5000,7.5000,7.5000,7.5000
23.5221,7.5000,7.5000,7.5000,7.5000,7.5000,7.5000,7.5000,7.5000,7.5000,7.5000,7.5000,7.5000,7.5000,7.5000,7.5000,7.5000
23.5322,7.5000,7.5000,7.5000,7.5000,7.5000,7.5000,7.5000,7.5000,7.5000,7.5000,7.5000,7.5000,7.5000,7.5000,7.5000,7.5000
23.5423,7.5000,7.5000,7.5000,7.5000,7.5000,7.5000,7.5000,7.5000,7.5000,7.5000,7.5000,7.5000,7.5000,7.5000,7.5000,7.5000
23.5523,7.5000,7.5000,7.5000,7.5000,7.5000,7.5000,7.5000,7.5000,7.5000,7.5000,7.5000,7.5000,7.5000,7.5000,7.5000,7.5000
23.5624,7.5000,7.5000,7.5000,7.5000,7.5000,7.5000,7.5000,7.5000,7.5000,7.5000,7.5000,7.5000,7.5000,7.5000,7.5000,7.5000
23.5724,7.5000,7.5000,7.5000,7.5000,7.5000,7.5000,7.5000,7.5000,7.5000,7.5000,7.5000,7.5000,7.5000,7.5000,7.5000,7.5000
23.5825,7.5000,7.5000,7.5000,7.5000,7.5000,7.5000,7.5000,7.5000,7.5000,7.5000,7.5000,7.5000,7.5000,7.5000,7.5000,7.5000
23.5926,7.5000,7.5000,7.5000,7.5000,7.5000,7.5000,7.5000,7.5000,7.5000,7.5000,7.5000,7.5000,7.5000,7.5000,7.5000,7.5000
23.6026,7.5000,7.5000,7.5000,7.5000,7.5000,7.5000,7.5000,7.5000,7.5000,7.5000,7.5000,7.5000,7.5000,7.5000,7.5000,7.5000
23.6126,7.5000,7.5000,7.5000,7.5000,7.5000,7.5000,7.5000,7.5000,7.5000,7.5000,7.5000,7.5000,7.5000,7.5000,7.5000,7.5000
23.6227,7.5000,7.5000,7.5000,7.5000,7.5000,7.5000,7.5000,7.5000,7.5000,7.5000,7.5000,7.5000,7.5000,7.5000,7.5000,7.5000
23.6328,7.5000,7.5000,7.5000,7.5000,7.5000,7.5000,7.5000,7.5000,7.5000,7.5000,7.5000,7.5000,7.5000,7.5000,7.5000,7.5000
23.6428,7.5000,7.5000,7.5000,7.5000,7.5000,7.5000,7.5000,7.5000,7.5000,7.5000,7.5000,7.5000,7.5000,7.5000,7.5000,7.5000
23.6529,7.5000,7.5000,7.5000,7.5000,7.5000,7.5000,7.5000,7.5000,7.5000,7.5000,7.5000,7.5000,7.5000,7.5000,7.5000,7.5000
23.6630,7.5000,7.5000,7.5000,7.5000,7.5000,7.5000,7.5000,7.5000,7.5000,7.5000,7.5000,7.5000,7.5000,7.5000,7.5000,7.5000
23.6730,7.5000,7.5000,7.5000,7.5000,7.5000,7.5000,7.5000,7.5000,7.5000,7.5000,7.5000,7.5000,7.5000,7.5000,7.5000,7.5000
23.6831,7.5000,7.5000,7.5000,7.5000,7.5000,7.5000,7.5000,7.5000,7.5000,7.5000,7.5000,7.5000,7.5000,7.5000,7.5000,7.5000
23.6932,7.5000,7.5000,7.5000,7.5000,7.5000,7.5000,7.5000,7.5000,7.5000,7.5000,7.5000,7.5000,7.5000,7.5000,7.5000,7.5000
23.7032,7.5000,7.5000,7.5000,7.5000,7.5000,7.5000,7.5000,7.5000,7.5000,7.5000,7.5000,7.5000,7.5000,7.5000,7.5000,7.5000
23.7133,7.5000,7.5000,7.5000,7.5000,7.5000,7.5000,7.5000,7.5000,7.5000,7.5000,7.5000,7.5000,7.5000,7.5000,7.5000,7.5000
23.7233,7.5000,7.5000,7.5000,7.5000,7.5000,7.5000,7.5000,7.5000,7.5000,7.5000,7.5000,7.5000,7.5000,7.5000,7.5000,7.5000
23.7334,7.5000,7.5000,7.5000,7.5000,7.5000,7.5000,7.5000,7.5000,7.5000,7.5000,7.5000,7.5000,7.5000,7.5000,7.5000,7.5000
23.7435,7.5000,7.5000,7.5000,7.5000,7.5000,7.5000,7.5000,7.5000,7.5000,7.5000,7.5000,7.5000,7.5000,7.5000,7.5000,7.5000
23.7535,7.5000,7.5000,7.5000,7.5000,7.5000,7.5000,7.5000,7.5000,7.5000,7.5000,7.5000,7.5000,7.5000,7.5000,7.5000,7.5000
23.7636,7.5000,7.5000,7.5000,7.5000,7.5000,7.5000,7.5000,7.5000,7.5000,7.5000,7.5000,7.5000,7.5000,7.5000,7.5000,7.5000
23.7737,7.5000,7.5000,7.5000,7.5000,7.5000,7.5000,7.5000,7.5000,7.5000,7.5000,7.5000,7.5000,7.5000,7.5000,7.5000,7.5000
23.7837,7.5000,7.5000,7.5000,7.5000,7.5000,7.5000,7.5000,7.5000,7.5000,7.5000,7.5000,7.5000,7.5000,7.5000,7.5000,7.5000
23.7938,7.5000,7.5000,7.5000,7.5000,7.5000,7.5000,7.5000,7.5000,7.5000,7.5000,7.5000,7.5000,7.5000,7.5000,7.5000,7.5000
23.8039,7.5000,7.5000,7.5000,7.5000,7.5000,7.5000,7.5000,7.5000,7.5000,7.5000,7.5000,7.5000,7.5000,7.5000,7.5000,7.5000
23.8139,7.5000,7.5000,7.5000,7.5000,7.5000,7.5000,7.5000,7.5000,7.5000,7.5000,7.5000,7.5000,7.5000,7.5000,7.5000,7.5000
23.8240,7.5000,7.5000,7.5000,7.5000,7.5000,7.5000,7.5000,7.5000,7.5000,7.5000,7.5000,7.5000,7.5000,7.5000,7.5000,7.5000
23.8341,7.5000,7.5000,7.5000,7.5000,7.5000,7.5000,7.5000,7.5000,7.5000,7.5000,7.5000,7.5000,7.5000,7.5000,7.5000,7.5000
23.8441,7.5000,7.5000,7.5000,7.5000,7.5000,7.5000,7.5000,7.5000,7.5000,7.5000,7.5000,7.5000,7.5000,7.5000,7.5000,7.5000
23.8542,7.5000,7.5000,7.5000,7.5000,7.5000,7.5000,7.5000,7.5000,7.5000,7.5000,7.5000,7.5000,7.5000,7.5000,7.5000,7.5000
23.8643,7.5000,7.5000,7.5000,7.5000,7.5000,7.5000,7.5000,7.5000,7.5000,7.5000,7.5000,7.5000,7.5000,7.5000,7.5000,7.5000
23.8743,7.5000,7.5000,7.5000,7.5000,7.5000,7.5000,7.5000,7.5000,7.5000,7.5000,7.5000,7.5000,7.5000,7.5000,7.5000,7.5000
23.8844,7.5000,7.5000,7.5000,7.5000,7.5000,7.5000,7.5000,7.5000,7.5000,7.5000,7.5000,7.5000,7.5000,7.5000,7.5000,7.5000
23.8945,7.5000,7.5000,7.5000,7.5000,7.5000,7.5000,7.5000,7.5000,7.5000,7.5000,7.5000,7.5000,7.5000,7.5000,7.5000,7.5000
23.9045,7.5000,7.5000,7.5000,7.5000,7.5000,7.5000,7.5000,7.5000,7.5000,7.5000,7.5000,7.5000,7.5000,7.5000,7.5000,7.5000
23.9146,7.5000,7.5000,7.5000,7.5000,7.5000,7.5000,7.5000,7.5000,7.5000,7.5000,7.5000,7.5000,7.5000,7.5000,7.5000,7.5000
23.9247,7.5000,7.5000,7.5000,7.5000,7.5000,7.5000,7.5000,7.5000,7.5000,7.5000,7.5000,7.5000,7.5000,7.5000,7.5000,7.5000
23.9347,7.5000,7.5000,7.5000,7.5000,7.5000,7.5000,7.5000,7.5000,7.5000,7.5000,7.5000,7.5000,7.5000,7.5000,7.5000,7.5000
23.9448,7.5000,7.5000,7.5000,7.5000,7.5000,7.5000,7.5000,7.5000,7.5000,7.5000,7.5000,7.5000,7.5000,7.5000,7.5000,7.5000
23.9549,7.5000,7.5000,7.5000,7.5000,7.5000,7.5000,7.5000,7.5000,7.5000,7.5000,7.5000,7.5000,7.5000,7.5000,7.5000,7.5000
23.9649,7.5000,7.5000,7.5000,7.5000,7.5000,7.5000,7.5000,7.5000,7.5000,7.5000,7.5000,7.5000,7.5000,7.5000,7.5000,7.5000
23.9750,7.5000,7.5000,7.5000,7.5000,7.5000,7.5000,7.5000,7.5000,7.5000,7.5000,7.5000,7.5000,7.5000,7.5000,7.5000,7.5000
23.9850,7.5000,7.5000,7.5000,7.5000,7.5000,7.5000,7.5000,7.5000,7.5000,7.5000,7.5000,7.5000,7.5000,7.5000,7.5000,7.5000
23.9951,7.5000,7.5000,7.5000,7.5000,7.5000,7.5000,7.5000,7.5000,7.5000,7.5000,7.5000,7.5000,7.5000,7.5000,7.5000,7.5000
24.0052,7.5000,7.5000,7.5000,7.5000,7.5000,7.5000,7.5000,7.5000,7.5000,7.5000,7.5000,7.5000,7.5000,7.5000,7.5000,7.5000
24.0152,7.5000,7.5000,7.5000,7.5000,7.5000,7.5000,7.5000,7.5000,7.5000,7.5000,7.5000,7.5000,7.5000,7.5000,7.5000,7.5000
24.0253,7.5000,7.5000,7.5000,7.5000,7.5000,7.5000,7.5000,7.5000,7.5000,7.5000,7.5000,7.5000,7.5000,7.5000,7.5000,7.5000
24.0354,7.5000,7.5000,7.5000,7.5000,7.5000,7.5000,7.5000,7.5000,7.5000,7.5000,7.5000,7.5000,7.5000,7.5000,7.5000,7.5000
24.0454,7.5000,7.5000,7.5000,7.5000,7.5000,7.5000,7.5000,7.5000,7.5000,7.5000,7.5000,7.5000,7.5000,7.5000,7.5000,7.5000
24.0555,7.5000,7.5000,7.5000,7.5000,7.5000,7.5000,7.5000,7.5000,7.5000,7.5000,7.5000,7.5000,7.5000,7.5000,7.5000,7.5000
24.0655,7.5000,7.5000,7.5000,7.5000,7.5000,7.5000,7.5000,7.5000,7.5000,7.5000,7.5000,7.5000,7.5000,7.5000,7.5000,7.5000
24.0756,7.5000,7.5000,7.5000,7.5000,7.5000,7.5000,7.5000,7.5000,7.5000,7.5000,7.5000,7.5000,7.5000,7.5000,7.5000,7.5000
24.0857,7.5000,7.5000,7.5000,7.5000,7.5000,7.5000,7.5000,7.5000,7.5000,7.5000,7.5000,7.5000,7.5000,7.5000,7.5000,7.5000
24.0958,7.5000,7.5000,7.5000,7.5000,7.5000,7.5000,7.5000,7.5000,7.5000,7.5000,7.5000,7.5000,7.5000,7.5000,7.5000,7.5000
24.1059,7.5000,7.5000,7.5000,7.5000,7.5000,7.5000,7.5000,7.5000,7.5000,7.5000,7.5000,7.5000,7.5000,7.5000,7.5000,7.5000
24.1159,7.5000,7.5000,7.5000,7.5000,7.5000,7.5000,7.5000,7.5000,7.5000,7.5000,7.5000,7.5000,7.5000,7.5000,7.5000,7.5000
24.1260,7.5000,7.5000,7.5000,7.5000,7.5000,7.5000,7.5000,7.5000,7.5000,7.5000,7.5000,7.5000,7.5000,7.5000,7.5000,7.5000
24.1361,7.5000,7.5000,7.5000,7.5000,7.5000,7.5000,7.5000,7.5000,7.5000,7.5000,7.5000,7.5000,7.5000,7.5000,7.5000,7.5000
24.1461,7.5000,7.5000,7.5000,7.5000,7.5000,7.5000,7.5000,7.5000,7.5000,7.5000,7.5000,7.5000,7.5000,7.5000,7.5000,7.5000
24.1562,7.5000,7.5000,7.5000,7.5000,7.5000,7.5000,7.5000,7.5000,7.5000,7.5000,7.5000,7.5000,7.5000,7.5000,7.5000,7.5000
24.1662,7.5000,7.5000,7.5000,7.5000,7.5000,7.5000,7.5000,7.5000,7.5000,7.5000,7.5000,7.5000,7.5000,7.5000,7.5000,7.5000
24.1763,7.5000,7.5000,7.5000,7.5000,7.5000,7.5000,7.5000,7.5000,7.5000,7.5000,7.5000,7.5000,7.5000,7.5000,7.5000,7.5000
24.1864,7.5000,7.5000,7.5000,7.5000,7.5000,7.5000,7.5000,7.5000,7.5000,7.5000,7.5000,7.5000,7.5000,7.5000,7.5000,7.5000
24.1964,7.5000,7.5000,7.5000,7.5000,7.5000,7.5000,7.5000,7.5000,7.5000,7.5000,7.5000,7.5000,7.5000,7.5000,7.5000,7.5000
24.2065,7.5000,7.5000,7.5000,7.5000,7.5000,7.5000,7.5000,7.5000,7.5000,7.5000,7.5000,7.5000,7.5000,7.5000,7.5000,7.5000
24.2165,7.5000,7.5000,7.5000,7.5000,7.5000,7.5000,7.5000,7.5000,7.5000,7.5000,7.5000,7.5000,7.5000,7.5000,7.5000,7.5000
24.2266,7.5000,7.5000,7.5000,7.5000,7.5000,7.5000,7.5000,7.5000,7.5000,7.5000,7.5000,7.5000,7.5000,7.5000,7.5000,7.5000
24.2366,7.5000,7.5000,7.5000,7.5000,7.5000,7.5000,7.5000,7.5000,7.5000,7.5000,7.5000,7.5000,7.5000,7.5000,7.5000,7.5000
24.2467,7.5000,7.5000,7.5000,7.5000,7.5000,7.5000,7.5000,7.5000,7.5000,7.5000,7.5000,7.5000,7.5000,7.5000,7.5000,7.5000
24.2568,7.5000,7.5000,7.5000,7.5000,7.5000,7.5000,7.5000,7.5000,7.5000,7.5000,7.5000,7.5000,7.5000,7.5000,7.5000,7.5000
24.2668,7.5000,7.5000,7.5000,7.5000,7.5000,7.5000,7.5000,7.5000,7.5000,7.5000,7.5000,7.5000,7.5000,7.5000,7.5000,7.5000
24.2769,7.5000,7.5000,7.5000,7.5000,7.5000,7.5000,7.5000,7.5000,7.5000,7.5000,7.5000,7.5000,7.5000,7.5000,7.5000,7.5000
24.2870,7.5000,7.5000,7.5000,7.5000,7.5000,7.5000,7.5000,7.5000,7.5000,7.5000,7.5000,7.5000,7.5000,7.5000,7.5000,7.5000
24.2970,7.5000,7.5000,7.5000,7.5000,7.5000,7.5000,7.5000,7.5000,7.5000,7.5000,7.5000,7.5000,7.5000,7.5000,7.5000,7.5000
24.3071,7.5000,7.5000,7.5000,7.5000,7.5000,7.5000,7.5000,7.5000,7.5000,7.5000,7.5000,7.5000,7.5000,7.5000,7.5000,7.5000
24.3171,7.5000,7.5000,7.5000,7.5000,7.5000,7.5000,7.5000,7.5000,7.5000,7.5000,7.5000,7.5000,7.5000,7.5000,7.5000,7.5000
24.3272,7.5000,7.5000,7.5000,7.5000,7.5000,7.5000,7.5000,7.5000,7.5000,7.5000,7.5000,7.5000,7.5000,7.5000,7.5000,7.5000
24.3373,7.5000,7.5000,7.5000,7.5000,7.5000,7.5000,7.5000,7.5000,7.5000,7.5000,7.5000,7.5000,7.5000,7.5000,7.5000,7.5000
24.3473,7.5000,7.5000,7.5000,7.5000,7.5000,7.5000,7.5000,7.5000,7.5000,7.5000,7.5000,7.5000,7.5000,7.5000,7.5000,7.5000
24.3574,7.5000,7.5000,7.5000,7.5000,7.5000,7.5000,7.5000,7.5000,7.5000,7.5000,7.5000,7.5000,7.5000,7.5000,7.5000,7.5000
24.3674,7.5000,7.5000,7.5000,7.5000,7.5000,7.5000,7.5000,7.5000,7.5000,7.5000,7.5000,7.5000,7.5000,7.5000,7.5000,7.5000
24.3775,7.5000,7.5000,7.5000,7.5000,7.5000,7.5000,7.5000,7.5000,7.5000,7.5000,7.5000,7.5000,7.5000,7.5000,7.5000,7.5000
24.3876,7.5000,7.5000,7.5000,7.5000,7.5000,7.5000,7.5000,7.5000,7.5000,7.5000,7.5000,7.5000,7.5000,7.5000,7.5000,7.5000
24.3976,7.5000,7.5000,7.5000,7.5000,7.5000,7.5000,7.5000,7.5000,7.5000,7.5000,7.5000,7.5000,7.5000,7.5000,7.5000,7.5000
24.4077,7.5000,7.5000,7.5000,7.5000,7.5000,7.5000,7.5000,7.5000,7.5000,7.5000,7.5000,7.5000,7.5000,7.5000,7.5000,7.5000
24.4177,7.5000,7.5000,7.5000,7.5000,7.5000,7.5000,7.5000,7.5000,7.5000,7.5000,7.5000,7.5000,7.5000,7.5000,7.5000,7.5000
24.4278,7.5000,7.5000,7.5000,7.5000,7.5000,7.5000,7.5000,7.5000,7.5000,7.5000,7.5000,7.5000,7.5000,7.5000,7.5000,7.5000
24.4379,7.5000,7.5000,7.5000,7.5000,7.5000,7.5000,7.5000,7.5000,7.5000,7.5000,7.5000,7.5000,7.5000,7.5000,7.5000,7.5000
24.4479,7.5000,7.5000,7.5000,7.5000,7.5000,7.5000,7.5000,7.5000,7.5000,7.5000,7.5000,7.5000,7.5000,7.5000,7.5000,7.5000
24.4580,7.5000,7.5000,7.5000,7.5000,7.5000,7.5000,7.5000,7.5000,7.5000,7.5000,7.5000,7.5000,7.5000,7.5000,7.5000,7.5000
24.4681,7.5000,7.5000,7.5000,7.5000,7.5000,7.5000,7.5000,7.5000,7.5000,7.5000,7.5000,7.5000,7.5000,7.5000,7.5000,7.5000
24.4781,7.5000,7.5000,7.5000,7.5000,7.5000,7.5000,7.5000,7.5000,7.5000,7.5000,7.5000,7.5000,7.5000,7.5000,7.5000,7.5000
24.4882,7.5000,7.5000,7.5000,7.5000,7.5000,7.5000,7.5000,7.5000,7.5000,7.5000,7.5000,7.5000,7.5000,7.5000,7.5000,7.5000
24.4983,7.5000,7.5000,7.5000,7.5000,7.5000,7.5000,7.5000,7.5000,7.5000,7.5000,7.5000,7.5000,7.5000,7.5000,7.5000,7.5000
24.5083,7.5000,7.5000,7.5000,7.5000,7.5000,7.5000,7.5000,7.5000,7.5000,7.5000,7.5000,7.5000,7.5000,7.5000,7.5000,7.5000
24.5184,7.5000,7.5000,7.5000,7.5000,7.5000,7.5000,7.5000,7.5000,7.5000,7.5000,7.5000,7.5000,7.5000,7.5000,7.5000,7.5000
24.5284,7.5000,7.5000,7.5000,7.5000,7.5000,7.5000,7.5000,7.5000,7.5000,7.5000,7.5000,7.5000,7.5000,7.5000,7.5000,7.5000
24.5385,7.5000,7.5000,7.5000,7.5000,7.5000,7.5000,7.5000,7.5000,7.5000,7.5000,7.5000,7.5000,7.5000,7.5000,7.5000,7.5000
24.5486,7.5000,7.5000,7.5000,7.5000,7.5000,7.5000,7.5000,7.5000,7.5000,7.5000,7.5000,7.5000,7.5000,7.5000,7.5000,7.5000
24.5586,7.5000,7.5000,7.5000,7.5000,7.5000,7.5000,7.5000,7.5000,7.5000,7.5000,7.5000,7.5000,7.5000,7.5000,7.5000,7.5000
24.5687,7.5000,7.5000,7.5000,7.5000,7.5000,7.5000,7.5000,7.5000,7.5000,7.5000,7.5000,7.5000,7.5000,7.5000,7.5000,7.5000
24.5788,7.5000,7.5000,7.5000,7.5000,7.5000,7.5000,7.5000,7.5000,7.5000,7.5000,7.5000,7.5000,7.5000,7.5000,7.5000,7.5000
24.5888,7.5000,7.5000,7.5000,7.5000,7.5000,7.5000,7.5000,7.5000,7.5000,7.5000,7.5000,7.5000,7.5000,7.5000,7.5000,7.5000
24.5989,7.5000,7.5000,7.5000,7.5000,7.5000,7.5000,7.5000,7.5000,7.5000,7.5000,7.5000,7.5000,7.5000,7.5000,7.5000,7.5000
24.6089,7.5000,7.5000,7.5000,7.5000,7.5000,7.5000,7.5000,7.5000,7.5000,7.5000,7.5000,7.5000,7.5000,7.5000,7.5000,7.5000
24.6190,7.5000,7.5000,7.5000,7.5000,7.5000,7.5000,7.5000,7.5000,7.5000,7.5000,7.5000,7.5000,7.5000,7.5000,7.5000,7.5000
24.6291,7.5000,7.5000,7.5000,7.5000,7.5000,7.5000,7.5000,7.5000,7.5000,7.5000,7.5000,7.5000,7.5000,7.5000,7.5000,7.5000
24.6391,7.5000,7.5000,7.5000,7.5000,7.5000,7.5000,7.5000,7.5000,7.5000,7.5000,7.5000,7.5000,7.5000,7.5000,7.5000,7.5000
24.6492,7.5000,7.5000,7.5000,7.5000,7.5000,7.5000,7.5000,7.5000,7.5000,7.5000,7.5000,7.5000,7.5000,7.5000,7.5000,7.5000
24.6592,7.5000,7.5000,7.5000,7.5000,7.5000,7.5000,7.5000,7.5000,7.5000,7.5000,7.5000,7.5000,7.5000,7.5000,7.5000,7.5000
24.6693,7.5000,7.5000,7.5000,7.5000,7.5000,7.5000,7.5000,7.5000,7.5000,7.5000,7.5000,7.5000,7.5000,7.5000,7.5000,7.5000
24.6794,7.5000,7.5000,7.5000,7.5000,7.5000,7.5000,7.5000,7.5000,7.5000,7.5000,7.5000,7.5000,7.5000,7.5000,7.5000,7.5000
24.6894,7.5000,7.5000,7.5000,7.5000,7.5000,7.5000,7.5000,7.5000,7.5000,7.5000,7.5000,7.5000,7.5000,7.5000,7.5000,7.5000
24.6995,7.5000,7.5000,7.5000,7.5000,7.5000,7.5000,7.5000,7.5000,7.5000,7.5000,7.5000,7.5000,7.5000,7.5000,7.5000,7.5000
24.7096,7.5000,7.5000,7.5000,7.5000,7.5000,7.5000,7.5000,7.5000,7.5000,7.5000,7.5000,7.5000,7.5000,7.5000,7.5000,7.5000
24.7196,7.5000,7.5000,7.5000,7.5000,7.5000,7.5000,7.5000,7.5000,7.5000,7.5000,7.5000,7.5000,7.5000,7.5000,7.5000,7.5000
24.7297,7.5000,7.5000,7.5000,7.5000,7.5000,7.5000,7.5000,7.5000,7.5000,7.5000,7.5000,7.5000,7.5000,7.5000,7.5000,7.5000
24.7398,7.5000,7.5000,7.5000,7.5000,7.5000,7.5000,7.5000,7.5000,7.5000,7.5000,7.5000,7.5000,7.5000,7.5000,7.5000,7.5000
24.7498,7.5000,7.5000,7.5000,7.5000,7.5000,7.5000,7.5000,7.5000,7.5000,7.5000,7.5000,7.5000,7.5000,7.5000,7.5000,7.5000
24.7599,7.5000,7.5000,7.5000,7.5000,7.5000,7.5000,7.5000,7.5000,7.5000,7.5000,7.5000,7.5000,7.5000,7.5000,7.5000,7.5000
24.7699,7.5000,7.5000,7.5000,7.5000,7.5000,7.5000,7.5000,7.5000,7.5000,7.5000,7.5000,7.5000,7.5000,7.5000,7.5000,7.5000
24.7800,7.5000,7.5000,7.5000,7.5000,7.5000,7.5000,7.5000,7.5000,7.5000,7.5000,7.5000,7.5000,7.5000,7.5000,7.5000,7.5000
24.7901,7.5000,7.5000,7.5000,7.5000,7.5000,7.5000,7.5000,7.5000,7.5000,7.5000,7.5000,7.5000,7.5000,7.5000,7.5000,7.5000
24.8001,7.5000,7.5000,7.5000,7.5000,7.5000,7.5000,7.5000,7.5000,7.5000,7.5000,7.5000,7.5000,7.5000,7.5000,7.5000,7.5000
24.8102,7.5000,7.5000,7.5000,7.5000,7.5000,7.5000,7.5000,7.5000,7.5000,7.5000,7.5000,7.5000,7.5000,7.5000,7.5000,7.5000
24.8203,7.5000,7.5000,7.5000,7.5000,7.5000,7.5000,7.5000,7.5000,7.5000,7.5000,7.5000,7.5000,7.5000,7.5000,7.5000,7.5000
24.8303,7.5000,7.5000,7.5000,7.5000,7.5000,7.5000,7.5000,7.5000,7.5000,7.5000,7.5000,7.5000,7.5000,7.5000,7.5000,7.5000
24.8404,7.5000,7.5000,7.5000,7.5000,7.5000,7.5000,7.5000,7.5000,7.5000,7.5000,7.5000,7.5000,7.5000,7.5000,7.5000,7.5000
24.8504,7.5000,7.5000,7.5000,7.5000,7.5000,7.5000,7.5000,7.5000,7.5000,7.5000,7.5000,7.5000,7.5000,7.5000,7.5000,7.5000
24.8605,7.5000,7.5000,7.5000,7.5000,7.5000,7.5000,7.5000,7.5000,7.5000,7.5000,7.5000,7.5000,7.5000,7.5000,7.5000,7.5000
24.8706,7.5000,7.5000,7.5000,7.5000,7.5000,7.5000,7.5000,7.5000,7.5000,7.5000,7.5000,7.5000,7.5000,7.5000,7.5000,7.5000
24.8806,7.5000,7.5000,7.5000,7.5000,7.5000,7.5000,7.5000,7.5000,7.5000,7.5000,7.5000,7.5000,7.5000,7.5000,7.5000,7.5000
24.8907,7.5000,7.5000,7.5000,7.5000,7.5000,7.5000,7.5000,7.5000,7.5000,7.5000,7.5000,7.5000,7.5000,7.5000,7.5000,7.5000
24.9007,7.5000,7.5000,7.5000,7.5000,7.5000,7.5000,7.5000,7.5000,7.5000,7.5000,7.5000,7.5000,7.5000,7.5000,7.5000,7.5000
24.9108,7.5000,7.5000,7.5000,7.5000,7.5000,7.5000,7.5000,7.5000,7.5000,7.5000,7.5000,7.5000,7.5000,7.5000,7.5000,7.5000
24.9209,7.5000,7.5000,7.5000,7.5000,7.5000,7.5000,7.5000,7.5000,7.5000,7.5000,7.5000,7.5000,7.5000,7.5000,7.5000,7.5000
24.9309,7.5000,7.5000,7.5000,7.5000,7.5000,7.5000,7.5000,7.5000,7.5000,7.5000,7.5000,7.5000,7.5000,7.5000,7.5000,7.5000
24.9410,7.5000,7.5000,7.5000,7.5000,7.5000,7.5000,7.5000,7.5000,7.5000,7.5000,7.5000,7.5000,7.5000,7.5000,7.5000,7.5000
24.9510,7.5000,7.5000,7.5000,7.5000,7.5000,7.5000,7.5000,7.5000,7.5000,7.5000,7.5000,7.5000,7.5000,7.5000,7.5000,7.5000
24.9611,7.5000,7.5000,7.5000,7.5000,7.5000,7.5000,7.5000,7.5000,7.5000,7.5000,7.5000,7.5000,7.5000,7.5000,7.5000,7.5000
24.9712,7.5000,7.5000,7.5000,7.5000,7.5000,7.5000,7.5000,7.5000,7.5000,7.5000,7.5000,7.5000,7.5000,7.5000,7.5000,7.5000
24.9812,7.5000,7.5000,7.5000,7.5000,7.5000,7.5000,7.5000,7.5000,7.5000,7.5000,7.5000,7.5000,7.5000,7.5000,7.5000,7.5000
24.9913,7.5000,7.5000,7.5000,7.5000,7.5000,7.5000,7.5000,7.5000,7.5000,7.5000,7.5000,7.5000,7.5000,7.5000,7.5000,7.5000
25.0014,7.5000,7.5000,7.5000,7.5000,7.5000,7.5000,7.5000,7.5000,7.5000,7.5000,7.5000,7.5000,7.5000,7.5000,7.5000,7.5000
25.0114,7.5000,7.5000,7.5000,7.5000,7.5000,7.5000,7.5000,7.5000,7.5000,7.5000,7.5000,7.5000,7.5000,7.5000,7.5000,7.5000
25.0215,7.5000,7.5000,7.5000,7.5000,7.5000,7.5000,7.5000,7.5000,7.5000,7.5000,7.5000,7.5000,7.5000,7.5000,7.5000,7.5000
25.0316,7.5000,7.5000,7.5000,7.5000,7.5000,7.5000,7.5000,7.5000,7.5000,7.5000,7.5000,7.5000,7.5000,7.5000,7.5000,7.5000
25.0416,7.5000,7.5000,7.5000,7.5000,7.5000,7.5000,7.5000,7.5000,7.5000,7.5000,7.5000,7.5000,7.5000,7.5000,7.5000,7.5000
25.0517,7.5000,7.5000,7.5000,7.5000,7.5000,7.5000,7.5000,7.5000,7.5000,7.5000,7.5000,7.5000,7.5000,7.5000,7.5000,7.5000
25.0618,7.5000,7.5000,7.5000,7.5000,7.5000,7.5000,7.5000,7.5000,7.5000,7.5000,7.5000,7.5000,7.5000,7.5000,7.5000,7.5000
25.0718,7.5000,7.5000,7.5000,7.5000,7.5000,7.5000,7.5000,7.5000,7.5000,7.5000,7.5000,7.5000,7.5000,7.5000,7.5000,7.5000
25.0819,7.5000,7.5000,7.5000,7.5000,7.5000,7.5000,7.5000,7.5000,7.5000,7.5000,7.5000,7.5000,7.5000,7.5000,7.5000,7.5000
25.0919,7.5000,7.5000,7.5000,7.5000,7.5000,7.5000,7.5000,7.5000,7.5000,7.5000,7.5000,7.5000,7.5000,7.5000,7.5000,7.5000
25.1020,7.5000,7.5000,7.5000,7.5000,7.5000,7.5000,7.5000,7.5000,7.5000,7.5000,7.5000,7.5000,7.5000,7.5000,7.5000,7.5000
25.1120,7.5000,7.5000,7.5000,7.5000,7.5000,7.5000,7.5000,7.5000,7.5000,7.5000,7.5000,7.5000,7.5000,7.5000,7.5000,7.5000
25.1221,7.5000,7.5000,7.5000,7.5000,7.5000,7.5000,7.5000,7.5000,7.5000,7.5000,7.5000,7.5000,7.5000,7.5000,7.5000,7.5000
25.1322,7.5000,7.5000,7.5000,7.5000,7.5000,7.5000,7.5000,7.5000,7.5000,7.5000,7.5000,7.5000,7.5000,7.5000,7.5000,7.5000
25.1422,7.5000,7.5000,7.5000,7.5000,7.5000,7.5000,7.5000,7.5000,7.5000,7.5000,7.5000,7.5000,7.5000,7.5000,7.5000,7.5000
25.1523,7.5000,7.5000,7.5000,7.5000,7.5000,7.5000,7.5000,7.5000,7.5000,7.5000,7.5000,7.5000,7.5000,7.5000,7.5000,7.5000
25.1624,7.5000,7.5000,7.5000,7.5000,7.5000,7.5000,7.5000,7.5000,7.5000,7.5000,7.5000,7.5000,7.5000,7.5000,7.5000,7.5000
25.1724,7.5000,7.5000,7.5000,7.5000,7.5000,7.5000,7.5000,7.5000,7.5000,7.5000,7.5000,7.5000,7.5000,7.5000,7.5000,7.5000
25.1825,7.5000,7.5000,7.5000,7.5000,7.5000,7.5000,7.5000,7.5000,7.5000,7.5000,7.5000,7.5000,7.5000,7.5000,7.5000,7.5000
25.1925,7.5000,7.5000,7.5000,7.5000,7.5000,7.5000,7.5000,7.5000,7.5000,7.5000,7.5000,7.5000,7.5000,7.5000,7.5000,7.5000
25.2026,7.5000,7.5000,7.5000,7.5000,7.5000,7.5000,7.5000,7.5000,7.5000,7.5000,7.5000,7.5000,7.5000,7.5000,7.5000,7.5000
25.2127,7.5000,7.5000,7.5000,7.5000,7.5000,7.5000,7.5000,7.5000,7.5000,7.5000,7.5000,7.5000,7.5000,7.5000,7.5000,7.5000
25.2227,7.5000,7.5000,7.5000,7.5000,7.5000,7.5000,7.5000,7.5000,7.5000,7.5000,7.5000,7.5000,7.5000,7.5000,7.5000,7.5000
25.2328,7.5000,7.5000,7.5000,7.5000,7.5000,7.5000,7.5000,7.5000,7.5000,7.5000,7.5000,7.5000,7.5000,7.5000,7.5000,7.5000
25.2429,7.5000,7.5000,7.5000,7.5000,7.5000,7.5000,7.5000,7.5000,7.5000,7.5000,7.5000,7.5000,7.5000,7.5000,7.5000,7.5000
25.2529,7.5000,7.5000,7.5000,7.5000,7.5000,7.5000,7.5000,7.5000,7.5000,7.5000,7.5000,7.5000,7.5000,7.5000,7.5000,7.5000
25.2630,7.5000,7.5000,7.5000,7.5000,7.5000,7.5000,7.5000,7.5000,7.5000,7.5000,7.5000,7.5000,7.5000,7.5000,7.5000,7.5000
25.2730,7.5000,7.5000,7.5000,7.5000,7.5000,7.5000,7.5000,7.5000,7.5000,7.5000,7.5000,7.5000,7.5000,7.5000,7.5000,7.5000
25.2831,7.5000,7.5000,7.5000,7.5000,7.5000,7.5000,7.5000,7.5000,7.5000,7.5000,7.5000,7.5000,7.5000,7.5000,7.5000,7.5000
25.2932,7.5000,7.5000,7.5000,7.5000,7.5000,7.5000,7.5000,7.5000,7.5000,7.5000,7.5000,7.5000,7.5000,7.5000,7.5000,7.5000
25.3032,7.5000,7.5000,7.5000,7.5000,7.5000,7.5000,7.5000,7.5000,7.5000,7.5000,7.5000,7.5000,7.5000,7.5000,7.5000,7.5000
25.3133,7.5000,7.5000,7.5000,7.5000,7.5000,7.5000,7.5000,7.5000,7.5000,7.5000,7.5000,7.5000,7.5000,7.5000,7.5000,7.5000
25.3234,7.5000,7.5000,7.5000,7.5000,7.5000,7.5000,7.5000,7.5000,7.5000,7.5000,7.5000,7.5000,7.5000,7.5000,7.5000,7.5000
25.3334,7.5000,7.5000,7.5000,7.5000,7.5000,7.5000,7.5000,7.5000,7.5000,7.5000,7.5000,7.5000,7.5000,7.5000,7.5000,7.5000
25.3435,7.5000,7.5000,7.5000,7.5000,7.5000,7.5000,7.5000,7.5000,7.5000,7.5000,7.5000,7.5000,7.5000,7.5000,7.5000,7.5000
25.3535,7.5000,7.5000,7.5000,7.5000,7.5000,7.5000,7.5000,7.5000,7.5000,7.5000,7.5000,7.5000,7.5000,7.5000,7.5000,7.5000
25.3636,7.5000,7.5000,7.5000,7.5000,7.5000,7.5000,7.5000,7.5000,7.5000,7.5000,7.5000,7.5000,7.5000,7.5000,7.5000,7.5000
25.3737,7.5000,7.5000,7.5000,7.5000,7.5000,7.5000,7.5000,7.5000,7.5000,7.5000,7.5000,7.5000,7.5000,7.5000,7.5000,7.5000
25.3837,7.5000,7.5000,7.5000,7.5000,7.5000,7.5000,7.5000,7.5000,7.5000,7.5000,7.5000,7.5000,7.5000,7.5000,7.5000,7.5000
25.3938,7.5000,7.5000,7.5000,7.5000,7.5000,7.5000,7.5000,7.5000,7.5000,7.5000,7.5000,7.5000,7.5000,7.5000,7.5000,7.5000
25.4039,7.5000,7.5000,7.5000,7.5000,7.5000,7.5000,7.5000,7.5000,7.5000,7.5000,7.5000,7.5000,7.5000,7.5000,7.5000,7.5000
25.4139,7.5000,7.5000,7.5000,7.5000,7.5000,7.5000,7.5000,7.5000,7.5000,7.5000,7.5000,7.5000,7.5000,7.5000,7.5000,7.5000
25.4240,7.5000,7.5000,7.5000,7.5000,7.5000,7.5000,7.5000,7.5000,7.5000,7.5000,7.5000,7.5000,7.5000,7.5000,7.5000,7.5000
25.4340,7.5000,7.5000,7.5000,7.5000,7.5000,7.5000,7.5000,7.5000,7.5000,7.5000,7.5000,7.5000,7.5000,7.5000,7.5000,7.5000
25.4441,7.5000,7.5000,7.5000,7.5000,7.5000,7.5000,7.5000,7.5000,7.5000,7.5000,7.5000,7.5000,7.5000,7.5000,7.5000,7.5000
25.4542,7.5000,7.5000,7.5000,7.5000,7.5000,7.5000,7.5000,7.5000,7.5000,7.5000,7.5000,7.5000,7.5000,7.5000,7.5000,7.5000
25.4642,7.5000,7.5000,7.5000,7.5000,7.5000,7.5000,7.5000,7.5000,7.5000,7.5000,7.5000,7.5000,7.5000,7.5000,7.5000,7.5000
25.4743,7.5000,7.5000,7.5000,7.5000,7.5000,7.5000,7.5000,7.5000,7.5000,7.5000,7.5000,7.5000,7.5000,7.5000,7.5000,7.5000
25.4844,7.5000,7.5000,7.5000,7.5000,7.5000,7.5000,7.5000,7.5000,7.5000,7.5000,7.5000,7.5000,7.5000,7.5000,7.5000,7.5000
25.4944,7.5000,7.5000,7.5000,7.5000,7.5000,7.5000,7.5000,7.5000,7.5000,7.5000,7.5000,7.5000,7.5000,7.5000,7.5000,7.5000
25.5045,7.5000,7.5000,7.5000,7.5000,7.5000,7.5000,7.5000,7.5000,7.5000,7.5000,7.5000,7.5000,7.5000,7.5000,7.5000,7.5000
25.5146,7.5000,7.5000,7.5000,7.5000,7.5000,7.5000,7.5000,7.5000,7.5000,7.5000,7.5000,7.5000,7.5000,7.5000,7.5000,7.5000
25.5246,7.5000,7.5000,7.5000,7.5000,7.5000,7.5000,7.5000,7.5000,7.5000,7.5000,7.5000,7.5000,7.5000,7.5000,7.5000,7.5000
25.5347,7.5000,7.5000,7.5000,7.5000,7.5000,7.5000,7.5000,7.5000,7.5000,7.5000,7.5000,7.5000,7.5000,7.5000,7.5000,7.5000
25.5447,7.5000,7.5000,7.5000,7.5000,7.5000,7.5000,7.5000,7.5000,7.5000,7.5000,7.5000,7.5000,7.5000,7.5000,7.5000,7.5000
25.5548,7.5000,7.5000,7.5000,7.5000,7.5000,7.5000,7.5000,7.5000,7.5000,7.5000,7.5000,7.5000,7.5000,7.5000,7.5000,7.5000
25.5649,7.5000,7.5000,7.5000,7.5000,7.5000,7.5000,7.5000,7.5000,7.5000,7.5000,7.5000,7.5000,7.5000,7.5000,7.5000,7.5000
25.5749,7.5000,7.5000,7.5000,7.5000,7.5000,7.5000,7.5000,7.5000,7.5000,7.5000,7.5000,7.5000,7.5000,7.5000,7.5000,7.5000
25.5850,7.5000,7.5000,7.5000,7.5000,7.5000,7.5000,7.5000,7.5000,7.5000,7.5000,7.5000,7.5000,7.5000,7.5000,7.5000,7.5000
25.5950,7.5000,7.5000,7.5000,7.5000,7.5000,7.5000,7.5000,7.5000,7.5000,7.5000,7.5000,7.5000,7.5000,7.5000,7.5000,7.5000
25.6051,7.5000,7.5000,7.5000,7.5000,7.5000,7.5000,7.5000,7.5000,7.5000,7.5000,7.5000,7.5000,7.5000,7.5000,7.5000,7.5000
25.6152,7.5000,7.5000,7.5000,7.5000,7.5000,7.5000,7.5000,7.5000,7.5000,7.5000,7.5000,7.5000,7.5000,7.5000,7.5000,7.5000
25.6252,7.5000,7.5000,7.5000,7.5000,7.5000,7.5000,7.5000,7.5000,7.5000,7.5000,7.5000,7.5000,7.5000,7.5000,7.5000,7.5000
25.6353,7.5000,7.5000,7.5000,7.5000,7.5000,7.5000,7.5000,7.5000,7.5000,7.5000,7.5000,7.5000,7.5000,7.5000,7.5000,7.5000
25.6453,7.5000,7.5000,7.5000,7.5000,7.5000,7.5000,7.5000,7.5000,7.5000,7.5000,7.5000,7.5000,7.5000,7.5000,7.5000,7.5000
25.6554,7.5000,7.5000,7.5000,7.5000,7.5000,7.5000,7.5000,7.5000,7.5000,7.5000,7.5000,7.5000,7.5000,7.5000,7.5000,7.5000
25.6655,7.5000,7.5000,7.5000,7.5000,7.5000,7.5000,7.5000,7.5000,7.5000,7.5000,7.5000,7.5000,7.5000,7.5000,7.5000,7.5000
25.6755,7.5000,7.5000,7.5000,7.5000,7.5000,7.5000,7.5000,7.5000,7.5000,7.5000,7.5000,7.5000,7.5000,7.5000,7.5000,7.5000
25.6856,7.5000,7.5000,7.5000,7.5000,7.5000,7.5000,7.5000,7.5000,7.5000,7.5000,7.5000,7.5000,7.5000,7.5000,7.5000,7.5000
25.6957,7.5000,7.5000,7.5000,7.5000,7.5000,7.5000,7.5000,7.5000,7.5000,7.5000,7.5000,7.5000,7.5000,7.5000,7.5000,7.5000
25.7057,7.5000,7.5000,7.5000,7.5000,7.5000,7.5000,7.5000,7.5000,7.5000,7.5000,7.5000,7.5000,7.5000,7.5000,7.5000,7.5000
25.7158,7.5000,7.5000,7.5000,7.5000,7.5000,7.5000,7.5000,7.5000,7.5000,7.5000,7.5000,7.5000,7.5000,7.5000,7.5000,7.5000
25.7258,7.5000,7.5000,7.5000,7.5000,7.5000,7.5000,7.5000,7.5000,7.5000,7.5000,7.5000,7.5000,7.5000,7.5000,7.5000,7.5000
25.7359,7.5000,7.5000,7.5000,7.5000,7.5000,7.5000,7.5000,7.5000,7.5000,7.5000,7.5000,7.5000,7.5000,7.5000,7.5000,7.5000
25.7460,7.5000,7.5000,7.5000,7.5000,7.5000,7.5000,7.5000,7.5000,7.5000,7.5000,7.5000,7.5000,7.5000,7.5000,7.5000,7.5000
25.7560,7.5000,7.5000,7.5000,7.5000,7.5000,7.5000,7.5000,7.5000,7.5000,7.5000,7.5000,7.5000,7.5000,7.5000,7.5000,7.5000
25.7661,7.5000,7.5000,7.5000,7.5000,7.5000,7.5000,7.5000,7.5000,7.5000,7.5000,7.5000,7.5000,7.5000,7.5000,7.5000,7.5000
25.7762,7.5000,7.5000,7.5000,7.5000,7.5000,7.5000,7.5000,7.5000,7.5000,7.5000,7.5000,7.5000,7.5000,7.5000,7.5000,7.5000
25.7862,7.5000,7.5000,7.5000,7.5000,7.5000,7.5000,7.5000,7.5000,7.5000,7.5000,7.5000,7.5000,7.5000,7.5000,7.5000,7.5000
25.7963,7.5000,7.5000,7.5000,7.5000,7.5000,7.5000,7.5000,7.5000,7.5000,7.5000,7.5000,7.5000,7.5000,7.5000,7.5000,7.5000
25.8063,7.5000,7.5000,7.5000,7.5000,7.5000,7.5000,7.5000,7.5000,7.5000,7.5000,7.5000,7.5000,7.5000,7.5000,7.5000,7.5000
25.8164,7.5000,7.5000,7.5000,7.5000,7.5000,7.5000,7.5000,7.5000,7.5000,7.5000,7.5000,7.5000,7.5000,7.5000,7.5000,7.5000
25.8265,7.5000,7.5000,7.5000,7.5000,7.5000,7.5000,7.5000,7.5000,7.5000,7.5000,7.5000,7.5000,7.5000,7.5000,7.5000,7.5000
25.8365,7.5000,7.5000,7.5000,7.5000,7.5000,7.5000,7.5000,7.5000,7.5000,7.5000,7.5000,7.5000,7.5000,7.5000,7.5000,7.5000
25.8466,7.5000,7.5000,7.5000,7.5000,7.5000,7.5000,7.5000,7.5000,7.5000,7.5000,7.5000,7.5000,7.5000,7.5000,7.5000,7.5000
25.8567,7.5000,7.5000,7.5000,7.5000,7.5000,7.5000,7.5000,7.5000,7.5000,7.5000,7.5000,7.5000,7.5000,7.5000,7.5000,7.5000
25.8667,7.5000,7.5000,7.5000,7.5000,7.5000,7.5000,7.5000,7.5000,7.5000,7.5000,7.5000,7.5000,7.5000,7.5000,7.5000,7.5000
25.8768,7.5000,7.5000,7.5000,7.5000,7.5000,7.5000,7.5000,7.5000,7.5000,7.5000,7.5000,7.5000,7.5000,7.5000,7.5000,7.5000
25.8868,7.5000,7.5000,7.5000,7.5000,7.5000,7.5000,7.5000,7.5000,7.5000,7.5000,7.5000,7.5000,7.5000,7.5000,7.5000,7.5000
25.8969,7.5000,7.5000,7.5000,7.5000,7.5000,7.5000,7.5000,7.5000,7.5000,7.5000,7.5000,7.5000,7.5000,7.5000,7.5000,7.5000
25.9070,7.5000,7.5000,7.5000,7.5000,7.5000,7.5000,7.5000,7.5000,7.5000,7.5000,7.5000,7.5000,7.5000,7.5000,7.5000,7.5000
25.9170,7.5000,7.5000,7.5000,7.5000,7.5000,7.5000,7.5000,7.5000,7.5000,7.5000,7.5000,7.5000,7.5000,7.5000,7.5000,7.5000
25.9271,7.5000,7.5000,7.5000,7.5000,7.5000,7.5000,7.5000,7.5000,7.5000,7.5000,7.5000,7.5000,7.5000,7.5000,7.5000,7.5000
25.9371,7.5000,7.5000,7.5000,7.5000,7.5000,7.5000,7.5000,7.5000,7.5000,7.5000,7.5000,7.5000,7.5000,7.5000,7.5000,7.5000
25.9472,7.5000,7.5000,7.5000,7.5000,7.5000,7.5000,7.5000,7.5000,7.5000,7.5000,7.5000,7.5000,7.5000,7.5000,7.5000,7.5000
25.9573,7.5000,7.5000,7.5000,7.5000,7.5000,7.5000,7.5000,7.5000,7.5000,7.5000,7.5000,7.5000,7.5000,7.5000,7.5000,7.5000
25.9673,7.5000,7.5000,7.5000,7.5000,7.5000,7.5000,7.5000,7.5000,7.5000,7.5000,7.5000,7.5000,7.5000,7.5000,7.5000,7.5000
25.9774,7.5000,7.5000,7.5000,7.5000,7.5000,7.5000,7.5000,7.5000,7.5000,7.5000,7.5000,7.5000,7.5000,7.5000,7.5000,7.5000
25.9874,7.5000,7.5000,7.5000,7.5000,7.5000,7.5000,7.5000,7.5000,7.5000,7.5000,7.5000,7.5000,7.5000,7.5000,7.5000,7.5000
25.9975,7.5000,7.5000,7.5000,7.5000,7.5000,7.5000,7.5000,7.5000,7.5000,7.5000,7.5000,7.5000,7.5000,7.5000,7.5000,7.5000
26.0076,7.5000,7.5000,7.5000,7.5000,7.5000,7.5000,7.5000,7.5000,7.5000,7.5000,7.5000,7.5000,7.5000,7.5000,7.5000,7.5000
26.0176,7.5000,7.5000,7.5000,7.5000,7.5000,7.5000,7.5000,7.5000,7.5000,7.5000,7.5000,7.5000,7.5000,7.5000,7.5000,7.5000
26.0277,7.5000,7.5000,7.5000,7.5000,7.5000,7.5000,7.5000,7.5000,7.5000,7.5000,7.5000,7.5000,7.5000,7.5000,7.5000,7.5000
26.0378,7.5000,7.5000,7.5000,7.5000,7.5000,7.5000,7.5000,7.5000,7.5000,7.5000,7.5000,7.5000,7.5000,7.5000,7.5000,7.5000
26.0478,7.5000,7.5000,7.5000,7.5000,7.5000,7.5000,7.5000,7.5000,7.5000,7.5000,7.5000,7.5000,7.5000,7.5000,7.5000,7.5000
26.0579,7.5000,7.5000,7.5000,7.5000,7.5000,7.5000,7.5000,7.5000,7.5000,7.5000,7.5000,7.5000,7.5000,7.5000,7.5000,7.5000
26.0680,7.5000,7.5000,7.5000,7.5000,7.5000,7.5000,7.5000,7.5000,7.5000,7.5000,7.5000,7.5000,7.5000,7.5000,7.5000,7.5000
26.0780,7.5000,7.5000,7.5000,7.5000,7.5000,7.5000,7.5000,7.5000,7.5000,7.5000,7.5000,7.5000,7.5000,7.5000,7.5000,7.5000
26.0881,7.5000,7.5000,7.5000,7.5000,7.5000,7.5000,7.5000,7.5000,7.5000,7.5000,7.5000,7.5000,7.5000,7.5000,7.5000,7.5000
26.0981,7.5000,7.5000,7.5000,7.5000,7.5000,7.5000,7.5000,7.5000,7.5000,7.5000,7.5000,7.5000,7.5000,7.5000,7.5000,7.5000
26.1082,7.5000,7.5000,7.5000,7.5000,7.5000,7.5000,7.5000,7.5000,7.5000,7.5000,7.5000,7.5000,7.5000,7.5000,7.5000,7.5000
26.1183,7.5000,7.5000,7.5000,7.5000,7.5000,7.5000,7.5000,7.5000,7.5000,7.5000,7.5000,7.5000,7.5000,7.5000,7.5000,7.5000
26.1283,7.5000,7.5000,7.5000,7.5000,7.5000,7.5000,7.5000,7.5000,7.5000,7.5000,7.5000,7.5000,7.5000,7.5000,7.5000,7.5000
26.1384,7.5000,7.5000,7.5000,7.5000,7.5000,7.5000,7.5000,7.5000,7.5000,7.5000,7.5000,7.5000,7.5000,7.5000,7.5000,7.5000
26.1484,7.5000,7.5000,7.5000,7.5000,7.5000,7.5000,7.5000,7.5000,7.5000,7.5000,7.5000,7.5000,7.5000,7.5000,7.5000,7.5000
26.1585,7.5000,7.5000,7.5000,7.5000,7.5000,7.5000,7.5000,7.5000,7.5000,7.5000,7.5000,7.5000,7.5000,7.5000,7.5000,7.5000
26.1686,7.5000,7.5000,7.5000,7.5000,7.5000,7.5000,7.5000,7.5000,7.5000,7.5000,7.5000,7.5000,7.5000,7.5000,7.5000,7.5000
26.1786,7.5000,7.5000,7.5000,7.5000,7.5000,7.5000,7.5000,7.5000,7.5000,7.5000,7.5000,7.5000,7.5000,7.5000,7.5000,7.5000
26.1887,7.5000,7.5000,7.5000,7.5000,7.5000,7.5000,7.5000,7.5000,7.5000,7.5000,7.5000,7.5000,7.5000,7.5000,7.5000,7.5000
26.1987,7.5000,7.5000,7.5000,7.5000,7.5000,7.5000,7.5000,7.5000,7.5000,7.5000,7.5000,7.5000,7.5000,7.5000,7.5000,7.5000
26.2088,7.5000,7.5000,7.5000,7.5000,7.5000,7.5000,7.5000,7.5000,7.5000,7.5000,7.5000,7.5000,7.5000,7.5000,7.5000,7.5000
26.2189,7.5000,7.5000,7.5000,7.5000,7.5000,7.5000,7.5000,7.5000,7.5000,7.5000,7.5000,7.5000,7.5000,7.5000,7.5000,7.5000
26.2289,7.5000,7.5000,7.5000,7.5000,7.5000,7.5000,7.5000,7.5000,7.5000,7.5000,7.5000,7.5000,7.5000,7.5000,7.5000,7.5000
26.2390,7.5000,7.5000,7.5000,7.5000,7.5000,7.5000,7.5000,7.5000,7.5000,7.5000,7.5000,7.5000,7.5000,7.5000,7.5000,7.5000
26.2491,7.5000,7.5000,7.5000,7.5000,7.5000,7.5000,7.5000,7.5000,7.5000,7.5000,7.5000,7.5000,7.5000,7.5000,7.5000,7.5000
26.2591,7.5000,7.5000,7.5000,7.5000,7.5000,7.5000,7.5000,7.5000,7.5000,7.5000,7.5000,7.5000,7.5000,7.5000,7.5000,7.5000
26.2692,7.5000,7.5000,7.5000,7.5000,7.5000,7.5000,7.5000,7.5000,7.5000,7.5000,7.5000,7.5000,7.5000,7.5000,7.5000,7.5000
26.2792,7.5000,7.5000,7.5000,7.5000,7.5000,7.5000,7.5000,7.5000,7.5000,7.5000,7.5000,7.5000,7.5000,7.5000,7.5000,7.5000
26.2893,7.5000,7.5000,7.5000,7.5000,7.5000,7.5000,7.5000,7.5000,7.5000,7.5000,7.5000,7.5000,7.5000,7.5000,7.5000,7.5000
26.2994,7.5000,7.5000,7.5000,7.5000,7.5000,7.5000,7.5000,7.5000,7.5000,7.5000,7.5000,7.5000,7.5000,7.5000,7.5000,7.5000
26.3094,7.5000,7.5000,7.5000,7.5000,7.5000,7.5000,7.5000,7.5000,7.5000,7.5000,7.5000,7.5000,7.5000,7.5000,7.5000,7.5000
26.3195,7.5000,7.5000,7.5000,7.5000,7.5000,7.5000,7.5000,7.5000,7.5000,7.5000,7.5000,7.5000,7.5000,7.5000,7.5000,7.5000
26.3296,7.5000,7.5000,7.5000,7.5000,7.5000,7.5000,7.5000,7.5000,7.5000,7.5000,7.5000,7.5000,7.5000,7.5000,7.5000,7.5000
26.3396,7.5000,7.5000,7.5000,7.5000,7.5000,7.5000,7.5000,7.5000,7.5000,7.5000,7.5000,7.5000,7.5000,7.5000,7.5000,7.5000
26.3497,7.5000,7.5000,7.5000,7.5000,7.5000,7.5000,7.5000,7.5000,7.5000,7.5000,7.5000,7.5000,7.5000,7.5000,7.5000,7.5000
26.3598,7.5000,7.5000,7.5000,7.5000,7.5000,7.5000,7.5000,7.5000,7.5000,7.5000,7.5000,7.5000,7.5000,7.5000,7.5000,7.5000
26.3698,7.5000,7.5000,7.5000,7.5000,7.5000,7.5000,7.5000,7.5000,7.5000,7.5000,7.5000,7.5000,7.5000,7.5000,7.5000,7.5000
26.3799,7.5000,7.5000,7.5000,7.5000,7.5000,7.5000,7.5000,7.5000,7.5000,7.5000,7.5000,7.5000,7.5000,7.5000,7.5000,7.5000
26.3899,7.5000,7.5000,7.5000,7.5000,7.5000,7.5000,7.5000,7.5000,7.5000,7.5000,7.5000,7.5000,7.5000,7.5000,7.5000,7.5000
26.4000,7.5000,7.5000,7.5000,7.5000,7.5000,7.5000,7.5000,7.5000,7.5000,7.5000,7.5000,7.5000,7.5000,7.5000,7.5000,7.5000
26.4101,7.5000,7.5000,7.5000,7.5000,7.5000,7.5000,7.5000,7.5000,7.5000,7.5000,7.5000,7.5000,7.5000,7.5000,7.5000,7.5000
26.4201,7.5000,7.5000,7.5000,7.5000,7.5000,7.5000,7.5000,7.5000,7.5000,7.5000,7.5000,7.5000,7.5000,7.5000,7.5000,7.5000
26.4302,7.5000,7.5000,7.5000,7.5000,7.5000,7.5000,7.5000,7.5000,7.5000,7.5000,7.5000,7.5000,7.5000,7.5000,7.5000,7.5000
26.4403,7.5000,7.5000,7.5000,7.5000,7.5000,7.5000,7.5000,7.5000,7.5000,7.5000,7.5000,7.5000,7.5000,7.5000,7.5000,7.5000
26.4503,7.5000,7.5000,7.5000,7.5000,7.5000,7.5000,7.5000,7.5000,7.5000,7.5000,7.5000,7.5000,7.5000,7.5000,7.5000,7.5000
26.4604,7.5000,7.5000,7.5000,7.5000,7.5000,7.5000,7.5000,7.5000,7.5000,7.5000,7.5000,7.5000,7.5000,7.5000,7.5000,7.5000
26.4704,7.5000,7.5000,7.5000,7.5000,7.5000,7.5000,7.5000,7.5000,7.5000,7.5000,7.5000,7.5000,7.5000,7.5000,7.5000,7.5000
26.4804,7.5000,7.5000,7.5000,7.5000,7.5000,7.5000,7.5000,7.5000,7.5000,7.5000,7.5000,7.5000,7.5000,7.5000,7.5000,7.5000
26.4905,7.5000,7.5000,7.5000,7.5000,7.5000,7.5000,7.5000,7.5000,7.5000,7.5000,7.5000,7.5000,7.5000,7.5000,7.5000,7.5000
26.5006,7.5000,7.5000,7.5000,7.5000,7.5000,7.5000,7.5000,7.5000,7.5000,7.5000,7.5000,7.5000,7.5000,7.5000,7.5000,7.5000
26.5106,7.5000,7.5000,7.5000,7.5000,7.5000,7.5000,7.5000,7.5000,7.5000,7.5000,7.5000,7.5000,7.5000,7.5000,7.5000,7.5000
26.5206,7.5000,7.5000,7.5000,7.5000,7.5000,7.5000,7.5000,7.5000,7.5000,7.5000,7.5000,7.5000,7.5000,7.5000,7.5000,7.5000
26.5307,7.5000,7.5000,7.5000,7.5000,7.5000,7.5000,7.5000,7.5000,7.5000,7.5000,7.5000,7.5000,7.5000,7.5000,7.5000,7.5000
26.5408,7.5000,7.5000,7.5000,7.5000,7.5000,7.5000,7.5000,7.5000,7.5000,7.5000,7.5000,7.5000,7.5000,7.5000,7.5000,7.5000
26.5508,7.5000,7.5000,7.5000,7.5000,7.5000,7.5000,7.5000,7.5000,7.5000,7.5000,7.5000,7.5000,7.5000,7.5000,7.5000,7.5000
26.5609,7.5000,7.5000,7.5000,7.5000,7.5000,7.5000,7.5000,7.5000,7.5000,7.5000,7.5000,7.5000,7.5000,7.5000,7.5000,7.5000
26.5709,7.5000,7.5000,7.5000,7.5000,7.5000,7.5000,7.5000,7.5000,7.5000,7.5000,7.5000,7.5000,7.5000,7.5000,7.5000,7.5000
26.5810,7.5000,7.5000,7.5000,7.5000,7.5000,7.5000,7.5000,7.5000,7.5000,7.5000,7.5000,7.5000,7.5000,7.5000,7.5000,7.5000
26.5911,7.5000,7.5000,7.5000,7.5000,7.5000,7.5000,7.5000,7.5000,7.5000,7.5000,7.5000,7.5000,7.5000,7.5000,7.5000,7.5000
26.6011,7.5000,7.5000,7.5000,7.5000,7.5000,7.5000,7.5000,7.5000,7.5000,7.5000,7.5000,7.5000,7.5000,7.5000,7.5000,7.5000
26.6112,7.5000,7.5000,7.5000,7.5000,7.5000,7.5000,7.5000,7.5000,7.5000,7.5000,7.5000,7.5000,7.5000,7.5000,7.5000,7.5000
26.6212,7.5000,7.5000,7.5000,7.5000,7.5000,7.5000,7.5000,7.5000,7.5000,7.5000,7.5000,7.5000,7.5000,7.5000,7.5000,7.5000
26.6313,7.5000,7.5000,7.5000,7.5000,7.5000,7.5000,7.5000,7.5000,7.5000,7.5000,7.5000,7.5000,7.5000,7.5000,7.5000,7.5000
26.6414,7.5000,7.5000,7.5000,7.5000,7.5000,7.5000,7.5000,7.5000,7.5000,7.5000,7.5000,7.5000,7.5000,7.5000,7.5000,7.5000
26.6514,7.5000,7.5000,7.5000,7.5000,7.5000,7.5000,7.5000,7.5000,7.5000,7.5000,7.5000,7.5000,7.5000,7.5000,7.5000,7.5000
26.6615,7.5000,7.5000,7.5000,7.5000,7.5000,7.5000,7.5000,7.5000,7.5000,7.5000,7.5000,7.5000,7.5000,7.5000,7.5000,7.5000
26.6716,7.5000,7.5000,7.5000,7.5000,7.5000,7.5000,7.5000,7.5000,7.5000,7.5000,7.5000,7.5000,7.5000,7.5000,7.5000,7.5000
26.6816,7.5000,7.5000,7.5000,7.5000,7.5000,7.5000,7.5000,7.5000,7.5000,7.5000,7.5000,7.5000,7.5000,7.5000,7.5000,7.5000
26.6917,7.5000,7.5000,7.5000,7.5000,7.5000,7.5000,7.5000,7.5000,7.5000,7.5000,7.5000,7.5000,7.5000,7.5000,7.5000,7.5000
26.7018,7.5000,7.5000,7.5000,7.5000,7.5000,7.5000,7.5000,7.5000,7.5000,7.5000,7.5000,7.5000,7.5000,7.5000,7.5000,7.5000
26.7118,7.5000,7.5000,7.5000,7.5000,7.5000,7.5000,7.5000,7.5000,7.5000,7.5000,7.5000,7.5000,7.5000,7.5000,7.5000,7.5000
26.7219,7.5000,7.5000,7.5000,7.5000,7.5000,7.5000,7.5000,7.5000,7.5000,7.5000,7.5000,7.5000,7.5000,7.5000,7.5000,7.5000
26.7319,7.5000,7.5000,7.5000,7.5000,7.5000,7.5000,7.5000,7.5000,7.5000,7.5000,7.5000,7.5000,7.5000,7.5000,7.5000,7.5000
26.7420,7.5000,7.5000,7.5000,7.5000,7.5000,7.5000,7.5000,7.5000,7.5000,7.5000,7.5000,7.5000,7.5000,7.5000,7.5000,7.5000
26.7521,7.5000,7.5000,7.5000,7.5000,7.5000,7.5000,7.5000,7.5000,7.5000,7.5000,7.5000,7.5000,7.5000,7.5000,7.5000,7.5000
26.7621,7.5000,7.5000,7.5000,7.5000,7.5000,7.5000,7.5000,7.5000,7.5000,7.5000,7.5000,7.5000,7.5000,7.5000,7.5000,7.5000
26.7722,7.5000,7.5000,7.5000,7.5000,7.5000,7.5000,7.5000,7.5000,7.5000,7.5000,7.5000,7.5000,7.5000,7.5000,7.5000,7.5000
26.7822,7.5000,7.5000,7.5000,7.5000,7.5000,7.5000,7.5000,7.5000,7.5000,7.5000,7.5000,7.5000,7.5000,7.5000,7.5000,7.5000
26.7923,7.5000,7.5000,7.5000,7.5000,7.5000,7.5000,7.5000,7.5000,7.5000,7.5000,7.5000,7.5000,7.5000,7.5000,7.5000,7.5000
26.8024,7.5000,7.5000,7.5000,7.5000,7.5000,7.5000,7.5000,7.5000,7.5000,7.5000,7.5000,7.5000,7.5000,7.5000,7.5000,7.5000
26.8124,7.5000,7.5000,7.5000,7.5000,7.5000,7.5000,7.5000,7.5000,7.5000,7.5000,7.5000,7.5000,7.5000,7.5000,7.5000,7.5000
26.8225,7.5000,7.5000,7.5000,7.5000,7.5000,7.5000,7.5000,7.5000,7.5000,7.5000,7.5000,7.5000,7.5000,7.5000,7.5000,7.5000
26.8326,7.5000,7.5000,7.5000,7.5000,7.5000,7.5000,7.5000,7.5000,7.5000,7.5000,7.5000,7.5000,7.5000,7.5000,7.5000,7.5000
26.8426,7.5000,7.5000,7.5000,7.5000,7.5000,7.5000,7.5000,7.5000,7.5000,7.5000,7.5000,7.5000,7.5000,7.5000,7.5000,7.5000
26.8527,7.5000,7.5000,7.5000,7.5000,7.5000,7.5000,7.5000,7.5000,7.5000,7.5000,7.5000,7.5000,7.5000,7.5000,7.5000,7.5000
26.8628,7.5000,7.5000,7.5000,7.5000,7.5000,7.5000,7.5000,7.5000,7.5000,7.5000,7.5000,7.5000,7.5000,7.5000,7.5000,7.5000
26.8728,7.5000,7.5000,7.5000,7.5000,7.5000,7.5000,7.5000,7.5000,7.5000,7.5000,7.5000,7.5000,7.5000,7.5000,7.5000,7.5000
26.8829,7.5000,7.5000,7.5000,7.5000,7.5000,7.5000,7.5000,7.5000,7.5000,7.5000,7.5000,7.5000,7.5000,7.5000,7.5000,7.5000
26.8930,7.5000,7.5000,7.5000,7.5000,7.5000,7.5000,7.5000,7.5000,7.5000,7.5000,7.5000,7.5000,7.5000,7.5000,7.5000,7.5000
26.9030,7.5000,7.5000,7.5000,7.5000,7.5000,7.5000,7.5000,7.5000,7.5000,7.5000,7.5000,7.5000,7.5000,7.5000,7.5000,7.5000
26.9131,7.5000,7.5000,7.5000,7.5000,7.5000,7.5000,7.5000,7.5000,7.5000,7.5000,7.5000,7.5000,7.5000,7.5000,7.5000,7.5000
26.9231,7.5000,7.5000,7.5000,7.5000,7.5000,7.5000,7.5000,7.5000,7.5000,7.5000,7.5000,7.5000,7.5000,7.5000,7.5000,7.5000
26.9332,7.5000,7.5000,7.5000,7.5000,7.5000,7.5000,7.5000,7.5000,7.5000,7.5000,7.5000,7.5000,7.5000,7.5000,7.5000,7.5000
26.9432,7.5000,7.5000,7.5000,7.5000,7.5000,7.5000,7.5000,7.5000,7.5000,7.5000,7.5000,7.5000,7.5000,7.5000,7.5000,7.5000
26.9533,7.5000,7.5000,7.5000,7.5000,7.5000,7.5000,7.5000,7.5000,7.5000,7.5000,7.5000,7.5000,7.5000,7.5000,7.5000,7.5000
26.9633,7.5000,7.5000,7.5000,7.5000,7.5000,7.5000,7.5000,7.5000,7.5000,7.5000,7.5000,7.5000,7.5000,7.5000,7.5000,7.5000
26.9734,7.5000,7.5000,7.5000,7.5000,7.5000,7.5000,7.5000,7.5000,7.5000,7.5000,7.5000,7.5000,7.5000,7.5000,7.5000,7.5000
26.9835,7.5000,7.5000,7.5000,7.5000,7.5000,7.5000,7.5000,7.5000,7.5000,7.5000,7.5000,7.5000,7.5000,7.5000,7.5000,7.5000
26.9935,7.5000,7.5000,7.5000,7.5000,7.5000,7.5000,7.5000,7.5000,7.5000,7.5000,7.5000,7.5000,7.5000,7.5000,7.5000,7.5000
27.0036,7.5000,7.5000,7.5000,7.5000,7.5000,7.5000,7.5000,7.5000,7.5000,7.5000,7.5000,7.5000,7.5000,7.5000,7.5000,7.5000
27.0136,7.5000,7.5000,7.5000,7.5000,7.5000,7.5000,7.5000,7.5000,7.5000,7.5000,7.5000,7.5000,7.5000,7.5000,7.5000,7.5000
27.0237,7.5000,7.5000,7.5000,7.5000,7.5000,7.5000,7.5000,7.5000,7.5000,7.5000,7.5000,7.5000,7.5000,7.5000,7.5000,7.5000
27.0337,7.5000,7.5000,7.5000,7.5000,7.5000,7.5000,7.5000,7.5000,7.5000,7.5000,7.5000,7.5000,7.5000,7.5000,7.5000,7.5000
27.0438,7.5000,7.5000,7.5000,7.5000,7.5000,7.5000,7.5000,7.5000,7.5000,7.5000,7.5000,7.5000,7.5000,7.5000,7.5000,7.5000
27.0539,7.5000,7.5000,7.5000,7.5000,7.5000,7.5000,7.5000,7.5000,7.5000,7.5000,7.5000,7.5000,7.5000,7.5000,7.5000,7.5000
27.0639,7.5000,7.5000,7.5000,7.5000,7.5000,7.5000,7.5000,7.5000,7.5000,7.5000,7.5000,7.5000,7.5000,7.5000,7.5000,7.5000
27.0740,7.5000,7.5000,7.5000,7.5000,7.5000,7.5000,7.5000,7.5000,7.5000,7.5000,7.5000,7.5000,7.5000,7.5000,7.5000,7.5000
27.0840,7.5000,7.5000,7.5000,7.5000,7.5000,7.5000,7.5000,7.5000,7.5000,7.5000,7.5000,7.5000,7.5000,7.5000,7.5000,7.5000
27.0941,7.5000,7.5000,7.5000,7.5000,7.5000,7.5000,7.5000,7.5000,7.5000,7.5000,7.5000,7.5000,7.5000,7.5000,7.5000,7.5000
27.1042,7.5000,7.5000,7.5000,7.5000,7.5000,7.5000,7.5000,7.5000,7.5000,7.5000,7.5000,7.5000,7.5000,7.5000,7.5000,7.5000
27.1142,7.5000,7.5000,7.5000,7.5000,7.5000,7.5000,7.5000,7.5000,7.5000,7.5000,7.5000,7.5000,7.5000,7.5000,7.5000,7.5000
27.1243,7.5000,7.5000,7.5000,7.5000,7.5000,7.5000,7.5000,7.5000,7.5000,7.5000,7.5000,7.5000,7.5000,7.5000,7.5000,7.5000
27.1343,7.5000,7.5000,7.5000,7.5000,7.5000,7.5000,7.5000,7.5000,7.5000,7.5000,7.5000,7.5000,7.5000,7.5000,7.5000,7.5000
27.1444,7.5000,7.5000,7.5000,7.5000,7.5000,7.5000,7.5000,7.5000,7.5000,7.5000,7.5000,7.5000,7.5000,7.5000,7.5000,7.5000
27.1545,7.5000,7.5000,7.5000,7.5000,7.5000,7.5000,7.5000,7.5000,7.5000,7.5000,7.5000,7.5000,7.5000,7.5000,7.5000,7.5000
27.1645,7.5000,7.5000,7.5000,7.5000,7.5000,7.5000,7.5000,7.5000,7.5000,7.5000,7.5000,7.5000,7.5000,7.5000,7.5000,7.5000
27.1746,7.5000,7.5000,7.5000,7.5000,7.5000,7.5000,7.5000,7.5000,7.5000,7.5000,7.5000,7.5000,7.5000,7.5000,7.5000,7.5000
27.1846,7.5000,7.5000,7.5000,7.5000,7.5000,7.5000,7.5000,7.5000,7.5000,7.5000,7.5000,7.5000,7.5000,7.5000,7.5000,7.5000
27.1947,7.5000,7.5000,7.5000,7.5000,7.5000,7.5000,7.5000,7.5000,7.5000,7.5000,7.5000,7.5000,7.5000,7.5000,7.5000,7.5000
27.2048,7.5000,7.5000,7.5000,7.5000,7.5000,7.5000,7.5000,7.5000,7.5000,7.5000,7.5000,7.5000,7.5000,7.5000,7.5000,7.5000
27.2148,7.5000,7.5000,7.5000,7.5000,7.5000,7.5000,7.5000,7.5000,7.5000,7.5000,7.5000,7.5000,7.5000,7.5000,7.5000,7.5000
27.2249,7.5000,7.5000,7.5000,7.5000,7.5000,7.5000,7.5000,7.5000,7.5000,7.5000,7.5000,7.5000,7.5000,7.5000,7.5000,7.5000
27.2349,7.5000,7.5000,7.5000,7.5000,7.5000,7.5000,7.5000,7.5000,7.5000,7.5000,7.5000,7.5000,7.5000,7.5000,7.5000,7.5000
27.2449,7.5000,7.5000,7.5000,7.5000,7.5000,7.5000,7.5000,7.5000,7.5000,7.5000,7.5000,7.5000,7.5000,7.5000,7.5000,7.5000
27.2550,7.5000,7.5000,7.5000,7.5000,7.5000,7.5000,7.5000,7.5000,7.5000,7.5000,7.5000,7.5000,7.5000,7.5000,7.5000,7.5000
27.2650,7.5000,7.5000,7.5000,7.5000,7.5000,7.5000,7.5000,7.5000,7.5000,7.5000,7.5000,7.5000,7.5000,7.5000,7.5000,7.5000
27.2751,7.5000,7.5000,7.5000,7.5000,7.5000,7.5000,7.5000,7.5000,7.5000,7.5000,7.5000,7.5000,7.5000,7.5000,7.5000,7.5000
27.2851,7.5000,7.5000,7.5000,7.5000,7.5000,7.5000,7.5000,7.5000,7.5000,7.5000,7.5000,7.5000,7.5000,7.5000,7.5000,7.5000
27.2951,7.5000,7.5000,7.5000,7.5000,7.5000,7.5000,7.5000,7.5000,7.5000,7.5000,7.5000,7.5000,7.5000,7.5000,7.5000,7.5000
27.3052,7.5000,7.5000,7.5000,7.5000,7.5000,7.5000,7.5000,7.5000,7.5000,7.5000,7.5000,7.5000,7.5000,7.5000,7.5000,7.5000
27.3152,7.5000,7.5000,7.5000,7.5000,7.5000,7.5000,7.5000,7.5000,7.5000,7.5000,7.5000,7.5000,7.5000,7.5000,7.5000,7.5000
27.3253,7.5000,7.5000,7.5000,7.5000,7.5000,7.5000,7.5000,7.5000,7.5000,7.5000,7.5000,7.5000,7.5000,7.5000,7.5000,7.5000
27.3353,7.5000,7.5000,7.5000,7.5000,7.5000,7.5000,7.5000,7.5000,7.5000,7.5000,7.5000,7.5000,7.5000,7.5000,7.5000,7.5000
27.3454,7.5000,7.5000,7.5000,7.5000,7.5000,7.5000,7.5000,7.5000,7.5000,7.5000,7.5000,7.5000,7.5000,7.5000,7.5000,7.5000
27.3555,7.5000,7.5000,7.5000,7.5000,7.5000,7.5000,7.5000,7.5000,7.5000,7.5000,7.5000,7.5000,7.5000,7.5000,7.5000,7.5000
27.3655,7.5000,7.5000,7.5000,7.5000,7.5000,7.5000,7.5000,7.5000,7.5000,7.5000,7.5000,7.5000,7.5000,7.5000,7.5000,7.5000
27.3756,7.5000,7.5000,7.5000,7.5000,7.5000,7.5000,7.5000,7.5000,7.5000,7.5000,7.5000,7.5000,7.5000,7.5000,7.5000,7.5000
27.3856,7.5000,7.5000,7.5000,7.5000,7.5000,7.5000,7.5000,7.5000,7.5000,7.5000,7.5000,7.5000,7.5000,7.5000,7.5000,7.5000
27.3957,7.5000,7.5000,7.5000,7.5000,7.5000,7.5000,7.5000,7.5000,7.5000,7.5000,7.5000,7.5000,7.5000,7.5000,7.5000,7.5000
27.4058,7.5000,7.5000,7.5000,7.5000,7.5000,7.5000,7.5000,7.5000,7.5000,7.5000,7.5000,7.5000,7.5000,7.5000,7.5000,7.5000
27.4158,7.5000,7.5000,7.5000,7.5000,7.5000,7.5000,7.5000,7.5000,7.5000,7.5000,7.5000,7.5000,7.5000,7.5000,7.5000,7.5000
27.4259,7.5000,7.5000,7.5000,7.5000,7.5000,7.5000,7.5000,7.5000,7.5000,7.5000,7.5000,7.5000,7.5000,7.5000,7.5000,7.5000
27.4359,7.5000,7.5000,7.5000,7.5000,7.5000,7.5000,7.5000,7.5000,7.5000,7.5000,7.5000,7.5000,7.5000,7.5000,7.5000,7.5000
27.4460,7.5000,7.5000,7.5000,7.5000,7.5000,7.5000,7.5000,7.5000,7.5000,7.5000,7.5000,7.5000,7.5000,7.5000,7.5000,7.5000
27.4561,7.5000,7.5000,7.5000,7.5000,7.5000,7.5000,7.5000,7.5000,7.5000,7.5000,7.5000,7.5000,7.5000,7.5000,7.5000,7.5000
27.4661,7.5000,7.5000,7.5000,7.5000,7.5000,7.5000,7.5000,7.5000,7.5000,7.5000,7.5000,7.5000,7.5000,7.5000,7.5000,7.5000
27.4762,7.5000,7.5000,7.5000,7.5000,7.5000,7.5000,7.5000,7.5000,7.5000,7.5000,7.5000,7.5000,7.5000,7.5000,7.5000,7.5000
27.4862,7.5000,7.5000,7.5000,7.5000,7.5000,7.5000,7.5000,7.5000,7.5000,7.5000,7.5000,7.5000,7.5000,7.5000,7.5000,7.5000
27.4963,7.5000,7.5000,7.5000,7.5000,7.5000,7.5000,7.5000,7.5000,7.5000,7.5000,7.5000,7.5000,7.5000,7.5000,7.5000,7.5000
27.5064,7.5000,7.5000,7.5000,7.5000,7.5000,7.5000,7.5000,7.5000,7.5000,7.5000,7.5000,7.5000,7.5000,7.5000,7.5000,7.5000
27.5164,7.5000,7.5000,7.5000,7.5000,7.5000,7.5000,7.5000,7.5000,7.5000,7.5000,7.5000,7.5000,7.5000,7.5000,7.5000,7.5000
27.5265,7.5000,7.5000,7.5000,7.5000,7.5000,7.5000,7.5000,7.5000,7.5000,7.5000,7.5000,7.5000,7.5000,7.5000,7.5000,7.5000
27.5365,7.5000,7.5000,7.5000,7.5000,7.5000,7.5000,7.5000,7.5000,7.5000,7.5000,7.5000,7.5000,7.5000,7.5000,7.5000,7.5000
27.5466,7.5000,7.5000,7.5000,7.5000,7.5000,7.5000,7.5000,7.5000,7.5000,7.5000,7.5000,7.5000,7.5000,7.5000,7.5000,7.5000
27.5566,7.5000,7.5000,7.5000,7.5000,7.5000,7.5000,7.5000,7.5000,7.5000,7.5000,7.5000,7.5000,7.5000,7.5000,7.5000,7.5000
27.5667,7.5000,7.5000,7.5000,7.5000,7.5000,7.5000,7.5000,7.5000,7.5000,7.5000,7.5000,7.5000,7.5000,7.5000,7.5000,7.5000
27.5768,7.5000,7.5000,7.5000,7.5000,7.5000,7.5000,7.5000,7.5000,7.5000,7.5000,7.5000,7.5000,7.5000,7.5000,7.5000,7.5000
27.5868,7.5000,7.5000,7.5000,7.5000,7.5000,7.5000,7.5000,7.5000,7.5000,7.5000,7.5000,7.5000,7.5000,7.5000,7.5000,7.5000
27.5969,7.5000,7.5000,7.5000,7.5000,7.5000,7.5000,7.5000,7.5000,7.5000,7.5000,7.5000,7.5000,7.5000,7.5000,7.5000,7.5000
27.6069,7.5000,7.5000,7.5000,7.5000,7.5000,7.5000,7.5000,7.5000,7.5000,7.5000,7.5000,7.5000,7.5000,7.5000,7.5000,7.5000
27.6170,7.5000,7.5000,7.5000,7.5000,7.5000,7.5000,7.5000,7.5000,7.5000,7.5000,7.5000,7.5000,7.5000,7.5000,7.5000,7.5000
27.6271,7.5000,7.5000,7.5000,7.5000,7.5000,7.5000,7.5000,7.5000,7.5000,7.5000,7.5000,7.5000,7.5000,7.5000,7.5000,7.5000
27.6371,7.5000,7.5000,7.5000,7.5000,7.5000,7.5000,7.5000,7.5000,7.5000,7.5000,7.5000,7.5000,7.5000,7.5000,7.5000,7.5000
27.6472,7.5000,7.5000,7.5000,7.5000,7.5000,7.5000,7.5000,7.5000,7.5000,7.5000,7.5000,7.5000,7.5000,7.5000,7.5000,7.5000
27.6572,7.5000,7.5000,7.5000,7.5000,7.5000,7.5000,7.5000,7.5000,7.5000,7.5000,7.5000,7.5000,7.5000,7.5000,7.5000,7.5000
27.6673,7.5000,7.5000,7.5000,7.5000,7.5000,7.5000,7.5000,7.5000,7.5000,7.5000,7.5000,7.5000,7.5000,7.5000,7.5000,7.5000
27.6774,7.5000,7.5000,7.5000,7.5000,7.5000,7.5000,7.5000,7.5000,7.5000,7.5000,7.5000,7.5000,7.5000,7.5000,7.5000,7.5000
27.6874,7.5000,7.5000,7.5000,7.5000,7.5000,7.5000,7.5000,7.5000,7.5000,7.5000,7.5000,7.5000,7.5000,7.5000,7.5000,7.5000
27.6975,7.5000,7.5000,7.5000,7.5000,7.5000,7.5000,7.5000,7.5000,7.5000,7.5000,7.5000,7.5000,7.5000,7.5000,7.5000,7.5000
27.7076,7.5000,7.5000,7.5000,7.5000,7.5000,7.5000,7.5000,7.5000,7.5000,7.5000,7.5000,7.5000,7.5000,7.5000,7.5000,7.5000
27.7176,7.5000,7.5000,7.5000,7.5000,7.5000,7.5000,7.5000,7.5000,7.5000,7.5000,7.5000,7.5000,7.5000,7.5000,7.5000,7.5000
27.7277,7.5000,7.5000,7.5000,7.5000,7.5000,7.5000,7.5000,7.5000,7.5000,7.5000,7.5000,7.5000,7.5000,7.5000,7.5000,7.5000
27.7377,7.5000,7.5000,7.5000,7.5000,7.5000,7.5000,7.5000,7.5000,7.5000,7.5000,7.5000,7.5000,7.5000,7.5000,7.5000,7.5000
27.7478,7.5000,7.5000,7.5000,7.5000,7.5000,7.5000,7.5000,7.5000,7.5000,7.5000,7.5000,7.5000,7.5000,7.5000,7.5000,7.5000
27.7579,7.5000,7.5000,7.5000,7.5000,7.5000,7.5000,7.5000,7.5000,7.5000,7.5000,7.5000,7.5000,7.5000,7.5000,7.5000,7.5000
27.7679,7.5000,7.5000,7.5000,7.5000,7.5000,7.5000,7.5000,7.5000,7.5000,7.5000,7.5000,7.5000,7.5000,7.5000,7.5000,7.5000
27.7780,7.5000,7.5000,7.5000,7.5000,7.5000,7.5000,7.5000,7.5000,7.5000,7.5000,7.5000,7.5000,7.5000,7.5000,7.5000,7.5000
27.7881,7.5000,7.5000,7.5000,7.5000,7.5000,7.5000,7.5000,7.5000,7.5000,7.5000,7.5000,7.5000,7.5000,7.5000,7.5000,7.5000
27.7981,7.5000,7.5000,7.5000,7.5000,7.5000,7.5000,7.5000,7.5000,7.5000,7.5000,7.5000,7.5000,7.5000,7.5000,7.5000,7.5000
27.8082,7.5000,7.5000,7.5000,7.5000,7.5000,7.5000,7.5000,7.5000,7.5000,7.5000,7.5000,7.5000,7.5000,7.5000,7.5000,7.5000
27.8182,7.5000,7.5000,7.5000,7.5000,7.5000,7.5000,7.5000,7.5000,7.5000,7.5000,7.5000,7.5000,7.5000,7.5000,7.5000,7.5000
27.8283,7.5000,7.5000,7.5000,7.5000,7.5000,7.5000,7.5000,7.5000,7.5000,7.5000,7.5000,7.5000,7.5000,7.5000,7.5000,7.5000
27.8384,7.5000,7.5000,7.5000,7.5000,7.5000,7.5000,7.5000,7.5000,7.5000,7.5000,7.5000,7.5000,7.5000,7.5000,7.5000,7.5000
27.8484,7.5000,7.5000,7.5000,7.5000,7.5000,7.5000,7.5000,7.5000,7.5000,7.5000,7.5000,7.5000,7.5000,7.5000,7.5000,7.5000
27.8585,7.5000,7.5000,7.5000,7.5000,7.5000,7.5000,7.5000,7.5000,7.5000,7.5000,7.5000,7.5000,7.5000,7.5000,7.5000,7.5000
27.8686,7.5000,7.5000,7.5000,7.5000,7.5000,7.5000,7.5000,7.5000,7.5000,7.5000,7.5000,7.5000,7.5000,7.5000,7.5000,7.5000
27.8786,7.5000,7.5000,7.5000,7.5000,7.5000,7.5000,7.5000,7.5000,7.5000,7.5000,7.5000,7.5000,7.5000,7.5000,7.5000,7.5000
27.8886,7.5000,7.5000,7.5000,7.5000,7.5000,7.5000,7.5000,7.5000,7.5000,7.5000,7.5000,7.5000,7.5000,7.5000,7.5000,7.5000
27.8987,7.5000,7.5000,7.5000,7.5000,7.5000,7.5000,7.5000,7.5000,7.5000,7.5000,7.5000,7.5000,7.5000,7.5000,7.5000,7.5000
27.9088,7.5000,7.5000,7.5000,7.5000,7.5000,7.5000,7.5000,7.5000,7.5000,7.5000,7.5000,7.5000,7.5000,7.5000,7.5000,7.5000
27.9188,7.5000,7.5000,7.5000,7.5000,7.5000,7.5000,7.5000,7.5000,7.5000,7.5000,7.5000,7.5000,7.5000,7.5000,7.5000,7.5000
27.9289,7.5000,7.5000,7.5000,7.5000,7.5000,7.5000,7.5000,7.5000,7.5000,7.5000,7.5000,7.5000,7.5000,7.5000,7.5000,7.5000
27.9389,7.5000,7.5000,7.5000,7.5000,7.5000,7.5000,7.5000,7.5000,7.5000,7.5000,7.5000,7.5000,7.5000,7.5000,7.5000,7.5000
27.9490,7.5000,7.5000,7.5000,7.5000,7.5000,7.5000,7.5000,7.5000,7.5000,7.5000,7.5000,7.5000,7.5000,7.5000,7.5000,7.5000
27.9591,7.5000,7.5000,7.5000,7.5000,7.5000,7.5000,7.5000,7.5000,7.5000,7.5000,7.5000,7.5000,7.5000,7.5000,7.5000,7.5000
27.9691,7.5000,7.5000,7.5000,7.5000,7.5000,7.5000,7.5000,7.5000,7.5000,7.5000,7.5000,7.5000,7.5000,7.5000,7.5000,7.5000
27.9792,7.5000,7.5000,7.5000,7.5000,7.5000,7.5000,7.5000,7.5000,7.5000,7.5000,7.5000,7.5000,7.5000,7.5000,7.5000,7.5000
27.9893,7.5000,7.5000,7.5000,7.5000,7.5000,7.5000,7.5000,7.5000,7.5000,7.5000,7.5000,7.5000,7.5000,7.5000,7.5000,7.5000
27.9993,7.5000,7.5000,7.5000,7.5000,7.5000,7.5000,7.5000,7.5000,7.5000,7.5000,7.5000,7.5000,7.5000,7.5000,7.5000,7.5000
28.0094,7.5000,7.5000,7.5000,7.5000,7.5000,7.5000,7.5000,7.5000,7.5000,7.5000,7.5000,7.5000,7.5000,7.5000,7.5000,7.5000
28.0194,7.5000,7.5000,7.5000,7.5000,7.5000,7.5000,7.5000,7.5000,7.5000,7.5000,7.5000,7.5000,7.5000,7.5000,7.5000,7.5000
28.0295,7.5000,7.5000,7.5000,7.5000,7.5000,7.5000,7.5000,7.5000,7.5000,7.5000,7.5000,7.5000,7.5000,7.5000,7.5000,7.5000
28.0396,7.5000,7.5000,7.5000,7.5000,7.5000,7.5000,7.5000,7.5000,7.5000,7.5000,7.5000,7.5000,7.5000,7.5000,7.5000,7.5000
28.0496,7.5000,7.5000,7.5000,7.5000,7.5000,7.5000,7.5000,7.5000,7.5000,7.5000,7.5000,7.5000,7.5000,7.5000,7.5000,7.5000
28.0597,7.5000,7.5000,7.5000,7.5000,7.5000,7.5000,7.5000,7.5000,7.5000,7.5000,7.5000,7.5000,7.5000,7.5000,7.5000,7.5000
28.0697,7.5000,7.5000,7.5000,7.5000,7.5000,7.5000,7.5000,7.5000,7.5000,7.5000,7.5000,7.5000,7.5000,7.5000,7.5000,7.5000
28.0798,7.5000,7.5000,7.5000,7.5000,7.5000,7.5000,7.5000,7.5000,7.5000,7.5000,7.5000,7.5000,7.5000,7.5000,7.5000,7.5000
28.0899,7.5000,7.5000,7.5000,7.5000,7.5000,7.5000,7.5000,7.5000,7.5000,7.5000,7.5000,7.5000,7.5000,7.5000,7.5000,7.5000
28.0999,7.5000,7.5000,7.5000,7.5000,7.5000,7.5000,7.5000,7.5000,7.5000,7.5000,7.5000,7.5000,7.5000,7.5000,7.5000,7.5000
28.1100,7.5000,7.5000,7.5000,7.5000,7.5000,7.5000,7.5000,7.5000,7.5000,7.5000,7.5000,7.5000,7.5000,7.5000,7.5000,7.5000
28.1200,7.5000,7.5000,7.5000,7.5000,7.5000,7.5000,7.5000,7.5000,7.5000,7.5000,7.5000,7.5000,7.5000,7.5000,7.5000,7.5000
28.1301,7.5000,7.5000,7.5000,7.5000,7.5000,7.5000,7.5000,7.5000,7.5000,7.5000,7.5000,7.5000,7.5000,7.5000,7.5000,7.5000
28.1402,7.5000,7.5000,7.5000,7.5000,7.5000,7.5000,7.5000,7.5000,7.5000,7.5000,7.5000,7.5000,7.5000,7.5000,7.5000,7.5000
28.1502,7.5000,7.5000,7.5000,7.5000,7.5000,7.5000,7.5000,7.5000,7.5000,7.5000,7.5000,7.5000,7.5000,7.5000,7.5000,7.5000
28.1603,7.5000,7.5000,7.5000,7.5000,7.5000,7.5000,7.5000,7.5000,7.5000,7.5000,7.5000,7.5000,7.5000,7.5000,7.5000,7.5000
28.1703,7.5000,7.5000,7.5000,7.5000,7.5000,7.5000,7.5000,7.5000,7.5000,7.5000,7.5000,7.5000,7.5000,7.5000,7.5000,7.5000
28.1804,7.5000,7.5000,7.5000,7.5000,7.5000,7.5000,7.5000,7.5000,7.5000,7.5000,7.5000,7.5000,7.5000,7.5000,7.5000,7.5000
28.1905,7.5000,7.5000,7.5000,7.5000,7.5000,7.5000,7.5000,7.5000,7.5000,7.5000,7.5000,7.5000,7.5000,7.5000,7.5000,7.5000
28.2005,7.5000,7.5000,7.5000,7.5000,7.5000,7.5000,7.5000,7.5000,7.5000,7.5000,7.5000,7.5000,7.5000,7.5000,7.5000,7.5000
28.2106,7.5000,7.5000,7.5000,7.5000,7.5000,7.5000,7.5000,7.5000,7.5000,7.5000,7.5000,7.5000,7.5000,7.5000,7.5000,7.5000
28.2206,7.5000,7.5000,7.5000,7.5000,7.5000,7.5000,7.5000,7.5000,7.5000,7.5000,7.5000,7.5000,7.5000,7.5000,7.5000,7.5000
28.2307,7.5000,7.5000,7.5000,7.5000,7.5000,7.5000,7.5000,7.5000,7.5000,7.5000,7.5000,7.5000,7.5000,7.5000,7.5000,7.5000
28.2408,7.5000,7.5000,7.5000,7.5000,7.5000,7.5000,7.5000,7.5000,7.5000,7.5000,7.5000,7.5000,7.5000,7.5000,7.5000,7.5000
28.2508,7.5000,7.5000,7.5000,7.5000,7.5000,7.5000,7.5000,7.5000,7.5000,7.5000,7.5000,7.5000,7.5000,7.5000,7.5000,7.5000
28.2609,7.5000,7.5000,7.5000,7.5000,7.5000,7.5000,7.5000,7.5000,7.5000,7.5000,7.5000,7.5000,7.5000,7.5000,7.5000,7.5000
28.2709,7.5000,7.5000,7.5000,7.5000,7.5000,7.5000,7.5000,7.5000,7.5000,7.5000,7.5000,7.5000,7.5000,7.5000,7.5000,7.5000
28.2810,7.5000,7.5000,7.5000,7.5000,7.5000,7.5000,7.5000,7.5000,7.5000,7.5000,7.5000,7.5000,7.5000,7.5000,7.5000,7.5000
28.2911,7.5000,7.5000,7.5000,7.5000,7.5000,7.5000,7.5000,7.5000,7.5000,7.5000,7.5000,7.5000,7.5000,7.5000,7.5000,7.5000
28.3011,7.5000,7.5000,7.5000,7.5000,7.5000,7.5000,7.5000,7.5000,7.5000,7.5000,7.5000,7.5000,7.5000,7.5000,7.5000,7.5000
28.3112,7.5000,7.5000,7.5000,7.5000,7.5000,7.5000,7.5000,7.5000,7.5000,7.5000,7.5000,7.5000,7.5000,7.5000,7.5000,7.5000
28.3213,7.5000,7.5000,7.5000,7.5000,7.5000,7.5000,7.5000,7.5000,7.5000,7.5000,7.5000,7.5000,7.5000,7.5000,7.5000,7.5000
28.3313,7.5000,7.5000,7.5000,7.5000,7.5000,7.5000,7.5000,7.5000,7.5000,7.5000,7.5000,7.5000,7.5000,7.5000,7.5000,7.5000
28.3414,7.5000,7.5000,7.5000,7.5000,7.5000,7.5000,7.5000,7.5000,7.5000,7.5000,7.5000,7.5000,7.5000,7.5000,7.5000,7.5000
28.3514,7.5000,7.5000,7.5000,7.5000,7.5000,7.5000,7.5000,7.5000,7.5000,7.5000,7.5000,7.5000,7.5000,7.5000,7.5000,7.5000
28.3615,7.5000,7.5000,7.5000,7.5000,7.5000,7.5000,7.5000,7.5000,7.5000,7.5000,7.5000,7.5000,7.5000,7.5000,7.5000,7.5000
28.3716,7.5000,7.5000,7.5000,7.5000,7.5000,7.5000,7.5000,7.5000,7.5000,7.5000,7.5000,7.5000,7.5000,7.5000,7.5000,7.5000
28.3816,7.5000,7.5000,7.5000,7.5000,7.5000,7.5000,7.5000,7.5000,7.5000,7.5000,7.5000,7.5000,7.5000,7.5000,7.5000,7.5000
28.3917,7.5000,7.5000,7.5000,7.5000,7.5000,7.5000,7.5000,7.5000,7.5000,7.5000,7.5000,7.5000,7.5000,7.5000,7.5000,7.5000
28.4017,7.5000,7.5000,7.5000,7.5000,7.5000,7.5000,7.5000,7.5000,7.5000,7.5000,7.5000,7.5000,7.5000,7.5000,7.5000,7.5000
28.4118,7.5000,7.5000,7.5000,7.5000,7.5000,7.5000,7.5000,7.5000,7.5000,7.5000,7.5000,7.5000,7.5000,7.5000,7.5000,7.5000
28.4219,7.5000,7.5000,7.5000,7.5000,7.5000,7.5000,7.5000,7.5000,7.5000,7.5000,7.5000,7.5000,7.5000,7.5000,7.5000,7.5000
28.4319,7.5000,7.5000,7.5000,7.5000,7.5000,7.5000,7.5000,7.5000,7.5000,7.5000,7.5000,7.5000,7.5000,7.5000,7.5000,7.5000
28.4420,7.5000,7.5000,7.5000,7.5000,7.5000,7.5000,7.5000,7.5000,7.5000,7.5000,7.5000,7.5000,7.5000,7.5000,7.5000,7.5000
28.4520,7.5000,7.5000,7.5000,7.5000,7.5000,7.5000,7.5000,7.5000,7.5000,7.5000,7.5000,7.5000,7.5000,7.5000,7.5000,7.5000
28.4621,7.5000,7.5000,7.5000,7.5000,7.5000,7.5000,7.5000,7.5000,7.5000,7.5000,7.5000,7.5000,7.5000,7.5000,7.5000,7.5000
28.4722,7.5000,7.5000,7.5000,7.5000,7.5000,7.5000,7.5000,7.5000,7.5000,7.5000,7.5000,7.5000,7.5000,7.5000,7.5000,7.5000
28.4822,7.5000,7.5000,7.5000,7.5000,7.5000,7.5000,7.5000,7.5000,7.5000,7.5000,7.5000,7.5000,7.5000,7.5000,7.5000,7.5000
28.4923,7.5000,7.5000,7.5000,7.5000,7.5000,7.5000,7.5000,7.5000,7.5000,7.5000,7.5000,7.5000,7.5000,7.5000,7.5000,7.5000
28.5023,7.5000,7.5000,7.5000,7.5000,7.5000,7.5000,7.5000,7.5000,7.5000,7.5000,7.5000,7.5000,7.5000,7.5000,7.5000,7.5000
28.5124,7.5000,7.5000,7.5000,7.5000,7.5000,7.5000,7.5000,7.5000,7.5000,7.5000,7.5000,7.5000,7.5000,7.5000,7.5000,7.5000
28.5224,7.5000,7.5000,7.5000,7.5000,7.5000,7.5000,7.5000,7.5000,7.5000,7.5000,7.5000,7.5000,7.5000,7.5000,7.5000,7.5000
28.5325,7.5000,7.5000,7.5000,7.5000,7.5000,7.5000,7.5000,7.5000,7.5000,7.5000,7.5000,7.5000,7.5000,7.5000,7.5000,7.5000
28.5426,7.5000,7.5000,7.5000,7.5000,7.5000,7.5000,7.5000,7.5000,7.5000,7.5000,7.5000,7.5000,7.5000,7.5000,7.5000,7.5000
28.5526,7.5000,7.5000,7.5000,7.5000,7.5000,7.5000,7.5000,7.5000,7.5000,7.5000,7.5000,7.5000,7.5000,7.5000,7.5000,7.5000
28.5627,7.5000,7.5000,7.5000,7.5000,7.5000,7.5000,7.5000,7.5000,7.5000,7.5000,7.5000,7.5000,7.5000,7.5000,7.5000,7.5000
28.5728,7.5000,7.5000,7.5000,7.5000,7.5000,7.5000,7.5000,7.5000,7.5000,7.5000,7.5000,7.5000,7.5000,7.5000,7.5000,7.5000
28.5828,7.5000,7.5000,7.5000,7.5000,7.5000,7.5000,7.5000,7.5000,7.5000,7.5000,7.5000,7.5000,7.5000,7.5000,7.5000,7.5000
28.5929,7.5000,7.5000,7.5000,7.5000,7.5000,7.5000,7.5000,7.5000,7.5000,7.5000,7.5000,7.5000,7.5000,7.5000,7.5000,7.5000
28.6029,7.5000,7.5000,7.5000,7.5000,7.5000,7.5000,7.5000,7.5000,7.5000,7.5000,7.5000,7.5000,7.5000,7.5000,7.5000,7.5000
28.6130,7.5000,7.5000,7.5000,7.5000,7.5000,7.5000,7.5000,7.5000,7.5000,7.5000,7.5000,7.5000,7.5000,7.5000,7.5000,7.5000
28.6231,7.5000,7.5000,7.5000,7.5000,7.5000,7.5000,7.5000,7.5000,7.5000,7.5000,7.5000,7.5000,7.5000,7.5000,7.5000,7.5000
28.6331,7.5000,7.5000,7.5000,7.5000,7.5000,7.5000,7.5000,7.5000,7.5000,7.5000,7.5000,7.5000,7.5000,7.5000,7.5000,7.5000
28.6432,7.5000,7.5000,7.5000,7.5000,7.5000,7.5000,7.5000,7.5000,7.5000,7.5000,7.5000,7.5000,7.5000,7.5000,7.5000,7.5000
28.6532,7.5000,7.5000,7.5000,7.5000,7.5000,7.5000,7.5000,7.5000,7.5000,7.5000,7.5000,7.5000,7.5000,7.5000,7.5000,7.5000
28.6633,7.5000,7.5000,7.5000,7.5000,7.5000,7.5000,7.5000,7.5000,7.5000,7.5000,7.5000,7.5000,7.5000,7.5000,7.5000,7.5000
28.6734,7.5000,7.5000,7.5000,7.5000,7.5000,7.5000,7.5000,7.5000,7.5000,7.5000,7.5000,7.5000,7.5000,7.5000,7.5000,7.5000
28.6834,7.5000,7.5000,7.5000,7.5000,7.5000,7.5000,7.5000,7.5000,7.5000,7.5000,7.5000,7.5000,7.5000,7.5000,7.5000,7.5000
28.6935,7.5000,7.5000,7.5000,7.5000,7.5000,7.5000,7.5000,7.5000,7.5000,7.5000,7.5000,7.5000,7.5000,7.5000,7.5000,7.5000
28.7036,7.5000,7.5000,7.5000,7.5000,7.5000,7.5000,7.5000,7.5000,7.5000,7.5000,7.5000,7.5000,7.5000,7.5000,7.5000,7.5000
28.7136,7.5000,7.5000,7.5000,7.5000,7.5000,7.5000,7.5000,7.5000,7.5000,7.5000,7.5000,7.5000,7.5000,7.5000,7.5000,7.5000
28.7237,7.5000,7.5000,7.5000,7.5000,7.5000,7.5000,7.5000,7.5000,7.5000,7.5000,7.5000,7.5000,7.5000,7.5000,7.5000,7.5000
28.7337,7.5000,7.5000,7.5000,7.5000,7.5000,7.5000,7.5000,7.5000,7.5000,7.5000,7.5000,7.5000,7.5000,7.5000,7.5000,7.5000
28.7438,7.5000,7.5000,7.5000,7.5000,7.5000,7.5000,7.5000,7.5000,7.5000,7.5000,7.5000,7.5000,7.5000,7.5000,7.5000,7.5000
28.7539,7.5000,7.5000,7.5000,7.5000,7.5000,7.5000,7.5000,7.5000,7.5000,7.5000,7.5000,7.5000,7.5000,7.5000,7.5000,7.5000
28.7639,7.5000,7.5000,7.5000,7.5000,7.5000,7.5000,7.5000,7.5000,7.5000,7.5000,7.5000,7.5000,7.5000,7.5000,7.5000,7.5000
28.7740,7.5000,7.5000,7.5000,7.5000,7.5000,7.5000,7.5000,7.5000,7.5000,7.5000,7.5000,7.5000,7.5000,7.5000,7.5000,7.5000
28.7841,7.5000,7.5000,7.5000,7.5000,7.5000,7.5000,7.5000,7.5000,7.5000,7.5000,7.5000,7.5000,7.5000,7.5000,7.5000,7.5000
28.7941,7.5000,7.5000,7.5000,7.5000,7.5000,7.5000,7.5000,7.5000,7.5000,7.5000,7.5000,7.5000,7.5000,7.5000,7.5000,7.5000
28.8042,7.5000,7.5000,7.5000,7.5000,7.5000,7.5000,7.5000,7.5000,7.5000,7.5000,7.5000,7.5000,7.5000,7.5000,7.5000,7.5000
28.8143,7.5000,7.5000,7.5000,7.5000,7.5000,7.5000,7.5000,7.5000,7.5000,7.5000,7.5000,7.5000,7.5000,7.5000,7.5000,7.5000
28.8243,7.5000,7.5000,7.5000,7.5000,7.5000,7.5000,7.5000,7.5000,7.5000,7.5000,7.5000,7.5000,7.5000,7.5000,7.5000,7.5000
28.8344,7.5000,7.5000,7.5000,7.5000,7.5000,7.5000,7.5000,7.5000,7.5000,7.5000,7.5000,7.5000,7.5000,7.5000,7.5000,7.5000
28.8444,7.5000,7.5000,7.5000,7.5000,7.5000,7.5000,7.5000,7.5000,7.5000,7.5000,7.5000,7.5000,7.5000,7.5000,7.5000,7.5000
28.8545,7.5000,7.5000,7.5000,7.5000,7.5000,7.5000,7.5000,7.5000,7.5000,7.5000,7.5000,7.5000,7.5000,7.5000,7.5000,7.5000
28.8645,7.5000,7.5000,7.5000,7.5000,7.5000,7.5000,7.5000,7.5000,7.5000,7.5000,7.5000,7.5000,7.5000,7.5000,7.5000,7.5000
28.8746,7.5000,7.5000,7.5000,7.5000,7.5000,7.5000,7.5000,7.5000,7.5000,7.5000,7.5000,7.5000,7.5000,7.5000,7.5000,7.5000
28.8847,7.5000,7.5000,7.5000,7.5000,7.5000,7.5000,7.5000,7.5000,7.5000,7.5000,7.5000,7.5000,7.5000,7.5000,7.5000,7.5000
28.8947,7.5000,7.5000,7.5000,7.5000,7.5000,7.5000,7.5000,7.5000,7.5000,7.5000,7.5000,7.5000,7.5000,7.5000,7.5000,7.5000
28.9048,7.5000,7.5000,7.5000,7.5000,7.5000,7.5000,7.5000,7.5000,7.5000,7.5000,7.5000,7.5000,7.5000,7.5000,7.5000,7.5000
28.9148,7.5000,7.5000,7.5000,7.5000,7.5000,7.5000,7.5000,7.5000,7.5000,7.5000,7.5000,7.5000,7.5000,7.5000,7.5000,7.5000
28.9249,7.5000,7.5000,7.5000,7.5000,7.5000,7.5000,7.5000,7.5000,7.5000,7.5000,7.5000,7.5000,7.5000,7.5000,7.5000,7.5000
28.9350,7.5000,7.5000,7.5000,7.5000,7.5000,7.5000,7.5000,7.5000,7.5000,7.5000,7.5000,7.5000,7.5000,7.5000,7.5000,7.5000
28.9450,7.5000,7.5000,7.5000,7.5000,7.5000,7.5000,7.5000,7.5000,7.5000,7.5000,7.5000,7.5000,7.5000,7.5000,7.5000,7.5000
28.9551,7.5000,7.5000,7.5000,7.5000,7.5000,7.5000,7.5000,7.5000,7.5000,7.5000,7.5000,7.5000,7.5000,7.5000,7.5000,7.5000
28.9651,7.5000,7.5000,7.5000,7.5000,7.5000,7.5000,7.5000,7.5000,7.5000,7.5000,7.5000,7.5000,7.5000,7.5000,7.5000,7.5000
28.9752,7.5000,7.5000,7.5000,7.5000,7.5000,7.5000,7.5000,7.5000,7.5000,7.5000,7.5000,7.5000,7.5000,7.5000,7.5000,7.5000
28.9852,7.5000,7.5000,7.5000,7.5000,7.5000,7.5000,7.5000,7.5000,7.5000,7.5000,7.5000,7.5000,7.5000,7.5000,7.5000,7.5000
28.9953,7.5000,7.5000,7.5000,7.5000,7.5000,7.5000,7.5000,7.5000,7.5000,7.5000,7.5000,7.5000,7.5000,7.5000,7.5000,7.5000
29.0054,7.5000,7.5000,7.5000,7.5000,7.5000,7.5000,7.5000,7.5000,7.5000,7.5000,7.5000,7.5000,7.5000,7.5000,7.5000,7.5000
29.0154,7.5000,7.5000,7.5000,7.5000,7.5000,7.5000,7.5000,7.5000,7.5000,7.5000,7.5000,7.5000,7.5000,7.5000,7.5000,7.5000
29.0255,7.5000,7.5000,7.5000,7.5000,7.5000,7.5000,7.5000,7.5000,7.5000,7.5000,7.5000,7.5000,7.5000,7.5000,7.5000,7.5000
29.0356,7.5000,7.5000,7.5000,7.5000,7.5000,7.5000,7.5000,7.5000,7.5000,7.5000,7.5000,7.5000,7.5000,7.5000,7.5000,7.5000
29.0456,7.5000,7.5000,7.5000,7.5000,7.5000,7.5000,7.5000,7.5000,7.5000,7.5000,7.5000,7.5000,7.5000,7.5000,7.5000,7.5000
29.0557,7.5000,7.5000,7.5000,7.5000,7.5000,7.5000,7.5000,7.5000,7.5000,7.5000,7.5000,7.5000,7.5000,7.5000,7.5000,7.5000
29.0657,7.5000,7.5000,7.5000,7.5000,7.5000,7.5000,7.5000,7.5000,7.5000,7.5000,7.5000,7.5000,7.5000,7.5000,7.5000,7.5000
29.0758,7.5000,7.5000,7.5000,7.5000,7.5000,7.5000,7.5000,7.5000,7.5000,7.5000,7.5000,7.5000,7.5000,7.5000,7.5000,7.5000
29.0859,7.5000,7.5000,7.5000,7.5000,7.5000,7.5000,7.5000,7.5000,7.5000,7.5000,7.5000,7.5000,7.5000,7.5000,7.5000,7.5000
29.0959,7.5000,7.5000,7.5000,7.5000,7.5000,7.5000,7.5000,7.5000,7.5000,7.5000,7.5000,7.5000,7.5000,7.5000,7.5000,7.5000
29.1060,7.5000,7.5000,7.5000,7.5000,7.5000,7.5000,7.5000,7.5000,7.5000,7.5000,7.5000,7.5000,7.5000,7.5000,7.5000,7.5000
29.1161,7.5000,7.5000,7.5000,7.5000,7.5000,7.5000,7.5000,7.5000,7.5000,7.5000,7.5000,7.5000,7.5000,7.5000,7.5000,7.5000
29.1261,7.5000,7.5000,7.5000,7.5000,7.5000,7.5000,7.5000,7.5000,7.5000,7.5000,7.5000,7.5000,7.5000,7.5000,7.5000,7.5000
29.1362,7.5000,7.5000,7.5000,7.5000,7.5000,7.5000,7.5000,7.5000,7.5000,7.5000,7.5000,7.5000,7.5000,7.5000,7.5000,7.5000
29.1462,7.5000,7.5000,7.5000,7.5000,7.5000,7.5000,7.5000,7.5000,7.5000,7.5000,7.5000,7.5000,7.5000,7.5000,7.5000,7.5000
29.1563,7.5000,7.5000,7.5000,7.5000,7.5000,7.5000,7.5000,7.5000,7.5000,7.5000,7.5000,7.5000,7.5000,7.5000,7.5000,7.5000
29.1664,7.5000,7.5000,7.5000,7.5000,7.5000,7.5000,7.5000,7.5000,7.5000,7.5000,7.5000,7.5000,7.5000,7.5000,7.5000,7.5000
29.1764,7.5000,7.5000,7.5000,7.5000,7.5000,7.5000,7.5000,7.5000,7.5000,7.5000,7.5000,7.5000,7.5000,7.5000,7.5000,7.5000
29.1865,7.5000,7.5000,7.5000,7.5000,7.5000,7.5000,7.5000,7.5000,7.5000,7.5000,7.5000,7.5000,7.5000,7.5000,7.5000,7.5000
29.1965,7.5000,7.5000,7.5000,7.5000,7.5000,7.5000,7.5000,7.5000,7.5000,7.5000,7.5000,7.5000,7.5000,7.5000,7.5000,7.5000
29.2066,7.5000,7.5000,7.5000,7.5000,7.5000,7.5000,7.5000,7.5000,7.5000,7.5000,7.5000,7.5000,7.5000,7.5000,7.5000,7.5000
29.2167,7.5000,7.5000,7.5000,7.5000,7.5000,7.5000,7.5000,7.5000,7.5000,7.5000,7.5000,7.5000,7.5000,7.5000,7.5000,7.5000
29.2267,7.5000,7.5000,7.5000,7.5000,7.5000,7.5000,7.5000,7.5000,7.5000,7.5000,7.5000,7.5000,7.5000,7.5000,7.5000,7.5000
29.2368,7.5000,7.5000,7.5000,7.5000,7.5000,7.5000,7.5000,7.5000,7.5000,7.5000,7.5000,7.5000,7.5000,7.5000,7.5000,7.5000
29.2468,7.5000,7.5000,7.5000,7.5000,7.5000,7.5000,7.5000,7.5000,7.5000,7.5000,7.5000,7.5000,7.5000,7.5000,7.5000,7.5000
29.2569,7.5000,7.5000,7.5000,7.5000,7.5000,7.5000,7.5000,7.5000,7.5000,7.5000,7.5000,7.5000,7.5000,7.5000,7.5000,7.5000
29.2670,7.5000,7.5000,7.5000,7.5000,7.5000,7.5000,7.5000,7.5000,7.5000,7.5000,7.5000,7.5000,7.5000,7.5000,7.5000,7.5000
29.2770,7.5000,7.5000,7.5000,7.5000,7.5000,7.5000,7.5000,7.5000,7.5000,7.5000,7.5000,7.5000,7.5000,7.5000,7.5000,7.5000
29.2871,7.5000,7.5000,7.5000,7.5000,7.5000,7.5000,7.5000,7.5000,7.5000,7.5000,7.5000,7.5000,7.5000,7.5000,7.5000,7.5000
29.2971,7.5000,7.5000,7.5000,7.5000,7.5000,7.5000,7.5000,7.5000,7.5000,7.5000,7.5000,7.5000,7.5000,7.5000,7.5000,7.5000
29.3072,7.5000,7.5000,7.5000,7.5000,7.5000,7.5000,7.5000,7.5000,7.5000,7.5000,7.5000,7.5000,7.5000,7.5000,7.5000,7.5000
29.3173,7.5000,7.5000,7.5000,7.5000,7.5000,7.5000,7.5000,7.5000,7.5000,7.5000,7.5000,7.5000,7.5000,7.5000,7.5000,7.5000
29.3273,7.5000,7.5000,7.5000,7.5000,7.5000,7.5000,7.5000,7.5000,7.5000,7.5000,7.5000,7.5000,7.5000,7.5000,7.5000,7.5000
29.3374,7.5000,7.5000,7.5000,7.5000,7.5000,7.5000,7.5000,7.5000,7.5000,7.5000,7.5000,7.5000,7.5000,7.5000,7.5000,7.5000
29.3475,7.5000,7.5000,7.5000,7.5000,7.5000,7.5000,7.5000,7.5000,7.5000,7.5000,7.5000,7.5000,7.5000,7.5000,7.5000,7.5000
29.3575,7.5000,7.5000,7.5000,7.5000,7.5000,7.5000,7.5000,7.5000,7.5000,7.5000,7.5000,7.5000,7.5000,7.5000,7.5000,7.5000
29.3676,7.5000,7.5000,7.5000,7.5000,7.5000,7.5000,7.5000,7.5000,7.5000,7.5000,7.5000,7.5000,7.5000,7.5000,7.5000,7.5000
29.3776,7.5000,7.5000,7.5000,7.5000,7.5000,7.5000,7.5000,7.5000,7.5000,7.5000,7.5000,7.5000,7.5000,7.5000,7.5000,7.5000
29.3877,7.5000,7.5000,7.5000,7.5000,7.5000,7.5000,7.5000,7.5000,7.5000,7.5000,7.5000,7.5000,7.5000,7.5000,7.5000,7.5000
29.3978,7.5000,7.5000,7.5000,7.5000,7.5000,7.5000,7.5000,7.5000,7.5000,7.5000,7.5000,7.5000,7.5000,7.5000,7.5000,7.5000
29.4079,7.5000,7.5000,7.5000,7.5000,7.5000,7.5000,7.5000,7.5000,7.5000,7.5000,7.5000,7.5000,7.5000,7.5000,7.5000,7.5000
29.4179,7.5000,7.5000,7.5000,7.5000,7.5000,7.5000,7.5000,7.5000,7.5000,7.5000,7.5000,7.5000,7.5000,7.5000,7.5000,7.5000
29.4280,7.5000,7.5000,7.5000,7.5000,7.5000,7.5000,7.5000,7.5000,7.5000,7.5000,7.5000,7.5000,7.5000,7.5000,7.5000,7.5000
29.4380,7.5000,7.5000,7.5000,7.5000,7.5000,7.5000,7.5000,7.5000,7.5000,7.5000,7.5000,7.5000,7.5000,7.5000,7.5000,7.5000
29.4481,7.5000,7.5000,7.5000,7.5000,7.5000,7.5000,7.5000,7.5000,7.5000,7.5000,7.5000,7.5000,7.5000,7.5000,7.5000,7.5000
29.4582,7.5000,7.5000,7.5000,7.5000,7.5000,7.5000,7.5000,7.5000,7.5000,7.5000,7.5000,7.5000,7.5000,7.5000,7.5000,7.5000
29.4682,7.5000,7.5000,7.5000,7.5000,7.5000,7.5000,7.5000,7.5000,7.5000,7.5000,7.5000,7.5000,7.5000,7.5000,7.5000,7.5000
29.4783,7.5000,7.5000,7.5000,7.5000,7.5000,7.5000,7.5000,7.5000,7.5000,7.5000,7.5000,7.5000,7.5000,7.5000,7.5000,7.5000
29.4884,7.5000,7.5000,7.5000,7.5000,7.5000,7.5000,7.5000,7.5000,7.5000,7.5000,7.5000,7.5000,7.5000,7.5000,7.5000,7.5000
29.4985,7.5000,7.5000,7.5000,7.5000,7.5000,7.5000,7.5000,7.5000,7.5000,7.5000,7.5000,7.5000,7.5000,7.5000,7.5000,7.5000
29.5085,7.5000,7.5000,7.5000,7.5000,7.5000,7.5000,7.5000,7.5000,7.5000,7.5000,7.5000,7.5000,7.5000,7.5000,7.5000,7.5000
29.5186,7.5000,7.5000,7.5000,7.5000,7.5000,7.5000,7.5000,7.5000,7.5000,7.5000,7.5000,7.5000,7.5000,7.5000,7.5000,7.5000
29.5286,7.5000,7.5000,7.5000,7.5000,7.5000,7.5000,7.5000,7.5000,7.5000,7.5000,7.5000,7.5000,7.5000,7.5000,7.5000,7.5000
29.5387,7.5000,7.5000,7.5000,7.5000,7.5000,7.5000,7.5000,7.5000,7.5000,7.5000,7.5000,7.5000,7.5000,7.5000,7.5000,7.5000
29.5488,7.5000,7.5000,7.5000,7.5000,7.5000,7.5000,7.5000,7.5000,7.5000,7.5000,7.5000,7.5000,7.5000,7.5000,7.5000,7.5000
29.5588,7.5000,7.5000,7.5000,7.5000,7.5000,7.5000,7.5000,7.5000,7.5000,7.5000,7.5000,7.5000,7.5000,7.5000,7.5000,7.5000
29.5689,7.5000,7.5000,7.5000,7.5000,7.5000,7.5000,7.5000,7.5000,7.5000,7.5000,7.5000,7.5000,7.5000,7.5000,7.5000,7.5000
29.5790,7.5000,7.5000,7.5000,7.5000,7.5000,7.5000,7.5000,7.5000,7.5000,7.5000,7.5000,7.5000,7.5000,7.5000,7.5000,7.5000
29.5890,7.5000,7.5000,7.5000,7.5000,7.5000,7.5000,7.5000,7.5000,7.5000,7.5000,7.5000,7.5000,7.5000,7.5000,7.5000,7.5000
29.5991,7.5000,7.5000,7.5000,7.5000,7.5000,7.5000,7.5000,7.5000,7.5000,7.5000,7.5000,7.5000,7.5000,7.5000,7.5000,7.5000
29.6092,7.5000,7.5000,7.5000,7.5000,7.5000,7.5000,7.5000,7.5000,7.5000,7.5000,7.5000,7.5000,7.5000,7.5000,7.5000,7.5000
29.6192,7.5000,7.5000,7.5000,7.5000,7.5000,7.5000,7.5000,7.5000,7.5000,7.5000,7.5000,7.5000,7.5000,7.5000,7.5000,7.5000
29.6293,7.5000,7.5000,7.5000,7.5000,7.5000,7.5000,7.5000,7.5000,7.5000,7.5000,7.5000,7.5000,7.5000,7.5000,7.5000,7.5000
29.6394,7.5000,7.5000,7.5000,7.5000,7.5000,7.5000,7.5000,7.5000,7.5000,7.5000,7.5000,7.5000,7.5000,7.5000,7.5000,7.5000
29.6494,7.5000,7.5000,7.5000,7.5000,7.5000,7.5000,7.5000,7.5000,7.5000,7.5000,7.5000,7.5000,7.5000,7.5000,7.5000,7.5000
29.6595,7.5000,7.5000,7.5000,7.5000,7.5000,7.5000,7.5000,7.5000,7.5000,7.5000,7.5000,7.5000,7.5000,7.5000,7.5000,7.5000
29.6696,7.5000,7.5000,7.5000,7.5000,7.5000,7.5000,7.5000,7.5000,7.5000,7.5000,7.5000,7.5000,7.5000,7.5000,7.5000,7.5000
29.6796,7.5000,7.5000,7.5000,7.5000,7.5000,7.5000,7.5000,7.5000,7.5000,7.5000,7.5000,7.5000,7.5000,7.5000,7.5000,7.5000
29.6897,7.5000,7.5000,7.5000,7.5000,7.5000,7.5000,7.5000,7.5000,7.5000,7.5000,7.5000,7.5000,7.5000,7.5000,7.5000,7.5000
29.6998,7.5000,7.5000,7.5000,7.5000,7.5000,7.5000,7.5000,7.5000,7.5000,7.5000,7.5000,7.5000,7.5000,7.5000,7.5000,7.5000
29.7098,7.5000,7.5000,7.5000,7.5000,7.5000,7.5000,7.5000,7.5000,7.5000,7.5000,7.5000,7.5000,7.5000,7.5000,7.5000,7.5000
29.7199,7.5000,7.5000,7.5000,7.5000,7.5000,7.5000,7.5000,7.5000,7.5000,7.5000,7.5000,7.5000,7.5000,7.5000,7.5000,7.5000
29.7300,7.5000,7.5000,7.5000,7.5000,7.5000,7.5000,7.5000,7.5000,7.5000,7.5000,7.5000,7.5000,7.5000,7.5000,7.5000,7.5000
