t_s,ch1_cmd,ch2_cmd,ch3_cmd,ch4_cmd,ch5_cmd,ch6_cmd,ch7_cmd,ch8_cmd,ch1_applied,ch2_applied,ch3_applied,ch4_applied,ch5_applied,ch6_applied,ch7_applied,ch8_applied
0.20006,0,0,0,0,0,0,0,0,0,0,0,0,0,0,0,0
0.210066,0,0,0,0,0,0,0,0,0,0,0,0,0,0,0,0
0.220058,0,0,0,0,0,0,0,0,0,0,0,0,0,0,0,0
0.23006,0,0,0,0,0,0,0,0,0,0,0,0,0,0,0,0
0.240058,0,0,0,0,0,0,0,0,0,0,0,0,0,0,0,0
0.250065,0,0,0,0,0,0,0,0,0,0,0,0,0,0,0,0
0.260059,0,0,0,0,0,0,0,0,0,0,0,0,0,0,0,0
0.270064,0,0,0,0,0,0,0,0,0,0,0,0,0,0,0,0
0.280062,0,0,0,0,0,0,0,0,0,0,0,0,0,0,0,0
0.290068,0,0,0,0,0,0,0,0,0,0,0,0,0,0,0,0
0.300061,0,0,0,0,0,0,0,0,0,0,0,0,0,0,0,0
0.310061,0,0,0,0,0,0,0,0,0,0,0,0,0,0,0,0
0.320061,0,0,0,0,0,0,0,0,0,0,0,0,0,0,0,0
0.330066,0,0,0,0,0,0,0,0,0,0,0,0,0,0,0,0
0.340065,0,0,0,0,0,0,0,0,0,0,0,0,0,0,0,0
0.350061,0,0,0,0,0,0,0,0,0,0,0,0,0,0,0,0
0.360067,0,0,0,0,0,0,0,0,0,0,0,0,0,0,0,0
0.370067,0,0,0,0,0,0,0,0,0,0,0,0,0,0,0,0
0.380065,0,0,0,0,0,0,0,0,0,0,0,0,0,0,0,0
0.390065,0,0,0,0,0,0,0,0,0,0,0,0,0,0,0,0
0.400065,0,0,0,0,0,0,0,0,0,0,0,0,0,0,0,0
0.41006,0,0,0,0,0,0,0,0,0,0,0,0,0,0,0,0
0.42006,0,0,0,0,0,0,0,0,0,0,0,0,0,0,0,0
0.430065,0,0,0,0,0,0,0,0,0,0,0,0,0,0,0,0
0.440061,0,0,0,0,0,0,0,0,0,0,0,0,0,0,0,0
0.450069,0,0,0,0,0,0,0,0,0,0,0,0,0,0,0,0
0.460059,0,0,0,0,0,0,0,0,0,0,0,0,0,0,0,0
0.470058,0,0,0,0,0,0,0,0,0,0,0,0,0,0,0,0
0.480059,0,0,0,0,0,0,0,0,0,0,0,0,0,0,0,0
0.490058,0,0,0,0,0,0,0,0,0,0,0,0,0,0,0,0
0.500058,0,0,0,0,0,0,0,0,0,0,0,0,0,0,0,0
0.510065,0,0,0,0,0,0,0,0,0,0,0,0,0,0,0,0
0.520059,0,0,0,0,0,0,0,0,0,0,0,0,0,0,0,0
0.530059,0,0,0,0,0,0,0,0,0,0,0,0,0,0,0,0
0.540058,0,0,0,0,0,0,0,0,0,0,0,0,0,0,0,0
0.550058,0,0,0,0,0,0,0,0,0,0,0,0,0,0,0,0
0.560058,0,0,0,0,0,0,0,0,0,0,0,0,0,0,0,0
0.570059,0,0,0,0,0,0,0,0,0,0,0,0,0,0,0,0
0.580061,0,0,0,0,0,0,0,0,0,0,0,0,0,0,0,0
0.590062,0,0,0,0,0,0,0,0,0,0,0,0,0,0,0,0
0.600061,0,0,0,0,0,0,0,0,0,0,0,0,0,0,0,0
0.610064,0,0,0,0,0,0,0,0,0,0,0,0,0,0,0,0
0.620066,0,0,0,0,0,0,0,0,0,0,0,0,0,0,0,0
0.630071,0,0,0,0,0,0,0,0,0,0,0,0,0,0,0,0
0.640068,0,0,0,0,0,0,0,0,0,0,0,0,0,0,0,0
0.650062,0,0,0,0,0,0,0,0,0,0,0,0,0,0,0,0
0.660068,0,0,0,0,0,0,0,0,0,0,0,0,0,0,0,0
0.670066,0,0,0,0,0,0,0,0,0,0,0,0,0,0,0,0
0.680063,0,0,0,0,0,0,0,0,0,0,0,0,0,0,0,0
0.690067,0,0,0,0,0,0,0,0,0,0,0,0,0,0,0,0
0.700061,0,0,0,0,0,0,0,0,0,0,0,0,0,0,0,0
0.710064,0,0,0,0,0,0,0,0,0,0,0,0,0,0,0,0
0.720064,0,0,0,0,0,0,0,0,0,0,0,0,0,0,0,0
0.730063,0,0,0,0,0,0,0,0,0,0,0,0,0,0,0,0
0.740061,0,0,0,0,0,0,0,0,0,0,0,0,0,0,0,0
0.750063,0,0,0,0,0,0,0,0,0,0,0,0,0,0,0,0
0.76006,0,0,0,0,0,0,0,0,0,0,0,0,0,0,0,0
0.770062,0,0,0,0,0,0,0,0,0,0,0,0,0,0,0,0
0.780062,0,0,0,0,0,0,0,0,0,0,0,0,0,0,0,0
0.790065,0,0,0,0,0,0,0,0,0,0,0,0,0,0,0,0
0.800062,0,0,0,0,0,0,0,0,0,0,0,0,0,0,0,0
0.81006,0,0,0,0,0,0,0,0,0,0,0,0,0,0,0,0
0.820061,0,0,0,0,0,0,0,0,0,0,0,0,0,0,0,0
0.83006,0,0,0,0,0,0,0,0,0,0,0,0,0,0,0,0
0.840066,0,0,0,0,0,0,0,0,0,0,0,0,0,0,0,0
0.850068,0,0,0,0,0,0,0,0,0,0,0,0,0,0,0,0
0.860059,0,0,0,0,0,0,0,0,0,0,0,0,0,0,0,0
0.870073,0,0,0,0,0,0,0,0,0,0,0,0,0,0,0,0
0.880057,0,0,0,0,0,0,0,0,0,0,0,0,0,0,0,0
0.890055,0,0,0,0,0,0,0,0,0,0,0,0,0,0,0,0
0.900055,0,0,0,0,0,0,0,0,0,0,0,0,0,0,0,0
0.910065,0,0,0,0,0,0,0,0,0,0,0,0,0,0,0,0
0.920069,0,0,0,0,0,0,0,0,0,0,0,0,0,0,0,0
0.930065,0,0,0,0,0,0,0,0,0,0,0,0,0,0,0,0
0.940058,0,0,0,0,0,0,0,0,0,0,0,0,0,0,0,0
0.950064,0,0,0,0,0,0,0,0,0,0,0,0,0,0,0,0
0.960069,0,0,0,0,0,0,0,0,0,0,0,0,0,0,0,0
0.970064,0,0,0,0,0,0,0,0,0,0,0,0,0,0,0,0
0.98006,0,0,0,0,0,0,0,0,0,0,0,0,0,0,0,0
0.990067,0,0,0,0,0,0,0,0,0,0,0,0,0,0,0,0
1.00006,0,0,0,0,0,0,0,0,0,0,0,0,0,0,0,0
1.01006,0,0,0,0,0,0,0,0,0,0,0,0,0,0,0,0
1.02006,0,0,0,0,0,0,0,0,0,0,0,0,0,0,0,0
1.03006,0,0,0,0,0,0,0,0,0,0,0,0,0,0,0,0
1.04006,0,0,0,0,0,0,0,0,0,0,0,0,0,0,0,0
1.05008,0,0,0,0,0,0,0,0,0,0,0,0,0,0,0,0
1.06006,0,0,0,0,0,0,0,0,0,0,0,0,0,0,0,0
1.07006,0,0,0,0,0,0,0,0,0,0,0,0,0,0,0,0
1.08006,0,0,0,0,0,0,0,0,0,0,0,0,0,0,0,0
1.09006,0,0,0,0,0,0,0,0,0,0,0,0,0,0,0,0
1.10006,0,0,0,0,0,0,0,0,0,0,0,0,0,0,0,0
1.11006,0,0,0,0,0,0,0,0,0,0,0,0,0,0,0,0
1.12006,0,0,0,0,0,0,0,0,0,0,0,0,0,0,0,0
1.13007,0,0,0,0,0,0,0,0,0,0,0,0,0,0,0,0
1.14006,0,0,0,0,0,0,0,0,0,0,0,0,0,0,0,0
1.15006,0,0,0,0,0,0,0,0,0,0,0,0,0,0,0,0
1.16006,0,0,0,0,0,0,0,0,0,0,0,0,0,0,0,0
1.17006,0,0,0,0,0,0,0,0,0,0,0,0,0,0,0,0
1.18006,0,0,0,0,0,0,0,0,0,0,0,0,0,0,0,0
1.19007,0,0,0,0,0,0,0,0,0,0,0,0,0,0,0,0
1.20007,0,0,0,0,0,0,0,0,0,0,0,0,0,0,0,0
1.21006,0,0,0,0,0,0,0,0,0,0,0,0,0,0,0,0
1.22007,0,0,0,0,0,0,0,0,0,0,0,0,0,0,0,0
1.23006,0,0,0,0,0,0,0,0,0,0,0,0,0,0,0,0
1.24006,0,0,0,0,0,0,0,0,0,0,0,0,0,0,0,0
1.25006,0,0,0,0,0,0,0,0,0,0,0,0,0,0,0,0
1.26006,0,0,0,0,0,0,0,0,0,0,0,0,0,0,0,0
1.27006,0,0,0,0,0,0,0,0,0,0,0,0,0,0,0,0
1.28006,0,0,0,0,0,0,0,0,0,0,0,0,0,0,0,0
1.29008,0,0,0,0,0,0,0,0,0,0,0,0,0,0,0,0
1.30006,0,0,0,0,0,0,0,0,0,0,0,0,0,0,0,0
1.31007,0,0,0,0,0,0,0,0,0,0,0,0,0,0,0,0
1.32007,0,0,0,0,0,0,0,0,0,0,0,0,0,0,0,0
1.33006,0,0,0,0,0,0,0,0,0,0,0,0,0,0,0,0
1.34007,0,0,0,0,0,0,0,0,0,0,0,0,0,0,0,0
1.35007,0,0,0,0,0,0,0,0,0,0,0,0,0,0,0,0
1.36006,0,0,0,0,0,0,0,0,0,0,0,0,0,0,0,0
1.37006,0,0,0,0,0,0,0,0,0,0,0,0,0,0,0,0
1.38006,0,0,0,0,0,0,0,0,0,0,0,0,0,0,0,0
1.39006,0,0,0,0,0,0,0,0,0,0,0,0,0,0,0,0
1.40006,0,0,0,0,0,0,0,0,0,0,0,0,0,0,0,0
1.41006,0,0,0,0,0,0,0,0,0,0,0,0,0,0,0,0
1.42006,0,0,0,0,0,0,0,0,0,0,0,0,0,0,0,0
1.43006,0,0,0,0,0,0,0,0,0,0,0,0,0,0,0,0
1.44006,0,0,0,0,0,0,0,0,0,0,0,0,0,0,0,0
1.45006,0,0,0,0,0,0,0,0,0,0,0,0,0,0,0,0
1.46006,0,0,0,0,0,0,0,0,0,0,0,0,0,0,0,0
1.47006,0,0,0,0,0,0,0,0,0,0,0,0,0,0,0,0
1.48006,0,0,0,0,0,0,0,0,0,0,0,0,0,0,0,0
1.49007,0,0,0,0,0,0,0,0,0,0,0,0,0,0,0,0
1.50006,0,0,0,0,0,0,0,0,0,0,0,0,0,0,0,0
1.51006,0,0,0,0,0,0,0,0,0,0,0,0,0,0,0,0
1.52006,0,0,0,0,0,0,0,0,0,0,0,0,0,0,0,0
1.53006,0,0,0,0,0,0,0,0,0,0,0,0,0,0,0,0
1.54006,0,0,0,0,0,0,0,0,0,0,0,0,0,0,0,0
1.55006,0,0,0,0,0,0,0,0,0,0,0,0,0,0,0,0
1.56006,0,0,0,0,0,0,0,0,0,0,0,0,0,0,0,0
1.57006,0,0,0,0,0,0,0,0,0,0,0,0,0,0,0,0
1.58006,0,0,0,0,0,0,0,0,0,0,0,0,0,0,0,0
1.59006,0,0,0,0,0,0,0,0,0,0,0,0,0,0,0,0
1.60006,0,0,0,0,0,0,0,0,0,0,0,0,0,0,0,0
1.61006,0,0,0,0,0,0,0,0,0,0,0,0,0,0,0,0
1.62006,0,0,0,0,0,0,0,0,0,0,0,0,0,0,0,0
1.63006,0,0,0,0,0,0,0,0,0,0,0,0,0,0,0,0
1.64006,0,0,0,0,0,0,0,0,0,0,0,0,0,0,0,0
1.65006,0,0,0,0,0,0,0,0,0,0,0,0,0,0,0,0
1.66006,0,0,0,0,0,0,0,0,0,0,0,0,0,0,0,0
1.67006,0,0,0,0,0,0,0,0,0,0,0,0,0,0,0,0
1.68006,0,0,0,0,0,0,0,0,0,0,0,0,0,0,0,0
1.69006,0,0,0,0,0,0,0,0,0,0,0,0,0,0,0,0
1.70006,0,0,0,0,0,0,0,0,0,0,0,0,0,0,0,0
1.71006,0,0,0,0,0,0,0,0,0,0,0,0,0,0,0,0
1.72007,0,0,0,0,0,0,0,0,0,0,0,0,0,0,0,0
1.73006,0,0,0,0,0,0,0,0,0,0,0,0,0,0,0,0
1.74006,0,0,0,0,0,0,0,0,0,0,0,0,0,0,0,0
1.75007,0,0,0,0,0,0,0,0,0,0,0,0,0,0,0,0
1.76006,0,0,0,0,0,0,0,0,0,0,0,0,0,0,0,0
1.77006,0,0,0,0,0,0,0,0,0,0,0,0,0,0,0,0
1.78006,0,0,0,0,0,0,0,0,0,0,0,0,0,0,0,0
1.79006,0,0,0,0,0,0,0,0,0,0,0,0,0,0,0,0
1.80006,0,0,0,0,0,0,0,0,0,0,0,0,0,0,0,0
1.81006,0,0,0,0,0,0,0,0,0,0,0,0,0,0,0,0
1.82006,0,0,0,0,0,0,0,0,0,0,0,0,0,0,0,0
1.83006,0,0,0,0,0,0,0,0,0,0,0,0,0,0,0,0
1.84006,0,0,0,0,0,0,0,0,0,0,0,0,0,0,0,0
1.85006,0,0,0,0,0,0,0,0,0,0,0,0,0,0,0,0
1.86006,0,0,0,0,0,0,0,0,0,0,0,0,0,0,0,0
1.87007,0,0,0,0,0,0,0,0,0,0,0,0,0,0,0,0
1.88006,0,0,0,0,0,0,0,0,0,0,0,0,0,0,0,0
1.89007,0,0,0,0,0,0,0,0,0,0,0,0,0,0,0,0
1.90006,0,0,0,0,0,0,0,0,0,0,0,0,0,0,0,0
1.91007,0,0,0,0,0,0,0,0,0,0,0,0,0,0,0,0
1.92006,0,0,0,0,0,0,0,0,0,0,0,0,0,0,0,0
1.93007,0,0,0,0,0,0,0,0,0,0,0,0,0,0,0,0
1.94006,0,0,0,0,0,0,0,0,0,0,0,0,0,0,0,0
1.95006,0,0,0,0,0,0,0,0,0,0,0,0,0,0,0,0
1.96006,0,0,0,0,0,0,0,0,0,0,0,0,0,0,0,0
1.97006,0,0,0,0,0,0,0,0,0,0,0,0,0,0,0,0
1.98006,0,0,0,0,0,0,0,0,0,0,0,0,0,0,0,0
1.99007,0,0,0,0,0,0,0,0,0,0,0,0,0,0,0,0
2.00006,0,0,0,0,0,0,0,0,0,0,0,0,0,0,0,0
2.01006,0,0,0,0,0,0,0,0,0,0,0,0,0,0,0,0
2.02006,0,0,0,0,0,0,0,0,0,0,0,0,0,0,0,0
2.03006,0,0,0,0,0,0,0,0,0,0,0,0,0,0,0,0
2.04007,0,0,0,0,0,0,0,0,0,0,0,0,0,0,0,0
2.05006,0,0,0,0,0,0,0,0,0,0,0,0,0,0,0,0
2.06006,0,0,0,0,0,0,0,0,0,0,0,0,0,0,0,0
2.07006,0,0,0,0,0,0,0,0,0,0,0,0,0,0,0,0
2.08006,0,0,0,0,0,0,0,0,0,0,0,0,0,0,0,0
2.09007,0,0,0,0,0,0,0,0,0,0,0,0,0,0,0,0
2.10006,0,0,0,0,0,0,0,0,0,0,0,0,0,0,0,0
2.11006,0,0,0,0,0,0,0,0,0,0,0,0,0,0,0,0
2.12006,0,0,0,0,0,0,0,0,0,0,0,0,0,0,0,0
2.13006,0,0,0,0,0,0,0,0,0,0,0,0,0,0,0,0
2.14006,0,0,0,0,0,0,0,0,0,0,0,0,0,0,0,0
2.15006,0,0,0,0,0,0,0,0,0,0,0,0,0,0,0,0
2.16006,0,0,0,0,0,0,0,0,0,0,0,0,0,0,0,0
2.17006,0,0,0,0,0,0,0,0,0,0,0,0,0,0,0,0
2.18006,0,0,0,0,0,0,0,0,0,0,0,0,0,0,0,0
2.19006,0,0,0,0,0,0,0,0,0,0,0,0,0,0,0,0
2.20006,0,0,0,0,0,0,0,0,0,0,0,0,0,0,0,0
2.21006,0,0,0,0,0,0,0,0,0,0,0,0,0,0,0,0
2.22006,0,0,0,0,0,0,0,0,0,0,0,0,0,0,0,0
2.23006,0,0,0,0,0,0,0,0,0,0,0,0,0,0,0,0
2.24006,0,0,0,0,0,0,0,0,0,0,0,0,0,0,0,0
2.25006,0,0,0,0,0,0,0,0,0,0,0,0,0,0,0,0
2.26006,0,0,0,0,0,0,0,0,0,0,0,0,0,0,0,0
2.27001,0,0,0,0,0,0,0,0,0,0,0,0,0,0,0,0
2.28006,0,0,0,0,0,0,0,0,0,0,0,0,0,0,0,0
2.29006,0,0,0,0,0,0,0,0,0,0,0,0,0,0,0,0
2.30006,0,0,0,0,0,0,0,0,0,0,0,0,0,0,0,0
2.31007,0,0,0,0,0,0,0,0,0,0,0,0,0,0,0,0
2.32007,0,0,0,0,0,0,0,0,0,0,0,0,0,0,0,0
2.33006,0,0,0,0,0,0,0,0,0,0,0,0,0,0,0,0
2.34001,0,0,0,0,0,0,0,0,0,0,0,0,0,0,0,0
2.35006,0,0,0,0,0,0,0,0,0,0,0,0,0,0,0,0
2.36007,0,0,0,0,0,0,0,0,0,0,0,0,0,0,0,0
2.37006,0,0,0,0,0,0,0,0,0,0,0,0,0,0,0,0
2.38006,0,0,0,0,0,0,0,0,0,0,0,0,0,0,0,0
2.39001,0,0,0,0,0,0,0,0,0,0,0,0,0,0,0,0
2.40006,0,0,0,0,0,0,0,0,0,0,0,0,0,0,0,0
2.41006,0,0,0,0,0,0,0,0,0,0,0,0,0,0,0,0
2.42006,0,0,0,0,0,0,0,0,0,0,0,0,0,0,0,0
2.43006,0,0,0,0,0,0,0,0,0,0,0,0,0,0,0,0
2.44006,0,0,0,0,0,0,0,0,0,0,0,0,0,0,0,0
2.45006,0,0,0,0,0,0,0,0,0,0,0,0,0,0,0,0
2.46006,0,0,0,0,0,0,0,0,0,0,0,0,0,0,0,0
2.47006,0,0,0,0,0,0,0,0,0,0,0,0,0,0,0,0
2.48006,0,0,0,0,0,0,0,0,0,0,0,0,0,0,0,0
2.49006,0,0,0,0,0,0,0,0,0,0,0,0,0,0,0,0
2.50006,0,0,0,0,0,0,0,0,0,0,0,0,0,0,0,0
2.51007,0,0,0,0,0,0,0,0,0,0,0,0,0,0,0,0
2.52006,0,0,0,0,0,0,0,0,0,0,0,0,0,0,0,0
2.53007,0,0,0,0,0,0,0,0,0,0,0,0,0,0,0,0
2.54006,0,0,0,0,0,0,0,0,0,0,0,0,0,0,0,0
2.55006,0,0,0,0,0,0,0,0,0,0,0,0,0,0,0,0
2.56006,0,0,0,0,0,0,0,0,0,0,0,0,0,0,0,0
2.57006,0,0,0,0,0,0,0,0,0,0,0,0,0,0,0,0
2.58006,0,0,0,0,0,0,0,0,0,0,0,0,0,0,0,0
2.59006,0,0,0,0,0,0,0,0,0,0,0,0,0,0,0,0
2.60001,0,0,0,0,0,0,0,0,0,0,0,0,0,0,0,0
2.61006,0,0,0,0,0,0,0,0,0,0,0,0,0,0,0,0
2.62006,0,0,0,0,0,0,0,0,0,0,0,0,0,0,0,0
2.63006,0,0,0,0,0,0,0,0,0,0,0,0,0,0,0,0
2.64006,0,0,0,0,0,0,0,0,0,0,0,0,0,0,0,0
2.65006,0,0,0,0,0,0,0,0,0,0,0,0,0,0,0,0
2.66006,0,0,0,0,0,0,0,0,0,0,0,0,0,0,0,0
2.67006,0,0,0,0,0,0,0,0,0,0,0,0,0,0,0,0
2.68006,0,0,0,0,0,0,0,0,0,0,0,0,0,0,0,0
2.69002,0,0,0,0,0,0,0,0,0,0,0,0,0,0,0,0
2.70006,0,0,0,0,0,0,0,0,0,0,0,0,0,0,0,0
2.71006,0,0,0,0,0,0,0,0,0,0,0,0,0,0,0,0
2.72006,0,0,0,0,0,0,0,0,0,0,0,0,0,0,0,0
2.73006,0,0,0,0,0,0,0,0,0,0,0,0,0,0,0,0
2.74007,0,0,0,0,0,0,0,0,0,0,0,0,0,0,0,0
2.75007,0,0,0,0,0,0,0,0,0,0,0,0,0,0,0,0
2.76006,0,0,0,0,0,0,0,0,0,0,0,0,0,0,0,0
2.77007,0,0,0,0,0,0,0,0,0,0,0,0,0,0,0,0
2.78006,0,0,0,0,0,0,0,0,0,0,0,0,0,0,0,0
2.79006,0,0,0,0,0,0,0,0,0,0,0,0,0,0,0,0
2.80006,0,0,0,0,0,0,0,0,0,0,0,0,0,0,0,0
2.81006,0,0,0,0,0,0,0,0,0,0,0,0,0,0,0,0
2.82006,0,0,0,0,0,0,0,0,0,0,0,0,0,0,0,0
2.83006,0,0,0,0,0,0,0,0,0,0,0,0,0,0,0,0
2.84006,0,0,0,0,0,0,0,0,0,0,0,0,0,0,0,0
2.85007,0,0,0,0,0,0,0,0,0,0,0,0,0,0,0,0
2.86006,0,0,0,0,0,0,0,0,0,0,0,0,0,0,0,0
2.87006,0,0,0,0,0,0,0,0,0,0,0,0,0,0,0,0
2.88006,0,0,0,0,0,0,0,0,0,0,0,0,0,0,0,0
2.89006,0,0,0,0,0,0,0,0,0,0,0,0,0,0,0,0
2.90002,0,0,0,0,0,0,0,0,0,0,0,0,0,0,0,0
2.91006,0,0,0,0,0,0,0,0,0,0,0,0,0,0,0,0
2.92006,0,0,0,0,0,0,0,0,0,0,0,0,0,0,0,0
2.93006,0,0,0,0,0,0,0,0,0,0,0,0,0,0,0,0
2.94006,0,0,0,0,0,0,0,0,0,0,0,0,0,0,0,0
2.95006,0,0,0,0,0,0,0,0,0,0,0,0,0,0,0,0
2.96006,0,0,0,0,0,0,0,0,0,0,0,0,0,0,0,0
2.97006,0,0,0,0,0,0,0,0,0,0,0,0,0,0,0,0
2.98006,0,0,0,0,0,0,0,0,0,0,0,0,0,0,0,0
2.99006,0,0,0,0,0,0,0,0,0,0,0,0,0,0,0,0
3.00006,0,0,0,0,0,0,0,0,0,0,0,0,0,0,0,0
3.01006,0,0,0,0,0,0,0,0,0,0,0,0,0,0,0,0
3.02006,0,0,0,0,0,0,0,0,0,0,0,0,0,0,0,0
3.03006,0,0,0,0,0,0,0,0,0,0,0,0,0,0,0,0
3.04006,0,0,0,0,0,0,0,0,0,0,0,0,0,0,0,0
3.05006,0,0,0,0,0,0,0,0,0,0,0,0,0,0,0,0
3.06006,0,0,0,0,0,0,0,0,0,0,0,0,0,0,0,0
3.07007,0,0,0,0,0,0,0,0,0,0,0,0,0,0,0,0
3.08006,0,0,0,0,0,0,0,0,0,0,0,0,0,0,0,0
3.09007,0,0,0,0,0,0,0,0,0,0,0,0,0,0,0,0
3.10006,0,0,0,0,0,0,0,0,0,0,0,0,0,0,0,0
3.11006,0,0,0,0,0,0,0,0,0,0,0,0,0,0,0,0
3.12006,0,0,0,0,0,0,0,0,0,0,0,0,0,0,0,0
3.13006,0,0,0,0,0,0,0,0,0,0,0,0,0,0,0,0
3.14006,0,0,0,0,0,0,0,0,0,0,0,0,0,0,0,0
3.15006,0,0,0,0,0,0,0,0,0,0,0,0,0,0,0,0
3.16006,0,0,0,0,0,0,0,0,0,0,0,0,0,0,0,0
3.17006,0,0,0,0,0,0,0,0,0,0,0,0,0,0,0,0
3.18006,0,0,0,0,0,0,0,0,0,0,0,0,0,0,0,0
3.19006,0,0,0,0,0,0,0,0,0,0,0,0,0,0,0,0
3.20007,0,0,0,0,0,0,0,0,0,0,0,0,0,0,0,0
3.21006,0,0,0,0,0,0,0,0,0,0,0,0,0,0,0,0
3.22006,0,0,0,0,0,0,0,0,0,0,0,0,0,0,0,0
3.23006,0,0,0,0,0,0,0,0,0,0,0,0,0,0,0,0
3.24006,0,0,0,0,0,0,0,0,0,0,0,0,0,0,0,0
3.25006,0,0,0,0,0,0,0,0,0,0,0,0,0,0,0,0
3.26006,0,0,0,0,0,0,0,0,0,0,0,0,0,0,0,0
3.27006,0,0,0,0,0,0,0,0,0,0,0,0,0,0,0,0
3.28006,0,0,0,0,0,0,0,0,0,0,0,0,0,0,0,0
3.29006,0,0,0,0,0,0,0,0,0,0,0,0,0,0,0,0
3.30006,0,0,0,0,0,0,0,0,0,0,0,0,0,0,0,0
3.31006,0,0,0,0,0,0,0,0,0,0,0,0,0,0,0,0
3.32006,0,0,0,0,0,0,0,0,0,0,0,0,0,0,0,0
3.33006,0,0,0,0,0,0,0,0,0,0,0,0,0,0,0,0
3.34006,0,0,0,0,0,0,0,0,0,0,0,0,0,0,0,0
3.35006,0,0,0,0,0,0,0,0,0,0,0,0,0,0,0,0
3.36006,0,0,0,0,0,0,0,0,0,0,0,0,0,0,0,0
3.37006,0,0,0,0,0,0,0,0,0,0,0,0,0,0,0,0
3.38006,0,0,0,0,0,0,0,0,0,0,0,0,0,0,0,0
3.39006,0,0,0,0,0,0,0,0,0,0,0,0,0,0,0,0
3.40006,0,0,0,0,0,0,0,0,0,0,0,0,0,0,0,0
3.41006,0,0,0,0,0,0,0,0,0,0,0,0,0,0,0,0
3.42006,0,0,0,0,0,0,0,0,0,0,0,0,0,0,0,0
3.43006,0,0,0,0,0,0,0,0,0,0,0,0,0,0,0,0
3.44006,0,0,0,0,0,0,0,0,0,0,0,0,0,0,0,0
3.45006,0,0,0,0,0,0,0,0,0,0,0,0,0,0,0,0
3.46006,0,0,0,0,0,0,0,0,0,0,0,0,0,0,0,0
3.47006,0,0,0,0,0,0,0,0,0,0,0,0,0,0,0,0
3.48006,0,0,0,0,0,0,0,0,0,0,0,0,0,0,0,0
3.49006,0,0,0,0,0,0,0,0,0,0,0,0,0,0,0,0
3.50006,0,0,0,0,0,0,0,0,0,0,0,0,0,0,0,0
3.51006,0,0,0,0,0,0,0,0,0,0,0,0,0,0,0,0
3.52006,0,0,0,0,0,0,0,0,0,0,0,0,0,0,0,0
3.53006,0,0,0,0,0,0,0,0,0,0,0,0,0,0,0,0
3.54006,0,0,0,0,0,0,0,0,0,0,0,0,0,0,0,0
3.55007,0,0,0,0,0,0,0,0,0,0,0,0,0,0,0,0
3.56006,0,0,0,0,0,0,0,0,0,0,0,0,0,0,0,0
3.57006,0,0,0,0,0,0,0,0,0,0,0,0,0,0,0,0
3.58006,0,0,0,0,0,0,0,0,0,0,0,0,0,0,0,0
3.59006,0,0,0,0,0,0,0,0,0,0,0,0,0,0,0,0
3.60006,0,0,0,0,0,0,0,0,0,0,0,0,0,0,0,0
3.61006,0,0,0,0,0,0,0,0,0,0,0,0,0,0,0,0
3.62006,0,0,0,0,0,0,0,0,0,0,0,0,0,0,0,0
3.63006,0,0,0,0,0,0,0,0,0,0,0,0,0,0,0,0
3.64006,0,0,0,0,0,0,0,0,0,0,0,0,0,0,0,0
3.65007,0,0,0,0,0,0,0,0,0,0,0,0,0,0,0,0
3.66006,0,0,0,0,0,0,0,0,0,0,0,0,0,0,0,0
3.67006,0,0,0,0,0,0,0,0,0,0,0,0,0,0,0,0
3.68006,0,0,0,0,0,0,0,0,0,0,0,0,0,0,0,0
3.69006,0,0,0,0,0,0,0,0,0,0,0,0,0,0,0,0
3.70006,0,0,0,0,0,0,0,0,0,0,0,0,0,0,0,0
3.71007,0,0,0,0,0,0,0,0,0,0,0,0,0,0,0,0
3.72006,0,0,0,0,0,0,0,0,0,0,0,0,0,0,0,0
3.73007,0,0,0,0,0,0,0,0,0,0,0,0,0,0,0,0
3.74006,0,0,0,0,0,0,0,0,0,0,0,0,0,0,0,0
3.75006,0,0,0,0,0,0,0,0,0,0,0,0,0,0,0,0
3.76006,0,0,0,0,0,0,0,0,0,0,0,0,0,0,0,0
3.77006,0,0,0,0,0,0,0,0,0,0,0,0,0,0,0,0
3.78006,0,0,0,0,0,0,0,0,0,0,0,0,0,0,0,0
3.79006,0,0,0,0,0,0,0,0,0,0,0,0,0,0,0,0
3.80006,0,0,0,0,0,0,0,0,0,0,0,0,0,0,0,0
3.81006,0,0,0,0,0,0,0,0,0,0,0,0,0,0,0,0
3.82006,0,0,0,0,0,0,0,0,0,0,0,0,0,0,0,0
3.83006,0,0,0,0,0,0,0,0,0,0,0,0,0,0,0,0
3.84006,0,0,0,0,0,0,0,0,0,0,0,0,0,0,0,0
3.85006,0,0,0,0,0,0,0,0,0,0,0,0,0,0,0,0
3.86006,0,0,0,0,0,0,0,0,0,0,0,0,0,0,0,0
3.87006,0,0,0,0,0,0,0,0,0,0,0,0,0,0,0,0
3.88006,0,0,0,0,0,0,0,0,0,0,0,0,0,0,0,0
3.89006,0,0,0,0,0,0,0,0,0,0,0,0,0,0,0,0
3.90006,0,0,0,0,0,0,0,0,0,0,0,0,0,0,0,0
3.91006,0,0,0,0,0,0,0,0,0,0,0,0,0,0,0,0
3.92006,0,0,0,0,0,0,0,0,0,0,0,0,0,0,0,0
3.93007,0,0,0,0,0,0,0,0,0,0,0,0,0,0,0,0
3.94006,0,0,0,0,0,0,0,0,0,0,0,0,0,0,0,0
3.95006,0,0,0,0,0,0,0,0,0,0,0,0,0,0,0,0
3.96006,0,0,0,0,0,0,0,0,0,0,0,0,0,0,0,0
3.97006,0,0,0,0,0,0,0,0,0,0,0,0,0,0,0,0
3.98006,0,0,0,0,0,0,0,0,0,0,0,0,0,0,0,0
3.99006,0,0,0,0,0,0,0,0,0,0,0,0,0,0,0,0
4.00007,0,0,0,0,0,0,0,0,0,0,0,0,0,0,0,0
4.01007,0,0,0,0,0,0,0,0,0,0,0,0,0,0,0,0
4.02006,0,0,0,0,0,0,0,0,0,0,0,0,0,0,0,0
4.03006,0,0,0,0,0,0,0,0,0,0,0,0,0,0,0,0
4.04002,0,0,0,0,0,0,0,0,0,0,0,0,0,0,0,0
4.05006,0,0,0,0,0,0,0,0,0,0,0,0,0,0,0,0
4.06006,0,0,0,0,0,0,0,0,0,0,0,0,0,0,0,0
4.07006,0,0,0,0,0,0,0,0,0,0,0,0,0,0,0,0
4.08006,0,0,0,0,0,0,0,0,0,0,0,0,0,0,0,0
4.09006,0,0,0,0,0,0,0,0,0,0,0,0,0,0,0,0
4.10006,0,0,0,0,0,0,0,0,0,0,0,0,0,0,0,0
4.11006,0,0,0,0,0,0,0,0,0,0,0,0,0,0,0,0
4.12006,0,0,0,0,0,0,0,0,0,0,0,0,0,0,0,0
4.13007,0,0,0,0,0,0,0,0,0,0,0,0,0,0,0,0
4.14006,0,0,0,0,0,0,0,0,0,0,0,0,0,0,0,0
4.15006,0,0,0,0,0,0,0,0,0,0,0,0,0,0,0,0
4.16006,0,0,0,0,0,0,0,0,0,0,0,0,0,0,0,0
4.17006,0,0,0,0,0,0,0,0,0,0,0,0,0,0,0,0
4.18006,0,0,0,0,0,0,0,0,0,0,0,0,0,0,0,0
4.19006,0,0,0,0,0,0,0,0,0,0,0,0,0,0,0,0
4.20006,0,0,0,0,0,0,0,0,0,0,0,0,0,0,0,0
4.21006,0,0,0,0,0,0,0,0,0,0,0,0,0,0,0,0
4.22006,0,0,0,0,0,0,0,0,0,0,0,0,0,0,0,0
4.23006,0,0,0,0,0,0,0,0,0,0,0,0,0,0,0,0
4.24006,0,0,0,0,0,0,0,0,0,0,0,0,0,0,0,0
4.25006,0,0,0,0,0,0,0,0,0,0,0,0,0,0,0,0
4.26006,0,0,0,0,0,0,0,0,0,0,0,0,0,0,0,0
4.27006,0,0,0,0,0,0,0,0,0,0,0,0,0,0,0,0
4.28006,0,0,0,0,0,0,0,0,0,0,0,0,0,0,0,0
4.29002,0,0,0,0,0,0,0,0,0,0,0,0,0,0,0,0
4.30006,0,0,0,0,0,0,0,0,0,0,0,0,0,0,0,0
4.31006,0,0,0,0,0,0,0,0,0,0,0,0,0,0,0,0
4.32006,0,0,0,0,0,0,0,0,0,0,0,0,0,0,0,0
4.33006,0,0,0,0,0,0,0,0,0,0,0,0,0,0,0,0
4.34006,0,0,0,0,0,0,0,0,0,0,0,0,0,0,0,0
4.35007,0,0,0,0,0,0,0,0,0,0,0,0,0,0,0,0
4.36006,0,0,0,0,0,0,0,0,0,0,0,0,0,0,0,0
4.37003,0,0,0,0,0,0,0,0,0,0,0,0,0,0,0,0
4.38006,0,0,0,0,0,0,0,0,0,0,0,0,0,0,0,0
4.39007,0,0,0,0,0,0,0,0,0,0,0,0,0,0,0,0
4.40006,0,0,0,0,0,0,0,0,0,0,0,0,0,0,0,0
4.41006,0,0,0,0,0,0,0,0,0,0,0,0,0,0,0,0
4.42006,0,0,0,0,0,0,0,0,0,0,0,0,0,0,0,0
4.43006,0,0,0,0,0,0,0,0,0,0,0,0,0,0,0,0
4.44006,0,0,0,0,0,0,0,0,0,0,0,0,0,0,0,0
4.45006,0,0,0,0,0,0,0,0,0,0,0,0,0,0,0,0
4.46006,0,0,0,0,0,0,0,0,0,0,0,0,0,0,0,0
4.47006,0,0,0,0,0,0,0,0,0,0,0,0,0,0,0,0
4.48006,0,0,0,0,0,0,0,0,0,0,0,0,0,0,0,0
4.49006,0,0,0,0,0,0,0,0,0,0,0,0,0,0,0,0
4.50006,0,0,0,0,0,0,0,0,0,0,0,0,0,0,0,0
4.51006,0,0,0,0,0,0,0,0,0,0,0,0,0,0,0,0
4.52006,0,0,0,0,0,0,0,0,0,0,0,0,0,0,0,0
4.53006,0,0,0,0,0,0,0,0,0,0,0,0,0,0,0,0
4.54006,0,0,0,0,0,0,0,0,0,0,0,0,0,0,0,0
4.55006,0,0,0,0,0,0,0,0,0,0,0,0,0,0,0,0
4.56006,0,0,0,0,0,0,0,0,0,0,0,0,0,0,0,0
4.57006,0,0,0,0,0,0,0,0,0,0,0,0,0,0,0,0
4.58006,0,0,0,0,0,0,0,0,0,0,0,0,0,0,0,0
4.59006,0,0,0,0,0,0,0,0,0,0,0,0,0,0,0,0
4.60006,0,0,0,0,0,0,0,0,0,0,0,0,0,0,0,0
4.61006,0,0,0,0,0,0,0,0,0,0,0,0,0,0,0,0
4.62006,0,0,0,0,0,0,0,0,0,0,0,0,0,0,0,0
4.63006,0,0,0,0,0,0,0,0,0,0,0,0,0,0,0,0
4.64006,0,0,0,0,0,0,0,0,0,0,0,0,0,0,0,0
4.65006,0,0,0,0,0,0,0,0,0,0,0,0,0,0,0,0
4.66006,0,0,0,0,0,0,0,0,0,0,0,0,0,0,0,0
4.67006,0,0,0,0,0,0,0,0,0,0,0,0,0,0,0,0
4.68006,0,0,0,0,0,0,0,0,0,0,0,0,0,0,0,0
4.69002,0,0,0,0,0,0,0,0,0,0,0,0,0,0,0,0
4.70006,0,0,0,0,0,0,0,0,0,0,0,0,0,0,0,0
4.71002,0,0,0,0,0,0,0,0,0,0,0,0,0,0,0,0
4.72006,0,0,0,0,0,0,0,0,0,0,0,0,0,0,0,0
4.73006,0,0,0,0,0,0,0,0,0,0,0,0,0,0,0,0
4.74006,0,0,0,0,0,0,0,0,0,0,0,0,0,0,0,0
4.75006,0,0,0,0,0,0,0,0,0,0,0,0,0,0,0,0
4.76006,0,0,0,0,0,0,0,0,0,0,0,0,0,0,0,0
4.77006,0,0,0,0,0,0,0,0,0,0,0,0,0,0,0,0
4.78006,0,0,0,0,0,0,0,0,0,0,0,0,0,0,0,0
4.79006,0,0,0,0,0,0,0,0,0,0,0,0,0,0,0,0
4.80006,0,0,0,0,0,0,0,0,0,0,0,0,0,0,0,0
4.81006,0,0,0,0,0,0,0,0,0,0,0,0,0,0,0,0
4.82006,0,0,0,0,0,0,0,0,0,0,0,0,0,0,0,0
4.83006,0,0,0,0,0,0,0,0,0,0,0,0,0,0,0,0
4.84006,0,0,0,0,0,0,0,0,0,0,0,0,0,0,0,0
4.85006,0,0,0,0,0,0,0,0,0,0,0,0,0,0,0,0
4.86006,0,0,0,0,0,0,0,0,0,0,0,0,0,0,0,0
4.87006,0,0,0,0,0,0,0,0,0,0,0,0,0,0,0,0
4.88006,0,0,0,0,0,0,0,0,0,0,0,0,0,0,0,0
4.89002,0,0,0,0,0,0,0,0,0,0,0,0,0,0,0,0
4.90006,0,0,0,0,0,0,0,0,0,0,0,0,0,0,0,0
4.91006,0,0,0,0,0,0,0,0,0,0,0,0,0,0,0,0
4.92006,0,0,0,0,0,0,0,0,0,0,0,0,0,0,0,0
4.93006,0,0,0,0,0,0,0,0,0,0,0,0,0,0,0,0
4.94006,0,0,0,0,0,0,0,0,0,0,0,0,0,0,0,0
4.95006,0,0,0,0,0,0,0,0,0,0,0,0,0,0,0,0
4.96006,0,0,0,0,0,0,0,0,0,0,0,0,0,0,0,0
4.97006,0,0,0,0,0,0,0,0,0,0,0,0,0,0,0,0
4.98006,0,0,0,0,0,0,0,0,0,0,0,0,0,0,0,0
4.99006,0,0,0,0,0,0,0,0,0,0,0,0,0,0,0,0
5.00006,0,0,0,0,0,0,0,0,0,0,0,0,0,0,0,0
5.01006,0,0,0,0,0,0,0,0,0,0,0,0,0,0,0,0
5.02006,0,0,0,0,0,0,0,0,0,0,0,0,0,0,0,0
5.03006,0,0,0,0,0,0,0,0,0,0,0,0,0,0,0,0
5.04006,0,0,0,0,0,0,0,0,0,0,0,0,0,0,0,0
5.05006,0,0,0,0,0,0,0,0,0,0,0,0,0,0,0,0
5.06006,0,0,0,0,0,0,0,0,0,0,0,0,0,0,0,0
5.07006,0,0,0,0,0,0,0,0,0,0,0,0,0,0,0,0
5.08006,0,0,0,0,0,0,0,0,0,0,0,0,0,0,0,0
5.09006,0,0,0,0,0,0,0,0,0,0,0,0,0,0,0,0
5.10006,0,0,0,0,0,0,0,0,0,0,0,0,0,0,0,0
5.11003,0,0,0,0,0,0,0,0,0,0,0,0,0,0,0,0
5.12006,0,0,0,0,0,0,0,0,0,0,0,0,0,0,0,0
5.13007,0,0,0,0,0,0,0,0,0,0,0,0,0,0,0,0
5.14006,0,0,0,0,0,0,0,0,0,0,0,0,0,0,0,0
5.15006,0,0,0,0,0,0,0,0,0,0,0,0,0,0,0,0
5.16006,0,0,0,0,0,0,0,0,0,0,0,0,0,0,0,0
5.17006,0,0,0,0,0,0,0,0,0,0,0,0,0,0,0,0
5.18006,0,0,0,0,0,0,0,0,0,0,0,0,0,0,0,0
5.19006,0,0,0,0,0,0,0,0,0,0,0,0,0,0,0,0
5.20006,0,0,0,0,0,0,0,0,0,0,0,0,0,0,0,0
5.21006,0,0,0,0,0,0,0,0,0,0,0,0,0,0,0,0
5.22006,0,0,0,0,0,0,0,0,0,0,0,0,0,0,0,0
5.23006,0,0,0,0,0,0,0,0,0,0,0,0,0,0,0,0
5.24006,0,0,0,0,0,0,0,0,0,0,0,0,0,0,0,0
5.25006,0,0,0,0,0,0,0,0,0,0,0,0,0,0,0,0
5.26006,0,0,0,0,0,0,0,0,0,0,0,0,0,0,0,0
5.27007,0,0,0,0,0,0,0,0,0,0,0,0,0,0,0,0
5.28006,0,0,0,0,0,0,0,0,0,0,0,0,0,0,0,0
5.29006,0,0,0,0,0,0,0,0,0,0,0,0,0,0,0,0
5.30006,0,0,0,0,0,0,0,0,0,0,0,0,0,0,0,0
5.31006,0,0,0,0,0,0,0,0,0,0,0,0,0,0,0,0
5.32006,0,0,0,0,0,0,0,0,0,0,0,0,0,0,0,0
5.33006,0,0,0,0,0,0,0,0,0,0,0,0,0,0,0,0
5.34006,0,0,0,0,0,0,0,0,0,0,0,0,0,0,0,0
5.35006,0,0,0,0,0,0,0,0,0,0,0,0,0,0,0,0
5.36006,0,0,0,0,0,0,0,0,0,0,0,0,0,0,0,0
5.37001,0,0,0,0,0,0,0,0,0,0,0,0,0,0,0,0
5.38007,0,0,0,0,0,0,0,0,0,0,0,0,0,0,0,0
5.39006,0,0,0,0,0,0,0,0,0,0,0,0,0,0,0,0
5.40007,0,0,0,0,0,0,0,0,0,0,0,0,0,0,0,0
5.41006,0,0,0,0,0,0,0,0,0,0,0,0,0,0,0,0
5.42006,0,0,0,0,0,0,0,0,0,0,0,0,0,0,0,0
5.43006,0,0,0,0,0,0,0,0,0,0,0,0,0,0,0,0
5.44006,0,0,0,0,0,0,0,0,0,0,0,0,0,0,0,0
5.45007,0,0,0,0,0,0,0,0,0,0,0,0,0,0,0,0
5.46006,0,0,0,0,0,0,0,0,0,0,0,0,0,0,0,0
5.47006,0,0,0,0,0,0,0,0,0,0,0,0,0,0,0,0
5.48006,0,0,0,0,0,0,0,0,0,0,0,0,0,0,0,0
5.49006,0,0,0,0,0,0,0,0,0,0,0,0,0,0,0,0
5.50006,0,0,0,0,0,0,0,0,0,0,0,0,0,0,0,0
5.51006,0,0,0,0,0,0,0,0,0,0,0,0,0,0,0,0
5.52006,0,0,0,0,0,0,0,0,0,0,0,0,0,0,0,0
5.53007,0,0,0,0,0,0,0,0,0,0,0,0,0,0,0,0
5.54007,0,0,0,0,0,0,0,0,0,0,0,0,0,0,0,0
5.55007,0,0,0,0,0,0,0,0,0,0,0,0,0,0,0,0
5.56006,0,0,0,0,0,0,0,0,0,0,0,0,0,0,0,0
5.57006,0,0,0,0,0,0,0,0,0,0,0,0,0,0,0,0
5.58006,0,0,0,0,0,0,0,0,0,0,0,0,0,0,0,0
5.59008,0,0,0,0,0,0,0,0,0,0,0,0,0,0,0,0
5.60006,0,0,0,0,0,0,0,0,0,0,0,0,0,0,0,0
5.61006,0,0,0,0,0,0,0,0,0,0,0,0,0,0,0,0
5.62006,0,0,0,0,0,0,0,0,0,0,0,0,0,0,0,0
5.63006,0,0,0,0,0,0,0,0,0,0,0,0,0,0,0,0
5.64006,0,0,0,0,0,0,0,0,0,0,0,0,0,0,0,0
5.65006,0,0,0,0,0,0,0,0,0,0,0,0,0,0,0,0
5.66006,0,0,0,0,0,0,0,0,0,0,0,0,0,0,0,0
5.67006,0,0,0,0,0,0,0,0,0,0,0,0,0,0,0,0
5.68006,0,0,0,0,0,0,0,0,0,0,0,0,0,0,0,0
5.69006,0,0,0,0,0,0,0,0,0,0,0,0,0,0,0,0
5.70007,0,0,0,0,0,0,0,0,0,0,0,0,0,0,0,0
5.71007,0,0,0,0,0,0,0,0,0,0,0,0,0,0,0,0
5.72006,0,0,0,0,0,0,0,0,0,0,0,0,0,0,0,0
5.73006,0,0,0,0,0,0,0,0,0,0,0,0,0,0,0,0
5.74006,0,0,0,0,0,0,0,0,0,0,0,0,0,0,0,0
5.75006,0,0,0,0,0,0,0,0,0,0,0,0,0,0,0,0
5.76006,0,0,0,0,0,0,0,0,0,0,0,0,0,0,0,0
5.77006,0,0,0,0,0,0,0,0,0,0,0,0,0,0,0,0
5.78006,0,0,0,0,0,0,0,0,0,0,0,0,0,0,0,0
5.79006,0,0,0,0,0,0,0,0,0,0,0,0,0,0,0,0
5.80003,0,0,0,0,0,0,0,0,0,0,0,0,0,0,0,0
5.81006,0,0,0,0,0,0,0,0,0,0,0,0,0,0,0,0
5.82006,0,0,0,0,0,0,0,0,0,0,0,0,0,0,0,0
5.83006,0,0,0,0,0,0,0,0,0,0,0,0,0,0,0,0
5.84006,0,0,0,0,0,0,0,0,0,0,0,0,0,0,0,0
5.85006,0,0,0,0,0,0,0,0,0,0,0,0,0,0,0,0
5.86006,0,0,0,0,0,0,0,0,0,0,0,0,0,0,0,0
5.87006,0,0,0,0,0,0,0,0,0,0,0,0,0,0,0,0
5.88006,0,0,0,0,0,0,0,0,0,0,0,0,0,0,0,0
5.89007,0,0,0,0,0,0,0,0,0,0,0,0,0,0,0,0
5.90006,0,0,0,0,0,0,0,0,0,0,0,0,0,0,0,0
5.91007,0,0,0,0,0,0,0,0,0,0,0,0,0,0,0,0
5.92006,0,0,0,0,0,0,0,0,0,0,0,0,0,0,0,0
5.93007,0,0,0,0,0,0,0,0,0,0,0,0,0,0,0,0
5.94006,0,0,0,0,0,0,0,0,0,0,0,0,0,0,0,0
5.95007,0,0,0,0,0,0,0,0,0,0,0,0,0,0,0,0
5.96007,0,0,0,0,0,0,0,0,0,0,0,0,0,0,0,0
5.97006,0,0,0,0,0,0,0,0,0,0,0,0,0,0,0,0
5.98006,0,0,0,0,0,0,0,0,0,0,0,0,0,0,0,0
5.99006,0,0,0,0,0,0,0,0,0,0,0,0,0,0,0,0
6.00006,0,0,0,0,0,0,0,0,0,0,0,0,0,0,0,0
6.01007,0,0,0,0,0,0,0,0,0,0,0,0,0,0,0,0
6.02006,0,0,0,0,0,0,0,0,0,0,0,0,0,0,0,0
6.03006,0,0,0,0,0,0,0,0,0,0,0,0,0,0,0,0
6.04006,0,0,0,0,0,0,0,0,0,0,0,0,0,0,0,0
6.05006,0,0,0,0,0,0,0,0,0,0,0,0,0,0,0,0
6.06006,0,0,0,0,0,0,0,0,0,0,0,0,0,0,0,0
6.07007,0,0,0,0,0,0,0,0,0,0,0,0,0,0,0,0
6.08006,0,0,0,0,0,0,0,0,0,0,0,0,0,0,0,0
6.09006,0,0,0,0,0,0,0,0,0,0,0,0,0,0,0,0
6.10006,0,0,0,0,0,0,0,0,0,0,0,0,0,0,0,0
6.11006,0,0,0,0,0,0,0,0,0,0,0,0,0,0,0,0
6.12006,0,0,0,0,0,0,0,0,0,0,0,0,0,0,0,0
6.13006,0,0,0,0,0,0,0,0,0,0,0,0,0,0,0,0
6.14006,0,0,0,0,0,0,0,0,0,0,0,0,0,0,0,0
6.15006,0,0,0,0,0,0,0,0,0,0,0,0,0,0,0,0
6.16006,0,0,0,0,0,0,0,0,0,0,0,0,0,0,0,0
6.17006,0,0,0,0,0,0,0,0,0,0,0,0,0,0,0,0
6.18006,0,0,0,0,0,0,0,0,0,0,0,0,0,0,0,0
6.19006,0,0,0,0,0,0,0,0,0,0,0,0,0,0,0,0
6.20006,0,0,0,0,0,0,0,0,0,0,0,0,0,0,0,0
6.21006,0,0,0,0,0,0,0,0,0,0,0,0,0,0,0,0
6.22006,0,0,0,0,0,0,0,0,0,0,0,0,0,0,0,0
6.23006,0,0,0,0,0,0,0,0,0,0,0,0,0,0,0,0
6.24007,0,0,0,0,0,0,0,0,0,0,0,0,0,0,0,0
6.25007,0,0,0,0,0,0,0,0,0,0,0,0,0,0,0,0
6.26006,0,0,0,0,0,0,0,0,0,0,0,0,0,0,0,0
6.27006,0,0,0,0,0,0,0,0,0,0,0,0,0,0,0,0
6.28006,0,0,0,0,0,0,0,0,0,0,0,0,0,0,0,0
6.29006,0,0,0,0,0,0,0,0,0,0,0,0,0,0,0,0
6.30006,0,0,0,0,0,0,0,0,0,0,0,0,0,0,0,0
6.31006,0,0,0,0,0,0,0,0,0,0,0,0,0,0,0,0
6.32006,0,0,0,0,0,0,0,0,0,0,0,0,0,0,0,0
6.33006,0,0,0,0,0,0,0,0,0,0,0,0,0,0,0,0
6.34006,0,0,0,0,0,0,0,0,0,0,0,0,0,0,0,0
6.35006,0,0,0,0,0,0,0,0,0,0,0,0,0,0,0,0
6.36006,0,0,0,0,0,0,0,0,0,0,0,0,0,0,0,0
6.37006,0,0,0,0,0,0,0,0,0,0,0,0,0,0,0,0
6.38006,0,0,0,0,0,0,0,0,0,0,0,0,0,0,0,0
6.39006,0,0,0,0,0,0,0,0,0,0,0,0,0,0,0,0
6.40007,0,0,0,0,0,0,0,0,0,0,0,0,0,0,0,0
6.41006,0,0,0,0,0,0,0,0,0,0,0,0,0,0,0,0
6.42006,0,0,0,0,0,0,0,0,0,0,0,0,0,0,0,0
6.43006,0,0,0,0,0,0,0,0,0,0,0,0,0,0,0,0
6.44006,0,0,0,0,0,0,0,0,0,0,0,0,0,0,0,0
6.45006,0,0,0,0,0,0,0,0,0,0,0,0,0,0,0,0
6.46006,0,0,0,0,0,0,0,0,0,0,0,0,0,0,0,0
6.47006,0,0,0,0,0,0,0,0,0,0,0,0,0,0,0,0
6.48006,0,0,0,0,0,0,0,0,0,0,0,0,0,0,0,0
6.49006,0,0,0,0,0,0,0,0,0,0,0,0,0,0,0,0
6.50006,0,0,0,0,0,0,0,0,0,0,0,0,0,0,0,0
6.51007,0,0,0,0,0,0,0,0,0,0,0,0,0,0,0,0
6.52006,0,0,0,0,0,0,0,0,0,0,0,0,0,0,0,0
6.53006,0,0,0,0,0,0,0,0,0,0,0,0,0,0,0,0
6.54006,0,0,0,0,0,0,0,0,0,0,0,0,0,0,0,0
6.55006,0,0,0,0,0,0,0,0,0,0,0,0,0,0,0,0
6.56006,0,0,0,0,0,0,0,0,0,0,0,0,0,0,0,0
6.57006,0,0,0,0,0,0,0,0,0,0,0,0,0,0,0,0
6.58006,0,0,0,0,0,0,0,0,0,0,0,0,0,0,0,0
6.59006,0,0,0,0,0,0,0,0,0,0,0,0,0,0,0,0
6.60006,0,0,0,0,0,0,0,0,0,0,0,0,0,0,0,0
6.61006,0,0,0,0,0,0,0,0,0,0,0,0,0,0,0,0
6.62006,0,0,0,0,0,0,0,0,0,0,0,0,0,0,0,0
6.63006,0,0,0,0,0,0,0,0,0,0,0,0,0,0,0,0
6.64007,0,0,0,0,0,0,0,0,0,0,0,0,0,0,0,0
6.65007,0,0,0,0,0,0,0,0,0,0,0,0,0,0,0,0
6.66006,0,0,0,0,0,0,0,0,0,0,0,0,0,0,0,0
6.67007,0,0,0,0,0,0,0,0,0,0,0,0,0,0,0,0
6.68006,0,0,0,0,0,0,0,0,0,0,0,0,0,0,0,0
6.69006,0,0,0,0,0,0,0,0,0,0,0,0,0,0,0,0
6.70006,0,0,0,0,0,0,0,0,0,0,0,0,0,0,0,0
6.71006,0,0,0,0,0,0,0,0,0,0,0,0,0,0,0,0
6.72006,0,0,0,0,0,0,0,0,0,0,0,0,0,0,0,0
6.73006,0,0,0,0,0,0,0,0,0,0,0,0,0,0,0,0
6.74006,0,0,0,0,0,0,0,0,0,0,0,0,0,0,0,0
6.75006,0,0,0,0,0,0,0,0,0,0,0,0,0,0,0,0
6.76006,0,0,0,0,0,0,0,0,0,0,0,0,0,0,0,0
6.77006,0,0,0,0,0,0,0,0,0,0,0,0,0,0,0,0
6.78006,0,0,0,0,0,0,0,0,0,0,0,0,0,0,0,0
6.79006,0,0,0,0,0,0,0,0,0,0,0,0,0,0,0,0
6.80006,0,0,0,0,0,0,0,0,0,0,0,0,0,0,0,0
6.81006,0,0,0,0,0,0,0,0,0,0,0,0,0,0,0,0
6.82006,0,0,0,0,0,0,0,0,0,0,0,0,0,0,0,0
6.83006,0,0,0,0,0,0,0,0,0,0,0,0,0,0,0,0
6.84006,0,0,0,0,0,0,0,0,0,0,0,0,0,0,0,0
6.85006,0,0,0,0,0,0,0,0,0,0,0,0,0,0,0,0
6.86006,0,0,0,0,0,0,0,0,0,0,0,0,0,0,0,0
6.87006,0,0,0,0,0,0,0,0,0,0,0,0,0,0,0,0
6.88006,0,0,0,0,0,0,0,0,0,0,0,0,0,0,0,0
6.89006,0,0,0,0,0,0,0,0,0,0,0,0,0,0,0,0
6.90006,0,0,0,0,0,0,0,0,0,0,0,0,0,0,0,0
6.91006,0,0,0,0,0,0,0,0,0,0,0,0,0,0,0,0
6.92006,0,0,0,0,0,0,0,0,0,0,0,0,0,0,0,0
6.93007,0,0,0,0,0,0,0,0,0,0,0,0,0,0,0,0
6.94007,0,0,0,0,0,0,0,0,0,0,0,0,0,0,0,0
6.95007,0,0,0,0,0,0,0,0,0,0,0,0,0,0,0,0
6.96006,0,0,0,0,0,0,0,0,0,0,0,0,0,0,0,0
6.97006,0,0,0,0,0,0,0,0,0,0,0,0,0,0,0,0
6.98006,0,0,0,0,0,0,0,0,0,0,0,0,0,0,0,0
6.99006,0,0,0,0,0,0,0,0,0,0,0,0,0,0,0,0
7.00006,0,0,0,0,0,0,0,0,0,0,0,0,0,0,0,0
7.01007,0,0,0,0,0,0,0,0,0,0,0,0,0,0,0,0
7.02006,0,0,0,0,0,0,0,0,0,0,0,0,0,0,0,0
7.03007,0,0,0,0,0,0,0,0,0,0,0,0,0,0,0,0
7.04006,0,0,0,0,0,0,0,0,0,0,0,0,0,0,0,0
7.05006,0,0,0,0,0,0,0,0,0,0,0,0,0,0,0,0
7.06006,0,0,0,0,0,0,0,0,0,0,0,0,0,0,0,0
7.07006,0,0,0,0,0,0,0,0,0,0,0,0,0,0,0,0
7.08006,0,0,0,0,0,0,0,0,0,0,0,0,0,0,0,0
7.09006,0,0,0,0,0,0,0,0,0,0,0,0,0,0,0,0
7.10006,0,0,0,0,0,0,0,0,0,0,0,0,0,0,0,0
7.11006,0,0,0,0,0,0,0,0,0,0,0,0,0,0,0,0
7.12006,0,0,0,0,0,0,0,0,0,0,0,0,0,0,0,0
7.13006,0,0,0,0,0,0,0,0,0,0,0,0,0,0,0,0
7.14006,0,0,0,0,0,0,0,0,0,0,0,0,0,0,0,0
7.15007,0,0,0,0,0,0,0,0,0,0,0,0,0,0,0,0
7.16007,0,0,0,0,0,0,0,0,0,0,0,0,0,0,0,0
7.17006,0,0,0,0,0,0,0,0,0,0,0,0,0,0,0,0
7.18006,0,0,0,0,0,0,0,0,0,0,0,0,0,0,0,0
7.19006,0,0,0,0,0,0,0,0,0,0,0,0,0,0,0,0
7.20006,0,0,0,0,0,0,0,0,0,0,0,0,0,0,0,0
7.21006,0,0,0,0,0,0,0,0,0,0,0,0,0,0,0,0
7.22006,0,0,0,0,0,0,0,0,0,0,0,0,0,0,0,0
7.23006,0,0,0,0,0,0,0,0,0,0,0,0,0,0,0,0
7.24006,0,0,0,0,0,0,0,0,0,0,0,0,0,0,0,0
7.25007,0,0,0,0,0,0,0,0,0,0,0,0,0,0,0,0
7.26006,0,0,0,0,0,0,0,0,0,0,0,0,0,0,0,0
7.27007,0,0,0,0,0,0,0,0,0,0,0,0,0,0,0,0
7.28007,0,0,0,0,0,0,0,0,0,0,0,0,0,0,0,0
7.29006,0,0,0,0,0,0,0,0,0,0,0,0,0,0,0,0
7.30007,0,0,0,0,0,0,0,0,0,0,0,0,0,0,0,0
7.31007,0,0,0,0,0,0,0,0,0,0,0,0,0,0,0,0
7.32006,0,0,0,0,0,0,0,0,0,0,0,0,0,0,0,0
7.33006,0,0,0,0,0,0,0,0,0,0,0,0,0,0,0,0
7.34006,0,0,0,0,0,0,0,0,0,0,0,0,0,0,0,0
7.35007,0,0,0,0,0,0,0,0,0,0,0,0,0,0,0,0
7.36006,0,0,0,0,0,0,0,0,0,0,0,0,0,0,0,0
7.37006,0,0,0,0,0,0,0,0,0,0,0,0,0,0,0,0
7.38006,0,0,0,0,0,0,0,0,0,0,0,0,0,0,0,0
7.39006,0,0,0,0,0,0,0,0,0,0,0,0,0,0,0,0
7.40006,0,0,0,0,0,0,0,0,0,0,0,0,0,0,0,0
7.41006,0,0,0,0,0,0,0,0,0,0,0,0,0,0,0,0
7.42006,0,0,0,0,0,0,0,0,0,0,0,0,0,0,0,0
7.43006,0,0,0,0,0,0,0,0,0,0,0,0,0,0,0,0
7.44006,0,0,0,0,0,0,0,0,0,0,0,0,0,0,0,0
7.45006,0,0,0,0,0,0,0,0,0,0,0,0,0,0,0,0
7.46006,0,0,0,0,0,0,0,0,0,0,0,0,0,0,0,0
7.47006,0,0,0,0,0,0,0,0,0,0,0,0,0,0,0,0
7.48006,0,0,0,0,0,0,0,0,0,0,0,0,0,0,0,0
7.49006,0,0,0,0,0,0,0,0,0,0,0,0,0,0,0,0
7.50006,0,0,0,0,0,0,0,0,0,0,0,0,0,0,0,0
7.51006,0,0,0,0,0,0,0,0,0,0,0,0,0,0,0,0
7.52006,0,0,0,0,0,0,0,0,0,0,0,0,0,0,0,0
7.53006,0,0,0,0,0,0,0,0,0,0,0,0,0,0,0,0
7.54006,0,0,0,0,0,0,0,0,0,0,0,0,0,0,0,0
7.55006,0,0,0,0,0,0,0,0,0,0,0,0,0,0,0,0
7.56006,0,0,0,0,0,0,0,0,0,0,0,0,0,0,0,0
7.57007,0,0,0,0,0,0,0,0,0,0,0,0,0,0,0,0
7.58006,0,0,0,0,0,0,0,0,0,0,0,0,0,0,0,0
7.59006,0,0,0,0,0,0,0,0,0,0,0,0,0,0,0,0
7.60006,0,0,0,0,0,0,0,0,0,0,0,0,0,0,0,0
7.61006,0,0,0,0,0,0,0,0,0,0,0,0,0,0,0,0
7.62006,0,0,0,0,0,0,0,0,0,0,0,0,0,0,0,0
7.63006,0,0,0,0,0,0,0,0,0,0,0,0,0,0,0,0
7.64006,0,0,0,0,0,0,0,0,0,0,0,0,0,0,0,0
7.65006,0,0,0,0,0,0,0,0,0,0,0,0,0,0,0,0
7.66006,0,0,0,0,0,0,0,0,0,0,0,0,0,0,0,0
7.67006,0,0,0,0,0,0,0,0,0,0,0,0,0,0,0,0
7.68006,0,0,0,0,0,0,0,0,0,0,0,0,0,0,0,0
7.69006,0,0,0,0,0,0,0,0,0,0,0,0,0,0,0,0
7.70006,0,0,0,0,0,0,0,0,0,0,0,0,0,0,0,0
7.71006,0,0,0,0,0,0,0,0,0,0,0,0,0,0,0,0
7.72006,0,0,0,0,0,0,0,0,0,0,0,0,0,0,0,0
7.73006,0,0,0,0,0,0,0,0,0,0,0,0,0,0,0,0
7.74006,0,0,0,0,0,0,0,0,0,0,0,0,0,0,0,0
7.75006,0,0,0,0,0,0,0,0,0,0,0,0,0,0,0,0
7.76006,0,0,0,0,0,0,0,0,0,0,0,0,0,0,0,0
7.77007,0,0,0,0,0,0,0,0,0,0,0,0,0,0,0,0
7.78006,0,0,0,0,0,0,0,0,0,0,0,0,0,0,0,0
7.79006,0,0,0,0,0,0,0,0,0,0,0,0,0,0,0,0
7.80006,0,0,0,0,0,0,0,0,0,0,0,0,0,0,0,0
7.81006,0,0,0,0,0,0,0,0,0,0,0,0,0,0,0,0
7.82006,0,0,0,0,0,0,0,0,0,0,0,0,0,0,0,0
7.83006,0,0,0,0,0,0,0,0,0,0,0,0,0,0,0,0
7.84006,0,0,0,0,0,0,0,0,0,0,0,0,0,0,0,0
7.85006,0,0,0,0,0,0,0,0,0,0,0,0,0,0,0,0
7.86006,0,0,0,0,0,0,0,0,0,0,0,0,0,0,0,0
7.87006,0,0,0,0,0,0,0,0,0,0,0,0,0,0,0,0
7.88006,0,0,0,0,0,0,0,0,0,0,0,0,0,0,0,0
7.89006,0,0,0,0,0,0,0,0,0,0,0,0,0,0,0,0
7.90006,0,0,0,0,0,0,0,0,0,0,0,0,0,0,0,0
7.91006,0,0,0,0,0,0,0,0,0,0,0,0,0,0,0,0
7.92006,0,0,0,0,0,0,0,0,0,0,0,0,0,0,0,0
7.93006,0,0,0,0,0,0,0,0,0,0,0,0,0,0,0,0
7.94006,0,0,0,0,0,0,0,0,0,0,0,0,0,0,0,0
7.95007,0,0,0,0,0,0,0,0,0,0,0,0,0,0,0,0
7.96006,0,0,0,0,0,0,0,0,0,0,0,0,0,0,0,0
7.97006,0,0,0,0,0,0,0,0,0,0,0,0,0,0,0,0
7.98006,0,0,0,0,0,0,0,0,0,0,0,0,0,0,0,0
7.99006,0,0,0,0,0,0,0,0,0,0,0,0,0,0,0,0
8.00002,0,0,0,0,0,0,0,0,0,0,0,0,0,0,0,0
8.01006,0,0,0,0,0,0,0,0,0,0,0,0,0,0,0,0
8.02006,0,0,0,0,0,0,0,0,0,0,0,0,0,0,0,0
8.03006,0,0,0,0,0,0,0,0,0,0,0,0,0,0,0,0
8.04006,0,0,0,0,0,0,0,0,0,0,0,0,0,0,0,0
8.05006,0,0,0,0,0,0,0,0,0,0,0,0,0,0,0,0
8.06006,0,0,0,0,0,0,0,0,0,0,0,0,0,0,0,0
8.07006,0,0,0,0,0,0,0,0,0,0,0,0,0,0,0,0
8.08006,0,0,0,0,0,0,0,0,0,0,0,0,0,0,0,0
8.09006,0,0,0,0,0,0,0,0,0,0,0,0,0,0,0,0
8.10006,0,0,0,0,0,0,0,0,0,0,0,0,0,0,0,0
8.11006,0,0,0,0,0,0,0,0,0,0,0,0,0,0,0,0
8.12006,0,0,0,0,0,0,0,0,0,0,0,0,0,0,0,0
8.13006,0,0,0,0,0,0,0,0,0,0,0,0,0,0,0,0
8.14006,0,0,0,0,0,0,0,0,0,0,0,0,0,0,0,0
8.15006,0,0,0,0,0,0,0,0,0,0,0,0,0,0,0,0
8.16006,0,0,0,0,0,0,0,0,0,0,0,0,0,0,0,0
8.17006,0,0,0,0,0,0,0,0,0,0,0,0,0,0,0,0
8.18006,0,0,0,0,0,0,0,0,0,0,0,0,0,0,0,0
8.19006,0,0,0,0,0,0,0,0,0,0,0,0,0,0,0,0
8.20006,0,0,0,0,0,0,0,0,0,0,0,0,0,0,0,0
8.21006,0,0,0,0,0,0,0,0,0,0,0,0,0,0,0,0
8.22006,0,0,0,0,0,0,0,0,0,0,0,0,0,0,0,0
8.23006,0,0,0,0,0,0,0,0,0,0,0,0,0,0,0,0
8.24006,0,0,0,0,0,0,0,0,0,0,0,0,0,0,0,0
8.25006,0,0,0,0,0,0,0,0,0,0,0,0,0,0,0,0
8.26006,0,0,0,0,0,0,0,0,0,0,0,0,0,0,0,0
8.27007,0,0,0,0,0,0,0,0,0,0,0,0,0,0,0,0
8.28006,0,0,0,0,0,0,0,0,0,0,0,0,0,0,0,0
8.29006,0,0,0,0,0,0,0,0,0,0,0,0,0,0,0,0
8.30006,0,0,0,0,0,0,0,0,0,0,0,0,0,0,0,0
8.31007,0,0,0,0,0,0,0,0,0,0,0,0,0,0,0,0
8.32006,0,0,0,0,0,0,0,0,0,0,0,0,0,0,0,0
8.33007,0,0,0,0,0,0,0,0,0,0,0,0,0,0,0,0
8.34006,0,0,0,0,0,0,0,0,0,0,0,0,0,0,0,0
8.35006,0,0,0,0,0,0,0,0,0,0,0,0,0,0,0,0
8.36006,0,0,0,0,0,0,0,0,0,0,0,0,0,0,0,0
8.37007,0,0,0,0,0,0,0,0,0,0,0,0,0,0,0,0
8.38006,0,0,0,0,0,0,0,0,0,0,0,0,0,0,0,0
8.39007,0,0,0,0,0,0,0,0,0,0,0,0,0,0,0,0
8.40006,0,0,0,0,0,0,0,0,0,0,0,0,0,0,0,0
8.41007,0,0,0,0,0,0,0,0,0,0,0,0,0,0,0,0
8.42006,0,0,0,0,0,0,0,0,0,0,0,0,0,0,0,0
8.43007,0,0,0,0,0,0,0,0,0,0,0,0,0,0,0,0
8.44006,0,0,0,0,0,0,0,0,0,0,0,0,0,0,0,0
8.45006,0,0,0,0,0,0,0,0,0,0,0,0,0,0,0,0
8.46006,0,0,0,0,0,0,0,0,0,0,0,0,0,0,0,0
8.47006,0,0,0,0,0,0,0,0,0,0,0,0,0,0,0,0
8.48006,0,0,0,0,0,0,0,0,0,0,0,0,0,0,0,0
8.49006,0,0,0,0,0,0,0,0,0,0,0,0,0,0,0,0
8.50006,0,0,0,0,0,0,0,0,0,0,0,0,0,0,0,0
8.51006,0,0,0,0,0,0,0,0,0,0,0,0,0,0,0,0
8.52007,0,0,0,0,0,0,0,0,0,0,0,0,0,0,0,0
8.53007,0,0,0,0,0,0,0,0,0,0,0,0,0,0,0,0
8.54006,0,0,0,0,0,0,0,0,0,0,0,0,0,0,0,0
8.55006,0,0,0,0,0,0,0,0,0,0,0,0,0,0,0,0
8.56006,0,0,0,0,0,0,0,0,0,0,0,0,0,0,0,0
8.57006,0,0,0,0,0,0,0,0,0,0,0,0,0,0,0,0
8.58006,0,0,0,0,0,0,0,0,0,0,0,0,0,0,0,0
8.59006,0,0,0,0,0,0,0,0,0,0,0,0,0,0,0,0
8.60006,0,0,0,0,0,0,0,0,0,0,0,0,0,0,0,0
8.61007,0,0,0,0,0,0,0,0,0,0,0,0,0,0,0,0
8.62006,0,0,0,0,0,0,0,0,0,0,0,0,0,0,0,0
8.63006,0,0,0,0,0,0,0,0,0,0,0,0,0,0,0,0
8.64006,0,0,0,0,0,0,0,0,0,0,0,0,0,0,0,0
8.65006,0,0,0,0,0,0,0,0,0,0,0,0,0,0,0,0
8.66002,0,0,0,0,0,0,0,0,0,0,0,0,0,0,0,0
8.67006,0,0,0,0,0,0,0,0,0,0,0,0,0,0,0,0
8.68006,0,0,0,0,0,0,0,0,0,0,0,0,0,0,0,0
8.69007,0,0,0,0,0,0,0,0,0,0,0,0,0,0,0,0
8.70006,0,0,0,0,0,0,0,0,0,0,0,0,0,0,0,0
8.71007,0,0,0,0,0,0,0,0,0,0,0,0,0,0,0,0
8.72006,0,0,0,0,0,0,0,0,0,0,0,0,0,0,0,0
8.73006,0,0,0,0,0,0,0,0,0,0,0,0,0,0,0,0
8.74006,0,0,0,0,0,0,0,0,0,0,0,0,0,0,0,0
8.75006,0,0,0,0,0,0,0,0,0,0,0,0,0,0,0,0
8.76006,0,0,0,0,0,0,0,0,0,0,0,0,0,0,0,0
8.77006,0,0,0,0,0,0,0,0,0,0,0,0,0,0,0,0
8.78006,0,0,0,0,0,0,0,0,0,0,0,0,0,0,0,0
8.79006,0,0,0,0,0,0,0,0,0,0,0,0,0,0,0,0
8.80006,0,0,0,0,0,0,0,0,0,0,0,0,0,0,0,0
8.81006,0,0,0,0,0,0,0,0,0,0,0,0,0,0,0,0
8.82006,0,0,0,0,0,0,0,0,0,0,0,0,0,0,0,0
8.83006,0,0,0,0,0,0,0,0,0,0,0,0,0,0,0,0
8.84006,0,0,0,0,0,0,0,0,0,0,0,0,0,0,0,0
8.85006,0,0,0,0,0,0,0,0,0,0,0,0,0,0,0,0
8.86006,0,0,0,0,0,0,0,0,0,0,0,0,0,0,0,0
8.87006,0,0,0,0,0,0,0,0,0,0,0,0,0,0,0,0
8.88006,0,0,0,0,0,0,0,0,0,0,0,0,0,0,0,0
8.89006,0,0,0,0,0,0,0,0,0,0,0,0,0,0,0,0
8.90006,0,0,0,0,0,0,0,0,0,0,0,0,0,0,0,0
8.91006,0,0,0,0,0,0,0,0,0,0,0,0,0,0,0,0
8.92006,0,0,0,0,0,0,0,0,0,0,0,0,0,0,0,0
8.93006,0,0,0,0,0,0,0,0,0,0,0,0,0,0,0,0
8.94006,0,0,0,0,0,0,0,0,0,0,0,0,0,0,0,0
8.95006,0,0,0,0,0,0,0,0,0,0,0,0,0,0,0,0
8.96006,0,0,0,0,0,0,0,0,0,0,0,0,0,0,0,0
8.97006,0,0,0,0,0,0,0,0,0,0,0,0,0,0,0,0
8.98006,0,0,0,0,0,0,0,0,0,0,0,0,0,0,0,0
8.99007,0,0,0,0,0,0,0,0,0,0,0,0,0,0,0,0
9.00006,0,0,0,0,0,0,0,0,0,0,0,0,0,0,0,0
9.01007,0,0,0,0,0,0,0,0,0,0,0,0,0,0,0,0
9.02006,0,0,0,0,0,0,0,0,0,0,0,0,0,0,0,0
9.03006,0,0,0,0,0,0,0,0,0,0,0,0,0,0,0,0
9.04006,0,0,0,0,0,0,0,0,0,0,0,0,0,0,0,0
9.05006,0,0,0,0,0,0,0,0,0,0,0,0,0,0,0,0
9.06006,0,0,0,0,0,0,0,0,0,0,0,0,0,0,0,0
9.07006,0,0,0,0,0,0,0,0,0,0,0,0,0,0,0,0
9.08006,0,0,0,0,0,0,0,0,0,0,0,0,0,0,0,0
9.09006,0,0,0,0,0,0,0,0,0,0,0,0,0,0,0,0
9.10006,0,0,0,0,0,0,0,0,0,0,0,0,0,0,0,0
9.11006,0,0,0,0,0,0,0,0,0,0,0,0,0,0,0,0
9.12006,0,0,0,0,0,0,0,0,0,0,0,0,0,0,0,0
9.13006,0,0,0,0,0,0,0,0,0,0,0,0,0,0,0,0
9.14006,0,0,0,0,0,0,0,0,0,0,0,0,0,0,0,0
9.15006,0,0,0,0,0,0,0,0,0,0,0,0,0,0,0,0
9.16007,0,0,0,0,0,0,0,0,0,0,0,0,0,0,0,0
9.17007,0,0,0,0,0,0,0,0,0,0,0,0,0,0,0,0
9.18006,0,0,0,0,0,0,0,0,0,0,0,0,0,0,0,0
9.19007,0,0,0,0,0,0,0,0,0,0,0,0,0,0,0,0
9.20006,0,0,0,0,0,0,0,0,0,0,0,0,0,0,0,0
9.21007,0,0,0,0,0,0,0,0,0,0,0,0,0,0,0,0
9.22006,0,0,0,0,0,0,0,0,0,0,0,0,0,0,0,0
9.23006,0,0,0,0,0,0,0,0,0,0,0,0,0,0,0,0
9.24006,0,0,0,0,0,0,0,0,0,0,0,0,0,0,0,0
9.25006,0,0,0,0,0,0,0,0,0,0,0,0,0,0,0,0
9.26006,0,0,0,0,0,0,0,0,0,0,0,0,0,0,0,0
9.27006,0,0,0,0,0,0,0,0,0,0,0,0,0,0,0,0
9.28006,0,0,0,0,0,0,0,0,0,0,0,0,0,0,0,0
9.29006,0,0,0,0,0,0,0,0,0,0,0,0,0,0,0,0
9.30006,0,0,0,0,0,0,0,0,0,0,0,0,0,0,0,0
9.31006,0,0,0,0,0,0,0,0,0,0,0,0,0,0,0,0
9.32006,0,0,0,0,0,0,0,0,0,0,0,0,0,0,0,0
9.33006,0,0,0,0,0,0,0,0,0,0,0,0,0,0,0,0
9.34007,0,0,0,0,0,0,0,0,0,0,0,0,0,0,0,0
9.35006,0,0,0,0,0,0,0,0,0,0,0,0,0,0,0,0
9.36006,0,0,0,0,0,0,0,0,0,0,0,0,0,0,0,0
9.37006,0,0,0,0,0,0,0,0,0,0,0,0,0,0,0,0
9.38006,0,0,0,0,0,0,0,0,0,0,0,0,0,0,0,0
9.39006,0,0,0,0,0,0,0,0,0,0,0,0,0,0,0,0
9.40006,0,0,0,0,0,0,0,0,0,0,0,0,0,0,0,0
9.41006,0,0,0,0,0,0,0,0,0,0,0,0,0,0,0,0
9.42006,0,0,0,0,0,0,0,0,0,0,0,0,0,0,0,0
9.43006,0,0,0,0,0,0,0,0,0,0,0,0,0,0,0,0
9.44006,0,0,0,0,0,0,0,0,0,0,0,0,0,0,0,0
9.45006,0,0,0,0,0,0,0,0,0,0,0,0,0,0,0,0
9.46006,0,0,0,0,0,0,0,0,0,0,0,0,0,0,0,0
9.47006,0,0,0,0,0,0,0,0,0,0,0,0,0,0,0,0
9.48006,0,0,0,0,0,0,0,0,0,0,0,0,0,0,0,0
9.49006,0,0,0,0,0,0,0,0,0,0,0,0,0,0,0,0
9.50006,0,0,0,0,0,0,0,0,0,0,0,0,0,0,0,0
9.51006,0,0,0,0,0,0,0,0,0,0,0,0,0,0,0,0
9.52007,0,0,0,0,0,0,0,0,0,0,0,0,0,0,0,0
9.53007,0,0,0,0,0,0,0,0,0,0,0,0,0,0,0,0
9.54006,0,0,0,0,0,0,0,0,0,0,0,0,0,0,0,0
9.55007,0,0,0,0,0,0,0,0,0,0,0,0,0,0,0,0
9.56006,0,0,0,0,0,0,0,0,0,0,0,0,0,0,0,0
9.57006,0,0,0,0,0,0,0,0,0,0,0,0,0,0,0,0
9.58006,0,0,0,0,0,0,0,0,0,0,0,0,0,0,0,0
9.59006,0,0,0,0,0,0,0,0,0,0,0,0,0,0,0,0
9.60006,0,0,0,0,0,0,0,0,0,0,0,0,0,0,0,0
9.61007,0,0,0,0,0,0,0,0,0,0,0,0,0,0,0,0
9.62007,0,0,0,0,0,0,0,0,0,0,0,0,0,0,0,0
9.63007,0,0,0,0,0,0,0,0,0,0,0,0,0,0,0,0
9.64006,0,0,0,0,0,0,0,0,0,0,0,0,0,0,0,0
9.65007,0,0,0,0,0,0,0,0,0,0,0,0,0,0,0,0
9.66006,0,0,0,0,0,0,0,0,0,0,0,0,0,0,0,0
9.67006,0,0,0,0,0,0,0,0,0,0,0,0,0,0,0,0
9.68006,0,0,0,0,0,0,0,0,0,0,0,0,0,0,0,0
9.69007,0,0,0,0,0,0,0,0,0,0,0,0,0,0,0,0
9.70006,0,0,0,0,0,0,0,0,0,0,0,0,0,0,0,0
9.71007,0,0,0,0,0,0,0,0,0,0,0,0,0,0,0,0
9.72006,0,0,0,0,0,0,0,0,0,0,0,0,0,0,0,0
9.73006,0,0,0,0,0,0,0,0,0,0,0,0,0,0,0,0
9.74006,0,0,0,0,0,0,0,0,0,0,0,0,0,0,0,0
9.75006,0,0,0,0,0,0,0,0,0,0,0,0,0,0,0,0
9.76006,0,0,0,0,0,0,0,0,0,0,0,0,0,0,0,0
9.77006,0,0,0,0,0,0,0,0,0,0,0,0,0,0,0,0
9.78006,0,0,0,0,0,0,0,0,0,0,0,0,0,0,0,0
9.79006,0,0,0,0,0,0,0,0,0,0,0,0,0,0,0,0
9.80006,0,0,0,0,0,0,0,0,0,0,0,0,0,0,0,0
9.81006,0,0,0,0,0,0,0,0,0,0,0,0,0,0,0,0
9.82006,0,0,0,0,0,0,0,0,0,0,0,0,0,0,0,0
9.83006,0,0,0,0,0,0,0,0,0,0,0,0,0,0,0,0
9.84006,0,0,0,0,0,0,0,0,0,0,0,0,0,0,0,0
9.85007,0,0,0,0,0,0,0,0,0,0,0,0,0,0,0,0
9.86006,0,0,0,0,0,0,0,0,0,0,0,0,0,0,0,0
9.87006,0,0,0,0,0,0,0,0,0,0,0,0,0,0,0,0
9.88006,0,0,0,0,0,0,0,0,0,0,0,0,0,0,0,0
9.89007,0,0,0,0,0,0,0,0,0,0,0,0,0,0,0,0
9.90006,0,0,0,0,0,0,0,0,0,0,0,0,0,0,0,0
9.91006,0,0,0,0,0,0,0,0,0,0,0,0,0,0,0,0
9.92006,0,0,0,0,0,0,0,0,0,0,0,0,0,0,0,0
9.93007,0,0,0,0,0,0,0,0,0,0,0,0,0,0,0,0
9.94006,0,0,0,0,0,0,0,0,0,0,0,0,0,0,0,0
9.95006,0,0,0,0,0,0,0,0,0,0,0,0,0,0,0,0
9.96006,0,0,0,0,0,0,0,0,0,0,0,0,0,0,0,0
9.97006,0,0,0,0,0,0,0,0,0,0,0,0,0,0,0,0
9.98007,0,0,0,0,0,0,0,0,0,0,0,0,0,0,0,0
9.99006,0,0,0,0,0,0,0,0,0,0,0,0,0,0,0,0
10.0001,0,0,0,0,0,0,0,0,0,0,0,0,0,0,0,0
10.0101,0,0,0,0,0,0,0,0,0,0,0,0,0,0,0,0
10.0201,0,0,0,0,0,0,0,0,0,0,0,0,0,0,0,0
10.0301,0,0,0,0,0,0,0,0,0,0,0,0,0,0,0,0
10.0401,0,0,0,0,0,0,0,0,0,0,0,0,0,0,0,0
10.0501,0,0,0,0,0,0,0,0,0,0,0,0,0,0,0,0
10.06,0,0,0,0,0,0,0,0,0,0,0,0,0,0,0,0
10.0701,0,0,0,0,0,0,0,0,0,0,0,0,0,0,0,0
10.0801,0,0,0,0,0,0,0,0,0,0,0,0,0,0,0,0
10.0901,0,0,0,0,0,0,0,0,0,0,0,0,0,0,0,0
10.1001,0,0,0,0,0,0,0,0,0,0,0,0,0,0,0,0
10.1101,0,0,0,0,0,0,0,0,0,0,0,0,0,0,0,0
10.1201,0,0,0,0,0,0,0,0,0,0,0,0,0,0,0,0
10.1301,0,0,0,0,0,0,0,0,0,0,0,0,0,0,0,0
10.1401,0,0,0,0,0,0,0,0,0,0,0,0,0,0,0,0
10.1501,0,0,0,0,0,0,0,0,0,0,0,0,0,0,0,0
10.1601,0,0,0,0,0,0,0,0,0,0,0,0,0,0,0,0
10.1701,0,0,0,0,0,0,0,0,0,0,0,0,0,0,0,0
10.1801,0,0,0,0,0,0,0,0,0,0,0,0,0,0,0,0
10.1901,0,0,0,0,0,0,0,0,0,0,0,0,0,0,0,0
10.2001,0,0,0,0,0,0,0,0,0,0,0,0,0,0,0,0
10.2101,0,0,0,0,0,0,0,0,0,0,0,0,0,0,0,0
10.2201,0,0,0,0,0,0,0,0,0,0,0,0,0,0,0,0
10.2301,0,0,0,0,0,0,0,0,0,0,0,0,0,0,0,0
10.2401,0,0,0,0,0,0,0,0,0,0,0,0,0,0,0,0
10.2501,0,0,0,0,0,0,0,0,0,0,0,0,0,0,0,0
10.2601,0,0,0,0,0,0,0,0,0,0,0,0,0,0,0,0
10.2701,0,0,0,0,0,0,0,0,0,0,0,0,0,0,0,0
10.2801,0,0,0,0,0,0,0,0,0,0,0,0,0,0,0,0
10.2901,0,0,0,0,0,0,0,0,0,0,0,0,0,0,0,0
10.3001,0,0,0,0,0,0,0,0,0,0,0,0,0,0,0,0
10.3101,0,0,0,0,0,0,0,0,0,0,0,0,0,0,0,0
10.3201,0,0,0,0,0,0,0,0,0,0,0,0,0,0,0,0
10.3301,0,0,0,0,0,0,0,0,0,0,0,0,0,0,0,0
10.3401,0,0,0,0,0,0,0,0,0,0,0,0,0,0,0,0
10.3501,0,0,0,0,0,0,0,0,0,0,0,0,0,0,0,0
10.3601,0,0,0,0,0,0,0,0,0,0,0,0,0,0,0,0
10.3701,0,0,0,0,0,0,0,0,0,0,0,0,0,0,0,0
10.3801,0,0,0,0,0,0,0,0,0,0,0,0,0,0,0,0
10.3901,0,0,0,0,0,0,0,0,0,0,0,0,0,0,0,0
10.4001,0,0,0,0,0,0,0,0,0,0,0,0,0,0,0,0
10.4101,0,0,0,0,0,0,0,0,0,0,0,0,0,0,0,0
10.4201,0,0,0,0,0,0,0,0,0,0,0,0,0,0,0,0
10.4301,0,0,0,0,0,0,0,0,0,0,0,0,0,0,0,0
10.4401,0,0,0,0,0,0,0,0,0,0,0,0,0,0,0,0
10.4501,0,0,0,0,0,0,0,0,0,0,0,0,0,0,0,0
10.4601,0,0,0,0,0,0,0,0,0,0,0,0,0,0,0,0
10.4701,0,0,0,0,0,0,0,0,0,0,0,0,0,0,0,0
10.4801,0,0,0,0,0,0,0,0,0,0,0,0,0,0,0,0
10.4901,0,0,0,0,0,0,0,0,0,0,0,0,0,0,0,0
10.5001,0,0,0,0,0,0,0,0,0,0,0,0,0,0,0,0
10.5101,0,0,0,0,0,0,0,0,0,0,0,0,0,0,0,0
10.5201,0,0,0,0,0,0,0,0,0,0,0,0,0,0,0,0
10.5301,0,0,0,0,0,0,0,0,0,0,0,0,0,0,0,0
10.5401,0,0,0,0,0,0,0,0,0,0,0,0,0,0,0,0
10.5501,0,0,0,0,0,0,0,0,0,0,0,0,0,0,0,0
10.5601,0,0,0,0,0,0,0,0,0,0,0,0,0,0,0,0
10.5701,0,0,0,0,0,0,0,0,0,0,0,0,0,0,0,0
10.5801,0,0,0,0,0,0,0,0,0,0,0,0,0,0,0,0
10.5901,0,0,0,0,0,0,0,0,0,0,0,0,0,0,0,0
10.6001,0,0,0,0,0,0,0,0,0,0,0,0,0,0,0,0
10.6101,0,0,0,0,0,0,0,0,0,0,0,0,0,0,0,0
10.6201,0,0,0,0,0,0,0,0,0,0,0,0,0,0,0,0
10.6301,0,0,0,0,0,0,0,0,0,0,0,0,0,0,0,0
10.6401,0,0,0,0,0,0,0,0,0,0,0,0,0,0,0,0
10.6501,0,0,0,0,0,0,0,0,0,0,0,0,0,0,0,0
10.6601,0,0,0,0,0,0,0,0,0,0,0,0,0,0,0,0
10.6701,0,0,0,0,0,0,0,0,0,0,0,0,0,0,0,0
10.6801,0,0,0,0,0,0,0,0,0,0,0,0,0,0,0,0
10.6901,0,0,0,0,0,0,0,0,0,0,0,0,0,0,0,0
10.7001,0,0,0,0,0,0,0,0,0,0,0,0,0,0,0,0
10.7101,0,0,0,0,0,0,0,0,0,0,0,0,0,0,0,0
10.7201,0,0,0,0,0,0,0,0,0,0,0,0,0,0,0,0
10.7301,0,0,0,0,0,0,0,0,0,0,0,0,0,0,0,0
10.7401,0,0,0,0,0,0,0,0,0,0,0,0,0,0,0,0
10.7501,0,0,0,0,0,0,0,0,0,0,0,0,0,0,0,0
10.7601,0,0,0,0,0,0,0,0,0,0,0,0,0,0,0,0
10.7701,0,0,0,0,0,0,0,0,0,0,0,0,0,0,0,0
10.7801,0,0,0,0,0,0,0,0,0,0,0,0,0,0,0,0
10.7901,0,0,0,0,0,0,0,0,0,0,0,0,0,0,0,0
10.8001,0,0,0,0,0,0,0,0,0,0,0,0,0,0,0,0
10.8101,0,0,0,0,0,0,0,0,0,0,0,0,0,0,0,0
10.8201,0,0,0,0,0,0,0,0,0,0,0,0,0,0,0,0
10.8301,0,0,0,0,0,0,0,0,0,0,0,0,0,0,0,0
10.8401,0,0,0,0,0,0,0,0,0,0,0,0,0,0,0,0
10.8501,0,0,0,0,0,0,0,0,0,0,0,0,0,0,0,0
10.8601,0,0,0,0,0,0,0,0,0,0,0,0,0,0,0,0
10.8701,0,0,0,0,0,0,0,0,0,0,0,0,0,0,0,0
10.8801,0,0,0,0,0,0,0,0,0,0,0,0,0,0,0,0
10.8901,0,0,0,0,0,0,0,0,0,0,0,0,0,0,0,0
10.9001,0,0,0,0,0,0,0,0,0,0,0,0,0,0,0,0
10.9101,0,0,0,0,0,0,0,0,0,0,0,0,0,0,0,0
10.9201,0,0,0,0,0,0,0,0,0,0,0,0,0,0,0,0
10.9301,0,0,0,0,0,0,0,0,0,0,0,0,0,0,0,0
10.9401,0,0,0,0,0,0,0,0,0,0,0,0,0,0,0,0
10.9501,0,0,0,0,0,0,0,0,0,0,0,0,0,0,0,0
10.9601,0,0,0,0,0,0,0,0,0,0,0,0,0,0,0,0
10.9701,0,0,0,0,0,0,0,0,0,0,0,0,0,0,0,0
10.9801,0,0,0,0,0,0,0,0,0,0,0,0,0,0,0,0
10.9901,0,0,0,0,0,0,0,0,0,0,0,0,0,0,0,0
11.0001,0,0,0,0,0,0,0,0,0,0,0,0,0,0,0,0
11.0101,0,0,0,0,0,0,0,0,0,0,0,0,0,0,0,0
11.0201,0,0,0,0,0,0,0,0,0,0,0,0,0,0,0,0
11.0301,0,0,0,0,0,0,0,0,0,0,0,0,0,0,0,0
11.0401,0,0,0,0,0,0,0,0,0,0,0,0,0,0,0,0
11.0501,0,0,0,0,0,0,0,0,0,0,0,0,0,0,0,0
11.0601,0,0,0,0,0,0,0,0,0,0,0,0,0,0,0,0
11.0701,0,0,0,0,0,0,0,0,0,0,0,0,0,0,0,0
11.0801,0,0,0,0,0,0,0,0,0,0,0,0,0,0,0,0
11.0901,0,0,0,0,0,0,0,0,0,0,0,0,0,0,0,0
11.1001,0,0,0,0,0,0,0,0,0,0,0,0,0,0,0,0
11.1101,0,0,0,0,0,0,0,0,0,0,0,0,0,0,0,0
11.1201,0,0,0,0,0,0,0,0,0,0,0,0,0,0,0,0
11.1301,0,0,0,0,0,0,0,0,0,0,0,0,0,0,0,0
11.1401,0,0,0,0,0,0,0,0,0,0,0,0,0,0,0,0
11.1501,0,0,0,0,0,0,0,0,0,0,0,0,0,0,0,0
11.1601,0,0,0,0,0,0,0,0,0,0,0,0,0,0,0,0
11.1701,0,0,0,0,0,0,0,0,0,0,0,0,0,0,0,0
11.1801,0,0,0,0,0,0,0,0,0,0,0,0,0,0,0,0
11.1901,0,0,0,0,0,0,0,0,0,0,0,0,0,0,0,0
11.2001,0,0,0,0,0,0,0,0,0,0,0,0,0,0,0,0
11.2101,0,0,0,0,0,0,0,0,0,0,0,0,0,0,0,0
11.2201,0,0,0,0,0,0,0,0,0,0,0,0,0,0,0,0
11.2301,0,0,0,0,0,0,0,0,0,0,0,0,0,0,0,0
11.2401,0,0,0,0,0,0,0,0,0,0,0,0,0,0,0,0
11.2501,0,0,0,0,0,0,0,0,0,0,0,0,0,0,0,0
11.2601,0,0,0,0,0,0,0,0,0,0,0,0,0,0,0,0
11.2701,0,0,0,0,0,0,0,0,0,0,0,0,0,0,0,0
11.2801,0,0,0,0,0,0,0,0,0,0,0,0,0,0,0,0
11.2901,0,0,0,0,0,0,0,0,0,0,0,0,0,0,0,0
11.3001,0,0,0,0,0,0,0,0,0,0,0,0,0,0,0,0
11.3101,0,0,0,0,0,0,0,0,0,0,0,0,0,0,0,0
11.3201,0,0,0,0,0,0,0,0,0,0,0,0,0,0,0,0
11.3301,0,0,0,0,0,0,0,0,0,0,0,0,0,0,0,0
11.3401,0,0,0,0,0,0,0,0,0,0,0,0,0,0,0,0
11.3501,0,0,0,0,0,0,0,0,0,0,0,0,0,0,0,0
11.3601,0,0,0,0,0,0,0,0,0,0,0,0,0,0,0,0
11.3701,0,0,0,0,0,0,0,0,0,0,0,0,0,0,0,0
11.3801,0,0,0,0,0,0,0,0,0,0,0,0,0,0,0,0
11.3901,0,0,0,0,0,0,0,0,0,0,0,0,0,0,0,0
11.4001,0,0,0,0,0,0,0,0,0,0,0,0,0,0,0,0
11.4101,0,0,0,0,0,0,0,0,0,0,0,0,0,0,0,0
11.4201,0,0,0,0,0,0,0,0,0,0,0,0,0,0,0,0
11.4301,0,0,0,0,0,0,0,0,0,0,0,0,0,0,0,0
11.4401,0,0,0,0,0,0,0,0,0,0,0,0,0,0,0,0
11.4501,0,0,0,0,0,0,0,0,0,0,0,0,0,0,0,0
11.4601,0,0,0,0,0,0,0,0,0,0,0,0,0,0,0,0
11.4701,0,0,0,0,0,0,0,0,0,0,0,0,0,0,0,0
11.4801,0,0,0,0,0,0,0,0,0,0,0,0,0,0,0,0
11.4901,0,0,0,0,0,0,0,0,0,0,0,0,0,0,0,0
11.5001,0,0,0,0,0,0,0,0,0,0,0,0,0,0,0,0
11.5101,0,0,0,0,0,0,0,0,0,0,0,0,0,0,0,0
11.5201,0,0,0,0,0,0,0,0,0,0,0,0,0,0,0,0
11.5301,0,0,0,0,0,0,0,0,0,0,0,0,0,0,0,0
11.5401,0,0,0,0,0,0,0,0,0,0,0,0,0,0,0,0
11.5501,0,0,0,0,0,0,0,0,0,0,0,0,0,0,0,0
11.5601,0,0,0,0,0,0,0,0,0,0,0,0,0,0,0,0
11.5701,0,0,0,0,0,0,0,0,0,0,0,0,0,0,0,0
11.5801,0,0,0,0,0,0,0,0,0,0,0,0,0,0,0,0
11.5901,0,0,0,0,0,0,0,0,0,0,0,0,0,0,0,0
11.6001,0,0,0,0,0,0,0,0,0,0,0,0,0,0,0,0
11.6101,0,0,0,0,0,0,0,0,0,0,0,0,0,0,0,0
11.6201,0,0,0,0,0,0,0,0,0,0,0,0,0,0,0,0
11.6301,0,0,0,0,0,0,0,0,0,0,0,0,0,0,0,0
11.6401,0,0,0,0,0,0,0,0,0,0,0,0,0,0,0,0
11.6501,0,0,0,0,0,0,0,0,0,0,0,0,0,0,0,0
11.6601,0,0,0,0,0,0,0,0,0,0,0,0,0,0,0,0
11.6701,0,0,0,0,0,0,0,0,0,0,0,0,0,0,0,0
11.6801,0,0,0,0,0,0,0,0,0,0,0,0,0,0,0,0
11.6901,0,0,0,0,0,0,0,0,0,0,0,0,0,0,0,0
11.7001,0,0,0,0,0,0,0,0,0,0,0,0,0,0,0,0
11.7101,0,0,0,0,0,0,0,0,0,0,0,0,0,0,0,0
11.7201,0,0,0,0,0,0,0,0,0,0,0,0,0,0,0,0
11.7301,0,0,0,0,0,0,0,0,0,0,0,0,0,0,0,0
11.7401,0,0,0,0,0,0,0,0,0,0,0,0,0,0,0,0
11.7501,0,0,0,0,0,0,0,0,0,0,0,0,0,0,0,0
11.7601,0,0,0,0,0,0,0,0,0,0,0,0,0,0,0,0
11.7701,0,0,0,0,0,0,0,0,0,0,0,0,0,0,0,0
11.7801,0,0,0,0,0,0,0,0,0,0,0,0,0,0,0,0
11.7901,0,0,0,0,0,0,0,0,0,0,0,0,0,0,0,0
11.8001,0,0,0,0,0,0,0,0,0,0,0,0,0,0,0,0
11.8101,0,0,0,0,0,0,0,0,0,0,0,0,0,0,0,0
11.8201,0,0,0,0,0,0,0,0,0,0,0,0,0,0,0,0
11.8301,0,0,0,0,0,0,0,0,0,0,0,0,0,0,0,0
11.8401,0,0,0,0,0,0,0,0,0,0,0,0,0,0,0,0
11.8501,0,0,0,0,0,0,0,0,0,0,0,0,0,0,0,0
11.8601,0,0,0,0,0,0,0,0,0,0,0,0,0,0,0,0
11.8701,0,0,0,0,0,0,0,0,0,0,0,0,0,0,0,0
11.8801,0,0,0,0,0,0,0,0,0,0,0,0,0,0,0,0
11.8901,0,0,0,0,0,0,0,0,0,0,0,0,0,0,0,0
11.9001,0,0,0,0,0,0,0,0,0,0,0,0,0,0,0,0
11.9101,0,0,0,0,0,0,0,0,0,0,0,0,0,0,0,0
11.9201,0,0,0,0,0,0,0,0,0,0,0,0,0,0,0,0
11.9301,0,0,0,0,0,0,0,0,0,0,0,0,0,0,0,0
11.9401,0,0,0,0,0,0,0,0,0,0,0,0,0,0,0,0
11.9501,0,0,0,0,0,0,0,0,0,0,0,0,0,0,0,0
11.9601,0,0,0,0,0,0,0,0,0,0,0,0,0,0,0,0
11.9701,0,0,0,0,0,0,0,0,0,0,0,0,0,0,0,0
11.9801,0,0,0,0,0,0,0,0,0,0,0,0,0,0,0,0
11.9901,0,0,0,0,0,0,0,0,0,0,0,0,0,0,0,0
12.0001,0,0,0,0,0,0,0,0,0,0,0,0,0,0,0,0
12.0101,0,0,0,0,0,0,0,0,0,0,0,0,0,0,0,0
12.0201,0,0,0,0,0,0,0,0,0,0,0,0,0,0,0,0
12.0301,0,0,0,0,0,0,0,0,0,0,0,0,0,0,0,0
12.0401,0,0,0,0,0,0,0,0,0,0,0,0,0,0,0,0
12.0501,0,0,0,0,0,0,0,0,0,0,0,0,0,0,0,0
12.0601,0,0,0,0,0,0,0,0,0,0,0,0,0,0,0,0
12.0701,0,0,0,0,0,0,0,0,0,0,0,0,0,0,0,0
12.0801,0,0,0,0,0,0,0,0,0,0,0,0,0,0,0,0
12.0901,0,0,0,0,0,0,0,0,0,0,0,0,0,0,0,0
12.1001,0,0,0,0,0,0,0,0,0,0,0,0,0,0,0,0
12.1101,0,0,0,0,0,0,0,0,0,0,0,0,0,0,0,0
12.1201,0,0,0,0,0,0,0,0,0,0,0,0,0,0,0,0
12.1301,0,0,0,0,0,0,0,0,0,0,0,0,0,0,0,0
12.1401,0,0,0,0,0,0,0,0,0,0,0,0,0,0,0,0
12.1501,0,0,0,0,0,0,0,0,0,0,0,0,0,0,0,0
12.1601,0,0,0,0,0,0,0,0,0,0,0,0,0,0,0,0
12.1701,0,0,0,0,0,0,0,0,0,0,0,0,0,0,0,0
12.1801,0,0,0,0,0,0,0,0,0,0,0,0,0,0,0,0
12.1901,0,0,0,0,0,0,0,0,0,0,0,0,0,0,0,0
12.2001,0,0,0,0,0,0,0,0,0,0,0,0,0,0,0,0
12.2101,0,0,0,0,0,0,0,0,0,0,0,0,0,0,0,0
12.2201,0,0,0,0,0,0,0,0,0,0,0,0,0,0,0,0
12.2301,0,0,0,0,0,0,0,0,0,0,0,0,0,0,0,0
12.2401,0,0,0,0,0,0,0,0,0,0,0,0,0,0,0,0
12.2501,0,0,0,0,0,0,0,0,0,0,0,0,0,0,0,0
12.2601,0,0,0,0,0,0,0,0,0,0,0,0,0,0,0,0
12.2701,0,0,0,0,0,0,0,0,0,0,0,0,0,0,0,0
12.2801,0,0,0,0,0,0,0,0,0,0,0,0,0,0,0,0
12.2901,0,0,0,0,0,0,0,0,0,0,0,0,0,0,0,0
12.3001,0,0,0,0,0,0,0,0,0,0,0,0,0,0,0,0
12.3101,0,0,0,0,0,0,0,0,0,0,0,0,0,0,0,0
12.3201,0,0,0,0,0,0,0,0,0,0,0,0,0,0,0,0
12.3301,0,0,0,0,0,0,0,0,0,0,0,0,0,0,0,0
12.3401,0,0,0,0,0,0,0,0,0,0,0,0,0,0,0,0
12.3501,0,0,0,0,0,0,0,0,0,0,0,0,0,0,0,0
12.3601,0,0,0,0,0,0,0,0,0,0,0,0,0,0,0,0
12.3701,0,0,0,0,0,0,0,0,0,0,0,0,0,0,0,0
12.3801,0,0,0,0,0,0,0,0,0,0,0,0,0,0,0,0
12.3901,0,0,0,0,0,0,0,0,0,0,0,0,0,0,0,0
12.4001,0,0,0,0,0,0,0,0,0,0,0,0,0,0,0,0
12.4101,0,0,0,0,0,0,0,0,0,0,0,0,0,0,0,0
12.4201,0,0,0,0,0,0,0,0,0,0,0,0,0,0,0,0
12.4301,0,0,0,0,0,0,0,0,0,0,0,0,0,0,0,0
12.4401,0,0,0,0,0,0,0,0,0,0,0,0,0,0,0,0
12.4501,0,0,0,0,0,0,0,0,0,0,0,0,0,0,0,0
12.4601,0,0,0,0,0,0,0,0,0,0,0,0,0,0,0,0
12.4701,0,0,0,0,0,0,0,0,0,0,0,0,0,0,0,0
12.4801,0,0,0,0,0,0,0,0,0,0,0,0,0,0,0,0
12.4901,0,0,0,0,0,0,0,0,0,0,0,0,0,0,0,0
12.5001,0,0,0,0,0,0,0,0,0,0,0,0,0,0,0,0
12.5101,0,0,0,0,0,0,0,0,0,0,0,0,0,0,0,0
12.5201,0,0,0,0,0,0,0,0,0,0,0,0,0,0,0,0
12.5301,0,0,0,0,0,0,0,0,0,0,0,0,0,0,0,0
12.5401,0,0,0,0,0,0,0,0,0,0,0,0,0,0,0,0
12.5501,0,0,0,0,0,0,0,0,0,0,0,0,0,0,0,0
12.5601,0,0,0,0,0,0,0,0,0,0,0,0,0,0,0,0
12.5701,0,0,0,0,0,0,0,0,0,0,0,0,0,0,0,0
12.5801,0,0,0,0,0,0,0,0,0,0,0,0,0,0,0,0
12.5901,0,0,0,0,0,0,0,0,0,0,0,0,0,0,0,0
12.6001,0,0,0,0,0,0,0,0,0,0,0,0,0,0,0,0
12.6101,0,0,0,0,0,0,0,0,0,0,0,0,0,0,0,0
12.6201,0,0,0,0,0,0,0,0,0,0,0,0,0,0,0,0
12.6301,0,0,0,0,0,0,0,0,0,0,0,0,0,0,0,0
12.6401,0,0,0,0,0,0,0,0,0,0,0,0,0,0,0,0
12.6501,0,0,0,0,0,0,0,0,0,0,0,0,0,0,0,0
12.6601,0,0,0,0,0,0,0,0,0,0,0,0,0,0,0,0
12.6701,0,0,0,0,0,0,0,0,0,0,0,0,0,0,0,0
12.6801,0,0,0,0,0,0,0,0,0,0,0,0,0,0,0,0
12.6901,0,0,0,0,0,0,0,0,0,0,0,0,0,0,0,0
12.7001,0,0,0,0,0,0,0,0,0,0,0,0,0,0,0,0
12.7101,0,0,0,0,0,0,0,0,0,0,0,0,0,0,0,0
12.7201,0,0,0,0,0,0,0,0,0,0,0,0,0,0,0,0
12.7301,0,0,0,0,0,0,0,0,0,0,0,0,0,0,0,0
12.7401,0,0,0,0,0,0,0,0,0,0,0,0,0,0,0,0
12.7501,0,0,0,0,0,0,0,0,0,0,0,0,0,0,0,0
12.7601,0,0,0,0,0,0,0,0,0,0,0,0,0,0,0,0
12.7701,0,0,0,0,0,0,0,0,0,0,0,0,0,0,0,0
12.7801,0,0,0,0,0,0,0,0,0,0,0,0,0,0,0,0
12.7901,0,0,0,0,0,0,0,0,0,0,0,0,0,0,0,0
12.8001,0,0,0,0,0,0,0,0,0,0,0,0,0,0,0,0
12.8101,0,0,0,0,0,0,0,0,0,0,0,0,0,0,0,0
12.8201,0,0,0,0,0,0,0,0,0,0,0,0,0,0,0,0
12.8301,0,0,0,0,0,0,0,0,0,0,0,0,0,0,0,0
12.8401,0,0,0,0,0,0,0,0,0,0,0,0,0,0,0,0
12.8501,0,0,0,0,0,0,0,0,0,0,0,0,0,0,0,0
12.8601,0,0,0,0,0,0,0,0,0,0,0,0,0,0,0,0
12.8701,0,0,0,0,0,0,0,0,0,0,0,0,0,0,0,0
12.8801,0,0,0,0,0,0,0,0,0,0,0,0,0,0,0,0
12.8901,0,0,0,0,0,0,0,0,0,0,0,0,0,0,0,0
12.9001,0,0,0,0,0,0,0,0,0,0,0,0,0,0,0,0
12.9101,0,0,0,0,0,0,0,0,0,0,0,0,0,0,0,0
12.9201,0,0,0,0,0,0,0,0,0,0,0,0,0,0,0,0
12.9301,0,0,0,0,0,0,0,0,0,0,0,0,0,0,0,0
12.9401,0,0,0,0,0,0,0,0,0,0,0,0,0,0,0,0
12.9501,0,0,0,0,0,0,0,0,0,0,0,0,0,0,0,0
12.9601,0,0,0,0,0,0,0,0,0,0,0,0,0,0,0,0
12.9701,0,0,0,0,0,0,0,0,0,0,0,0,0,0,0,0
12.9801,0,0,0,0,0,0,0,0,0,0,0,0,0,0,0,0
12.9901,0,0,0,0,0,0,0,0,0,0,0,0,0,0,0,0
13.0001,0,0,0,0,0,0,0,0,0,0,0,0,0,0,0,0
13.0101,0,0,0,0,0,0,0,0,0,0,0,0,0,0,0,0
13.0201,0,0,0,0,0,0,0,0,0,0,0,0,0,0,0,0
13.0301,0,0,0,0,0,0,0,0,0,0,0,0,0,0,0,0
13.0401,0,0,0,0,0,0,0,0,0,0,0,0,0,0,0,0
13.0501,0,0,0,0,0,0,0,0,0,0,0,0,0,0,0,0
13.0601,0,0,0,0,0,0,0,0,0,0,0,0,0,0,0,0
13.07,0,0,0,0,0,0,0,0,0,0,0,0,0,0,0,0
13.0801,0,0,0,0,0,0,0,0,0,0,0,0,0,0,0,0
13.0901,0,0,0,0,0,0,0,0,0,0,0,0,0,0,0,0
13.1001,0,0,0,0,0,0,0,0,0,0,0,0,0,0,0,0
13.1101,0,0,0,0,0,0,0,0,0,0,0,0,0,0,0,0
13.1201,0,0,0,0,0,0,0,0,0,0,0,0,0,0,0,0
13.1301,0,0,0,0,0,0,0,0,0,0,0,0,0,0,0,0
13.1401,0,0,0,0,0,0,0,0,0,0,0,0,0,0,0,0
13.1501,0,0,0,0,0,0,0,0,0,0,0,0,0,0,0,0
13.1601,0,0,0,0,0,0,0,0,0,0,0,0,0,0,0,0
13.1701,0,0,0,0,0,0,0,0,0,0,0,0,0,0,0,0
13.1801,0,0,0,0,0,0,0,0,0,0,0,0,0,0,0,0
13.1901,0,0,0,0,0,0,0,0,0,0,0,0,0,0,0,0
13.2001,0,0,0,0,0,0,0,0,0,0,0,0,0,0,0,0
13.2101,0,0,0,0,0,0,0,0,0,0,0,0,0,0,0,0
13.2201,0,0,0,0,0,0,0,0,0,0,0,0,0,0,0,0
13.2301,0,0,0,0,0,0,0,0,0,0,0,0,0,0,0,0
13.2401,0,0,0,0,0,0,0,0,0,0,0,0,0,0,0,0
13.2501,0,0,0,0,0,0,0,0,0,0,0,0,0,0,0,0
13.2601,0,0,0,0,0,0,0,0,0,0,0,0,0,0,0,0
13.2701,0,0,0,0,0,0,0,0,0,0,0,0,0,0,0,0
13.2801,0,0,0,0,0,0,0,0,0,0,0,0,0,0,0,0
13.2901,0,0,0,0,0,0,0,0,0,0,0,0,0,0,0,0
13.3001,0,0,0,0,0,0,0,0,0,0,0,0,0,0,0,0
13.3101,0,0,0,0,0,0,0,0,0,0,0,0,0,0,0,0
13.3201,0,0,0,0,0,0,0,0,0,0,0,0,0,0,0,0
13.3301,0,0,0,0,0,0,0,0,0,0,0,0,0,0,0,0
13.3401,0,0,0,0,0,0,0,0,0,0,0,0,0,0,0,0
13.3501,0,0,0,0,0,0,0,0,0,0,0,0,0,0,0,0
13.3601,0,0,0,0,0,0,0,0,0,0,0,0,0,0,0,0
13.3701,0,0,0,0,0,0,0,0,0,0,0,0,0,0,0,0
13.3801,0,0,0,0,0,0,0,0,0,0,0,0,0,0,0,0
13.3901,0,0,0,0,0,0,0,0,0,0,0,0,0,0,0,0
13.4001,0,0,0,0,0,0,0,0,0,0,0,0,0,0,0,0
13.4101,0,0,0,0,0,0,0,0,0,0,0,0,0,0,0,0
13.4201,0,0,0,0,0,0,0,0,0,0,0,0,0,0,0,0
13.4301,0,0,0,0,0,0,0,0,0,0,0,0,0,0,0,0
13.4401,0,0,0,0,0,0,0,0,0,0,0,0,0,0,0,0
13.4501,0,0,0,0,0,0,0,0,0,0,0,0,0,0,0,0
13.4601,0,0,0,0,0,0,0,0,0,0,0,0,0,0,0,0
13.4701,0,0,0,0,0,0,0,0,0,0,0,0,0,0,0,0
13.4801,0,0,0,0,0,0,0,0,0,0,0,0,0,0,0,0
13.4901,0,0,0,0,0,0,0,0,0,0,0,0,0,0,0,0
13.5001,0,0,0,0,0,0,0,0,0,0,0,0,0,0,0,0
13.5101,0,0,0,0,0,0,0,0,0,0,0,0,0,0,0,0
13.5201,0,0,0,0,0,0,0,0,0,0,0,0,0,0,0,0
13.5301,0,0,0,0,0,0,0,0,0,0,0,0,0,0,0,0
13.5401,0,0,0,0,0,0,0,0,0,0,0,0,0,0,0,0
13.5501,0,0,0,0,0,0,0,0,0,0,0,0,0,0,0,0
13.5601,0,0,0,0,0,0,0,0,0,0,0,0,0,0,0,0
13.5701,0,0,0,0,0,0,0,0,0,0,0,0,0,0,0,0
13.5801,0,0,0,0,0,0,0,0,0,0,0,0,0,0,0,0
13.5901,0,0,0,0,0,0,0,0,0,0,0,0,0,0,0,0
13.6001,0,0,0,0,0,0,0,0,0,0,0,0,0,0,0,0
13.6101,0,0,0,0,0,0,0,0,0,0,0,0,0,0,0,0
13.6201,0,0,0,0,0,0,0,0,0,0,0,0,0,0,0,0
13.6301,0,0,0,0,0,0,0,0,0,0,0,0,0,0,0,0
13.6401,0,0,0,0,0,0,0,0,0,0,0,0,0,0,0,0
13.6501,0,0,0,0,0,0,0,0,0,0,0,0,0,0,0,0
13.6601,0,0,0,0,0,0,0,0,0,0,0,0,0,0,0,0
13.6701,0,0,0,0,0,0,0,0,0,0,0,0,0,0,0,0
13.6801,0,0,0,0,0,0,0,0,0,0,0,0,0,0,0,0
13.6901,0,0,0,0,0,0,0,0,0,0,0,0,0,0,0,0
13.7001,0,0,0,0,0,0,0,0,0,0,0,0,0,0,0,0
13.7101,0,0,0,0,0,0,0,0,0,0,0,0,0,0,0,0
13.7201,0,0,0,0,0,0,0,0,0,0,0,0,0,0,0,0
13.7301,0,0,0,0,0,0,0,0,0,0,0,0,0,0,0,0
13.7401,0,0,0,0,0,0,0,0,0,0,0,0,0,0,0,0
13.7501,0,0,0,0,0,0,0,0,0,0,0,0,0,0,0,0
13.7601,0,0,0,0,0,0,0,0,0,0,0,0,0,0,0,0
13.7701,0,0,0,0,0,0,0,0,0,0,0,0,0,0,0,0
13.7801,0,0,0,0,0,0,0,0,0,0,0,0,0,0,0,0
13.7901,0,0,0,0,0,0,0,0,0,0,0,0,0,0,0,0
13.8001,0,0,0,0,0,0,0,0,0,0,0,0,0,0,0,0
13.8101,0,0,0,0,0,0,0,0,0,0,0,0,0,0,0,0
13.8201,0,0,0,0,0,0,0,0,0,0,0,0,0,0,0,0
13.8301,0,0,0,0,0,0,0,0,0,0,0,0,0,0,0,0
13.8401,0,0,0,0,0,0,0,0,0,0,0,0,0,0,0,0
13.8501,0,0,0,0,0,0,0,0,0,0,0,0,0,0,0,0
13.8601,0,0,0,0,0,0,0,0,0,0,0,0,0,0,0,0
13.8701,0,0,0,0,0,0,0,0,0,0,0,0,0,0,0,0
13.8801,0,0,0,0,0,0,0,0,0,0,0,0,0,0,0,0
13.8901,0,0,0,0,0,0,0,0,0,0,0,0,0,0,0,0
13.9001,0,0,0,0,0,0,0,0,0,0,0,0,0,0,0,0
13.9101,0,0,0,0,0,0,0,0,0,0,0,0,0,0,0,0
13.9201,0,0,0,0,0,0,0,0,0,0,0,0,0,0,0,0
13.9301,0,0,0,0,0,0,0,0,0,0,0,0,0,0,0,0
13.9401,0,0,0,0,0,0,0,0,0,0,0,0,0,0,0,0
13.9501,0,0,0,0,0,0,0,0,0,0,0,0,0,0,0,0
13.9601,0,0,0,0,0,0,0,0,0,0,0,0,0,0,0,0
13.9701,0,0,0,0,0,0,0,0,0,0,0,0,0,0,0,0
13.9801,0,0,0,0,0,0,0,0,0,0,0,0,0,0,0,0
13.9901,0,0,0,0,0,0,0,0,0,0,0,0,0,0,0,0
14.0001,0,0,0,0,0,0,0,0,0,0,0,0,0,0,0,0
14.0101,0,0,0,0,0,0,0,0,0,0,0,0,0,0,0,0
14.0201,0,0,0,0,0,0,0,0,0,0,0,0,0,0,0,0
14.0301,0,0,0,0,0,0,0,0,0,0,0,0,0,0,0,0
14.0401,0,0,0,0,0,0,0,0,0,0,0,0,0,0,0,0
14.0501,0,0,0,0,0,0,0,0,0,0,0,0,0,0,0,0
14.0601,0,0,0,0,0,0,0,0,0,0,0,0,0,0,0,0
14.0701,0,0,0,0,0,0,0,0,0,0,0,0,0,0,0,0
14.0801,0,0,0,0,0,0,0,0,0,0,0,0,0,0,0,0
14.0901,0,0,0,0,0,0,0,0,0,0,0,0,0,0,0,0
14.1001,0,0,0,0,0,0,0,0,0,0,0,0,0,0,0,0
14.1101,0,0,0,0,0,0,0,0,0,0,0,0,0,0,0,0
14.1201,0,0,0,0,0,0,0,0,0,0,0,0,0,0,0,0
14.1301,0,0,0,0,0,0,0,0,0,0,0,0,0,0,0,0
14.1401,0,0,0,0,0,0,0,0,0,0,0,0,0,0,0,0
14.1501,0,0,0,0,0,0,0,0,0,0,0,0,0,0,0,0
14.1601,0,0,0,0,0,0,0,0,0,0,0,0,0,0,0,0
14.1701,0,0,0,0,0,0,0,0,0,0,0,0,0,0,0,0
14.1801,0,0,0,0,0,0,0,0,0,0,0,0,0,0,0,0
14.1901,0,0,0,0,0,0,0,0,0,0,0,0,0,0,0,0
14.2001,0,0,0,0,0,0,0,0,0,0,0,0,0,0,0,0
14.2101,0,0,0,0,0,0,0,0,0,0,0,0,0,0,0,0
14.2201,0,0,0,0,0,0,0,0,0,0,0,0,0,0,0,0
14.2301,0,0,0,0,0,0,0,0,0,0,0,0,0,0,0,0
14.2401,0,0,0,0,0,0,0,0,0,0,0,0,0,0,0,0
14.2501,0,0,0,0,0,0,0,0,0,0,0,0,0,0,0,0
14.2601,0,0,0,0,0,0,0,0,0,0,0,0,0,0,0,0
14.2701,0,0,0,0,0,0,0,0,0,0,0,0,0,0,0,0
14.2801,0,0,0,0,0,0,0,0,0,0,0,0,0,0,0,0
14.2901,0,0,0,0,0,0,0,0,0,0,0,0,0,0,0,0
14.3001,0,0,0,0,0,0,0,0,0,0,0,0,0,0,0,0
14.3101,0,0,0,0,0,0,0,0,0,0,0,0,0,0,0,0
14.3201,0,0,0,0,0,0,0,0,0,0,0,0,0,0,0,0
14.3301,0,0,0,0,0,0,0,0,0,0,0,0,0,0,0,0
14.3401,0,0,0,0,0,0,0,0,0,0,0,0,0,0,0,0
14.3501,0,0,0,0,0,0,0,0,0,0,0,0,0,0,0,0
14.3601,0,0,0,0,0,0,0,0,0,0,0,0,0,0,0,0
14.3701,0,0,0,0,0,0,0,0,0,0,0,0,0,0,0,0
14.3801,0,0,0,0,0,0,0,0,0,0,0,0,0,0,0,0
14.3901,0,0,0,0,0,0,0,0,0,0,0,0,0,0,0,0
14.4001,0,0,0,0,0,0,0,0,0,0,0,0,0,0,0,0
14.4101,0,0,0,0,0,0,0,0,0,0,0,0,0,0,0,0
14.4201,0,0,0,0,0,0,0,0,0,0,0,0,0,0,0,0
14.4301,0,0,0,0,0,0,0,0,0,0,0,0,0,0,0,0
14.4401,0,0,0,0,0,0,0,0,0,0,0,0,0,0,0,0
14.4501,0,0,0,0,0,0,0,0,0,0,0,0,0,0,0,0
14.4601,0,0,0,0,0,0,0,0,0,0,0,0,0,0,0,0
14.4701,0,0,0,0,0,0,0,0,0,0,0,0,0,0,0,0
14.4801,0,0,0,0,0,0,0,0,0,0,0,0,0,0,0,0
14.4901,0,0,0,0,0,0,0,0,0,0,0,0,0,0,0,0
14.5001,0,0,0,0,0,0,0,0,0,0,0,0,0,0,0,0
14.5101,0,0,0,0,0,0,0,0,0,0,0,0,0,0,0,0
14.5201,0,0,0,0,0,0,0,0,0,0,0,0,0,0,0,0
14.5301,0,0,0,0,0,0,0,0,0,0,0,0,0,0,0,0
14.5401,0,0,0,0,0,0,0,0,0,0,0,0,0,0,0,0
14.5501,0,0,0,0,0,0,0,0,0,0,0,0,0,0,0,0
14.5601,0,0,0,0,0,0,0,0,0,0,0,0,0,0,0,0
14.5701,0,0,0,0,0,0,0,0,0,0,0,0,0,0,0,0
14.5801,0,0,0,0,0,0,0,0,0,0,0,0,0,0,0,0
14.5901,0,0,0,0,0,0,0,0,0,0,0,0,0,0,0,0
14.6001,0,0,0,0,0,0,0,0,0,0,0,0,0,0,0,0
14.6101,0,0,0,0,0,0,0,0,0,0,0,0,0,0,0,0
14.6201,0,0,0,0,0,0,0,0,0,0,0,0,0,0,0,0
14.6301,0,0,0,0,0,0,0,0,0,0,0,0,0,0,0,0
14.6401,0,0,0,0,0,0,0,0,0,0,0,0,0,0,0,0
14.6501,0,0,0,0,0,0,0,0,0,0,0,0,0,0,0,0
14.6601,0,0,0,0,0,0,0,0,0,0,0,0,0,0,0,0
14.6701,0,0,0,0,0,0,0,0,0,0,0,0,0,0,0,0
14.6801,0,0,0,0,0,0,0,0,0,0,0,0,0,0,0,0
14.6901,0,0,0,0,0,0,0,0,0,0,0,0,0,0,0,0
14.7001,0,0,0,0,0,0,0,0,0,0,0,0,0,0,0,0
14.7101,0,0,0,0,0,0,0,0,0,0,0,0,0,0,0,0
14.7201,0,0,0,0,0,0,0,0,0,0,0,0,0,0,0,0
14.7301,0,0,0,0,0,0,0,0,0,0,0,0,0,0,0,0
14.7401,0,0,0,0,0,0,0,0,0,0,0,0,0,0,0,0
14.7501,0,0,0,0,0,0,0,0,0,0,0,0,0,0,0,0
14.7601,0,0,0,0,0,0,0,0,0,0,0,0,0,0,0,0
14.7701,0,0,0,0,0,0,0,0,0,0,0,0,0,0,0,0
14.7801,0,0,0,0,0,0,0,0,0,0,0,0,0,0,0,0
14.7901,0,0,0,0,0,0,0,0,0,0,0,0,0,0,0,0
14.8001,0,0,0,0,0,0,0,0,0,0,0,0,0,0,0,0
14.8101,0,0,0,0,0,0,0,0,0,0,0,0,0,0,0,0
14.82,0,0,0,0,0,0,0,0,0,0,0,0,0,0,0,0
14.8301,0,0,0,0,0,0,0,0,0,0,0,0,0,0,0,0
14.8401,0,0,0,0,0,0,0,0,0,0,0,0,0,0,0,0
14.8501,0,0,0,0,0,0,0,0,0,0,0,0,0,0,0,0
14.8601,0,0,0,0,0,0,0,0,0,0,0,0,0,0,0,0
14.8701,0,0,0,0,0,0,0,0,0,0,0,0,0,0,0,0
14.8801,0,0,0,0,0,0,0,0,0,0,0,0,0,0,0,0
14.8901,0,0,0,0,0,0,0,0,0,0,0,0,0,0,0,0
14.9001,0,0,0,0,0,0,0,0,0,0,0,0,0,0,0,0
14.9101,0,0,0,0,0,0,0,0,0,0,0,0,0,0,0,0
14.9201,0,0,0,0,0,0,0,0,0,0,0,0,0,0,0,0
14.9301,0,0,0,0,0,0,0,0,0,0,0,0,0,0,0,0
14.9401,0,0,0,0,0,0,0,0,0,0,0,0,0,0,0,0
14.9501,0,0,0,0,0,0,0,0,0,0,0,0,0,0,0,0
14.96,0,0,0,0,0,0,0,0,0,0,0,0,0,0,0,0
14.9701,0,0,0,0,0,0,0,0,0,0,0,0,0,0,0,0
14.9801,0,0,0,0,0,0,0,0,0,0,0,0,0,0,0,0
14.9901,0,0,0,0,0,0,0,0,0,0,0,0,0,0,0,0
15.0001,0,0,0,0,0,0,0,0,0,0,0,0,0,0,0,0
15.0101,0,0,0,0,0,0,0,0,0,0,0,0,0,0,0,0
15.0201,0,0,0,0,0,0,0,0,0,0,0,0,0,0,0,0
15.0301,0,0,0,0,0,0,0,0,0,0,0,0,0,0,0,0
15.0401,0,0,0,0,0,0,0,0,0,0,0,0,0,0,0,0
15.0501,0,0,0,0,0,0,0,0,0,0,0,0,0,0,0,0
15.0601,0,0,0,0,0,0,0,0,0,0,0,0,0,0,0,0
15.0701,0,0,0,0,0,0,0,0,0,0,0,0,0,0,0,0
15.0801,0,0,0,0,0,0,0,0,0,0,0,0,0,0,0,0
15.0901,0,0,0,0,0,0,0,0,0,0,0,0,0,0,0,0
15.1001,0,0,0,0,0,0,0,0,0,0,0,0,0,0,0,0
15.1101,0,0,0,0,0,0,0,0,0,0,0,0,0,0,0,0
15.1201,0,0,0,0,0,0,0,0,0,0,0,0,0,0,0,0
15.1301,0,0,0,0,0,0,0,0,0,0,0,0,0,0,0,0
15.1401,0,0,0,0,0,0,0,0,0,0,0,0,0,0,0,0
15.1501,0,0,0,0,0,0,0,0,0,0,0,0,0,0,0,0
15.1601,0,0,0,0,0,0,0,0,0,0,0,0,0,0,0,0
15.1701,0,0,0,0,0,0,0,0,0,0,0,0,0,0,0,0
15.1801,0,0,0,0,0,0,0,0,0,0,0,0,0,0,0,0
15.1901,0,0,0,0,0,0,0,0,0,0,0,0,0,0,0,0
15.2001,0,0,0,0,0,0,0,0,0,0,0,0,0,0,0,0
15.2101,0,0,0,0,0,0,0,0,0,0,0,0,0,0,0,0
15.2201,0,0,0,0,0,0,0,0,0,0,0,0,0,0,0,0
15.2301,0,0,0,0,0,0,0,0,0,0,0,0,0,0,0,0
15.2401,0,0,0,0,0,0,0,0,0,0,0,0,0,0,0,0
15.2501,0,0,0,0,0,0,0,0,0,0,0,0,0,0,0,0
15.2601,0,0,0,0,0,0,0,0,0,0,0,0,0,0,0,0
15.2701,0,0,0,0,0,0,0,0,0,0,0,0,0,0,0,0
15.2801,0,0,0,0,0,0,0,0,0,0,0,0,0,0,0,0
15.2901,0,0,0,0,0,0,0,0,0,0,0,0,0,0,0,0
15.3001,0,0,0,0,0,0,0,0,0,0,0,0,0,0,0,0
15.3101,0,0,0,0,0,0,0,0,0,0,0,0,0,0,0,0
15.3201,0,0,0,0,0,0,0,0,0,0,0,0,0,0,0,0
15.3301,0,0,0,0,0,0,0,0,0,0,0,0,0,0,0,0
15.3401,0,0,0,0,0,0,0,0,0,0,0,0,0,0,0,0
15.3501,0,0,0,0,0,0,0,0,0,0,0,0,0,0,0,0
15.3601,0,0,0,0,0,0,0,0,0,0,0,0,0,0,0,0
15.3701,0,0,0,0,0,0,0,0,0,0,0,0,0,0,0,0
15.3801,0,0,0,0,0,0,0,0,0,0,0,0,0,0,0,0
15.3901,0,0,0,0,0,0,0,0,0,0,0,0,0,0,0,0
15.4001,0,0,0,0,0,0,0,0,0,0,0,0,0,0,0,0
15.41,0,0,0,0,0,0,0,0,0,0,0,0,0,0,0,0
15.4201,0,0,0,0,0,0,0,0,0,0,0,0,0,0,0,0
15.4301,0,0,0,0,0,0,0,0,0,0,0,0,0,0,0,0
15.4401,0,0,0,0,0,0,0,0,0,0,0,0,0,0,0,0
15.4501,0,0,0,0,0,0,0,0,0,0,0,0,0,0,0,0
15.4601,0,0,0,0,0,0,0,0,0,0,0,0,0,0,0,0
15.4701,0,0,0,0,0,0,0,0,0,0,0,0,0,0,0,0
15.4801,0,0,0,0,0,0,0,0,0,0,0,0,0,0,0,0
15.4901,0,0,0,0,0,0,0,0,0,0,0,0,0,0,0,0
15.5001,0,0,0,0,0,0,0,0,0,0,0,0,0,0,0,0
15.5101,0,0,0,0,0,0,0,0,0,0,0,0,0,0,0,0
15.5201,0,0,0,0,0,0,0,0,0,0,0,0,0,0,0,0
15.5301,0,0,0,0,0,0,0,0,0,0,0,0,0,0,0,0
15.5401,0,0,0,0,0,0,0,0,0,0,0,0,0,0,0,0
15.5501,0,0,0,0,0,0,0,0,0,0,0,0,0,0,0,0
15.5601,0,0,0,0,0,0,0,0,0,0,0,0,0,0,0,0
15.5701,0,0,0,0,0,0,0,0,0,0,0,0,0,0,0,0
15.5801,0,0,0,0,0,0,0,0,0,0,0,0,0,0,0,0
15.5901,0,0,0,0,0,0,0,0,0,0,0,0,0,0,0,0
15.6,0,0,0,0,0,0,0,0,0,0,0,0,0,0,0,0
15.6101,0,0,0,0,0,0,0,0,0,0,0,0,0,0,0,0
15.6201,0,0,0,0,0,0,0,0,0,0,0,0,0,0,0,0
15.6301,0,0,0,0,0,0,0,0,0,0,0,0,0,0,0,0
15.6401,0,0,0,0,0,0,0,0,0,0,0,0,0,0,0,0
15.6501,0,0,0,0,0,0,0,0,0,0,0,0,0,0,0,0
15.66,0,0,0,0,0,0,0,0,0,0,0,0,0,0,0,0
15.6701,0,0,0,0,0,0,0,0,0,0,0,0,0,0,0,0
15.6801,0,0,0,0,0,0,0,0,0,0,0,0,0,0,0,0
15.6901,0,0,0,0,0,0,0,0,0,0,0,0,0,0,0,0
15.7001,0,0,0,0,0,0,0,0,0,0,0,0,0,0,0,0
15.7101,0,0,0,0,0,0,0,0,0,0,0,0,0,0,0,0
15.7201,0,0,0,0,0,0,0,0,0,0,0,0,0,0,0,0
15.7301,0,0,0,0,0,0,0,0,0,0,0,0,0,0,0,0
15.7401,0,0,0,0,0,0,0,0,0,0,0,0,0,0,0,0
15.7501,0,0,0,0,0,0,0,0,0,0,0,0,0,0,0,0
15.7601,0,0,0,0,0,0,0,0,0,0,0,0,0,0,0,0
15.7701,0,0,0,0,0,0,0,0,0,0,0,0,0,0,0,0
15.7801,0,0,0,0,0,0,0,0,0,0,0,0,0,0,0,0
15.7901,0,0,0,0,0,0,0,0,0,0,0,0,0,0,0,0
15.8001,0,0,0,0,0,0,0,0,0,0,0,0,0,0,0,0
15.8101,0,0,0,0,0,0,0,0,0,0,0,0,0,0,0,0
15.8201,0,0,0,0,0,0,0,0,0,0,0,0,0,0,0,0
15.8301,0,0,0,0,0,0,0,0,0,0,0,0,0,0,0,0
15.8401,0,0,0,0,0,0,0,0,0,0,0,0,0,0,0,0
15.8501,0,0,0,0,0,0,0,0,0,0,0,0,0,0,0,0
15.8601,0,0,0,0,0,0,0,0,0,0,0,0,0,0,0,0
15.8701,0,0,0,0,0,0,0,0,0,0,0,0,0,0,0,0
15.8801,0,0,0,0,0,0,0,0,0,0,0,0,0,0,0,0
15.8901,0,0,0,0,0,0,0,0,0,0,0,0,0,0,0,0
15.9001,0,0,0,0,0,0,0,0,0,0,0,0,0,0,0,0
15.9101,0,0,0,0,0,0,0,0,0,0,0,0,0,0,0,0
15.9201,0,0,0,0,0,0,0,0,0,0,0,0,0,0,0,0
15.9301,0,0,0,0,0,0,0,0,0,0,0,0,0,0,0,0
15.9401,0,0,0,0,0,0,0,0,0,0,0,0,0,0,0,0
15.9501,0,0,0,0,0,0,0,0,0,0,0,0,0,0,0,0
15.9601,0,0,0,0,0,0,0,0,0,0,0,0,0,0,0,0
15.9701,0,0,0,0,0,0,0,0,0,0,0,0,0,0,0,0
15.9801,0,0,0,0,0,0,0,0,0,0,0,0,0,0,0,0
15.9901,0,0,0,0,0,0,0,0,0,0,0,0,0,0,0,0
16.0001,0,0,0,0,0,0,0,0,0,0,0,0,0,0,0,0
16.0101,0,0,0,0,0,0,0,0,0,0,0,0,0,0,0,0
16.0201,0,0,0,0,0,0,0,0,0,0,0,0,0,0,0,0
16.0301,0,0,0,0,0,0,0,0,0,0,0,0,0,0,0,0
16.0401,0,0,0,0,0,0,0,0,0,0,0,0,0,0,0,0
16.0501,0,0,0,0,0,0,0,0,0,0,0,0,0,0,0,0
16.0601,0,0,0,0,0,0,0,0,0,0,0,0,0,0,0,0
16.0701,0,0,0,0,0,0,0,0,0,0,0,0,0,0,0,0
16.0801,0,0,0,0,0,0,0,0,0,0,0,0,0,0,0,0
16.0901,0,0,0,0,0,0,0,0,0,0,0,0,0,0,0,0
16.1001,0,0,0,0,0,0,0,0,0,0,0,0,0,0,0,0
16.1101,0,0,0,0,0,0,0,0,0,0,0,0,0,0,0,0
16.1201,0,0,0,0,0,0,0,0,0,0,0,0,0,0,0,0
16.1301,0,0,0,0,0,0,0,0,0,0,0,0,0,0,0,0
16.1401,0,0,0,0,0,0,0,0,0,0,0,0,0,0,0,0
16.1501,0,0,0,0,0,0,0,0,0,0,0,0,0,0,0,0
16.1601,0,0,0,0,0,0,0,0,0,0,0,0,0,0,0,0
16.1701,0,0,0,0,0,0,0,0,0,0,0,0,0,0,0,0
16.1801,0,0,0,0,0,0,0,0,0,0,0,0,0,0,0,0
16.1901,0,0,0,0,0,0,0,0,0,0,0,0,0,0,0,0
16.2001,0,0,0,0,0,0,0,0,0,0,0,0,0,0,0,0
16.2101,0,0,0,0,0,0,0,0,0,0,0,0,0,0,0,0
16.2201,0,0,0,0,0,0,0,0,0,0,0,0,0,0,0,0
16.2301,0,0,0,0,0,0,0,0,0,0,0,0,0,0,0,0
16.2401,0,0,0,0,0,0,0,0,0,0,0,0,0,0,0,0
16.2501,0,0,0,0,0,0,0,0,0,0,0,0,0,0,0,0
16.2601,0,0,0,0,0,0,0,0,0,0,0,0,0,0,0,0
16.2701,0,0,0,0,0,0,0,0,0,0,0,0,0,0,0,0
16.2801,0,0,0,0,0,0,0,0,0,0,0,0,0,0,0,0
16.29,0,0,0,0,0,0,0,0,0,0,0,0,0,0,0,0
16.3001,0,0,0,0,0,0,0,0,0,0,0,0,0,0,0,0
16.3101,0,0,0,0,0,0,0,0,0,0,0,0,0,0,0,0
16.3201,0,0,0,0,0,0,0,0,0,0,0,0,0,0,0,0
16.3301,0,0,0,0,0,0,0,0,0,0,0,0,0,0,0,0
16.3401,0,0,0,0,0,0,0,0,0,0,0,0,0,0,0,0
16.3501,0,0,0,0,0,0,0,0,0,0,0,0,0,0,0,0
16.3601,0,0,0,0,0,0,0,0,0,0,0,0,0,0,0,0
16.3701,0,0,0,0,0,0,0,0,0,0,0,0,0,0,0,0
16.3801,0,0,0,0,0,0,0,0,0,0,0,0,0,0,0,0
16.3901,0,0,0,0,0,0,0,0,0,0,0,0,0,0,0,0
16.4001,0,0,0,0,0,0,0,0,0,0,0,0,0,0,0,0
16.4101,0,0,0,0,0,0,0,0,0,0,0,0,0,0,0,0
16.4201,0,0,0,0,0,0,0,0,0,0,0,0,0,0,0,0
16.4301,0,0,0,0,0,0,0,0,0,0,0,0,0,0,0,0
16.4401,0,0,0,0,0,0,0,0,0,0,0,0,0,0,0,0
16.4501,0,0,0,0,0,0,0,0,0,0,0,0,0,0,0,0
16.4601,0,0,0,0,0,0,0,0,0,0,0,0,0,0,0,0
16.4701,0,0,0,0,0,0,0,0,0,0,0,0,0,0,0,0
16.4801,0,0,0,0,0,0,0,0,0,0,0,0,0,0,0,0
16.4901,0,0,0,0,0,0,0,0,0,0,0,0,0,0,0,0
16.5001,0,0,0,0,0,0,0,0,0,0,0,0,0,0,0,0
16.5101,0,0,0,0,0,0,0,0,0,0,0,0,0,0,0,0
16.5201,0,0,0,0,0,0,0,0,0,0,0,0,0,0,0,0
16.5301,0,0,0,0,0,0,0,0,0,0,0,0,0,0,0,0
16.5401,0,0,0,0,0,0,0,0,0,0,0,0,0,0,0,0
16.5501,0,0,0,0,0,0,0,0,0,0,0,0,0,0,0,0
16.5601,0,0,0,0,0,0,0,0,0,0,0,0,0,0,0,0
16.5701,0,0,0,0,0,0,0,0,0,0,0,0,0,0,0,0
16.5801,0,0,0,0,0,0,0,0,0,0,0,0,0,0,0,0
16.5901,0,0,0,0,0,0,0,0,0,0,0,0,0,0,0,0
16.6001,0,0,0,0,0,0,0,0,0,0,0,0,0,0,0,0
16.6101,0,0,0,0,0,0,0,0,0,0,0,0,0,0,0,0
16.6201,0,0,0,0,0,0,0,0,0,0,0,0,0,0,0,0
16.6301,0,0,0,0,0,0,0,0,0,0,0,0,0,0,0,0
16.6401,0,0,0,0,0,0,0,0,0,0,0,0,0,0,0,0
16.6501,0,0,0,0,0,0,0,0,0,0,0,0,0,0,0,0
16.6601,0,0,0,0,0,0,0,0,0,0,0,0,0,0,0,0
16.6701,0,0,0,0,0,0,0,0,0,0,0,0,0,0,0,0
16.6801,0,0,0,0,0,0,0,0,0,0,0,0,0,0,0,0
16.69,0,0,0,0,0,0,0,0,0,0,0,0,0,0,0,0
16.7001,0,0,0,0,0,0,0,0,0,0,0,0,0,0,0,0
16.7101,0,0,0,0,0,0,0,0,0,0,0,0,0,0,0,0
16.7201,0,0,0,0,0,0,0,0,0,0,0,0,0,0,0,0
16.7301,0,0,0,0,0,0,0,0,0,0,0,0,0,0,0,0
16.7401,0,0,0,0,0,0,0,0,0,0,0,0,0,0,0,0
16.7501,0,0,0,0,0,0,0,0,0,0,0,0,0,0,0,0
16.7601,0,0,0,0,0,0,0,0,0,0,0,0,0,0,0,0
16.7701,0,0,0,0,0,0,0,0,0,0,0,0,0,0,0,0
16.7801,0,0,0,0,0,0,0,0,0,0,0,0,0,0,0,0
16.7901,0,0,0,0,0,0,0,0,0,0,0,0,0,0,0,0
16.8001,0,0,0,0,0,0,0,0,0,0,0,0,0,0,0,0
16.8101,0,0,0,0,0,0,0,0,0,0,0,0,0,0,0,0
16.8201,0,0,0,0,0,0,0,0,0,0,0,0,0,0,0,0
16.8301,0,0,0,0,0,0,0,0,0,0,0,0,0,0,0,0
16.8401,0,0,0,0,0,0,0,0,0,0,0,0,0,0,0,0
16.8501,0,0,0,0,0,0,0,0,0,0,0,0,0,0,0,0
16.8601,0,0,0,0,0,0,0,0,0,0,0,0,0,0,0,0
16.8701,0,0,0,0,0,0,0,0,0,0,0,0,0,0,0,0
16.8801,0,0,0,0,0,0,0,0,0,0,0,0,0,0,0,0
16.8901,0,0,0,0,0,0,0,0,0,0,0,0,0,0,0,0
16.9001,0,0,0,0,0,0,0,0,0,0,0,0,0,0,0,0
16.9101,0,0,0,0,0,0,0,0,0,0,0,0,0,0,0,0
16.9201,0,0,0,0,0,0,0,0,0,0,0,0,0,0,0,0
16.9301,0,0,0,0,0,0,0,0,0,0,0,0,0,0,0,0
16.9401,0,0,0,0,0,0,0,0,0,0,0,0,0,0,0,0
16.9501,0,0,0,0,0,0,0,0,0,0,0,0,0,0,0,0
16.9601,0,0,0,0,0,0,0,0,0,0,0,0,0,0,0,0
16.9701,0,0,0,0,0,0,0,0,0,0,0,0,0,0,0,0
16.9801,0,0,0,0,0,0,0,0,0,0,0,0,0,0,0,0
16.9901,0,0,0,0,0,0,0,0,0,0,0,0,0,0,0,0
17.0001,0,0,0,0,0,0,0,0,0,0,0,0,0,0,0,0
17.0101,0,0,0,0,0,0,0,0,0,0,0,0,0,0,0,0
17.0201,0,0,0,0,0,0,0,0,0,0,0,0,0,0,0,0
17.0301,0,0,0,0,0,0,0,0,0,0,0,0,0,0,0,0
17.0401,0,0,0,0,0,0,0,0,0,0,0,0,0,0,0,0
17.0501,0,0,0,0,0,0,0,0,0,0,0,0,0,0,0,0
17.0601,0,0,0,0,0,0,0,0,0,0,0,0,0,0,0,0
17.0701,0,0,0,0,0,0,0,0,0,0,0,0,0,0,0,0
17.0801,0,0,0,0,0,0,0,0,0,0,0,0,0,0,0,0
17.0901,0,0,0,0,0,0,0,0,0,0,0,0,0,0,0,0
17.1001,0,0,0,0,0,0,0,0,0,0,0,0,0,0,0,0
17.1101,0,0,0,0,0,0,0,0,0,0,0,0,0,0,0,0
17.1201,0,0,0,0,0,0,0,0,0,0,0,0,0,0,0,0
17.1301,0,0,0,0,0,0,0,0,0,0,0,0,0,0,0,0
17.1401,0,0,0,0,0,0,0,0,0,0,0,0,0,0,0,0
17.1501,0,0,0,0,0,0,0,0,0,0,0,0,0,0,0,0
17.1601,0,0,0,0,0,0,0,0,0,0,0,0,0,0,0,0
17.1701,0,0,0,0,0,0,0,0,0,0,0,0,0,0,0,0
17.1801,0,0,0,0,0,0,0,0,0,0,0,0,0,0,0,0
17.1901,0,0,0,0,0,0,0,0,0,0,0,0,0,0,0,0
17.2001,0,0,0,0,0,0,0,0,0,0,0,0,0,0,0,0
17.2101,0,0,0,0,0,0,0,0,0,0,0,0,0,0,0,0
17.2201,0,0,0,0,0,0,0,0,0,0,0,0,0,0,0,0
17.2301,0,0,0,0,0,0,0,0,0,0,0,0,0,0,0,0
17.2401,0,0,0,0,0,0,0,0,0,0,0,0,0,0,0,0
17.2501,0,0,0,0,0,0,0,0,0,0,0,0,0,0,0,0
17.2601,0,0,0,0,0,0,0,0,0,0,0,0,0,0,0,0
17.2701,0,0,0,0,0,0,0,0,0,0,0,0,0,0,0,0
17.2801,0,0,0,0,0,0,0,0,0,0,0,0,0,0,0,0
17.2901,0,0,0,0,0,0,0,0,0,0,0,0,0,0,0,0
17.3001,0,0,0,0,0,0,0,0,0,0,0,0,0,0,0,0
17.3101,0,0,0,0,0,0,0,0,0,0,0,0,0,0,0,0
17.3201,0,0,0,0,0,0,0,0,0,0,0,0,0,0,0,0
17.3301,0,0,0,0,0,0,0,0,0,0,0,0,0,0,0,0
17.3401,0,0,0,0,0,0,0,0,0,0,0,0,0,0,0,0
17.3501,0,0,0,0,0,0,0,0,0,0,0,0,0,0,0,0
17.3601,0,0,0,0,0,0,0,0,0,0,0,0,0,0,0,0
17.3701,0,0,0,0,0,0,0,0,0,0,0,0,0,0,0,0
17.3801,0,0,0,0,0,0,0,0,0,0,0,0,0,0,0,0
17.3901,0,0,0,0,0,0,0,0,0,0,0,0,0,0,0,0
17.4001,0,0,0,0,0,0,0,0,0,0,0,0,0,0,0,0
17.4101,0,0,0,0,0,0,0,0,0,0,0,0,0,0,0,0
17.4201,0,0,0,0,0,0,0,0,0,0,0,0,0,0,0,0
17.4301,0,0,0,0,0,0,0,0,0,0,0,0,0,0,0,0
17.4401,0,0,0,0,0,0,0,0,0,0,0,0,0,0,0,0
17.4501,0,0,0,0,0,0,0,0,0,0,0,0,0,0,0,0
17.4601,0,0,0,0,0,0,0,0,0,0,0,0,0,0,0,0
17.4701,0,0,0,0,0,0,0,0,0,0,0,0,0,0,0,0
17.4801,0,0,0,0,0,0,0,0,0,0,0,0,0,0,0,0
17.4901,0,0,0,0,0,0,0,0,0,0,0,0,0,0,0,0
17.5001,0,0,0,0,0,0,0,0,0,0,0,0,0,0,0,0
17.5101,0,0,0,0,0,0,0,0,0,0,0,0,0,0,0,0
17.5201,0,0,0,0,0,0,0,0,0,0,0,0,0,0,0,0
17.5301,0,0,0,0,0,0,0,0,0,0,0,0,0,0,0,0
17.5401,0,0,0,0,0,0,0,0,0,0,0,0,0,0,0,0
17.5501,0,0,0,0,0,0,0,0,0,0,0,0,0,0,0,0
17.5601,0,0,0,0,0,0,0,0,0,0,0,0,0,0,0,0
17.5701,0,0,0,0,0,0,0,0,0,0,0,0,0,0,0,0
17.5801,0,0,0,0,0,0,0,0,0,0,0,0,0,0,0,0
17.5901,0,0,0,0,0,0,0,0,0,0,0,0,0,0,0,0
17.6001,0,0,0,0,0,0,0,0,0,0,0,0,0,0,0,0
17.6101,0,0,0,0,0,0,0,0,0,0,0,0,0,0,0,0
17.6201,0,0,0,0,0,0,0,0,0,0,0,0,0,0,0,0
17.6301,0,0,0,0,0,0,0,0,0,0,0,0,0,0,0,0
17.6401,0,0,0,0,0,0,0,0,0,0,0,0,0,0,0,0
17.6501,0,0,0,0,0,0,0,0,0,0,0,0,0,0,0,0
17.6601,0,0,0,0,0,0,0,0,0,0,0,0,0,0,0,0
17.6701,0,0,0,0,0,0,0,0,0,0,0,0,0,0,0,0
17.6801,0,0,0,0,0,0,0,0,0,0,0,0,0,0,0,0
17.6901,0,0,0,0,0,0,0,0,0,0,0,0,0,0,0,0
17.7001,0,0,0,0,0,0,0,0,0,0,0,0,0,0,0,0
17.7101,0,0,0,0,0,0,0,0,0,0,0,0,0,0,0,0
17.7201,0,0,0,0,0,0,0,0,0,0,0,0,0,0,0,0
17.7301,0,0,0,0,0,0,0,0,0,0,0,0,0,0,0,0
17.7401,0,0,0,0,0,0,0,0,0,0,0,0,0,0,0,0
17.7501,0,0,0,0,0,0,0,0,0,0,0,0,0,0,0,0
17.7601,0,0,0,0,0,0,0,0,0,0,0,0,0,0,0,0
17.7701,0,0,0,0,0,0,0,0,0,0,0,0,0,0,0,0
17.7801,0,0,0,0,0,0,0,0,0,0,0,0,0,0,0,0
17.7901,0,0,0,0,0,0,0,0,0,0,0,0,0,0,0,0
17.8001,0,0,0,0,0,0,0,0,0,0,0,0,0,0,0,0
17.8101,0,0,0,0,0,0,0,0,0,0,0,0,0,0,0,0
17.8201,0,0,0,0,0,0,0,0,0,0,0,0,0,0,0,0
17.8301,0,0,0,0,0,0,0,0,0,0,0,0,0,0,0,0
17.8401,0,0,0,0,0,0,0,0,0,0,0,0,0,0,0,0
17.8501,0,0,0,0,0,0,0,0,0,0,0,0,0,0,0,0
17.8601,0,0,0,0,0,0,0,0,0,0,0,0,0,0,0,0
17.8701,0,0,0,0,0,0,0,0,0,0,0,0,0,0,0,0
17.8801,0,0,0,0,0,0,0,0,0,0,0,0,0,0,0,0
17.8901,0,0,0,0,0,0,0,0,0,0,0,0,0,0,0,0
17.9001,0,0,0,0,0,0,0,0,0,0,0,0,0,0,0,0
17.9101,0,0,0,0,0,0,0,0,0,0,0,0,0,0,0,0
17.9201,0,0,0,0,0,0,0,0,0,0,0,0,0,0,0,0
17.9301,0,0,0,0,0,0,0,0,0,0,0,0,0,0,0,0
17.9401,0,0,0,0,0,0,0,0,0,0,0,0,0,0,0,0
17.9501,0,0,0,0,0,0,0,0,0,0,0,0,0,0,0,0
17.9601,0,0,0,0,0,0,0,0,0,0,0,0,0,0,0,0
17.9701,0,0,0,0,0,0,0,0,0,0,0,0,0,0,0,0
17.9801,0,0,0,0,0,0,0,0,0,0,0,0,0,0,0,0
17.9901,0,0,0,0,0,0,0,0,0,0,0,0,0,0,0,0
18.0001,0,0,0,0,0,0,0,0,0,0,0,0,0,0,0,0
18.0101,0,0,0,0,0,0,0,0,0,0,0,0,0,0,0,0
18.0201,0,0,0,0,0,0,0,0,0,0,0,0,0,0,0,0
18.0301,0,0,0,0,0,0,0,0,0,0,0,0,0,0,0,0
18.0401,0,0,0,0,0,0,0,0,0,0,0,0,0,0,0,0
18.0501,0,0,0,0,0,0,0,0,0,0,0,0,0,0,0,0
18.0601,0,0,0,0,0,0,0,0,0,0,0,0,0,0,0,0
18.0701,0,0,0,0,0,0,0,0,0,0,0,0,0,0,0,0
18.0801,0,0,0,0,0,0,0,0,0,0,0,0,0,0,0,0
18.0901,0,0,0,0,0,0,0,0,0,0,0,0,0,0,0,0
18.1001,0,0,0,0,0,0,0,0,0,0,0,0,0,0,0,0
18.1101,0,0,0,0,0,0,0,0,0,0,0,0,0,0,0,0
18.1201,0,0,0,0,0,0,0,0,0,0,0,0,0,0,0,0
18.1301,0,0,0,0,0,0,0,0,0,0,0,0,0,0,0,0
18.1401,0,0,0,0,0,0,0,0,0,0,0,0,0,0,0,0
18.1501,0,0,0,0,0,0,0,0,0,0,0,0,0,0,0,0
18.1601,0,0,0,0,0,0,0,0,0,0,0,0,0,0,0,0
18.1701,0,0,0,0,0,0,0,0,0,0,0,0,0,0,0,0
18.1801,0,0,0,0,0,0,0,0,0,0,0,0,0,0,0,0
18.1901,0,0,0,0,0,0,0,0,0,0,0,0,0,0,0,0
18.2001,0,0,0,0,0,0,0,0,0,0,0,0,0,0,0,0
18.2101,0,0,0,0,0,0,0,0,0,0,0,0,0,0,0,0
18.2201,0,0,0,0,0,0,0,0,0,0,0,0,0,0,0,0
18.2301,0,0,0,0,0,0,0,0,0,0,0,0,0,0,0,0
18.2401,0,0,0,0,0,0,0,0,0,0,0,0,0,0,0,0
18.2501,0,0,0,0,0,0,0,0,0,0,0,0,0,0,0,0
18.2601,0,0,0,0,0,0,0,0,0,0,0,0,0,0,0,0
18.2701,0,0,0,0,0,0,0,0,0,0,0,0,0,0,0,0
18.2801,0,0,0,0,0,0,0,0,0,0,0,0,0,0,0,0
18.2901,0,0,0,0,0,0,0,0,0,0,0,0,0,0,0,0
18.3001,0,0,0,0,0,0,0,0,0,0,0,0,0,0,0,0
18.3101,0,0,0,0,0,0,0,0,0,0,0,0,0,0,0,0
18.3201,0,0,0,0,0,0,0,0,0,0,0,0,0,0,0,0
18.3301,0,0,0,0,0,0,0,0,0,0,0,0,0,0,0,0
18.3401,0,0,0,0,0,0,0,0,0,0,0,0,0,0,0,0
18.3501,0,0,0,0,0,0,0,0,0,0,0,0,0,0,0,0
18.3601,0,0,0,0,0,0,0,0,0,0,0,0,0,0,0,0
18.3701,0,0,0,0,0,0,0,0,0,0,0,0,0,0,0,0
18.3801,0,0,0,0,0,0,0,0,0,0,0,0,0,0,0,0
18.3901,0,0,0,0,0,0,0,0,0,0,0,0,0,0,0,0
18.4001,0,0,0,0,0,0,0,0,0,0,0,0,0,0,0,0
18.4101,0,0,0,0,0,0,0,0,0,0,0,0,0,0,0,0
18.4201,0,0,0,0,0,0,0,0,0,0,0,0,0,0,0,0
18.4301,0,0,0,0,0,0,0,0,0,0,0,0,0,0,0,0
18.4401,0,0,0,0,0,0,0,0,0,0,0,0,0,0,0,0
18.4501,0,0,0,0,0,0,0,0,0,0,0,0,0,0,0,0
18.4601,0,0,0,0,0,0,0,0,0,0,0,0,0,0,0,0
18.4701,0,0,0,0,0,0,0,0,0,0,0,0,0,0,0,0
18.4801,0,0,0,0,0,0,0,0,0,0,0,0,0,0,0,0
18.4901,0,0,0,0,0,0,0,0,0,0,0,0,0,0,0,0
18.5001,0,0,0,0,0,0,0,0,0,0,0,0,0,0,0,0
18.5101,0,0,0,0,0,0,0,0,0,0,0,0,0,0,0,0
18.5201,0,0,0,0,0,0,0,0,0,0,0,0,0,0,0,0
18.5301,0,0,0,0,0,0,0,0,0,0,0,0,0,0,0,0
18.5401,0,0,0,0,0,0,0,0,0,0,0,0,0,0,0,0
18.5501,0,0,0,0,0,0,0,0,0,0,0,0,0,0,0,0
18.5601,0,0,0,0,0,0,0,0,0,0,0,0,0,0,0,0
18.5701,0,0,0,0,0,0,0,0,0,0,0,0,0,0,0,0
18.5801,0,0,0,0,0,0,0,0,0,0,0,0,0,0,0,0
18.5901,0,0,0,0,0,0,0,0,0,0,0,0,0,0,0,0
18.6001,0,0,0,0,0,0,0,0,0,0,0,0,0,0,0,0
18.6101,0,0,0,0,0,0,0,0,0,0,0,0,0,0,0,0
18.6201,0,0,0,0,0,0,0,0,0,0,0,0,0,0,0,0
18.6301,0,0,0,0,0,0,0,0,0,0,0,0,0,0,0,0
18.6401,0,0,0,0,0,0,0,0,0,0,0,0,0,0,0,0
18.6501,0,0,0,0,0,0,0,0,0,0,0,0,0,0,0,0
18.6601,0,0,0,0,0,0,0,0,0,0,0,0,0,0,0,0
18.6701,0,0,0,0,0,0,0,0,0,0,0,0,0,0,0,0
18.6801,0,0,0,0,0,0,0,0,0,0,0,0,0,0,0,0
18.6901,0,0,0,0,0,0,0,0,0,0,0,0,0,0,0,0
18.7001,0,0,0,0,0,0,0,0,0,0,0,0,0,0,0,0
18.7101,0,0,0,0,0,0,0,0,0,0,0,0,0,0,0,0
18.7201,0,0,0,0,0,0,0,0,0,0,0,0,0,0,0,0
18.7301,0,0,0,0,0,0,0,0,0,0,0,0,0,0,0,0
18.7401,0,0,0,0,0,0,0,0,0,0,0,0,0,0,0,0
18.7501,0,0,0,0,0,0,0,0,0,0,0,0,0,0,0,0
18.7601,0,0,0,0,0,0,0,0,0,0,0,0,0,0,0,0
18.7701,0,0,0,0,0,0,0,0,0,0,0,0,0,0,0,0
18.7801,0,0,0,0,0,0,0,0,0,0,0,0,0,0,0,0
18.7901,0,0,0,0,0,0,0,0,0,0,0,0,0,0,0,0
18.8001,0,0,0,0,0,0,0,0,0,0,0,0,0,0,0,0
18.8101,0,0,0,0,0,0,0,0,0,0,0,0,0,0,0,0
18.8201,0,0,0,0,0,0,0,0,0,0,0,0,0,0,0,0
18.8301,0,0,0,0,0,0,0,0,0,0,0,0,0,0,0,0
18.8401,0,0,0,0,0,0,0,0,0,0,0,0,0,0,0,0
18.8501,0,0,0,0,0,0,0,0,0,0,0,0,0,0,0,0
18.8601,0,0,0,0,0,0,0,0,0,0,0,0,0,0,0,0
18.8701,0,0,0,0,0,0,0,0,0,0,0,0,0,0,0,0
18.8801,0,0,0,0,0,0,0,0,0,0,0,0,0,0,0,0
18.8901,0,0,0,0,0,0,0,0,0,0,0,0,0,0,0,0
18.9,0,0,0,0,0,0,0,0,0,0,0,0,0,0,0,0
18.9101,0,0,0,0,0,0,0,0,0,0,0,0,0,0,0,0
18.9201,0,0,0,0,0,0,0,0,0,0,0,0,0,0,0,0
18.9301,0,0,0,0,0,0,0,0,0,0,0,0,0,0,0,0
18.9401,0,0,0,0,0,0,0,0,0,0,0,0,0,0,0,0
18.9501,0,0,0,0,0,0,0,0,0,0,0,0,0,0,0,0
18.9601,0,0,0,0,0,0,0,0,0,0,0,0,0,0,0,0
18.9701,0,0,0,0,0,0,0,0,0,0,0,0,0,0,0,0
18.9801,0,0,0,0,0,0,0,0,0,0,0,0,0,0,0,0
18.9901,0,0,0,0,0,0,0,0,0,0,0,0,0,0,0,0
19.0001,0,0,0,0,0,0,0,0,0,0,0,0,0,0,0,0
19.0101,0,0,0,0,0,0,0,0,0,0,0,0,0,0,0,0
19.0201,0,0,0,0,0,0,0,0,0,0,0,0,0,0,0,0
19.0301,0,0,0,0,0,0,0,0,0,0,0,0,0,0,0,0
19.0401,0,0,0,0,0,0,0,0,0,0,0,0,0,0,0,0
19.0501,0,0,0,0,0,0,0,0,0,0,0,0,0,0,0,0
19.0601,0,0,0,0,0,0,0,0,0,0,0,0,0,0,0,0
19.0701,0,0,0,0,0,0,0,0,0,0,0,0,0,0,0,0
19.0801,0,0,0,0,0,0,0,0,0,0,0,0,0,0,0,0
19.0901,0,0,0,0,0,0,0,0,0,0,0,0,0,0,0,0
19.1001,0,0,0,0,0,0,0,0,0,0,0,0,0,0,0,0
19.1101,0,0,0,0,0,0,0,0,0,0,0,0,0,0,0,0
19.1201,0,0,0,0,0,0,0,0,0,0,0,0,0,0,0,0
19.1301,0,0,0,0,0,0,0,0,0,0,0,0,0,0,0,0
19.1401,0,0,0,0,0,0,0,0,0,0,0,0,0,0,0,0
19.1501,0,0,0,0,0,0,0,0,0,0,0,0,0,0,0,0
19.16,0,0,0,0,0,0,0,0,0,0,0,0,0,0,0,0
19.17,0,0,0,0,0,0,0,0,0,0,0,0,0,0,0,0
19.1801,0,0,0,0,0,0,0,0,0,0,0,0,0,0,0,0
19.1901,0,0,0,0,0,0,0,0,0,0,0,0,0,0,0,0
19.2001,0,0,0,0,0,0,0,0,0,0,0,0,0,0,0,0
19.2101,0,0,0,0,0,0,0,0,0,0,0,0,0,0,0,0
19.2201,0,0,0,0,0,0,0,0,0,0,0,0,0,0,0,0
19.2301,0,0,0,0,0,0,0,0,0,0,0,0,0,0,0,0
19.2401,0,0,0,0,0,0,0,0,0,0,0,0,0,0,0,0
19.2501,0,0,0,0,0,0,0,0,0,0,0,0,0,0,0,0
19.2601,0,0,0,0,0,0,0,0,0,0,0,0,0,0,0,0
19.2701,0,0,0,0,0,0,0,0,0,0,0,0,0,0,0,0
19.2801,0,0,0,0,0,0,0,0,0,0,0,0,0,0,0,0
19.2901,0,0,0,0,0,0,0,0,0,0,0,0,0,0,0,0
19.3001,0,0,0,0,0,0,0,0,0,0,0,0,0,0,0,0
19.3101,0,0,0,0,0,0,0,0,0,0,0,0,0,0,0,0
19.3201,0,0,0,0,0,0,0,0,0,0,0,0,0,0,0,0
19.3301,0,0,0,0,0,0,0,0,0,0,0,0,0,0,0,0
19.3401,0,0,0,0,0,0,0,0,0,0,0,0,0,0,0,0
19.3501,0,0,0,0,0,0,0,0,0,0,0,0,0,0,0,0
19.3601,0,0,0,0,0,0,0,0,0,0,0,0,0,0,0,0
19.3701,0,0,0,0,0,0,0,0,0,0,0,0,0,0,0,0
19.3801,0,0,0,0,0,0,0,0,0,0,0,0,0,0,0,0
19.3901,0,0,0,0,0,0,0,0,0,0,0,0,0,0,0,0
19.4001,0,0,0,0,0,0,0,0,0,0,0,0,0,0,0,0
19.4101,0,0,0,0,0,0,0,0,0,0,0,0,0,0,0,0
19.4201,0,0,0,0,0,0,0,0,0,0,0,0,0,0,0,0
19.4301,0,0,0,0,0,0,0,0,0,0,0,0,0,0,0,0
19.4401,0,0,0,0,0,0,0,0,0,0,0,0,0,0,0,0
19.4501,0,0,0,0,0,0,0,0,0,0,0,0,0,0,0,0
19.4601,0,0,0,0,0,0,0,0,0,0,0,0,0,0,0,0
19.4701,0,0,0,0,0,0,0,0,0,0,0,0,0,0,0,0
19.4801,0,0,0,0,0,0,0,0,0,0,0,0,0,0,0,0
19.4901,0,0,0,0,0,0,0,0,0,0,0,0,0,0,0,0
19.5001,0,0,0,0,0,0,0,0,0,0,0,0,0,0,0,0
19.5101,0,0,0,0,0,0,0,0,0,0,0,0,0,0,0,0
19.5201,0,0,0,0,0,0,0,0,0,0,0,0,0,0,0,0
19.5301,0,0,0,0,0,0,0,0,0,0,0,0,0,0,0,0
19.5401,0,0,0,0,0,0,0,0,0,0,0,0,0,0,0,0
19.5501,0,0,0,0,0,0,0,0,0,0,0,0,0,0,0,0
19.5601,0,0,0,0,0,0,0,0,0,0,0,0,0,0,0,0
19.5701,0,0,0,0,0,0,0,0,0,0,0,0,0,0,0,0
19.5801,0,0,0,0,0,0,0,0,0,0,0,0,0,0,0,0
19.5901,0,0,0,0,0,0,0,0,0,0,0,0,0,0,0,0
19.6001,0,0,0,0,0,0,0,0,0,0,0,0,0,0,0,0
19.6101,0,0,0,0,0,0,0,0,0,0,0,0,0,0,0,0
19.6201,0,0,0,0,0,0,0,0,0,0,0,0,0,0,0,0
19.6301,0,0,0,0,0,0,0,0,0,0,0,0,0,0,0,0
19.6401,0,0,0,0,0,0,0,0,0,0,0,0,0,0,0,0
19.6501,0,0,0,0,0,0,0,0,0,0,0,0,0,0,0,0
19.6601,0,0,0,0,0,0,0,0,0,0,0,0,0,0,0,0
19.6701,0,0,0,0,0,0,0,0,0,0,0,0,0,0,0,0
19.6801,0,0,0,0,0,0,0,0,0,0,0,0,0,0,0,0
19.6901,0,0,0,0,0,0,0,0,0,0,0,0,0,0,0,0
19.7001,0,0,0,0,0,0,0,0,0,0,0,0,0,0,0,0
19.7101,0,0,0,0,0,0,0,0,0,0,0,0,0,0,0,0
19.7201,0,0,0,0,0,0,0,0,0,0,0,0,0,0,0,0
19.7301,0,0,0,0,0,0,0,0,0,0,0,0,0,0,0,0
19.7401,0,0,0,0,0,0,0,0,0,0,0,0,0,0,0,0
19.7501,0,0,0,0,0,0,0,0,0,0,0,0,0,0,0,0
19.7601,0,0,0,0,0,0,0,0,0,0,0,0,0,0,0,0
19.7701,0,0,0,0,0,0,0,0,0,0,0,0,0,0,0,0
19.7801,0,0,0,0,0,0,0,0,0,0,0,0,0,0,0,0
19.7901,0,0,0,0,0,0,0,0,0,0,0,0,0,0,0,0
19.8001,0,0,0,0,0,0,0,0,0,0,0,0,0,0,0,0
19.8101,0,0,0,0,0,0,0,0,0,0,0,0,0,0,0,0
19.8201,0,0,0,0,0,0,0,0,0,0,0,0,0,0,0,0
19.8301,0,0,0,0,0,0,0,0,0,0,0,0,0,0,0,0
19.8401,0,0,0,0,0,0,0,0,0,0,0,0,0,0,0,0
19.8501,0,0,0,0,0,0,0,0,0,0,0,0,0,0,0,0
19.8601,0,0,0,0,0,0,0,0,0,0,0,0,0,0,0,0
19.8701,0,0,0,0,0,0,0,0,0,0,0,0,0,0,0,0
19.8801,0,0,0,0,0,0,0,0,0,0,0,0,0,0,0,0
19.8901,0,0,0,0,0,0,0,0,0,0,0,0,0,0,0,0
19.9001,0,0,0,0,0,0,0,0,0,0,0,0,0,0,0,0
19.9101,0,0,0,0,0,0,0,0,0,0,0,0,0,0,0,0
19.9201,0,0,0,0,0,0,0,0,0,0,0,0,0,0,0,0
19.9301,0,0,0,0,0,0,0,0,0,0,0,0,0,0,0,0
19.9401,0,0,0,0,0,0,0,0,0,0,0,0,0,0,0,0
19.9501,0,0,0,0,0,0,0,0,0,0,0,0,0,0,0,0
19.9601,0,0,0,0,0,0,0,0,0,0,0,0,0,0,0,0
19.9701,0,0,0,0,0,0,0,0,0,0,0,0,0,0,0,0
19.9801,0,0,0,0,0,0,0,0,0,0,0,0,0,0,0,0
19.9901,0,0,0,0,0,0,0,0,0,0,0,0,0,0,0,0
20.0001,0,0,0,0,0,0,0,0,0,0,0,0,0,0,0,0
20.0101,0,0,0,0,0,0,0,0,0,0,0,0,0,0,0,0
20.0201,0,0,0,0,0,0,0,0,0,0,0,0,0,0,0,0
20.0301,0,0,0,0,0,0,0,0,0,0,0,0,0,0,0,0
20.0401,0,0,0,0,0,0,0,0,0,0,0,0,0,0,0,0
20.0501,0,0,0,0,0,0,0,0,0,0,0,0,0,0,0,0
20.0601,0,0,0,0,0,0,0,0,0,0,0,0,0,0,0,0
20.0701,0,0,0,0,0,0,0,0,0,0,0,0,0,0,0,0
20.0801,0,0,0,0,0,0,0,0,0,0,0,0,0,0,0,0
20.0901,0,0,0,0,0,0,0,0,0,0,0,0,0,0,0,0
20.1001,0,0,0,0,0,0,0,0,0,0,0,0,0,0,0,0
20.1101,0,0,0,0,0,0,0,0,0,0,0,0,0,0,0,0
20.1201,0,0,0,0,0,0,0,0,0,0,0,0,0,0,0,0
20.1301,0,0,0,0,0,0,0,0,0,0,0,0,0,0,0,0
20.1401,0,0,0,0,0,0,0,0,0,0,0,0,0,0,0,0
20.1501,0,0,0,0,0,0,0,0,0,0,0,0,0,0,0,0
20.1601,0,0,0,0,0,0,0,0,0,0,0,0,0,0,0,0
20.1701,0,0,0,0,0,0,0,0,0,0,0,0,0,0,0,0
20.1801,0,0,0,0,0,0,0,0,0,0,0,0,0,0,0,0
20.1901,0,0,0,0,0,0,0,0,0,0,0,0,0,0,0,0
20.2001,0,0,0,0,0,0,0,0,0,0,0,0,0,0,0,0
20.2101,0,0,0,0,0,0,0,0,0,0,0,0,0,0,0,0
20.2201,0,0,0,0,0,0,0,0,0,0,0,0,0,0,0,0
20.2301,0,0,0,0,0,0,0,0,0,0,0,0,0,0,0,0
20.2401,0,0,0,0,0,0,0,0,0,0,0,0,0,0,0,0
20.2501,0,0,0,0,0,0,0,0,0,0,0,0,0,0,0,0
20.2601,0,0,0,0,0,0,0,0,0,0,0,0,0,0,0,0
20.2701,0,0,0,0,0,0,0,0,0,0,0,0,0,0,0,0
20.2801,0,0,0,0,0,0,0,0,0,0,0,0,0,0,0,0
20.2901,0,0,0,0,0,0,0,0,0,0,0,0,0,0,0,0
20.3001,0,0,0,0,0,0,0,0,0,0,0,0,0,0,0,0
20.3101,0,0,0,0,0,0,0,0,0,0,0,0,0,0,0,0
20.3201,0,0,0,0,0,0,0,0,0,0,0,0,0,0,0,0
20.3301,0,0,0,0,0,0,0,0,0,0,0,0,0,0,0,0
20.3401,0,0,0,0,0,0,0,0,0,0,0,0,0,0,0,0
20.3501,0,0,0,0,0,0,0,0,0,0,0,0,0,0,0,0
20.3601,0,0,0,0,0,0,0,0,0,0,0,0,0,0,0,0
20.3701,0,0,0,0,0,0,0,0,0,0,0,0,0,0,0,0
20.3801,0,0,0,0,0,0,0,0,0,0,0,0,0,0,0,0
20.3901,0,0,0,0,0,0,0,0,0,0,0,0,0,0,0,0
20.4001,0,0,0,0,0,0,0,0,0,0,0,0,0,0,0,0
20.4101,0,0,0,0,0,0,0,0,0,0,0,0,0,0,0,0
20.4201,0,0,0,0,0,0,0,0,0,0,0,0,0,0,0,0
20.4301,0,0,0,0,0,0,0,0,0,0,0,0,0,0,0,0
20.4401,0,0,0,0,0,0,0,0,0,0,0,0,0,0,0,0
20.4501,0,0,0,0,0,0,0,0,0,0,0,0,0,0,0,0
20.4601,0,0,0,0,0,0,0,0,0,0,0,0,0,0,0,0
20.4701,0,0,0,0,0,0,0,0,0,0,0,0,0,0,0,0
20.4801,0,0,0,0,0,0,0,0,0,0,0,0,0,0,0,0
20.4901,0,0,0,0,0,0,0,0,0,0,0,0,0,0,0,0
20.5001,0,0,0,0,0,0,0,0,0,0,0,0,0,0,0,0
20.5101,0,0,0,0,0,0,0,0,0,0,0,0,0,0,0,0
20.5201,0,0,0,0,0,0,0,0,0,0,0,0,0,0,0,0
20.5301,0,0,0,0,0,0,0,0,0,0,0,0,0,0,0,0
20.5401,0,0,0,0,0,0,0,0,0,0,0,0,0,0,0,0
20.5501,0,0,0,0,0,0,0,0,0,0,0,0,0,0,0,0
20.5601,0,0,0,0,0,0,0,0,0,0,0,0,0,0,0,0
20.5701,0,0,0,0,0,0,0,0,0,0,0,0,0,0,0,0
20.5801,0,0,0,0,0,0,0,0,0,0,0,0,0,0,0,0
20.5901,0,0,0,0,0,0,0,0,0,0,0,0,0,0,0,0
20.6001,0,0,0,0,0,0,0,0,0,0,0,0,0,0,0,0
20.6101,0,0,0,0,0,0,0,0,0,0,0,0,0,0,0,0
20.6201,0,0,0,0,0,0,0,0,0,0,0,0,0,0,0,0
20.6301,0,0,0,0,0,0,0,0,0,0,0,0,0,0,0,0
20.6401,0,0,0,0,0,0,0,0,0,0,0,0,0,0,0,0
20.6501,0,0,0,0,0,0,0,0,0,0,0,0,0,0,0,0
20.6601,0,0,0,0,0,0,0,0,0,0,0,0,0,0,0,0
20.6701,0,0,0,0,0,0,0,0,0,0,0,0,0,0,0,0
20.6801,0,0,0,0,0,0,0,0,0,0,0,0,0,0,0,0
20.6901,0,0,0,0,0,0,0,0,0,0,0,0,0,0,0,0
20.7001,0,0,0,0,0,0,0,0,0,0,0,0,0,0,0,0
20.7101,0,0,0,0,0,0,0,0,0,0,0,0,0,0,0,0
20.7201,0,0,0,0,0,0,0,0,0,0,0,0,0,0,0,0
20.7301,0,0,0,0,0,0,0,0,0,0,0,0,0,0,0,0
20.7401,0,0,0,0,0,0,0,0,0,0,0,0,0,0,0,0
20.7501,0,0,0,0,0,0,0,0,0,0,0,0,0,0,0,0
20.7601,0,0,0,0,0,0,0,0,0,0,0,0,0,0,0,0
20.7701,0,0,0,0,0,0,0,0,0,0,0,0,0,0,0,0
20.7801,0,0,0,0,0,0,0,0,0,0,0,0,0,0,0,0
20.79,0,0,0,0,0,0,0,0,0,0,0,0,0,0,0,0
20.8001,0,0,0,0,0,0,0,0,0,0,0,0,0,0,0,0
20.8101,0,0,0,0,0,0,0,0,0,0,0,0,0,0,0,0
20.8201,0,0,0,0,0,0,0,0,0,0,0,0,0,0,0,0
20.8301,0,0,0,0,0,0,0,0,0,0,0,0,0,0,0,0
20.8401,0,0,0,0,0,0,0,0,0,0,0,0,0,0,0,0
20.8501,0,0,0,0,0,0,0,0,0,0,0,0,0,0,0,0
20.8601,0,0,0,0,0,0,0,0,0,0,0,0,0,0,0,0
20.8701,0,0,0,0,0,0,0,0,0,0,0,0,0,0,0,0
20.8801,0,0,0,0,0,0,0,0,0,0,0,0,0,0,0,0
20.8901,0,0,0,0,0,0,0,0,0,0,0,0,0,0,0,0
20.9001,0,0,0,0,0,0,0,0,0,0,0,0,0,0,0,0
20.9101,0,0,0,0,0,0,0,0,0,0,0,0,0,0,0,0
20.9201,0,0,0,0,0,0,0,0,0,0,0,0,0,0,0,0
20.9301,0,0,0,0,0,0,0,0,0,0,0,0,0,0,0,0
20.9401,0,0,0,0,0,0,0,0,0,0,0,0,0,0,0,0
20.9501,0,0,0,0,0,0,0,0,0,0,0,0,0,0,0,0
20.9601,0,0,0,0,0,0,0,0,0,0,0,0,0,0,0,0
20.9701,0,0,0,0,0,0,0,0,0,0,0,0,0,0,0,0
20.9801,0,0,0,0,0,0,0,0,0,0,0,0,0,0,0,0
20.9901,0,0,0,0,0,0,0,0,0,0,0,0,0,0,0,0
21.0001,0,0,0,0,0,0,0,0,0,0,0,0,0,0,0,0
21.0101,0,0,0,0,0,0,0,0,0,0,0,0,0,0,0,0
21.0201,0,0,0,0,0,0,0,0,0,0,0,0,0,0,0,0
21.0301,0,0,0,0,0,0,0,0,0,0,0,0,0,0,0,0
21.0401,0,0,0,0,0,0,0,0,0,0,0,0,0,0,0,0
21.0501,0,0,0,0,0,0,0,0,0,0,0,0,0,0,0,0
21.0601,0,0,0,0,0,0,0,0,0,0,0,0,0,0,0,0
21.0701,0,0,0,0,0,0,0,0,0,0,0,0,0,0,0,0
21.0801,0,0,0,0,0,0,0,0,0,0,0,0,0,0,0,0
21.0901,0,0,0,0,0,0,0,0,0,0,0,0,0,0,0,0
21.1001,0,0,0,0,0,0,0,0,0,0,0,0,0,0,0,0
21.1101,0,0,0,0,0,0,0,0,0,0,0,0,0,0,0,0
21.1201,0,0,0,0,0,0,0,0,0,0,0,0,0,0,0,0
21.1301,0,0,0,0,0,0,0,0,0,0,0,0,0,0,0,0
21.1401,0,0,0,0,0,0,0,0,0,0,0,0,0,0,0,0
21.1501,0,0,0,0,0,0,0,0,0,0,0,0,0,0,0,0
21.1601,0,0,0,0,0,0,0,0,0,0,0,0,0,0,0,0
21.1701,0,0,0,0,0,0,0,0,0,0,0,0,0,0,0,0
21.1801,0,0,0,0,0,0,0,0,0,0,0,0,0,0,0,0
21.1901,0,0,0,0,0,0,0,0,0,0,0,0,0,0,0,0
21.2001,0,0,0,0,0,0,0,0,0,0,0,0,0,0,0,0
21.2101,0,0,0,0,0,0,0,0,0,0,0,0,0,0,0,0
21.2201,0,0,0,0,0,0,0,0,0,0,0,0,0,0,0,0
21.2301,0,0,0,0,0,0,0,0,0,0,0,0,0,0,0,0
21.2401,0,0,0,0,0,0,0,0,0,0,0,0,0,0,0,0
21.2501,0,0,0,0,0,0,0,0,0,0,0,0,0,0,0,0
21.2601,0,0,0,0,0,0,0,0,0,0,0,0,0,0,0,0
21.2701,0,0,0,0,0,0,0,0,0,0,0,0,0,0,0,0
21.2801,0,0,0,0,0,0,0,0,0,0,0,0,0,0,0,0
21.2901,0,0,0,0,0,0,0,0,0,0,0,0,0,0,0,0
21.3001,0,0,0,0,0,0,0,0,0,0,0,0,0,0,0,0
21.3101,0,0,0,0,0,0,0,0,0,0,0,0,0,0,0,0
21.3201,0,0,0,0,0,0,0,0,0,0,0,0,0,0,0,0
21.3301,0,0,0,0,0,0,0,0,0,0,0,0,0,0,0,0
21.3401,0,0,0,0,0,0,0,0,0,0,0,0,0,0,0,0
21.3501,0,0,0,0,0,0,0,0,0,0,0,0,0,0,0,0
21.3601,0,0,0,0,0,0,0,0,0,0,0,0,0,0,0,0
21.3701,0,0,0,0,0,0,0,0,0,0,0,0,0,0,0,0
21.3801,0,0,0,0,0,0,0,0,0,0,0,0,0,0,0,0
21.3901,0,0,0,0,0,0,0,0,0,0,0,0,0,0,0,0
21.4001,0,0,0,0,0,0,0,0,0,0,0,0,0,0,0,0
21.4101,0,0,0,0,0,0,0,0,0,0,0,0,0,0,0,0
21.4201,0,0,0,0,0,0,0,0,0,0,0,0,0,0,0,0
21.4301,0,0,0,0,0,0,0,0,0,0,0,0,0,0,0,0
21.4401,0,0,0,0,0,0,0,0,0,0,0,0,0,0,0,0
21.4501,0,0,0,0,0,0,0,0,0,0,0,0,0,0,0,0
21.4601,0,0,0,0,0,0,0,0,0,0,0,0,0,0,0,0
21.4701,0,0,0,0,0,0,0,0,0,0,0,0,0,0,0,0
21.4801,0,0,0,0,0,0,0,0,0,0,0,0,0,0,0,0
21.4901,0,0,0,0,0,0,0,0,0,0,0,0,0,0,0,0
21.5001,0,0,0,0,0,0,0,0,0,0,0,0,0,0,0,0
21.5101,0,0,0,0,0,0,0,0,0,0,0,0,0,0,0,0
21.5201,0,0,0,0,0,0,0,0,0,0,0,0,0,0,0,0
21.5301,0,0,0,0,0,0,0,0,0,0,0,0,0,0,0,0
21.5401,0,0,0,0,0,0,0,0,0,0,0,0,0,0,0,0
21.5501,0,0,0,0,0,0,0,0,0,0,0,0,0,0,0,0
21.5601,0,0,0,0,0,0,0,0,0,0,0,0,0,0,0,0
21.5701,0,0,0,0,0,0,0,0,0,0,0,0,0,0,0,0
21.5801,0,0,0,0,0,0,0,0,0,0,0,0,0,0,0,0
21.5901,0,0,0,0,0,0,0,0,0,0,0,0,0,0,0,0
21.6001,0,0,0,0,0,0,0,0,0,0,0,0,0,0,0,0
21.6101,0,0,0,0,0,0,0,0,0,0,0,0,0,0,0,0
21.6201,0,0,0,0,0,0,0,0,0,0,0,0,0,0,0,0
21.6301,0,0,0,0,0,0,0,0,0,0,0,0,0,0,0,0
21.6401,0,0,0,0,0,0,0,0,0,0,0,0,0,0,0,0
21.6501,0,0,0,0,0,0,0,0,0,0,0,0,0,0,0,0
21.6601,0,0,0,0,0,0,0,0,0,0,0,0,0,0,0,0
21.6701,0,0,0,0,0,0,0,0,0,0,0,0,0,0,0,0
21.6801,0,0,0,0,0,0,0,0,0,0,0,0,0,0,0,0
21.6901,0,0,0,0,0,0,0,0,0,0,0,0,0,0,0,0
21.7001,0,0,0,0,0,0,0,0,0,0,0,0,0,0,0,0
21.7101,0,0,0,0,0,0,0,0,0,0,0,0,0,0,0,0
21.7201,0,0,0,0,0,0,0,0,0,0,0,0,0,0,0,0
21.7301,0,0,0,0,0,0,0,0,0,0,0,0,0,0,0,0
21.7401,0,0,0,0,0,0,0,0,0,0,0,0,0,0,0,0
21.7501,0,0,0,0,0,0,0,0,0,0,0,0,0,0,0,0
21.7601,0,0,0,0,0,0,0,0,0,0,0,0,0,0,0,0
21.7701,0,0,0,0,0,0,0,0,0,0,0,0,0,0,0,0
21.7801,0,0,0,0,0,0,0,0,0,0,0,0,0,0,0,0
21.7901,0,0,0,0,0,0,0,0,0,0,0,0,0,0,0,0
21.8001,0,0,0,0,0,0,0,0,0,0,0,0,0,0,0,0
21.8101,0,0,0,0,0,0,0,0,0,0,0,0,0,0,0,0
21.8201,0,0,0,0,0,0,0,0,0,0,0,0,0,0,0,0
21.8301,0,0,0,0,0,0,0,0,0,0,0,0,0,0,0,0
21.8401,0,0,0,0,0,0,0,0,0,0,0,0,0,0,0,0
21.8501,0,0,0,0,0,0,0,0,0,0,0,0,0,0,0,0
21.8601,0,0,0,0,0,0,0,0,0,0,0,0,0,0,0,0
21.8701,0,0,0,0,0,0,0,0,0,0,0,0,0,0,0,0
21.8801,0,0,0,0,0,0,0,0,0,0,0,0,0,0,0,0
21.8901,0,0,0,0,0,0,0,0,0,0,0,0,0,0,0,0
21.9001,0,0,0,0,0,0,0,0,0,0,0,0,0,0,0,0
21.9101,0,0,0,0,0,0,0,0,0,0,0,0,0,0,0,0
21.9201,0,0,0,0,0,0,0,0,0,0,0,0,0,0,0,0
21.9301,0,0,0,0,0,0,0,0,0,0,0,0,0,0,0,0
21.9401,0,0,0,0,0,0,0,0,0,0,0,0,0,0,0,0
21.9501,0,0,0,0,0,0,0,0,0,0,0,0,0,0,0,0
21.9601,0,0,0,0,0,0,0,0,0,0,0,0,0,0,0,0
21.9701,0,0,0,0,0,0,0,0,0,0,0,0,0,0,0,0
21.9801,0,0,0,0,0,0,0,0,0,0,0,0,0,0,0,0
21.9901,0,0,0,0,0,0,0,0,0,0,0,0,0,0,0,0
22.0001,0,0,0,0,0,0,0,0,0,0,0,0,0,0,0,0
22.0101,0,0,0,0,0,0,0,0,0,0,0,0,0,0,0,0
22.0201,0,0,0,0,0,0,0,0,0,0,0,0,0,0,0,0
22.0301,0,0,0,0,0,0,0,0,0,0,0,0,0,0,0,0
22.0401,0,0,0,0,0,0,0,0,0,0,0,0,0,0,0,0
22.0501,0,0,0,0,0,0,0,0,0,0,0,0,0,0,0,0
22.0601,0,0,0,0,0,0,0,0,0,0,0,0,0,0,0,0
22.0701,0,0,0,0,0,0,0,0,0,0,0,0,0,0,0,0
22.0801,0,0,0,0,0,0,0,0,0,0,0,0,0,0,0,0
22.0901,0,0,0,0,0,0,0,0,0,0,0,0,0,0,0,0
22.1001,0,0,0,0,0,0,0,0,0,0,0,0,0,0,0,0
22.1101,0,0,0,0,0,0,0,0,0,0,0,0,0,0,0,0
22.1201,0,0,0,0,0,0,0,0,0,0,0,0,0,0,0,0
22.1301,0,0,0,0,0,0,0,0,0,0,0,0,0,0,0,0
22.1401,0,0,0,0,0,0,0,0,0,0,0,0,0,0,0,0
22.1501,0,0,0,0,0,0,0,0,0,0,0,0,0,0,0,0
22.1601,0,0,0,0,0,0,0,0,0,0,0,0,0,0,0,0
22.1701,0,0,0,0,0,0,0,0,0,0,0,0,0,0,0,0
22.1801,0,0,0,0,0,0,0,0,0,0,0,0,0,0,0,0
22.1901,0,0,0,0,0,0,0,0,0,0,0,0,0,0,0,0
22.2001,0,0,0,0,0,0,0,0,0,0,0,0,0,0,0,0
22.2101,0,0,0,0,0,0,0,0,0,0,0,0,0,0,0,0
22.2201,0,0,0,0,0,0,0,0,0,0,0,0,0,0,0,0
22.2301,0,0,0,0,0,0,0,0,0,0,0,0,0,0,0,0
22.2401,0,0,0,0,0,0,0,0,0,0,0,0,0,0,0,0
22.2501,0,0,0,0,0,0,0,0,0,0,0,0,0,0,0,0
22.2601,0,0,0,0,0,0,0,0,0,0,0,0,0,0,0,0
22.2701,0,0,0,0,0,0,0,0,0,0,0,0,0,0,0,0
22.2801,0,0,0,0,0,0,0,0,0,0,0,0,0,0,0,0
22.2901,0,0,0,0,0,0,0,0,0,0,0,0,0,0,0,0
22.3001,0,0,0,0,0,0,0,0,0,0,0,0,0,0,0,0
22.3101,0,0,0,0,0,0,0,0,0,0,0,0,0,0,0,0
22.3201,0,0,0,0,0,0,0,0,0,0,0,0,0,0,0,0
22.3301,0,0,0,0,0,0,0,0,0,0,0,0,0,0,0,0
22.3401,0,0,0,0,0,0,0,0,0,0,0,0,0,0,0,0
22.3501,0,0,0,0,0,0,0,0,0,0,0,0,0,0,0,0
22.3601,0,0,0,0,0,0,0,0,0,0,0,0,0,0,0,0
22.3701,0,0,0,0,0,0,0,0,0,0,0,0,0,0,0,0
22.3801,0,0,0,0,0,0,0,0,0,0,0,0,0,0,0,0
22.3901,0,0,0,0,0,0,0,0,0,0,0,0,0,0,0,0
22.4001,0,0,0,0,0,0,0,0,0,0,0,0,0,0,0,0
22.4101,0,0,0,0,0,0,0,0,0,0,0,0,0,0,0,0
22.4201,0,0,0,0,0,0,0,0,0,0,0,0,0,0,0,0
22.4301,0,0,0,0,0,0,0,0,0,0,0,0,0,0,0,0
22.4401,0,0,0,0,0,0,0,0,0,0,0,0,0,0,0,0
22.4501,0,0,0,0,0,0,0,0,0,0,0,0,0,0,0,0
22.4601,0,0,0,0,0,0,0,0,0,0,0,0,0,0,0,0
22.4701,0,0,0,0,0,0,0,0,0,0,0,0,0,0,0,0
22.4801,0,0,0,0,0,0,0,0,0,0,0,0,0,0,0,0
22.4901,0,0,0,0,0,0,0,0,0,0,0,0,0,0,0,0
22.5001,0,0,0,0,0,0,0,0,0,0,0,0,0,0,0,0
22.5101,0,0,0,0,0,0,0,0,0,0,0,0,0,0,0,0
22.5201,0,0,0,0,0,0,0,0,0,0,0,0,0,0,0,0
22.5301,0,0,0,0,0,0,0,0,0,0,0,0,0,0,0,0
22.5401,0,0,0,0,0,0,0,0,0,0,0,0,0,0,0,0
22.5501,0,0,0,0,0,0,0,0,0,0,0,0,0,0,0,0
22.5601,0,0,0,0,0,0,0,0,0,0,0,0,0,0,0,0
22.5701,0,0,0,0,0,0,0,0,0,0,0,0,0,0,0,0
22.5801,0,0,0,0,0,0,0,0,0,0,0,0,0,0,0,0
22.5901,0,0,0,0,0,0,0,0,0,0,0,0,0,0,0,0
22.6001,0,0,0,0,0,0,0,0,0,0,0,0,0,0,0,0
22.6101,0,0,0,0,0,0,0,0,0,0,0,0,0,0,0,0
22.6201,0,0,0,0,0,0,0,0,0,0,0,0,0,0,0,0
22.6301,0,0,0,0,0,0,0,0,0,0,0,0,0,0,0,0
22.6401,0,0,0,0,0,0,0,0,0,0,0,0,0,0,0,0
22.6501,0,0,0,0,0,0,0,0,0,0,0,0,0,0,0,0
22.6601,0,0,0,0,0,0,0,0,0,0,0,0,0,0,0,0
22.6701,0,0,0,0,0,0,0,0,0,0,0,0,0,0,0,0
22.6801,0,0,0,0,0,0,0,0,0,0,0,0,0,0,0,0
22.6901,0,0,0,0,0,0,0,0,0,0,0,0,0,0,0,0
22.7001,0,0,0,0,0,0,0,0,0,0,0,0,0,0,0,0
22.7101,0,0,0,0,0,0,0,0,0,0,0,0,0,0,0,0
22.7201,0,0,0,0,0,0,0,0,0,0,0,0,0,0,0,0
22.7301,0,0,0,0,0,0,0,0,0,0,0,0,0,0,0,0
22.7401,0,0,0,0,0,0,0,0,0,0,0,0,0,0,0,0
22.7501,0,0,0,0,0,0,0,0,0,0,0,0,0,0,0,0
22.7601,0,0,0,0,0,0,0,0,0,0,0,0,0,0,0,0
22.7701,0,0,0,0,0,0,0,0,0,0,0,0,0,0,0,0
22.7801,0,0,0,0,0,0,0,0,0,0,0,0,0,0,0,0
22.7901,0,0,0,0,0,0,0,0,0,0,0,0,0,0,0,0
22.8,0,0,0,0,0,0,0,0,0,0,0,0,0,0,0,0
22.81,0,0,0,0,0,0,0,0,0,0,0,0,0,0,0,0
22.8201,0,0,0,0,0,0,0,0,0,0,0,0,0,0,0,0
22.8301,0,0,0,0,0,0,0,0,0,0,0,0,0,0,0,0
22.8401,0,0,0,0,0,0,0,0,0,0,0,0,0,0,0,0
22.8501,0,0,0,0,0,0,0,0,0,0,0,0,0,0,0,0
22.8601,0,0,0,0,0,0,0,0,0,0,0,0,0,0,0,0
22.8701,0,0,0,0,0,0,0,0,0,0,0,0,0,0,0,0
22.8801,0,0,0,0,0,0,0,0,0,0,0,0,0,0,0,0
22.8901,0,0,0,0,0,0,0,0,0,0,0,0,0,0,0,0
22.9001,0,0,0,0,0,0,0,0,0,0,0,0,0,0,0,0
22.9101,0,0,0,0,0,0,0,0,0,0,0,0,0,0,0,0
22.9201,0,0,0,0,0,0,0,0,0,0,0,0,0,0,0,0
22.9301,0,0,0,0,0,0,0,0,0,0,0,0,0,0,0,0
22.9401,0,0,0,0,0,0,0,0,0,0,0,0,0,0,0,0
22.9501,0,0,0,0,0,0,0,0,0,0,0,0,0,0,0,0
22.9601,0,0,0,0,0,0,0,0,0,0,0,0,0,0,0,0
22.9701,0,0,0,0,0,0,0,0,0,0,0,0,0,0,0,0
22.9801,0,0,0,0,0,0,0,0,0,0,0,0,0,0,0,0
22.9901,0,0,0,0,0,0,0,0,0,0,0,0,0,0,0,0
23.0001,0,0,0,0,0,0,0,0,0,0,0,0,0,0,0,0
23.0101,0,0,0,0,0,0,0,0,0,0,0,0,0,0,0,0
23.0201,0,0,0,0,0,0,0,0,0,0,0,0,0,0,0,0
23.0301,0,0,0,0,0,0,0,0,0,0,0,0,0,0,0,0
23.0401,0,0,0,0,0,0,0,0,0,0,0,0,0,0,0,0
23.0501,0,0,0,0,0,0,0,0,0,0,0,0,0,0,0,0
23.0601,0,0,0,0,0,0,0,0,0,0,0,0,0,0,0,0
23.0701,0,0,0,0,0,0,0,0,0,0,0,0,0,0,0,0
23.0801,0,0,0,0,0,0,0,0,0,0,0,0,0,0,0,0
23.0901,0,0,0,0,0,0,0,0,0,0,0,0,0,0,0,0
23.1001,0,0,0,0,0,0,0,0,0,0,0,0,0,0,0,0
23.1101,0,0,0,0,0,0,0,0,0,0,0,0,0,0,0,0
23.1201,0,0,0,0,0,0,0,0,0,0,0,0,0,0,0,0
23.1301,0,0,0,0,0,0,0,0,0,0,0,0,0,0,0,0
23.1401,0,0,0,0,0,0,0,0,0,0,0,0,0,0,0,0
23.1501,0,0,0,0,0,0,0,0,0,0,0,0,0,0,0,0
23.1601,0,0,0,0,0,0,0,0,0,0,0,0,0,0,0,0
23.1701,0,0,0,0,0,0,0,0,0,0,0,0,0,0,0,0
23.1801,0,0,0,0,0,0,0,0,0,0,0,0,0,0,0,0
23.1901,0,0,0,0,0,0,0,0,0,0,0,0,0,0,0,0
23.2001,0,0,0,0,0,0,0,0,0,0,0,0,0,0,0,0
23.2101,0,0,0,0,0,0,0,0,0,0,0,0,0,0,0,0
23.2201,0,0,0,0,0,0,0,0,0,0,0,0,0,0,0,0
23.2301,0,0,0,0,0,0,0,0,0,0,0,0,0,0,0,0
23.2401,0,0,0,0,0,0,0,0,0,0,0,0,0,0,0,0
23.2501,0,0,0,0,0,0,0,0,0,0,0,0,0,0,0,0
23.2601,0,0,0,0,0,0,0,0,0,0,0,0,0,0,0,0
23.2701,0,0,0,0,0,0,0,0,0,0,0,0,0,0,0,0
23.2801,0,0,0,0,0,0,0,0,0,0,0,0,0,0,0,0
23.2901,0,0,0,0,0,0,0,0,0,0,0,0,0,0,0,0
23.3001,0,0,0,0,0,0,0,0,0,0,0,0,0,0,0,0
23.3101,0,0,0,0,0,0,0,0,0,0,0,0,0,0,0,0
23.3201,0,0,0,0,0,0,0,0,0,0,0,0,0,0,0,0
23.3301,0,0,0,0,0,0,0,0,0,0,0,0,0,0,0,0
23.3401,0,0,0,0,0,0,0,0,0,0,0,0,0,0,0,0
23.3501,0,0,0,0,0,0,0,0,0,0,0,0,0,0,0,0
23.3601,0,0,0,0,0,0,0,0,0,0,0,0,0,0,0,0
23.3701,0,0,0,0,0,0,0,0,0,0,0,0,0,0,0,0
23.3801,0,0,0,0,0,0,0,0,0,0,0,0,0,0,0,0
23.3901,0,0,0,0,0,0,0,0,0,0,0,0,0,0,0,0
23.4001,0,0,0,0,0,0,0,0,0,0,0,0,0,0,0,0
23.4101,0,0,0,0,0,0,0,0,0,0,0,0,0,0,0,0
23.4201,0,0,0,0,0,0,0,0,0,0,0,0,0,0,0,0
23.4301,0,0,0,0,0,0,0,0,0,0,0,0,0,0,0,0
23.4401,0,0,0,0,0,0,0,0,0,0,0,0,0,0,0,0
23.45,0,0,0,0,0,0,0,0,0,0,0,0,0,0,0,0
23.4601,0,0,0,0,0,0,0,0,0,0,0,0,0,0,0,0
23.4701,0,0,0,0,0,0,0,0,0,0,0,0,0,0,0,0
23.4801,0,0,0,0,0,0,0,0,0,0,0,0,0,0,0,0
23.4901,0,0,0,0,0,0,0,0,0,0,0,0,0,0,0,0
23.5001,0,0,0,0,0,0,0,0,0,0,0,0,0,0,0,0
23.5101,0,0,0,0,0,0,0,0,0,0,0,0,0,0,0,0
23.52,0,0,0,0,0,0,0,0,0,0,0,0,0,0,0,0
23.5301,0,0,0,0,0,0,0,0,0,0,0,0,0,0,0,0
23.54,0,0,0,0,0,0,0,0,0,0,0,0,0,0,0,0
23.5501,0,0,0,0,0,0,0,0,0,0,0,0,0,0,0,0
23.5601,0,0,0,0,0,0,0,0,0,0,0,0,0,0,0,0
23.5701,0,0,0,0,0,0,0,0,0,0,0,0,0,0,0,0
23.5801,0,0,0,0,0,0,0,0,0,0,0,0,0,0,0,0
23.5901,0,0,0,0,0,0,0,0,0,0,0,0,0,0,0,0
23.6001,0,0,0,0,0,0,0,0,0,0,0,0,0,0,0,0
23.6101,0,0,0,0,0,0,0,0,0,0,0,0,0,0,0,0
23.62,0,0,0,0,0,0,0,0,0,0,0,0,0,0,0,0
23.6301,0,0,0,0,0,0,0,0,0,0,0,0,0,0,0,0
23.6401,0,0,0,0,0,0,0,0,0,0,0,0,0,0,0,0
23.6501,0,0,0,0,0,0,0,0,0,0,0,0,0,0,0,0
23.66,0,0,0,0,0,0,0,0,0,0,0,0,0,0,0,0
23.6701,0,0,0,0,0,0,0,0,0,0,0,0,0,0,0,0
23.6801,0,0,0,0,0,0,0,0,0,0,0,0,0,0,0,0
23.6901,0,0,0,0,0,0,0,0,0,0,0,0,0,0,0,0
23.7001,0,0,0,0,0,0,0,0,0,0,0,0,0,0,0,0
23.7101,0,0,0,0,0,0,0,0,0,0,0,0,0,0,0,0
23.7201,0,0,0,0,0,0,0,0,0,0,0,0,0,0,0,0
23.7301,0,0,0,0,0,0,0,0,0,0,0,0,0,0,0,0
23.7401,0,0,0,0,0,0,0,0,0,0,0,0,0,0,0,0
23.7501,0,0,0,0,0,0,0,0,0,0,0,0,0,0,0,0
23.7601,0,0,0,0,0,0,0,0,0,0,0,0,0,0,0,0
23.7701,0,0,0,0,0,0,0,0,0,0,0,0,0,0,0,0
23.7801,0,0,0,0,0,0,0,0,0,0,0,0,0,0,0,0
23.7901,0,0,0,0,0,0,0,0,0,0,0,0,0,0,0,0
23.8001,0,0,0,0,0,0,0,0,0,0,0,0,0,0,0,0
23.8101,0,0,0,0,0,0,0,0,0,0,0,0,0,0,0,0
23.8201,0,0,0,0,0,0,0,0,0,0,0,0,0,0,0,0
23.8301,0,0,0,0,0,0,0,0,0,0,0,0,0,0,0,0
23.8401,0,0,0,0,0,0,0,0,0,0,0,0,0,0,0,0
23.8501,0,0,0,0,0,0,0,0,0,0,0,0,0,0,0,0
23.8601,0,0,0,0,0,0,0,0,0,0,0,0,0,0,0,0
23.8701,0,0,0,0,0,0,0,0,0,0,0,0,0,0,0,0
23.8801,0,0,0,0,0,0,0,0,0,0,0,0,0,0,0,0
23.8901,0,0,0,0,0,0,0,0,0,0,0,0,0,0,0,0
23.9001,0,0,0,0,0,0,0,0,0,0,0,0,0,0,0,0
23.9101,0,0,0,0,0,0,0,0,0,0,0,0,0,0,0,0
23.9201,0,0,0,0,0,0,0,0,0,0,0,0,0,0,0,0
23.9301,0,0,0,0,0,0,0,0,0,0,0,0,0,0,0,0
23.9401,0,0,0,0,0,0,0,0,0,0,0,0,0,0,0,0
23.9501,0,0,0,0,0,0,0,0,0,0,0,0,0,0,0,0
23.9601,0,0,0,0,0,0,0,0,0,0,0,0,0,0,0,0
23.9701,0,0,0,0,0,0,0,0,0,0,0,0,0,0,0,0
23.9801,0,0,0,0,0,0,0,0,0,0,0,0,0,0,0,0
23.9901,0,0,0,0,0,0,0,0,0,0,0,0,0,0,0,0
24.0001,0,0,0,0,0,0,0,0,0,0,0,0,0,0,0,0
24.0101,0,0,0,0,0,0,0,0,0,0,0,0,0,0,0,0
24.0201,0,0,0,0,0,0,0,0,0,0,0,0,0,0,0,0
24.0301,0,0,0,0,0,0,0,0,0,0,0,0,0,0,0,0
24.0401,0,0,0,0,0,0,0,0,0,0,0,0,0,0,0,0
24.0501,0,0,0,0,0,0,0,0,0,0,0,0,0,0,0,0
24.0601,0,0,0,0,0,0,0,0,0,0,0,0,0,0,0,0
24.0701,0,0,0,0,0,0,0,0,0,0,0,0,0,0,0,0
24.0801,0,0,0,0,0,0,0,0,0,0,0,0,0,0,0,0
24.0901,0,0,0,0,0,0,0,0,0,0,0,0,0,0,0,0
24.1001,0,0,0,0,0,0,0,0,0,0,0,0,0,0,0,0
24.1101,0,0,0,0,0,0,0,0,0,0,0,0,0,0,0,0
24.1201,0,0,0,0,0,0,0,0,0,0,0,0,0,0,0,0
24.1301,0,0,0,0,0,0,0,0,0,0,0,0,0,0,0,0
24.1401,0,0,0,0,0,0,0,0,0,0,0,0,0,0,0,0
24.1501,0,0,0,0,0,0,0,0,0,0,0,0,0,0,0,0
24.1601,0,0,0,0,0,0,0,0,0,0,0,0,0,0,0,0
24.1701,0,0,0,0,0,0,0,0,0,0,0,0,0,0,0,0
24.1801,0,0,0,0,0,0,0,0,0,0,0,0,0,0,0,0
24.1901,0,0,0,0,0,0,0,0,0,0,0,0,0,0,0,0
24.2001,0,0,0,0,0,0,0,0,0,0,0,0,0,0,0,0
24.2101,0,0,0,0,0,0,0,0,0,0,0,0,0,0,0,0
24.2201,0,0,0,0,0,0,0,0,0,0,0,0,0,0,0,0
24.2301,0,0,0,0,0,0,0,0,0,0,0,0,0,0,0,0
24.2401,0,0,0,0,0,0,0,0,0,0,0,0,0,0,0,0
24.2501,0,0,0,0,0,0,0,0,0,0,0,0,0,0,0,0
24.2601,0,0,0,0,0,0,0,0,0,0,0,0,0,0,0,0
24.2701,0,0,0,0,0,0,0,0,0,0,0,0,0,0,0,0
24.2801,0,0,0,0,0,0,0,0,0,0,0,0,0,0,0,0
24.2901,0,0,0,0,0,0,0,0,0,0,0,0,0,0,0,0
24.3001,0,0,0,0,0,0,0,0,0,0,0,0,0,0,0,0
24.3101,0,0,0,0,0,0,0,0,0,0,0,0,0,0,0,0
24.3201,0,0,0,0,0,0,0,0,0,0,0,0,0,0,0,0
24.3301,0,0,0,0,0,0,0,0,0,0,0,0,0,0,0,0
24.3401,0,0,0,0,0,0,0,0,0,0,0,0,0,0,0,0
24.3501,0,0,0,0,0,0,0,0,0,0,0,0,0,0,0,0
24.3601,0,0,0,0,0,0,0,0,0,0,0,0,0,0,0,0
24.3701,0,0,0,0,0,0,0,0,0,0,0,0,0,0,0,0
24.3801,0,0,0,0,0,0,0,0,0,0,0,0,0,0,0,0
24.3901,0,0,0,0,0,0,0,0,0,0,0,0,0,0,0,0
24.4001,0,0,0,0,0,0,0,0,0,0,0,0,0,0,0,0
24.4101,0,0,0,0,0,0,0,0,0,0,0,0,0,0,0,0
24.4201,0,0,0,0,0,0,0,0,0,0,0,0,0,0,0,0
24.4301,0,0,0,0,0,0,0,0,0,0,0,0,0,0,0,0
24.4401,0,0,0,0,0,0,0,0,0,0,0,0,0,0,0,0
24.4501,0,0,0,0,0,0,0,0,0,0,0,0,0,0,0,0
24.4601,0,0,0,0,0,0,0,0,0,0,0,0,0,0,0,0
24.4701,0,0,0,0,0,0,0,0,0,0,0,0,0,0,0,0
24.4801,0,0,0,0,0,0,0,0,0,0,0,0,0,0,0,0
24.4901,0,0,0,0,0,0,0,0,0,0,0,0,0,0,0,0
24.5001,0,0,0,0,0,0,0,0,0,0,0,0,0,0,0,0
24.5101,0,0,0,0,0,0,0,0,0,0,0,0,0,0,0,0
24.5201,0,0,0,0,0,0,0,0,0,0,0,0,0,0,0,0
24.5301,0,0,0,0,0,0,0,0,0,0,0,0,0,0,0,0
24.5401,0,0,0,0,0,0,0,0,0,0,0,0,0,0,0,0
24.5501,0,0,0,0,0,0,0,0,0,0,0,0,0,0,0,0
24.5601,0,0,0,0,0,0,0,0,0,0,0,0,0,0,0,0
24.5701,0,0,0,0,0,0,0,0,0,0,0,0,0,0,0,0
24.5801,0,0,0,0,0,0,0,0,0,0,0,0,0,0,0,0
24.5901,0,0,0,0,0,0,0,0,0,0,0,0,0,0,0,0
24.6001,0,0,0,0,0,0,0,0,0,0,0,0,0,0,0,0
24.6101,0,0,0,0,0,0,0,0,0,0,0,0,0,0,0,0
24.6201,0,0,0,0,0,0,0,0,0,0,0,0,0,0,0,0
24.6301,0,0,0,0,0,0,0,0,0,0,0,0,0,0,0,0
24.6401,0,0,0,0,0,0,0,0,0,0,0,0,0,0,0,0
24.6501,0,0,0,0,0,0,0,0,0,0,0,0,0,0,0,0
24.6601,0,0,0,0,0,0,0,0,0,0,0,0,0,0,0,0
24.6701,0,0,0,0,0,0,0,0,0,0,0,0,0,0,0,0
24.6801,0,0,0,0,0,0,0,0,0,0,0,0,0,0,0,0
24.6901,0,0,0,0,0,0,0,0,0,0,0,0,0,0,0,0
24.7001,0,0,0,0,0,0,0,0,0,0,0,0,0,0,0,0
24.7101,0,0,0,0,0,0,0,0,0,0,0,0,0,0,0,0
24.7201,0,0,0,0,0,0,0,0,0,0,0,0,0,0,0,0
24.7301,0,0,0,0,0,0,0,0,0,0,0,0,0,0,0,0
24.7401,0,0,0,0,0,0,0,0,0,0,0,0,0,0,0,0
24.7501,0,0,0,0,0,0,0,0,0,0,0,0,0,0,0,0
24.7601,0,0,0,0,0,0,0,0,0,0,0,0,0,0,0,0
24.7701,0,0,0,0,0,0,0,0,0,0,0,0,0,0,0,0
24.7801,0,0,0,0,0,0,0,0,0,0,0,0,0,0,0,0
24.7901,0,0,0,0,0,0,0,0,0,0,0,0,0,0,0,0
24.8001,0,0,0,0,0,0,0,0,0,0,0,0,0,0,0,0
24.8101,0,0,0,0,0,0,0,0,0,0,0,0,0,0,0,0
24.8201,0,0,0,0,0,0,0,0,0,0,0,0,0,0,0,0
24.8301,0,0,0,0,0,0,0,0,0,0,0,0,0,0,0,0
24.8401,0,0,0,0,0,0,0,0,0,0,0,0,0,0,0,0
24.8501,0,0,0,0,0,0,0,0,0,0,0,0,0,0,0,0
24.8601,0,0,0,0,0,0,0,0,0,0,0,0,0,0,0,0
24.8701,0,0,0,0,0,0,0,0,0,0,0,0,0,0,0,0
24.8801,0,0,0,0,0,0,0,0,0,0,0,0,0,0,0,0
24.8901,0,0,0,0,0,0,0,0,0,0,0,0,0,0,0,0
24.9001,0,0,0,0,0,0,0,0,0,0,0,0,0,0,0,0
24.91,0,0,0,0,0,0,0,0,0,0,0,0,0,0,0,0
24.9201,0,0,0,0,0,0,0,0,0,0,0,0,0,0,0,0
24.9301,0,0,0,0,0,0,0,0,0,0,0,0,0,0,0,0
24.9401,0,0,0,0,0,0,0,0,0,0,0,0,0,0,0,0
24.9501,0,0,0,0,0,0,0,0,0,0,0,0,0,0,0,0
24.9601,0,0,0,0,0,0,0,0,0,0,0,0,0,0,0,0
24.9701,0,0,0,0,0,0,0,0,0,0,0,0,0,0,0,0
24.9801,0,0,0,0,0,0,0,0,0,0,0,0,0,0,0,0
24.9901,0,0,0,0,0,0,0,0,0,0,0,0,0,0,0,0
25.0001,0,0,0,0,0,0,0,0,0,0,0,0,0,0,0,0
25.0101,0,0,0,0,0,0,0,0,0,0,0,0,0,0,0,0
25.0201,0,0,0,0,0,0,0,0,0,0,0,0,0,0,0,0
25.0301,0,0,0,0,0,0,0,0,0,0,0,0,0,0,0,0
25.0401,0,0,0,0,0,0,0,0,0,0,0,0,0,0,0,0
25.0501,0,0,0,0,0,0,0,0,0,0,0,0,0,0,0,0
25.0601,0,0,0,0,0,0,0,0,0,0,0,0,0,0,0,0
25.0701,0,0,0,0,0,0,0,0,0,0,0,0,0,0,0,0
25.0801,0,0,0,0,0,0,0,0,0,0,0,0,0,0,0,0
25.0901,0,0,0,0,0,0,0,0,0,0,0,0,0,0,0,0
25.1001,0,0,0,0,0,0,0,0,0,0,0,0,0,0,0,0
25.1101,0,0,0,0,0,0,0,0,0,0,0,0,0,0,0,0
25.1201,0,0,0,0,0,0,0,0,0,0,0,0,0,0,0,0
25.1301,0,0,0,0,0,0,0,0,0,0,0,0,0,0,0,0
25.1401,0,0,0,0,0,0,0,0,0,0,0,0,0,0,0,0
25.1501,0,0,0,0,0,0,0,0,0,0,0,0,0,0,0,0
25.1601,0,0,0,0,0,0,0,0,0,0,0,0,0,0,0,0
25.1701,0,0,0,0,0,0,0,0,0,0,0,0,0,0,0,0
25.1801,0,0,0,0,0,0,0,0,0,0,0,0,0,0,0,0
25.1901,0,0,0,0,0,0,0,0,0,0,0,0,0,0,0,0
25.2001,0,0,0,0,0,0,0,0,0,0,0,0,0,0,0,0
25.2101,0,0,0,0,0,0,0,0,0,0,0,0,0,0,0,0
25.2201,0,0,0,0,0,0,0,0,0,0,0,0,0,0,0,0
25.2301,0,0,0,0,0,0,0,0,0,0,0,0,0,0,0,0
25.2401,0,0,0,0,0,0,0,0,0,0,0,0,0,0,0,0
25.2501,0,0,0,0,0,0,0,0,0,0,0,0,0,0,0,0
25.2601,0,0,0,0,0,0,0,0,0,0,0,0,0,0,0,0
25.2701,0,0,0,0,0,0,0,0,0,0,0,0,0,0,0,0
25.2801,0,0,0,0,0,0,0,0,0,0,0,0,0,0,0,0
25.2901,0,0,0,0,0,0,0,0,0,0,0,0,0,0,0,0
25.3001,0,0,0,0,0,0,0,0,0,0,0,0,0,0,0,0
25.3101,0,0,0,0,0,0,0,0,0,0,0,0,0,0,0,0
25.3201,0,0,0,0,0,0,0,0,0,0,0,0,0,0,0,0
25.3301,0,0,0,0,0,0,0,0,0,0,0,0,0,0,0,0
25.3401,0,0,0,0,0,0,0,0,0,0,0,0,0,0,0,0
25.3501,0,0,0,0,0,0,0,0,0,0,0,0,0,0,0,0
25.3601,0,0,0,0,0,0,0,0,0,0,0,0,0,0,0,0
25.3701,0,0,0,0,0,0,0,0,0,0,0,0,0,0,0,0
25.3801,0,0,0,0,0,0,0,0,0,0,0,0,0,0,0,0
25.39,0,0,0,0,0,0,0,0,0,0,0,0,0,0,0,0
25.4001,0,0,0,0,0,0,0,0,0,0,0,0,0,0,0,0
25.4101,0,0,0,0,0,0,0,0,0,0,0,0,0,0,0,0
25.4201,0,0,0,0,0,0,0,0,0,0,0,0,0,0,0,0
25.4301,0,0,0,0,0,0,0,0,0,0,0,0,0,0,0,0
25.4401,0,0,0,0,0,0,0,0,0,0,0,0,0,0,0,0
25.4501,0,0,0,0,0,0,0,0,0,0,0,0,0,0,0,0
25.4601,0,0,0,0,0,0,0,0,0,0,0,0,0,0,0,0
25.47,0,0,0,0,0,0,0,0,0,0,0,0,0,0,0,0
25.4801,0,0,0,0,0,0,0,0,0,0,0,0,0,0,0,0
25.4901,0,0,0,0,0,0,0,0,0,0,0,0,0,0,0,0
25.5001,0,0,0,0,0,0,0,0,0,0,0,0,0,0,0,0
25.5101,0,0,0,0,0,0,0,0,0,0,0,0,0,0,0,0
25.5201,0,0,0,0,0,0,0,0,0,0,0,0,0,0,0,0
25.5301,0,0,0,0,0,0,0,0,0,0,0,0,0,0,0,0
25.5401,0,0,0,0,0,0,0,0,0,0,0,0,0,0,0,0
25.5501,0,0,0,0,0,0,0,0,0,0,0,0,0,0,0,0
25.5601,0,0,0,0,0,0,0,0,0,0,0,0,0,0,0,0
25.5701,0,0,0,0,0,0,0,0,0,0,0,0,0,0,0,0
25.5801,0,0,0,0,0,0,0,0,0,0,0,0,0,0,0,0
25.5901,0,0,0,0,0,0,0,0,0,0,0,0,0,0,0,0
25.6001,0,0,0,0,0,0,0,0,0,0,0,0,0,0,0,0
25.6101,0,0,0,0,0,0,0,0,0,0,0,0,0,0,0,0
25.6201,0,0,0,0,0,0,0,0,0,0,0,0,0,0,0,0
25.6301,0,0,0,0,0,0,0,0,0,0,0,0,0,0,0,0
25.6401,0,0,0,0,0,0,0,0,0,0,0,0,0,0,0,0
25.6501,0,0,0,0,0,0,0,0,0,0,0,0,0,0,0,0
25.6601,0,0,0,0,0,0,0,0,0,0,0,0,0,0,0,0
25.6701,0,0,0,0,0,0,0,0,0,0,0,0,0,0,0,0
25.6801,0,0,0,0,0,0,0,0,0,0,0,0,0,0,0,0
25.6901,0,0,0,0,0,0,0,0,0,0,0,0,0,0,0,0
25.7001,0,0,0,0,0,0,0,0,0,0,0,0,0,0,0,0
25.7101,0,0,0,0,0,0,0,0,0,0,0,0,0,0,0,0
25.7201,0,0,0,0,0,0,0,0,0,0,0,0,0,0,0,0
25.7301,0,0,0,0,0,0,0,0,0,0,0,0,0,0,0,0
25.7401,0,0,0,0,0,0,0,0,0,0,0,0,0,0,0,0
25.7501,0,0,0,0,0,0,0,0,0,0,0,0,0,0,0,0
25.7601,0,0,0,0,0,0,0,0,0,0,0,0,0,0,0,0
25.7701,0,0,0,0,0,0,0,0,0,0,0,0,0,0,0,0
25.7801,0,0,0,0,0,0,0,0,0,0,0,0,0,0,0,0
25.7901,0,0,0,0,0,0,0,0,0,0,0,0,0,0,0,0
25.8001,0,0,0,0,0,0,0,0,0,0,0,0,0,0,0,0
25.8101,0,0,0,0,0,0,0,0,0,0,0,0,0,0,0,0
25.8201,0,0,0,0,0,0,0,0,0,0,0,0,0,0,0,0
25.83,0,0,0,0,0,0,0,0,0,0,0,0,0,0,0,0
25.8401,0,0,0,0,0,0,0,0,0,0,0,0,0,0,0,0
25.8501,0,0,0,0,0,0,0,0,0,0,0,0,0,0,0,0
25.8601,0,0,0,0,0,0,0,0,0,0,0,0,0,0,0,0
25.8701,0,0,0,0,0,0,0,0,0,0,0,0,0,0,0,0
25.8801,0,0,0,0,0,0,0,0,0,0,0,0,0,0,0,0
25.8901,0,0,0,0,0,0,0,0,0,0,0,0,0,0,0,0
25.9001,0,0,0,0,0,0,0,0,0,0,0,0,0,0,0,0
25.9101,0,0,0,0,0,0,0,0,0,0,0,0,0,0,0,0
25.9201,0,0,0,0,0,0,0,0,0,0,0,0,0,0,0,0
25.9301,0,0,0,0,0,0,0,0,0,0,0,0,0,0,0,0
25.9401,0,0,0,0,0,0,0,0,0,0,0,0,0,0,0,0
25.9501,0,0,0,0,0,0,0,0,0,0,0,0,0,0,0,0
25.9601,0,0,0,0,0,0,0,0,0,0,0,0,0,0,0,0
25.9701,0,0,0,0,0,0,0,0,0,0,0,0,0,0,0,0
25.9801,0,0,0,0,0,0,0,0,0,0,0,0,0,0,0,0
25.9901,0,0,0,0,0,0,0,0,0,0,0,0,0,0,0,0
26.0001,0,0,0,0,0,0,0,0,0,0,0,0,0,0,0,0
26.0101,0,0,0,0,0,0,0,0,0,0,0,0,0,0,0,0
26.0201,0,0,0,0,0,0,0,0,0,0,0,0,0,0,0,0
26.0301,0,0,0,0,0,0,0,0,0,0,0,0,0,0,0,0
26.0401,0,0,0,0,0,0,0,0,0,0,0,0,0,0,0,0
26.0501,0,0,0,0,0,0,0,0,0,0,0,0,0,0,0,0
26.0601,0,0,0,0,0,0,0,0,0,0,0,0,0,0,0,0
26.0701,0,0,0,0,0,0,0,0,0,0,0,0,0,0,0,0
26.0801,0,0,0,0,0,0,0,0,0,0,0,0,0,0,0,0
26.0901,0,0,0,0,0,0,0,0,0,0,0,0,0,0,0,0
26.1001,0,0,0,0,0,0,0,0,0,0,0,0,0,0,0,0
26.1101,0,0,0,0,0,0,0,0,0,0,0,0,0,0,0,0
26.1201,0,0,0,0,0,0,0,0,0,0,0,0,0,0,0,0
26.1301,0,0,0,0,0,0,0,0,0,0,0,0,0,0,0,0
26.1401,0,0,0,0,0,0,0,0,0,0,0,0,0,0,0,0
26.1501,0,0,0,0,0,0,0,0,0,0,0,0,0,0,0,0
26.1601,0,0,0,0,0,0,0,0,0,0,0,0,0,0,0,0
26.1701,0,0,0,0,0,0,0,0,0,0,0,0,0,0,0,0
26.1801,0,0,0,0,0,0,0,0,0,0,0,0,0,0,0,0
26.1901,0,0,0,0,0,0,0,0,0,0,0,0,0,0,0,0
26.2001,0,0,0,0,0,0,0,0,0,0,0,0,0,0,0,0
26.2101,0,0,0,0,0,0,0,0,0,0,0,0,0,0,0,0
26.2201,0,0,0,0,0,0,0,0,0,0,0,0,0,0,0,0
26.2301,0,0,0,0,0,0,0,0,0,0,0,0,0,0,0,0
26.2401,0,0,0,0,0,0,0,0,0,0,0,0,0,0,0,0
26.2501,0,0,0,0,0,0,0,0,0,0,0,0,0,0,0,0
26.2601,0,0,0,0,0,0,0,0,0,0,0,0,0,0,0,0
26.2701,0,0,0,0,0,0,0,0,0,0,0,0,0,0,0,0
26.2801,0,0,0,0,0,0,0,0,0,0,0,0,0,0,0,0
26.2901,0,0,0,0,0,0,0,0,0,0,0,0,0,0,0,0
26.3001,0,0,0,0,0,0,0,0,0,0,0,0,0,0,0,0
26.3101,0,0,0,0,0,0,0,0,0,0,0,0,0,0,0,0
26.3201,0,0,0,0,0,0,0,0,0,0,0,0,0,0,0,0
26.3301,0,0,0,0,0,0,0,0,0,0,0,0,0,0,0,0
26.3401,0,0,0,0,0,0,0,0,0,0,0,0,0,0,0,0
26.3501,0,0,0,0,0,0,0,0,0,0,0,0,0,0,0,0
26.3601,0,0,0,0,0,0,0,0,0,0,0,0,0,0,0,0
26.3701,0,0,0,0,0,0,0,0,0,0,0,0,0,0,0,0
26.3801,0,0,0,0,0,0,0,0,0,0,0,0,0,0,0,0
26.3901,0,0,0,0,0,0,0,0,0,0,0,0,0,0,0,0
26.4001,0,0,0,0,0,0,0,0,0,0,0,0,0,0,0,0
26.4101,0,0,0,0,0,0,0,0,0,0,0,0,0,0,0,0
26.4201,0,0,0,0,0,0,0,0,0,0,0,0,0,0,0,0
26.4301,0,0,0,0,0,0,0,0,0,0,0,0,0,0,0,0
26.4401,0,0,0,0,0,0,0,0,0,0,0,0,0,0,0,0
26.4501,0,0,0,0,0,0,0,0,0,0,0,0,0,0,0,0
26.4601,0,0,0,0,0,0,0,0,0,0,0,0,0,0,0,0
26.4701,0,0,0,0,0,0,0,0,0,0,0,0,0,0,0,0
26.4801,0,0,0,0,0,0,0,0,0,0,0,0,0,0,0,0
26.4901,0,0,0,0,0,0,0,0,0,0,0,0,0,0,0,0
26.5001,0,0,0,0,0,0,0,0,0,0,0,0,0,0,0,0
26.5101,0,0,0,0,0,0,0,0,0,0,0,0,0,0,0,0
26.5201,0,0,0,0,0,0,0,0,0,0,0,0,0,0,0,0
26.5301,0,0,0,0,0,0,0,0,0,0,0,0,0,0,0,0
26.5401,0,0,0,0,0,0,0,0,0,0,0,0,0,0,0,0
26.5501,0,0,0,0,0,0,0,0,0,0,0,0,0,0,0,0
26.5601,0,0,0,0,0,0,0,0,0,0,0,0,0,0,0,0
26.5701,0,0,0,0,0,0,0,0,0,0,0,0,0,0,0,0
26.5801,0,0,0,0,0,0,0,0,0,0,0,0,0,0,0,0
26.5901,0,0,0,0,0,0,0,0,0,0,0,0,0,0,0,0
26.6001,0,0,0,0,0,0,0,0,0,0,0,0,0,0,0,0
26.6101,0,0,0,0,0,0,0,0,0,0,0,0,0,0,0,0
26.6201,0,0,0,0,0,0,0,0,0,0,0,0,0,0,0,0
26.6301,0,0,0,0,0,0,0,0,0,0,0,0,0,0,0,0
26.6401,0,0,0,0,0,0,0,0,0,0,0,0,0,0,0,0
26.6501,0,0,0,0,0,0,0,0,0,0,0,0,0,0,0,0
26.6601,0,0,0,0,0,0,0,0,0,0,0,0,0,0,0,0
26.6701,0,0,0,0,0,0,0,0,0,0,0,0,0,0,0,0
26.6801,0,0,0,0,0,0,0,0,0,0,0,0,0,0,0,0
26.6901,0,0,0,0,0,0,0,0,0,0,0,0,0,0,0,0
26.7001,0,0,0,0,0,0,0,0,0,0,0,0,0,0,0,0
26.7101,0,0,0,0,0,0,0,0,0,0,0,0,0,0,0,0
26.7201,0,0,0,0,0,0,0,0,0,0,0,0,0,0,0,0
26.7301,0,0,0,0,0,0,0,0,0,0,0,0,0,0,0,0
26.7401,0,0,0,0,0,0,0,0,0,0,0,0,0,0,0,0
26.7501,0,0,0,0,0,0,0,0,0,0,0,0,0,0,0,0
26.7601,0,0,0,0,0,0,0,0,0,0,0,0,0,0,0,0
26.7701,0,0,0,0,0,0,0,0,0,0,0,0,0,0,0,0
26.7801,0,0,0,0,0,0,0,0,0,0,0,0,0,0,0,0
26.7901,0,0,0,0,0,0,0,0,0,0,0,0,0,0,0,0
26.8001,0,0,0,0,0,0,0,0,0,0,0,0,0,0,0,0
26.8101,0,0,0,0,0,0,0,0,0,0,0,0,0,0,0,0
26.8201,0,0,0,0,0,0,0,0,0,0,0,0,0,0,0,0
26.8301,0,0,0,0,0,0,0,0,0,0,0,0,0,0,0,0
26.8401,0,0,0,0,0,0,0,0,0,0,0,0,0,0,0,0
26.8501,0,0,0,0,0,0,0,0,0,0,0,0,0,0,0,0
26.8601,0,0,0,0,0,0,0,0,0,0,0,0,0,0,0,0
26.8701,0,0,0,0,0,0,0,0,0,0,0,0,0,0,0,0
26.8801,0,0,0,0,0,0,0,0,0,0,0,0,0,0,0,0
26.8901,0,0,0,0,0,0,0,0,0,0,0,0,0,0,0,0
26.9,0,0,0,0,0,0,0,0,0,0,0,0,0,0,0,0
26.9101,0,0,0,0,0,0,0,0,0,0,0,0,0,0,0,0
26.9201,0,0,0,0,0,0,0,0,0,0,0,0,0,0,0,0
26.9301,0,0,0,0,0,0,0,0,0,0,0,0,0,0,0,0
26.9401,0,0,0,0,0,0,0,0,0,0,0,0,0,0,0,0
26.9501,0,0,0,0,0,0,0,0,0,0,0,0,0,0,0,0
26.9601,0,0,0,0,0,0,0,0,0,0,0,0,0,0,0,0
26.9701,0,0,0,0,0,0,0,0,0,0,0,0,0,0,0,0
26.98,0,0,0,0,0,0,0,0,0,0,0,0,0,0,0,0
26.99,0,0,0,0,0,0,0,0,0,0,0,0,0,0,0,0
27.0001,0,0,0,0,0,0,0,0,0,0,0,0,0,0,0,0
27.0101,0,0,0,0,0,0,0,0,0,0,0,0,0,0,0,0
27.0201,0,0,0,0,0,0,0,0,0,0,0,0,0,0,0,0
27.0301,0,0,0,0,0,0,0,0,0,0,0,0,0,0,0,0
27.0401,0,0,0,0,0,0,0,0,0,0,0,0,0,0,0,0
27.0501,0,0,0,0,0,0,0,0,0,0,0,0,0,0,0,0
27.0601,0,0,0,0,0,0,0,0,0,0,0,0,0,0,0,0
27.0701,0,0,0,0,0,0,0,0,0,0,0,0,0,0,0,0
27.0801,0,0,0,0,0,0,0,0,0,0,0,0,0,0,0,0
27.0901,0,0,0,0,0,0,0,0,0,0,0,0,0,0,0,0
27.1001,0,0,0,0,0,0,0,0,0,0,0,0,0,0,0,0
27.1101,0,0,0,0,0,0,0,0,0,0,0,0,0,0,0,0
27.1201,0,0,0,0,0,0,0,0,0,0,0,0,0,0,0,0
27.1301,0,0,0,0,0,0,0,0,0,0,0,0,0,0,0,0
27.1401,0,0,0,0,0,0,0,0,0,0,0,0,0,0,0,0
27.1501,0,0,0,0,0,0,0,0,0,0,0,0,0,0,0,0
27.1601,0,0,0,0,0,0,0,0,0,0,0,0,0,0,0,0
27.1701,0,0,0,0,0,0,0,0,0,0,0,0,0,0,0,0
27.1801,0,0,0,0,0,0,0,0,0,0,0,0,0,0,0,0
27.1901,0,0,0,0,0,0,0,0,0,0,0,0,0,0,0,0
27.2001,0,0,0,0,0,0,0,0,0,0,0,0,0,0,0,0
27.2101,0,0,0,0,0,0,0,0,0,0,0,0,0,0,0,0
27.2201,0,0,0,0,0,0,0,0,0,0,0,0,0,0,0,0
27.2301,0,0,0,0,0,0,0,0,0,0,0,0,0,0,0,0
27.2401,0,0,0,0,0,0,0,0,0,0,0,0,0,0,0,0
27.2501,0,0,0,0,0,0,0,0,0,0,0,0,0,0,0,0
27.26,0,0,0,0,0,0,0,0,0,0,0,0,0,0,0,0
27.27,0,0,0,0,0,0,0,0,0,0,0,0,0,0,0,0
27.2801,0,0,0,0,0,0,0,0,0,0,0,0,0,0,0,0
27.2901,0,0,0,0,0,0,0,0,0,0,0,0,0,0,0,0
27.3001,0,0,0,0,0,0,0,0,0,0,0,0,0,0,0,0
27.31,0,0,0,0,0,0,0,0,0,0,0,0,0,0,0,0
27.3201,0,0,0,0,0,0,0,0,0,0,0,0,0,0,0,0
27.3301,0,0,0,0,0,0,0,0,0,0,0,0,0,0,0,0
27.3401,0,0,0,0,0,0,0,0,0,0,0,0,0,0,0,0
27.35,0,0,0,0,0,0,0,0,0,0,0,0,0,0,0,0
27.3601,0,0,0,0,0,0,0,0,0,0,0,0,0,0,0,0
27.3701,0,0,0,0,0,0,0,0,0,0,0,0,0,0,0,0
27.3801,0,0,0,0,0,0,0,0,0,0,0,0,0,0,0,0
27.3901,0,0,0,0,0,0,0,0,0,0,0,0,0,0,0,0
27.4001,0,0,0,0,0,0,0,0,0,0,0,0,0,0,0,0
27.4101,0,0,0,0,0,0,0,0,0,0,0,0,0,0,0,0
27.4201,0,0,0,0,0,0,0,0,0,0,0,0,0,0,0,0
27.4301,0,0,0,0,0,0,0,0,0,0,0,0,0,0,0,0
27.4401,0,0,0,0,0,0,0,0,0,0,0,0,0,0,0,0
27.4501,0,0,0,0,0,0,0,0,0,0,0,0,0,0,0,0
27.4601,0,0,0,0,0,0,0,0,0,0,0,0,0,0,0,0
27.4701,0,0,0,0,0,0,0,0,0,0,0,0,0,0,0,0
27.4801,0,0,0,0,0,0,0,0,0,0,0,0,0,0,0,0
27.4901,0,0,0,0,0,0,0,0,0,0,0,0,0,0,0,0
27.5001,0,0,0,0,0,0,0,0,0,0,0,0,0,0,0,0
27.51,0,0,0,0,0,0,0,0,0,0,0,0,0,0,0,0
27.5201,0,0,0,0,0,0,0,0,0,0,0,0,0,0,0,0
27.5301,0,0,0,0,0,0,0,0,0,0,0,0,0,0,0,0
27.54,0,0,0,0,0,0,0,0,0,0,0,0,0,0,0,0
27.5501,0,0,0,0,0,0,0,0,0,0,0,0,0,0,0,0
27.5601,0,0,0,0,0,0,0,0,0,0,0,0,0,0,0,0
27.5701,0,0,0,0,0,0,0,0,0,0,0,0,0,0,0,0
27.5801,0,0,0,0,0,0,0,0,0,0,0,0,0,0,0,0
27.5901,0,0,0,0,0,0,0,0,0,0,0,0,0,0,0,0
27.6001,0,0,0,0,0,0,0,0,0,0,0,0,0,0,0,0
27.6101,0,0,0,0,0,0,0,0,0,0,0,0,0,0,0,0
27.6201,0,0,0,0,0,0,0,0,0,0,0,0,0,0,0,0
27.6301,0,0,0,0,0,0,0,0,0,0,0,0,0,0,0,0
27.6401,0,0,0,0,0,0,0,0,0,0,0,0,0,0,0,0
27.6501,0,0,0,0,0,0,0,0,0,0,0,0,0,0,0,0
27.6601,0,0,0,0,0,0,0,0,0,0,0,0,0,0,0,0
27.6701,0,0,0,0,0,0,0,0,0,0,0,0,0,0,0,0
27.6801,0,0,0,0,0,0,0,0,0,0,0,0,0,0,0,0
27.6901,0,0,0,0,0,0,0,0,0,0,0,0,0,0,0,0
27.7,0,0,0,0,0,0,0,0,0,0,0,0,0,0,0,0
27.7101,0,0,0,0,0,0,0,0,0,0,0,0,0,0,0,0
27.7201,0,0,0,0,0,0,0,0,0,0,0,0,0,0,0,0
27.7301,0,0,0,0,0,0,0,0,0,0,0,0,0,0,0,0
27.7401,0,0,0,0,0,0,0,0,0,0,0,0,0,0,0,0
27.7501,0,0,0,0,0,0,0,0,0,0,0,0,0,0,0,0
27.7601,0,0,0,0,0,0,0,0,0,0,0,0,0,0,0,0
27.7701,0,0,0,0,0,0,0,0,0,0,0,0,0,0,0,0
27.7801,0,0,0,0,0,0,0,0,0,0,0,0,0,0,0,0
27.7901,0,0,0,0,0,0,0,0,0,0,0,0,0,0,0,0
27.8001,0,0,0,0,0,0,0,0,0,0,0,0,0,0,0,0
27.8101,0,0,0,0,0,0,0,0,0,0,0,0,0,0,0,0
27.8201,0,0,0,0,0,0,0,0,0,0,0,0,0,0,0,0
27.8301,0,0,0,0,0,0,0,0,0,0,0,0,0,0,0,0
27.8401,0,0,0,0,0,0,0,0,0,0,0,0,0,0,0,0
27.8501,0,0,0,0,0,0,0,0,0,0,0,0,0,0,0,0
27.8601,0,0,0,0,0,0,0,0,0,0,0,0,0,0,0,0
27.8701,0,0,0,0,0,0,0,0,0,0,0,0,0,0,0,0
27.8801,0,0,0,0,0,0,0,0,0,0,0,0,0,0,0,0
27.8901,0,0,0,0,0,0,0,0,0,0,0,0,0,0,0,0
27.9001,0,0,0,0,0,0,0,0,0,0,0,0,0,0,0,0
27.9101,0,0,0,0,0,0,0,0,0,0,0,0,0,0,0,0
27.9201,0,0,0,0,0,0,0,0,0,0,0,0,0,0,0,0
27.9301,0,0,0,0,0,0,0,0,0,0,0,0,0,0,0,0
27.9401,0,0,0,0,0,0,0,0,0,0,0,0,0,0,0,0
27.9501,0,0,0,0,0,0,0,0,0,0,0,0,0,0,0,0
27.9601,0,0,0,0,0,0,0,0,0,0,0,0,0,0,0,0
27.9701,0,0,0,0,0,0,0,0,0,0,0,0,0,0,0,0
27.9801,0,0,0,0,0,0,0,0,0,0,0,0,0,0,0,0
27.9901,0,0,0,0,0,0,0,0,0,0,0,0,0,0,0,0
28.0001,0,0,0,0,0,0,0,0,0,0,0,0,0,0,0,0
28.0101,0,0,0,0,0,0,0,0,0,0,0,0,0,0,0,0
28.0201,0,0,0,0,0,0,0,0,0,0,0,0,0,0,0,0
28.0301,0,0,0,0,0,0,0,0,0,0,0,0,0,0,0,0
28.0401,0,0,0,0,0,0,0,0,0,0,0,0,0,0,0,0
28.0501,0,0,0,0,0,0,0,0,0,0,0,0,0,0,0,0
28.0601,0,0,0,0,0,0,0,0,0,0,0,0,0,0,0,0
28.0701,0,0,0,0,0,0,0,0,0,0,0,0,0,0,0,0
28.0801,0,0,0,0,0,0,0,0,0,0,0,0,0,0,0,0
28.0901,0,0,0,0,0,0,0,0,0,0,0,0,0,0,0,0
28.1001,0,0,0,0,0,0,0,0,0,0,0,0,0,0,0,0
28.1101,0,0,0,0,0,0,0,0,0,0,0,0,0,0,0,0
28.1201,0,0,0,0,0,0,0,0,0,0,0,0,0,0,0,0
28.1301,0,0,0,0,0,0,0,0,0,0,0,0,0,0,0,0
28.1401,0,0,0,0,0,0,0,0,0,0,0,0,0,0,0,0
28.1501,0,0,0,0,0,0,0,0,0,0,0,0,0,0,0,0
28.1601,0,0,0,0,0,0,0,0,0,0,0,0,0,0,0,0
28.1701,0,0,0,0,0,0,0,0,0,0,0,0,0,0,0,0
28.1801,0,0,0,0,0,0,0,0,0,0,0,0,0,0,0,0
28.1901,0,0,0,0,0,0,0,0,0,0,0,0,0,0,0,0
28.2001,0,0,0,0,0,0,0,0,0,0,0,0,0,0,0,0
28.2101,0,0,0,0,0,0,0,0,0,0,0,0,0,0,0,0
28.2201,0,0,0,0,0,0,0,0,0,0,0,0,0,0,0,0
28.2301,0,0,0,0,0,0,0,0,0,0,0,0,0,0,0,0
28.2401,0,0,0,0,0,0,0,0,0,0,0,0,0,0,0,0
28.2501,0,0,0,0,0,0,0,0,0,0,0,0,0,0,0,0
28.2601,0,0,0,0,0,0,0,0,0,0,0,0,0,0,0,0
28.2701,0,0,0,0,0,0,0,0,0,0,0,0,0,0,0,0
28.2801,0,0,0,0,0,0,0,0,0,0,0,0,0,0,0,0
28.2901,0,0,0,0,0,0,0,0,0,0,0,0,0,0,0,0
28.3001,0,0,0,0,0,0,0,0,0,0,0,0,0,0,0,0
28.3101,0,0,0,0,0,0,0,0,0,0,0,0,0,0,0,0
28.3201,0,0,0,0,0,0,0,0,0,0,0,0,0,0,0,0
28.3301,0,0,0,0,0,0,0,0,0,0,0,0,0,0,0,0
28.3401,0,0,0,0,0,0,0,0,0,0,0,0,0,0,0,0
28.3501,0,0,0,0,0,0,0,0,0,0,0,0,0,0,0,0
28.3601,0,0,0,0,0,0,0,0,0,0,0,0,0,0,0,0
28.3701,0,0,0,0,0,0,0,0,0,0,0,0,0,0,0,0
28.3801,0,0,0,0,0,0,0,0,0,0,0,0,0,0,0,0
28.3901,0,0,0,0,0,0,0,0,0,0,0,0,0,0,0,0
28.4001,0,0,0,0,0,0,0,0,0,0,0,0,0,0,0,0
28.4101,0,0,0,0,0,0,0,0,0,0,0,0,0,0,0,0
28.4201,0,0,0,0,0,0,0,0,0,0,0,0,0,0,0,0
28.4301,0,0,0,0,0,0,0,0,0,0,0,0,0,0,0,0
28.4401,0,0,0,0,0,0,0,0,0,0,0,0,0,0,0,0
28.4501,0,0,0,0,0,0,0,0,0,0,0,0,0,0,0,0
28.4601,0,0,0,0,0,0,0,0,0,0,0,0,0,0,0,0
28.4701,0,0,0,0,0,0,0,0,0,0,0,0,0,0,0,0
28.4801,0,0,0,0,0,0,0,0,0,0,0,0,0,0,0,0
28.4901,0,0,0,0,0,0,0,0,0,0,0,0,0,0,0,0
28.5001,0,0,0,0,0,0,0,0,0,0,0,0,0,0,0,0
28.5101,0,0,0,0,0,0,0,0,0,0,0,0,0,0,0,0
28.5201,0,0,0,0,0,0,0,0,0,0,0,0,0,0,0,0
28.5301,0,0,0,0,0,0,0,0,0,0,0,0,0,0,0,0
28.5401,0,0,0,0,0,0,0,0,0,0,0,0,0,0,0,0
28.5501,0,0,0,0,0,0,0,0,0,0,0,0,0,0,0,0
28.5601,0,0,0,0,0,0,0,0,0,0,0,0,0,0,0,0
28.5701,0,0,0,0,0,0,0,0,0,0,0,0,0,0,0,0
28.5801,0,0,0,0,0,0,0,0,0,0,0,0,0,0,0,0
28.59,0,0,0,0,0,0,0,0,0,0,0,0,0,0,0,0
28.6001,0,0,0,0,0,0,0,0,0,0,0,0,0,0,0,0
28.6101,0,0,0,0,0,0,0,0,0,0,0,0,0,0,0,0
28.6201,0,0,0,0,0,0,0,0,0,0,0,0,0,0,0,0
28.6301,0,0,0,0,0,0,0,0,0,0,0,0,0,0,0,0
28.6401,0,0,0,0,0,0,0,0,0,0,0,0,0,0,0,0
28.6501,0,0,0,0,0,0,0,0,0,0,0,0,0,0,0,0
28.6601,0,0,0,0,0,0,0,0,0,0,0,0,0,0,0,0
28.6701,0,0,0,0,0,0,0,0,0,0,0,0,0,0,0,0
28.6801,0,0,0,0,0,0,0,0,0,0,0,0,0,0,0,0
28.6901,0,0,0,0,0,0,0,0,0,0,0,0,0,0,0,0
28.7001,0,0,0,0,0,0,0,0,0,0,0,0,0,0,0,0
28.71,0,0,0,0,0,0,0,0,0,0,0,0,0,0,0,0
28.7201,0,0,0,0,0,0,0,0,0,0,0,0,0,0,0,0
28.7301,0,0,0,0,0,0,0,0,0,0,0,0,0,0,0,0
28.7401,0,0,0,0,0,0,0,0,0,0,0,0,0,0,0,0
28.7501,0,0,0,0,0,0,0,0,0,0,0,0,0,0,0,0
28.7601,0,0,0,0,0,0,0,0,0,0,0,0,0,0,0,0
28.7701,0,0,0,0,0,0,0,0,0,0,0,0,0,0,0,0
28.7801,0,0,0,0,0,0,0,0,0,0,0,0,0,0,0,0
28.7901,0,0,0,0,0,0,0,0,0,0,0,0,0,0,0,0
28.8001,0,0,0,0,0,0,0,0,0,0,0,0,0,0,0,0
28.8101,0,0,0,0,0,0,0,0,0,0,0,0,0,0,0,0
28.8201,0,0,0,0,0,0,0,0,0,0,0,0,0,0,0,0
28.8301,0,0,0,0,0,0,0,0,0,0,0,0,0,0,0,0
28.8401,0,0,0,0,0,0,0,0,0,0,0,0,0,0,0,0
28.8501,0,0,0,0,0,0,0,0,0,0,0,0,0,0,0,0
28.8601,0,0,0,0,0,0,0,0,0,0,0,0,0,0,0,0
28.8701,0,0,0,0,0,0,0,0,0,0,0,0,0,0,0,0
28.8801,0,0,0,0,0,0,0,0,0,0,0,0,0,0,0,0
28.8901,0,0,0,0,0,0,0,0,0,0,0,0,0,0,0,0
28.9001,0,0,0,0,0,0,0,0,0,0,0,0,0,0,0,0
28.9101,0,0,0,0,0,0,0,0,0,0,0,0,0,0,0,0
28.9201,0,0,0,0,0,0,0,0,0,0,0,0,0,0,0,0
28.9301,0,0,0,0,0,0,0,0,0,0,0,0,0,0,0,0
28.9401,0,0,0,0,0,0,0,0,0,0,0,0,0,0,0,0
28.9501,0,0,0,0,0,0,0,0,0,0,0,0,0,0,0,0
28.9601,0,0,0,0,0,0,0,0,0,0,0,0,0,0,0,0
28.9701,0,0,0,0,0,0,0,0,0,0,0,0,0,0,0,0
28.9801,0,0,0,0,0,0,0,0,0,0,0,0,0,0,0,0
28.9901,0,0,0,0,0,0,0,0,0,0,0,0,0,0,0,0
29.0001,0,0,0,0,0,0,0,0,0,0,0,0,0,0,0,0
29.0101,0,0,0,0,0,0,0,0,0,0,0,0,0,0,0,0
29.0201,0,0,0,0,0,0,0,0,0,0,0,0,0,0,0,0
29.0301,0,0,0,0,0,0,0,0,0,0,0,0,0,0,0,0
29.0401,0,0,0,0,0,0,0,0,0,0,0,0,0,0,0,0
29.0501,0,0,0,0,0,0,0,0,0,0,0,0,0,0,0,0
29.0601,0,0,0,0,0,0,0,0,0,0,0,0,0,0,0,0
29.0701,0,0,0,0,0,0,0,0,0,0,0,0,0,0,0,0
29.0801,0,0,0,0,0,0,0,0,0,0,0,0,0,0,0,0
29.0901,0,0,0,0,0,0,0,0,0,0,0,0,0,0,0,0
29.1001,0,0,0,0,0,0,0,0,0,0,0,0,0,0,0,0
29.1101,0,0,0,0,0,0,0,0,0,0,0,0,0,0,0,0
29.1201,0,0,0,0,0,0,0,0,0,0,0,0,0,0,0,0
29.1301,0,0,0,0,0,0,0,0,0,0,0,0,0,0,0,0
29.14,0,0,0,0,0,0,0,0,0,0,0,0,0,0,0,0
29.1501,0,0,0,0,0,0,0,0,0,0,0,0,0,0,0,0
29.1601,0,0,0,0,0,0,0,0,0,0,0,0,0,0,0,0
29.1701,0,0,0,0,0,0,0,0,0,0,0,0,0,0,0,0
29.1801,0,0,0,0,0,0,0,0,0,0,0,0,0,0,0,0
29.19,0,0,0,0,0,0,0,0,0,0,0,0,0,0,0,0
29.2001,0,0,0,0,0,0,0,0,0,0,0,0,0,0,0,0
29.2101,0,0,0,0,0,0,0,0,0,0,0,0,0,0,0,0
29.2201,0,0,0,0,0,0,0,0,0,0,0,0,0,0,0,0
29.2301,0,0,0,0,0,0,0,0,0,0,0,0,0,0,0,0
29.2401,0,0,0,0,0,0,0,0,0,0,0,0,0,0,0,0
29.2501,0,0,0,0,0,0,0,0,0,0,0,0,0,0,0,0
29.2601,0,0,0,0,0,0,0,0,0,0,0,0,0,0,0,0
29.2701,0,0,0,0,0,0,0,0,0,0,0,0,0,0,0,0
29.2801,0,0,0,0,0,0,0,0,0,0,0,0,0,0,0,0
29.2901,0,0,0,0,0,0,0,0,0,0,0,0,0,0,0,0
29.3001,0,0,0,0,0,0,0,0,0,0,0,0,0,0,0,0
29.3101,0,0,0,0,0,0,0,0,0,0,0,0,0,0,0,0
29.3201,0,0,0,0,0,0,0,0,0,0,0,0,0,0,0,0
29.3301,0,0,0,0,0,0,0,0,0,0,0,0,0,0,0,0
29.3401,0,0,0,0,0,0,0,0,0,0,0,0,0,0,0,0
29.3501,0,0,0,0,0,0,0,0,0,0,0,0,0,0,0,0
29.3601,0,0,0,0,0,0,0,0,0,0,0,0,0,0,0,0
29.3701,0,0,0,0,0,0,0,0,0,0,0,0,0,0,0,0
29.3801,0,0,0,0,0,0,0,0,0,0,0,0,0,0,0,0
29.3901,0,0,0,0,0,0,0,0,0,0,0,0,0,0,0,0
29.4001,0,0,0,0,0,0,0,0,0,0,0,0,0,0,0,0
29.4101,0,0,0,0,0,0,0,0,0,0,0,0,0,0,0,0
29.4201,0,0,0,0,0,0,0,0,0,0,0,0,0,0,0,0
29.4301,0,0,0,0,0,0,0,0,0,0,0,0,0,0,0,0
29.4401,0,0,0,0,0,0,0,0,0,0,0,0,0,0,0,0
29.4501,0,0,0,0,0,0,0,0,0,0,0,0,0,0,0,0
29.4601,0,0,0,0,0,0,0,0,0,0,0,0,0,0,0,0
29.4701,0,0,0,0,0,0,0,0,0,0,0,0,0,0,0,0
29.4801,0,0,0,0,0,0,0,0,0,0,0,0,0,0,0,0
29.4901,0,0,0,0,0,0,0,0,0,0,0,0,0,0,0,0
29.5001,0,0,0,0,0,0,0,0,0,0,0,0,0,0,0,0
29.5101,0,0,0,0,0,0,0,0,0,0,0,0,0,0,0,0
29.5201,0,0,0,0,0,0,0,0,0,0,0,0,0,0,0,0
29.5301,0,0,0,0,0,0,0,0,0,0,0,0,0,0,0,0
29.5401,0,0,0,0,0,0,0,0,0,0,0,0,0,0,0,0
29.55,0,0,0,0,0,0,0,0,0,0,0,0,0,0,0,0
29.5601,0,0,0,0,0,0,0,0,0,0,0,0,0,0,0,0
29.57,0,0,0,0,0,0,0,0,0,0,0,0,0,0,0,0
29.5801,0,0,0,0,0,0,0,0,0,0,0,0,0,0,0,0
29.59,0,0,0,0,0,0,0,0,0,0,0,0,0,0,0,0
29.6,0,0,0,0,0,0,0,0,0,0,0,0,0,0,0,0
29.6101,0,0,0,0,0,0,0,0,0,0,0,0,0,0,0,0
29.6201,0,0,0,0,0,0,0,0,0,0,0,0,0,0,0,0
29.6301,0,0,0,0,0,0,0,0,0,0,0,0,0,0,0,0
29.64,0,0,0,0,0,0,0,0,0,0,0,0,0,0,0,0
29.6501,0,0,0,0,0,0,0,0,0,0,0,0,0,0,0,0
29.6601,0,0,0,0,0,0,0,0,0,0,0,0,0,0,0,0
29.6701,0,0,0,0,0,0,0,0,0,0,0,0,0,0,0,0
29.6801,0,0,0,0,0,0,0,0,0,0,0,0,0,0,0,0
29.6901,0,0,0,0,0,0,0,0,0,0,0,0,0,0,0,0
29.7001,0,0,0,0,0,0,0,0,0,0,0,0,0,0,0,0
29.7101,0,0,0,0,0,0,0,0,0,0,0,0,0,0,0,0
29.7201,0,0,0,0,0,0,0,0,0,0,0,0,0,0,0,0
29.7301,0,0,0,0,0,0,0,0,0,0,0,0,0,0,0,0
29.7401,0,0,0,0,0,0,0,0,0,0,0,0,0,0,0,0
29.7501,0,0,0,0,0,0,0,0,0,0,0,0,0,0,0,0
29.7601,0,0,0,0,0,0,0,0,0,0,0,0,0,0,0,0
29.7701,0,0,0,0,0,0,0,0,0,0,0,0,0,0,0,0
29.7801,0,0,0,0,0,0,0,0,0,0,0,0,0,0,0,0
29.7901,0,0,0,0,0,0,0,0,0,0,0,0,0,0,0,0
29.8001,0,0,0,0,0,0,0,0,0,0,0,0,0,0,0,0
29.8101,0,0,0,0,0,0,0,0,0,0,0,0,0,0,0,0
29.8201,0,0,0,0,0,0,0,0,0,0,0,0,0,0,0,0
29.8301,0,0,0,0,0,0,0,0,0,0,0,0,0,0,0,0
29.8401,0,0,0,0,0,0,0,0,0,0,0,0,0,0,0,0
29.8501,0,0,0,0,0,0,0,0,0,0,0,0,0,0,0,0
29.8601,0,0,0,0,0,0,0,0,0,0,0,0,0,0,0,0
29.8701,0,0,0,0,0,0,0,0,0,0,0,0,0,0,0,0
29.8801,0,0,0,0,0,0,0,0,0,0,0,0,0,0,0,0
29.8901,0,0,0,0,0,0,0,0,0,0,0,0,0,0,0,0
29.9001,0,0,0,0,0,0,0,0,0,0,0,0,0,0,0,0
29.9101,0,0,0,0,0,0,0,0,0,0,0,0,0,0,0,0
29.9201,0,0,0,0,0,0,0,0,0,0,0,0,0,0,0,0
29.9301,0,0,0,0,0,0,0,0,0,0,0,0,0,0,0,0
29.9401,0,0,0,0,0,0,0,0,0,0,0,0,0,0,0,0
29.9501,0,0,0,0,0,0,0,0,0,0,0,0,0,0,0,0
29.9601,0,0,0,0,0,0,0,0,0,0,0,0,0,0,0,0
29.9701,0,0,0,0,0,0,0,0,0,0,0,0,0,0,0,0
29.9801,0,0,0,0,0,0,0,0,0,0,0,0,0,0,0,0
29.9901,0,0,0,0,0,0,0,0,0,0,0,0,0,0,0,0
30.0001,0,0,0,0,0,0,0,0,0,0,0,0,0,0,0,0
30.0101,0,0,0,0,0,0,0,0,0,0,0,0,0,0,0,0
30.0201,0,0,0,0,0,0,0,0,0,0,0,0,0,0,0,0
30.0301,0,0,0,0,0,0,0,0,0,0,0,0,0,0,0,0
30.0401,0,0,0,0,0,0,0,0,0,0,0,0,0,0,0,0
30.0501,0,0,0,0,0,0,0,0,0,0,0,0,0,0,0,0
30.0601,0,0,0,0,0,0,0,0,0,0,0,0,0,0,0,0
30.0701,0,0,0,0,0,0,0,0,0,0,0,0,0,0,0,0
30.0801,0,0,0,0,0,0,0,0,0,0,0,0,0,0,0,0
30.0901,0,0,0,0,0,0,0,0,0,0,0,0,0,0,0,0
30.1001,0,0,0,0,0,0,0,0,0,0,0,0,0,0,0,0
30.11,0,0,0,0,0,0,0,0,0,0,0,0,0,0,0,0
30.1201,0,0,0,0,0,0,0,0,0,0,0,0,0,0,0,0
30.1301,0,0,0,0,0,0,0,0,0,0,0,0,0,0,0,0
30.1401,0,0,0,0,0,0,0,0,0,0,0,0,0,0,0,0
30.1501,0,0,0,0,0,0,0,0,0,0,0,0,0,0,0,0
30.1601,0,0,0,0,0,0,0,0,0,0,0,0,0,0,0,0
30.1701,0,0,0,0,0,0,0,0,0,0,0,0,0,0,0,0
30.1801,0,0,0,0,0,0,0,0,0,0,0,0,0,0,0,0
30.1901,0,0,0,0,0,0,0,0,0,0,0,0,0,0,0,0
30.2001,0,0,0,0,0,0,0,0,0,0,0,0,0,0,0,0
30.2101,0,0,0,0,0,0,0,0,0,0,0,0,0,0,0,0
30.2201,0,0,0,0,0,0,0,0,0,0,0,0,0,0,0,0
30.2301,0,0,0,0,0,0,0,0,0,0,0,0,0,0,0,0
30.2401,0,0,0,0,0,0,0,0,0,0,0,0,0,0,0,0
30.2501,0,0,0,0,0,0,0,0,0,0,0,0,0,0,0,0
30.2601,0,0,0,0,0,0,0,0,0,0,0,0,0,0,0,0
30.27,0,0,0,0,0,0,0,0,0,0,0,0,0,0,0,0
30.2801,0,0,0,0,0,0,0,0,0,0,0,0,0,0,0,0
30.2901,0,0,0,0,0,0,0,0,0,0,0,0,0,0,0,0
30.3001,0,0,0,0,0,0,0,0,0,0,0,0,0,0,0,0
30.3101,0,0,0,0,0,0,0,0,0,0,0,0,0,0,0,0
30.3201,0,0,0,0,0,0,0,0,0,0,0,0,0,0,0,0
30.3301,0,0,0,0,0,0,0,0,0,0,0,0,0,0,0,0
30.3401,0,0,0,0,0,0,0,0,0,0,0,0,0,0,0,0
30.3501,0,0,0,0,0,0,0,0,0,0,0,0,0,0,0,0
30.3601,0,0,0,0,0,0,0,0,0,0,0,0,0,0,0,0
30.3701,0,0,0,0,0,0,0,0,0,0,0,0,0,0,0,0
30.3801,0,0,0,0,0,0,0,0,0,0,0,0,0,0,0,0
30.39,0,0,0,0,0,0,0,0,0,0,0,0,0,0,0,0
30.4001,0,0,0,0,0,0,0,0,0,0,0,0,0,0,0,0
30.4101,0,0,0,0,0,0,0,0,0,0,0,0,0,0,0,0
30.4201,0,0,0,0,0,0,0,0,0,0,0,0,0,0,0,0
30.4301,0,0,0,0,0,0,0,0,0,0,0,0,0,0,0,0
30.4401,0,0,0,0,0,0,0,0,0,0,0,0,0,0,0,0
30.4501,0,0,0,0,0,0,0,0,0,0,0,0,0,0,0,0
30.4601,0,0,0,0,0,0,0,0,0,0,0,0,0,0,0,0
30.4701,0,0,0,0,0,0,0,0,0,0,0,0,0,0,0,0
30.4801,0,0,0,0,0,0,0,0,0,0,0,0,0,0,0,0
30.4901,0,0,0,0,0,0,0,0,0,0,0,0,0,0,0,0
30.5001,0,0,0,0,0,0,0,0,0,0,0,0,0,0,0,0
30.5101,0,0,0,0,0,0,0,0,0,0,0,0,0,0,0,0
30.52,0,0,0,0,0,0,0,0,0,0,0,0,0,0,0,0
30.5301,0,0,0,0,0,0,0,0,0,0,0,0,0,0,0,0
30.5401,0,0,0,0,0,0,0,0,0,0,0,0,0,0,0,0
30.5501,0,0,0,0,0,0,0,0,0,0,0,0,0,0,0,0
30.5601,0,0,0,0,0,0,0,0,0,0,0,0,0,0,0,0
30.5701,0,0,0,0,0,0,0,0,0,0,0,0,0,0,0,0
30.5801,0,0,0,0,0,0,0,0,0,0,0,0,0,0,0,0
30.5901,0,0,0,0,0,0,0,0,0,0,0,0,0,0,0,0
30.6001,0,0,0,0,0,0,0,0,0,0,0,0,0,0,0,0
30.6101,0,0,0,0,0,0,0,0,0,0,0,0,0,0,0,0
30.62,0,0,0,0,0,0,0,0,0,0,0,0,0,0,0,0
30.6301,0,0,0,0,0,0,0,0,0,0,0,0,0,0,0,0
30.6401,0,0,0,0,0,0,0,0,0,0,0,0,0,0,0,0
30.6501,0,0,0,0,0,0,0,0,0,0,0,0,0,0,0,0
30.6601,0,0,0,0,0,0,0,0,0,0,0,0,0,0,0,0
30.6701,0,0,0,0,0,0,0,0,0,0,0,0,0,0,0,0
30.6801,0,0,0,0,0,0,0,0,0,0,0,0,0,0,0,0
30.6901,0,0,0,0,0,0,0,0,0,0,0,0,0,0,0,0
30.7001,0,0,0,0,0,0,0,0,0,0,0,0,0,0,0,0
30.7101,0,0,0,0,0,0,0,0,0,0,0,0,0,0,0,0
30.7201,0,0,0,0,0,0,0,0,0,0,0,0,0,0,0,0
30.7301,0,0,0,0,0,0,0,0,0,0,0,0,0,0,0,0
30.7401,0,0,0,0,0,0,0,0,0,0,0,0,0,0,0,0
30.7501,0,0,0,0,0,0,0,0,0,0,0,0,0,0,0,0
30.7601,0,0,0,0,0,0,0,0,0,0,0,0,0,0,0,0
30.7701,0,0,0,0,0,0,0,0,0,0,0,0,0,0,0,0
30.7801,0,0,0,0,0,0,0,0,0,0,0,0,0,0,0,0
30.7901,0,0,0,0,0,0,0,0,0,0,0,0,0,0,0,0
30.8001,0,0,0,0,0,0,0,0,0,0,0,0,0,0,0,0
30.8101,0,0,0,0,0,0,0,0,0,0,0,0,0,0,0,0
30.8201,0,0,0,0,0,0,0,0,0,0,0,0,0,0,0,0
30.8301,0,0,0,0,0,0,0,0,0,0,0,0,0,0,0,0
30.8401,0,0,0,0,0,0,0,0,0,0,0,0,0,0,0,0
30.8501,0,0,0,0,0,0,0,0,0,0,0,0,0,0,0,0
30.8601,0,0,0,0,0,0,0,0,0,0,0,0,0,0,0,0
30.8701,0,0,0,0,0,0,0,0,0,0,0,0,0,0,0,0
30.8801,0,0,0,0,0,0,0,0,0,0,0,0,0,0,0,0
30.8901,0,0,0,0,0,0,0,0,0,0,0,0,0,0,0,0
30.9001,0,0,0,0,0,0,0,0,0,0,0,0,0,0,0,0
30.9101,0,0,0,0,0,0,0,0,0,0,0,0,0,0,0,0
30.9201,0,0,0,0,0,0,0,0,0,0,0,0,0,0,0,0
30.9301,0,0,0,0,0,0,0,0,0,0,0,0,0,0,0,0
30.9401,0,0,0,0,0,0,0,0,0,0,0,0,0,0,0,0
30.9501,0,0,0,0,0,0,0,0,0,0,0,0,0,0,0,0
30.9601,0,0,0,0,0,0,0,0,0,0,0,0,0,0,0,0
30.9701,0,0,0,0,0,0,0,0,0,0,0,0,0,0,0,0
30.9801,0,0,0,0,0,0,0,0,0,0,0,0,0,0,0,0
30.9901,0,0,0,0,0,0,0,0,0,0,0,0,0,0,0,0
31.0001,0,0,0,0,0,0,0,0,0,0,0,0,0,0,0,0
31.0101,0,0,0,0,0,0,0,0,0,0,0,0,0,0,0,0
31.0201,0,0,0,0,0,0,0,0,0,0,0,0,0,0,0,0
31.0301,0,0,0,0,0,0,0,0,0,0,0,0,0,0,0,0
31.0401,0,0,0,0,0,0,0,0,0,0,0,0,0,0,0,0
31.0501,0,0,0,0,0,0,0,0,0,0,0,0,0,0,0,0
31.0601,0,0,0,0,0,0,0,0,0,0,0,0,0,0,0,0
31.0701,0,0,0,0,0,0,0,0,0,0,0,0,0,0,0,0
31.0801,0,0,0,0,0,0,0,0,0,0,0,0,0,0,0,0
31.0901,0,0,0,0,0,0,0,0,0,0,0,0,0,0,0,0
31.1001,0,0,0,0,0,0,0,0,0,0,0,0,0,0,0,0
31.1101,0,0,0,0,0,0,0,0,0,0,0,0,0,0,0,0
31.1201,0,0,0,0,0,0,0,0,0,0,0,0,0,0,0,0
31.1301,0,0,0,0,0,0,0,0,0,0,0,0,0,0,0,0
31.1401,0,0,0,0,0,0,0,0,0,0,0,0,0,0,0,0
31.1501,0,0,0,0,0,0,0,0,0,0,0,0,0,0,0,0
31.1601,0,0,0,0,0,0,0,0,0,0,0,0,0,0,0,0
31.1701,0,0,0,0,0,0,0,0,0,0,0,0,0,0,0,0
31.1801,0,0,0,0,0,0,0,0,0,0,0,0,0,0,0,0
31.1901,0,0,0,0,0,0,0,0,0,0,0,0,0,0,0,0
31.2001,0,0,0,0,0,0,0,0,0,0,0,0,0,0,0,0
31.2101,0,0,0,0,0,0,0,0,0,0,0,0,0,0,0,0
31.2201,0,0,0,0,0,0,0,0,0,0,0,0,0,0,0,0
31.2301,0,0,0,0,0,0,0,0,0,0,0,0,0,0,0,0
31.2401,0,0,0,0,0,0,0,0,0,0,0,0,0,0,0,0
31.2501,0,0,0,0,0,0,0,0,0,0,0,0,0,0,0,0
31.2601,0,0,0,0,0,0,0,0,0,0,0,0,0,0,0,0
31.2701,0,0,0,0,0,0,0,0,0,0,0,0,0,0,0,0
31.2801,0,0,0,0,0,0,0,0,0,0,0,0,0,0,0,0
31.2901,0,0,0,0,0,0,0,0,0,0,0,0,0,0,0,0
31.3001,0,0,0,0,0,0,0,0,0,0,0,0,0,0,0,0
31.3101,0,0,0,0,0,0,0,0,0,0,0,0,0,0,0,0
31.3201,0,0,0,0,0,0,0,0,0,0,0,0,0,0,0,0
31.3301,0,0,0,0,0,0,0,0,0,0,0,0,0,0,0,0
31.3401,0,0,0,0,0,0,0,0,0,0,0,0,0,0,0,0
31.3501,0,0,0,0,0,0,0,0,0,0,0,0,0,0,0,0
31.3601,0,0,0,0,0,0,0,0,0,0,0,0,0,0,0,0
31.3701,0,0,0,0,0,0,0,0,0,0,0,0,0,0,0,0
31.3801,0,0,0,0,0,0,0,0,0,0,0,0,0,0,0,0
31.3901,0,0,0,0,0,0,0,0,0,0,0,0,0,0,0,0
31.4001,0,0,0,0,0,0,0,0,0,0,0,0,0,0,0,0
31.4101,0,0,0,0,0,0,0,0,0,0,0,0,0,0,0,0
31.4201,0,0,0,0,0,0,0,0,0,0,0,0,0,0,0,0
31.4301,0,0,0,0,0,0,0,0,0,0,0,0,0,0,0,0
31.4401,0,0,0,0,0,0,0,0,0,0,0,0,0,0,0,0
31.4501,0,0,0,0,0,0,0,0,0,0,0,0,0,0,0,0
31.4601,0,0,0,0,0,0,0,0,0,0,0,0,0,0,0,0
31.4701,0,0,0,0,0,0,0,0,0,0,0,0,0,0,0,0
31.4801,0,0,0,0,0,0,0,0,0,0,0,0,0,0,0,0
31.4901,0,0,0,0,0,0,0,0,0,0,0,0,0,0,0,0
31.5001,0,0,0,0,0,0,0,0,0,0,0,0,0,0,0,0
31.5101,0,0,0,0,0,0,0,0,0,0,0,0,0,0,0,0
31.5201,0,0,0,0,0,0,0,0,0,0,0,0,0,0,0,0
31.5301,0,0,0,0,0,0,0,0,0,0,0,0,0,0,0,0
31.5401,0,0,0,0,0,0,0,0,0,0,0,0,0,0,0,0
31.5501,0,0,0,0,0,0,0,0,0,0,0,0,0,0,0,0
31.5601,0,0,0,0,0,0,0,0,0,0,0,0,0,0,0,0
31.5701,0,0,0,0,0,0,0,0,0,0,0,0,0,0,0,0
31.5801,0,0,0,0,0,0,0,0,0,0,0,0,0,0,0,0
31.5901,0,0,0,0,0,0,0,0,0,0,0,0,0,0,0,0
31.6001,0,0,0,0,0,0,0,0,0,0,0,0,0,0,0,0
31.6101,0,0,0,0,0,0,0,0,0,0,0,0,0,0,0,0
31.6201,0,0,0,0,0,0,0,0,0,0,0,0,0,0,0,0
31.6301,0,0,0,0,0,0,0,0,0,0,0,0,0,0,0,0
31.6401,0,0,0,0,0,0,0,0,0,0,0,0,0,0,0,0
31.6501,0,0,0,0,0,0,0,0,0,0,0,0,0,0,0,0
31.6601,0,0,0,0,0,0,0,0,0,0,0,0,0,0,0,0
31.6701,0,0,0,0,0,0,0,0,0,0,0,0,0,0,0,0
31.6801,0,0,0,0,0,0,0,0,0,0,0,0,0,0,0,0
31.6901,0,0,0,0,0,0,0,0,0,0,0,0,0,0,0,0
31.7001,0,0,0,0,0,0,0,0,0,0,0,0,0,0,0,0
31.7101,0,0,0,0,0,0,0,0,0,0,0,0,0,0,0,0
31.7201,0,0,0,0,0,0,0,0,0,0,0,0,0,0,0,0
31.7301,0,0,0,0,0,0,0,0,0,0,0,0,0,0,0,0
31.7401,0,0,0,0,0,0,0,0,0,0,0,0,0,0,0,0
31.7501,0,0,0,0,0,0,0,0,0,0,0,0,0,0,0,0
31.7601,0,0,0,0,0,0,0,0,0,0,0,0,0,0,0,0
31.7701,0,0,0,0,0,0,0,0,0,0,0,0,0,0,0,0
31.7801,0,0,0,0,0,0,0,0,0,0,0,0,0,0,0,0
31.7901,0,0,0,0,0,0,0,0,0,0,0,0,0,0,0,0
31.8001,0,0,0,0,0,0,0,0,0,0,0,0,0,0,0,0
31.8101,0,0,0,0,0,0,0,0,0,0,0,0,0,0,0,0
31.8201,0,0,0,0,0,0,0,0,0,0,0,0,0,0,0,0
31.8301,0,0,0,0,0,0,0,0,0,0,0,0,0,0,0,0
31.8401,0,0,0,0,0,0,0,0,0,0,0,0,0,0,0,0
31.8501,0,0,0,0,0,0,0,0,0,0,0,0,0,0,0,0
31.8601,0,0,0,0,0,0,0,0,0,0,0,0,0,0,0,0
31.8701,0,0,0,0,0,0,0,0,0,0,0,0,0,0,0,0
31.8801,0,0,0,0,0,0,0,0,0,0,0,0,0,0,0,0
31.8901,0,0,0,0,0,0,0,0,0,0,0,0,0,0,0,0
31.9001,0,0,0,0,0,0,0,0,0,0,0,0,0,0,0,0
31.9101,0,0,0,0,0,0,0,0,0,0,0,0,0,0,0,0
31.9201,0,0,0,0,0,0,0,0,0,0,0,0,0,0,0,0
31.9301,0,0,0,0,0,0,0,0,0,0,0,0,0,0,0,0
31.9401,0,0,0,0,0,0,0,0,0,0,0,0,0,0,0,0
31.9501,0,0,0,0,0,0,0,0,0,0,0,0,0,0,0,0
31.9601,0,0,0,0,0,0,0,0,0,0,0,0,0,0,0,0
31.9701,0,0,0,0,0,0,0,0,0,0,0,0,0,0,0,0
31.9801,0,0,0,0,0,0,0,0,0,0,0,0,0,0,0,0
31.9901,0,0,0,0,0,0,0,0,0,0,0,0,0,0,0,0
32.0001,0,0,0,0,0,0,0,0,0,0,0,0,0,0,0,0
32.0101,0,0,0,0,0,0,0,0,0,0,0,0,0,0,0,0
32.0201,0,0,0,0,0,0,0,0,0,0,0,0,0,0,0,0
32.0301,0,0,0,0,0,0,0,0,0,0,0,0,0,0,0,0
32.0401,0,0,0,0,0,0,0,0,0,0,0,0,0,0,0,0
32.0501,0,0,0,0,0,0,0,0,0,0,0,0,0,0,0,0
32.0601,0,0,0,0,0,0,0,0,0,0,0,0,0,0,0,0
32.0701,0,0,0,0,0,0,0,0,0,0,0,0,0,0,0,0
32.0801,0,0,0,0,0,0,0,0,0,0,0,0,0,0,0,0
32.0901,0,0,0,0,0,0,0,0,0,0,0,0,0,0,0,0
32.1001,0,0,0,0,0,0,0,0,0,0,0,0,0,0,0,0
32.1101,0,0,0,0,0,0,0,0,0,0,0,0,0,0,0,0
32.1201,0,0,0,0,0,0,0,0,0,0,0,0,0,0,0,0
32.1301,0,0,0,0,0,0,0,0,0,0,0,0,0,0,0,0
32.1401,0,0,0,0,0,0,0,0,0,0,0,0,0,0,0,0
32.1501,0,0,0,0,0,0,0,0,0,0,0,0,0,0,0,0
32.1601,0,0,0,0,0,0,0,0,0,0,0,0,0,0,0,0
32.1701,0,0,0,0,0,0,0,0,0,0,0,0,0,0,0,0
32.1801,0,0,0,0,0,0,0,0,0,0,0,0,0,0,0,0
32.1901,0,0,0,0,0,0,0,0,0,0,0,0,0,0,0,0
32.2001,0,0,0,0,0,0,0,0,0,0,0,0,0,0,0,0
32.2101,0,0,0,0,0,0,0,0,0,0,0,0,0,0,0,0
32.2201,0,0,0,0,0,0,0,0,0,0,0,0,0,0,0,0
32.2301,0,0,0,0,0,0,0,0,0,0,0,0,0,0,0,0
32.2401,0,0,0,0,0,0,0,0,0,0,0,0,0,0,0,0
32.2501,0,0,0,0,0,0,0,0,0,0,0,0,0,0,0,0
32.2601,0,0,0,0,0,0,0,0,0,0,0,0,0,0,0,0
32.2701,0,0,0,0,0,0,0,0,0,0,0,0,0,0,0,0
32.2801,0,0,0,0,0,0,0,0,0,0,0,0,0,0,0,0
32.2901,0,0,0,0,0,0,0,0,0,0,0,0,0,0,0,0
32.3001,0,0,0,0,0,0,0,0,0,0,0,0,0,0,0,0
32.3101,0,0,0,0,0,0,0,0,0,0,0,0,0,0,0,0
32.3201,0,0,0,0,0,0,0,0,0,0,0,0,0,0,0,0
32.3301,0,0,0,0,0,0,0,0,0,0,0,0,0,0,0,0
32.3401,0,0,0,0,0,0,0,0,0,0,0,0,0,0,0,0
32.3501,0,0,0,0,0,0,0,0,0,0,0,0,0,0,0,0
32.3601,0,0,0,0,0,0,0,0,0,0,0,0,0,0,0,0
32.3701,0,0,0,0,0,0,0,0,0,0,0,0,0,0,0,0
32.3801,0,0,0,0,0,0,0,0,0,0,0,0,0,0,0,0
32.3901,0,0,0,0,0,0,0,0,0,0,0,0,0,0,0,0
32.4001,0,0,0,0,0,0,0,0,0,0,0,0,0,0,0,0
32.4101,0,0,0,0,0,0,0,0,0,0,0,0,0,0,0,0
32.4201,0,0,0,0,0,0,0,0,0,0,0,0,0,0,0,0
32.4301,0,0,0,0,0,0,0,0,0,0,0,0,0,0,0,0
32.4401,0,0,0,0,0,0,0,0,0,0,0,0,0,0,0,0
32.4501,0,0,0,0,0,0,0,0,0,0,0,0,0,0,0,0
32.4601,0,0,0,0,0,0,0,0,0,0,0,0,0,0,0,0
32.4701,0,0,0,0,0,0,0,0,0,0,0,0,0,0,0,0
32.4801,0,0,0,0,0,0,0,0,0,0,0,0,0,0,0,0
32.4901,0,0,0,0,0,0,0,0,0,0,0,0,0,0,0,0
32.5001,0,0,0,0,0,0,0,0,0,0,0,0,0,0,0,0
32.5101,0,0,0,0,0,0,0,0,0,0,0,0,0,0,0,0
32.5201,0,0,0,0,0,0,0,0,0,0,0,0,0,0,0,0
32.5301,0,0,0,0,0,0,0,0,0,0,0,0,0,0,0,0
32.5401,0,0,0,0,0,0,0,0,0,0,0,0,0,0,0,0
32.5501,0,0,0,0,0,0,0,0,0,0,0,0,0,0,0,0
32.5601,0,0,0,0,0,0,0,0,0,0,0,0,0,0,0,0
32.5701,0,0,0,0,0,0,0,0,0,0,0,0,0,0,0,0
32.5801,0,0,0,0,0,0,0,0,0,0,0,0,0,0,0,0
32.5901,0,0,0,0,0,0,0,0,0,0,0,0,0,0,0,0
32.6001,0,0,0,0,0,0,0,0,0,0,0,0,0,0,0,0
32.6101,0,0,0,0,0,0,0,0,0,0,0,0,0,0,0,0
32.6201,0,0,0,0,0,0,0,0,0,0,0,0,0,0,0,0
32.6301,0,0,0,0,0,0,0,0,0,0,0,0,0,0,0,0
32.6401,0,0,0,0,0,0,0,0,0,0,0,0,0,0,0,0
32.6501,0,0,0,0,0,0,0,0,0,0,0,0,0,0,0,0
32.6601,0,0,0,0,0,0,0,0,0,0,0,0,0,0,0,0
32.67,0,0,0,0,0,0,0,0,0,0,0,0,0,0,0,0
32.6801,0,0,0,0,0,0,0,0,0,0,0,0,0,0,0,0
32.6901,0,0,0,0,0,0,0,0,0,0,0,0,0,0,0,0
32.7001,0,0,0,0,0,0,0,0,0,0,0,0,0,0,0,0
32.7101,0,0,0,0,0,0,0,0,0,0,0,0,0,0,0,0
32.7201,0,0,0,0,0,0,0,0,0,0,0,0,0,0,0,0
32.7301,0,0,0,0,0,0,0,0,0,0,0,0,0,0,0,0
32.7401,0,0,0,0,0,0,0,0,0,0,0,0,0,0,0,0
32.7501,0,0,0,0,0,0,0,0,0,0,0,0,0,0,0,0
32.76,0,0,0,0,0,0,0,0,0,0,0,0,0,0,0,0
32.7701,0,0,0,0,0,0,0,0,0,0,0,0,0,0,0,0
32.7801,0,0,0,0,0,0,0,0,0,0,0,0,0,0,0,0
32.7901,0,0,0,0,0,0,0,0,0,0,0,0,0,0,0,0
32.8001,0,0,0,0,0,0,0,0,0,0,0,0,0,0,0,0
32.8101,0,0,0,0,0,0,0,0,0,0,0,0,0,0,0,0
32.8201,0,0,0,0,0,0,0,0,0,0,0,0,0,0,0,0
32.8301,0,0,0,0,0,0,0,0,0,0,0,0,0,0,0,0
32.8401,0,0,0,0,0,0,0,0,0,0,0,0,0,0,0,0
32.8501,0,0,0,0,0,0,0,0,0,0,0,0,0,0,0,0
32.8601,0,0,0,0,0,0,0,0,0,0,0,0,0,0,0,0
32.8701,0,0,0,0,0,0,0,0,0,0,0,0,0,0,0,0
32.8801,0,0,0,0,0,0,0,0,0,0,0,0,0,0,0,0
32.8901,0,0,0,0,0,0,0,0,0,0,0,0,0,0,0,0
32.9001,0,0,0,0,0,0,0,0,0,0,0,0,0,0,0,0
32.9101,0,0,0,0,0,0,0,0,0,0,0,0,0,0,0,0
32.9201,0,0,0,0,0,0,0,0,0,0,0,0,0,0,0,0
32.9301,0,0,0,0,0,0,0,0,0,0,0,0,0,0,0,0
32.9401,0,0,0,0,0,0,0,0,0,0,0,0,0,0,0,0
32.9501,0,0,0,0,0,0,0,0,0,0,0,0,0,0,0,0
32.9601,0,0,0,0,0,0,0,0,0,0,0,0,0,0,0,0
32.9701,0,0,0,0,0,0,0,0,0,0,0,0,0,0,0,0
32.9801,0,0,0,0,0,0,0,0,0,0,0,0,0,0,0,0
32.9901,0,0,0,0,0,0,0,0,0,0,0,0,0,0,0,0
33.0001,0,0,0,0,0,0,0,0,0,0,0,0,0,0,0,0
33.0101,0,0,0,0,0,0,0,0,0,0,0,0,0,0,0,0
33.0201,0,0,0,0,0,0,0,0,0,0,0,0,0,0,0,0
33.0301,0,0,0,0,0,0,0,0,0,0,0,0,0,0,0,0
33.0401,0,0,0,0,0,0,0,0,0,0,0,0,0,0,0,0
33.0501,0,0,0,0,0,0,0,0,0,0,0,0,0,0,0,0
33.0601,0,0,0,0,0,0,0,0,0,0,0,0,0,0,0,0
33.0701,0,0,0,0,0,0,0,0,0,0,0,0,0,0,0,0
33.0801,0,0,0,0,0,0,0,0,0,0,0,0,0,0,0,0
33.0901,0,0,0,0,0,0,0,0,0,0,0,0,0,0,0,0
33.1001,0,0,0,0,0,0,0,0,0,0,0,0,0,0,0,0
33.1101,0,0,0,0,0,0,0,0,0,0,0,0,0,0,0,0
33.1201,0,0,0,0,0,0,0,0,0,0,0,0,0,0,0,0
33.1301,0,0,0,0,0,0,0,0,0,0,0,0,0,0,0,0
33.1401,0,0,0,0,0,0,0,0,0,0,0,0,0,0,0,0
33.1501,0,0,0,0,0,0,0,0,0,0,0,0,0,0,0,0
33.1601,0,0,0,0,0,0,0,0,0,0,0,0,0,0,0,0
33.1701,0,0,0,0,0,0,0,0,0,0,0,0,0,0,0,0
33.1801,0,0,0,0,0,0,0,0,0,0,0,0,0,0,0,0
33.1901,0,0,0,0,0,0,0,0,0,0,0,0,0,0,0,0
33.2001,0,0,0,0,0,0,0,0,0,0,0,0,0,0,0,0
33.2101,0,0,0,0,0,0,0,0,0,0,0,0,0,0,0,0
33.2201,0,0,0,0,0,0,0,0,0,0,0,0,0,0,0,0
33.2301,0,0,0,0,0,0,0,0,0,0,0,0,0,0,0,0
33.2401,0,0,0,0,0,0,0,0,0,0,0,0,0,0,0,0
33.2501,0,0,0,0,0,0,0,0,0,0,0,0,0,0,0,0
33.2601,0,0,0,0,0,0,0,0,0,0,0,0,0,0,0,0
33.2701,0,0,0,0,0,0,0,0,0,0,0,0,0,0,0,0
33.2801,0,0,0,0,0,0,0,0,0,0,0,0,0,0,0,0
33.2901,0,0,0,0,0,0,0,0,0,0,0,0,0,0,0,0
33.3001,0,0,0,0,0,0,0,0,0,0,0,0,0,0,0,0
33.3101,0,0,0,0,0,0,0,0,0,0,0,0,0,0,0,0
33.3201,0,0,0,0,0,0,0,0,0,0,0,0,0,0,0,0
33.3301,0,0,0,0,0,0,0,0,0,0,0,0,0,0,0,0
33.3401,0,0,0,0,0,0,0,0,0,0,0,0,0,0,0,0
33.3501,0,0,0,0,0,0,0,0,0,0,0,0,0,0,0,0
33.3601,0,0,0,0,0,0,0,0,0,0,0,0,0,0,0,0
33.3701,0,0,0,0,0,0,0,0,0,0,0,0,0,0,0,0
33.3801,0,0,0,0,0,0,0,0,0,0,0,0,0,0,0,0
33.3901,0,0,0,0,0,0,0,0,0,0,0,0,0,0,0,0
33.4001,0,0,0,0,0,0,0,0,0,0,0,0,0,0,0,0
33.4101,0,0,0,0,0,0,0,0,0,0,0,0,0,0,0,0
33.4201,0,0,0,0,0,0,0,0,0,0,0,0,0,0,0,0
33.4301,0,0,0,0,0,0,0,0,0,0,0,0,0,0,0,0
33.4401,0,0,0,0,0,0,0,0,0,0,0,0,0,0,0,0
33.4501,0,0,0,0,0,0,0,0,0,0,0,0,0,0,0,0
33.4601,0,0,0,0,0,0,0,0,0,0,0,0,0,0,0,0
33.4701,0,0,0,0,0,0,0,0,0,0,0,0,0,0,0,0
33.4801,0,0,0,0,0,0,0,0,0,0,0,0,0,0,0,0
33.4901,0,0,0,0,0,0,0,0,0,0,0,0,0,0,0,0
33.5001,0,0,0,0,0,0,0,0,0,0,0,0,0,0,0,0
33.5101,0,0,0,0,0,0,0,0,0,0,0,0,0,0,0,0
33.5201,0,0,0,0,0,0,0,0,0,0,0,0,0,0,0,0
33.5301,0,0,0,0,0,0,0,0,0,0,0,0,0,0,0,0
33.5401,0,0,0,0,0,0,0,0,0,0,0,0,0,0,0,0
33.5501,0,0,0,0,0,0,0,0,0,0,0,0,0,0,0,0
33.5601,0,0,0,0,0,0,0,0,0,0,0,0,0,0,0,0
33.5701,0,0,0,0,0,0,0,0,0,0,0,0,0,0,0,0
33.5801,0,0,0,0,0,0,0,0,0,0,0,0,0,0,0,0
33.5901,0,0,0,0,0,0,0,0,0,0,0,0,0,0,0,0
33.6001,0,0,0,0,0,0,0,0,0,0,0,0,0,0,0,0
33.6101,0,0,0,0,0,0,0,0,0,0,0,0,0,0,0,0
33.6201,0,0,0,0,0,0,0,0,0,0,0,0,0,0,0,0
33.6301,0,0,0,0,0,0,0,0,0,0,0,0,0,0,0,0
33.6401,0,0,0,0,0,0,0,0,0,0,0,0,0,0,0,0
33.6501,0,0,0,0,0,0,0,0,0,0,0,0,0,0,0,0
33.6601,0,0,0,0,0,0,0,0,0,0,0,0,0,0,0,0
33.6701,0,0,0,0,0,0,0,0,0,0,0,0,0,0,0,0
33.6801,0,0,0,0,0,0,0,0,0,0,0,0,0,0,0,0
33.6901,0,0,0,0,0,0,0,0,0,0,0,0,0,0,0,0
33.7001,0,0,0,0,0,0,0,0,0,0,0,0,0,0,0,0
33.7101,0,0,0,0,0,0,0,0,0,0,0,0,0,0,0,0
33.7201,0,0,0,0,0,0,0,0,0,0,0,0,0,0,0,0
33.7301,0,0,0,0,0,0,0,0,0,0,0,0,0,0,0,0
33.7401,0,0,0,0,0,0,0,0,0,0,0,0,0,0,0,0
33.7501,0,0,0,0,0,0,0,0,0,0,0,0,0,0,0,0
33.7601,0,0,0,0,0,0,0,0,0,0,0,0,0,0,0,0
33.7701,0,0,0,0,0,0,0,0,0,0,0,0,0,0,0,0
33.7801,0,0,0,0,0,0,0,0,0,0,0,0,0,0,0,0
33.7901,0,0,0,0,0,0,0,0,0,0,0,0,0,0,0,0
33.8001,0,0,0,0,0,0,0,0,0,0,0,0,0,0,0,0
33.8101,0,0,0,0,0,0,0,0,0,0,0,0,0,0,0,0
33.8201,0,0,0,0,0,0,0,0,0,0,0,0,0,0,0,0
33.8301,0,0,0,0,0,0,0,0,0,0,0,0,0,0,0,0
33.8401,0,0,0,0,0,0,0,0,0,0,0,0,0,0,0,0
33.8501,0,0,0,0,0,0,0,0,0,0,0,0,0,0,0,0
33.8601,0,0,0,0,0,0,0,0,0,0,0,0,0,0,0,0
33.8701,0,0,0,0,0,0,0,0,0,0,0,0,0,0,0,0
33.8801,0,0,0,0,0,0,0,0,0,0,0,0,0,0,0,0
33.8901,0,0,0,0,0,0,0,0,0,0,0,0,0,0,0,0
33.9001,0,0,0,0,0,0,0,0,0,0,0,0,0,0,0,0
33.9101,0,0,0,0,0,0,0,0,0,0,0,0,0,0,0,0
33.9201,0,0,0,0,0,0,0,0,0,0,0,0,0,0,0,0
33.9301,0,0,0,0,0,0,0,0,0,0,0,0,0,0,0,0
33.9401,0,0,0,0,0,0,0,0,0,0,0,0,0,0,0,0
33.9501,0,0,0,0,0,0,0,0,0,0,0,0,0,0,0,0
33.9601,0,0,0,0,0,0,0,0,0,0,0,0,0,0,0,0
33.9701,0,0,0,0,0,0,0,0,0,0,0,0,0,0,0,0
33.9801,0,0,0,0,0,0,0,0,0,0,0,0,0,0,0,0
33.9901,0,0,0,0,0,0,0,0,0,0,0,0,0,0,0,0
34.0001,0,0,0,0,0,0,0,0,0,0,0,0,0,0,0,0
34.0101,0,0,0,0,0,0,0,0,0,0,0,0,0,0,0,0
34.0201,0,0,0,0,0,0,0,0,0,0,0,0,0,0,0,0
34.0301,0,0,0,0,0,0,0,0,0,0,0,0,0,0,0,0
34.0401,0,0,0,0,0,0,0,0,0,0,0,0,0,0,0,0
34.0501,0,0,0,0,0,0,0,0,0,0,0,0,0,0,0,0
34.0601,0,0,0,0,0,0,0,0,0,0,0,0,0,0,0,0
34.0701,0,0,0,0,0,0,0,0,0,0,0,0,0,0,0,0
34.0801,0,0,0,0,0,0,0,0,0,0,0,0,0,0,0,0
34.0901,0,0,0,0,0,0,0,0,0,0,0,0,0,0,0,0
34.1001,0,0,0,0,0,0,0,0,0,0,0,0,0,0,0,0
34.1101,0,0,0,0,0,0,0,0,0,0,0,0,0,0,0,0
34.1201,0,0,0,0,0,0,0,0,0,0,0,0,0,0,0,0
34.1301,0,0,0,0,0,0,0,0,0,0,0,0,0,0,0,0
34.1401,0,0,0,0,0,0,0,0,0,0,0,0,0,0,0,0
34.1501,0,0,0,0,0,0,0,0,0,0,0,0,0,0,0,0
34.1601,0,0,0,0,0,0,0,0,0,0,0,0,0,0,0,0
34.1701,0,0,0,0,0,0,0,0,0,0,0,0,0,0,0,0
34.1801,0,0,0,0,0,0,0,0,0,0,0,0,0,0,0,0
34.1901,0,0,0,0,0,0,0,0,0,0,0,0,0,0,0,0
34.2001,0,0,0,0,0,0,0,0,0,0,0,0,0,0,0,0
34.2101,0,0,0,0,0,0,0,0,0,0,0,0,0,0,0,0
34.2201,0,0,0,0,0,0,0,0,0,0,0,0,0,0,0,0
34.2301,0,0,0,0,0,0,0,0,0,0,0,0,0,0,0,0
34.2401,0,0,0,0,0,0,0,0,0,0,0,0,0,0,0,0
34.2501,0,0,0,0,0,0,0,0,0,0,0,0,0,0,0,0
34.2601,0,0,0,0,0,0,0,0,0,0,0,0,0,0,0,0
34.2701,0,0,0,0,0,0,0,0,0,0,0,0,0,0,0,0
34.2801,0,0,0,0,0,0,0,0,0,0,0,0,0,0,0,0
34.2901,0,0,0,0,0,0,0,0,0,0,0,0,0,0,0,0
34.3001,0,0,0,0,0,0,0,0,0,0,0,0,0,0,0,0
34.3101,0,0,0,0,0,0,0,0,0,0,0,0,0,0,0,0
34.3201,0,0,0,0,0,0,0,0,0,0,0,0,0,0,0,0
34.3301,0,0,0,0,0,0,0,0,0,0,0,0,0,0,0,0
34.3401,0,0,0,0,0,0,0,0,0,0,0,0,0,0,0,0
34.3501,0,0,0,0,0,0,0,0,0,0,0,0,0,0,0,0
34.3601,0,0,0,0,0,0,0,0,0,0,0,0,0,0,0,0
34.3701,0,0,0,0,0,0,0,0,0,0,0,0,0,0,0,0
34.3801,0,0,0,0,0,0,0,0,0,0,0,0,0,0,0,0
34.3901,0,0,0,0,0,0,0,0,0,0,0,0,0,0,0,0
34.4001,0,0,0,0,0,0,0,0,0,0,0,0,0,0,0,0
34.4101,0,0,0,0,0,0,0,0,0,0,0,0,0,0,0,0
34.4201,0,0,0,0,0,0,0,0,0,0,0,0,0,0,0,0
34.4301,0,0,0,0,0,0,0,0,0,0,0,0,0,0,0,0
34.4401,0,0,0,0,0,0,0,0,0,0,0,0,0,0,0,0
34.4501,0,0,0,0,0,0,0,0,0,0,0,0,0,0,0,0
34.4601,0,0,0,0,0,0,0,0,0,0,0,0,0,0,0,0
34.4701,0,0,0,0,0,0,0,0,0,0,0,0,0,0,0,0
34.4801,0,0,0,0,0,0,0,0,0,0,0,0,0,0,0,0
34.4901,0,0,0,0,0,0,0,0,0,0,0,0,0,0,0,0
34.5001,0,0,0,0,0,0,0,0,0,0,0,0,0,0,0,0
34.5101,0,0,0,0,0,0,0,0,0,0,0,0,0,0,0,0
34.5201,0,0,0,0,0,0,0,0,0,0,0,0,0,0,0,0
34.5301,0,0,0,0,0,0,0,0,0,0,0,0,0,0,0,0
34.5401,0,0,0,0,0,0,0,0,0,0,0,0,0,0,0,0
34.5501,0,0,0,0,0,0,0,0,0,0,0,0,0,0,0,0
34.5601,0,0,0,0,0,0,0,0,0,0,0,0,0,0,0,0
34.5701,0,0,0,0,0,0,0,0,0,0,0,0,0,0,0,0
34.5801,0,0,0,0,0,0,0,0,0,0,0,0,0,0,0,0
34.5901,0,0,0,0,0,0,0,0,0,0,0,0,0,0,0,0
34.6001,0,0,0,0,0,0,0,0,0,0,0,0,0,0,0,0
34.6101,0,0,0,0,0,0,0,0,0,0,0,0,0,0,0,0
34.6201,0,0,0,0,0,0,0,0,0,0,0,0,0,0,0,0
34.6301,0,0,0,0,0,0,0,0,0,0,0,0,0,0,0,0
34.6401,0,0,0,0,0,0,0,0,0,0,0,0,0,0,0,0
34.6501,0,0,0,0,0,0,0,0,0,0,0,0,0,0,0,0
34.6601,0,0,0,0,0,0,0,0,0,0,0,0,0,0,0,0
34.6701,0,0,0,0,0,0,0,0,0,0,0,0,0,0,0,0
34.6801,0,0,0,0,0,0,0,0,0,0,0,0,0,0,0,0
34.6901,0,0,0,0,0,0,0,0,0,0,0,0,0,0,0,0
34.7001,0,0,0,0,0,0,0,0,0,0,0,0,0,0,0,0
34.7101,0,0,0,0,0,0,0,0,0,0,0,0,0,0,0,0
34.7201,0,0,0,0,0,0,0,0,0,0,0,0,0,0,0,0
34.7301,0,0,0,0,0,0,0,0,0,0,0,0,0,0,0,0
34.7401,0,0,0,0,0,0,0,0,0,0,0,0,0,0,0,0
34.7501,0,0,0,0,0,0,0,0,0,0,0,0,0,0,0,0
34.7601,0,0,0,0,0,0,0,0,0,0,0,0,0,0,0,0
34.7701,0,0,0,0,0,0,0,0,0,0,0,0,0,0,0,0
34.7801,0,0,0,0,0,0,0,0,0,0,0,0,0,0,0,0
34.7901,0,0,0,0,0,0,0,0,0,0,0,0,0,0,0,0
34.8001,0,0,0,0,0,0,0,0,0,0,0,0,0,0,0,0
34.8101,0,0,0,0,0,0,0,0,0,0,0,0,0,0,0,0
34.8201,0,0,0,0,0,0,0,0,0,0,0,0,0,0,0,0
34.8301,0,0,0,0,0,0,0,0,0,0,0,0,0,0,0,0
34.8401,0,0,0,0,0,0,0,0,0,0,0,0,0,0,0,0
34.8501,0,0,0,0,0,0,0,0,0,0,0,0,0,0,0,0
34.8601,0,0,0,0,0,0,0,0,0,0,0,0,0,0,0,0
34.8701,0,0,0,0,0,0,0,0,0,0,0,0,0,0,0,0
34.8801,0,0,0,0,0,0,0,0,0,0,0,0,0,0,0,0
34.8901,0,0,0,0,0,0,0,0,0,0,0,0,0,0,0,0
34.9001,0,0,0,0,0,0,0,0,0,0,0,0,0,0,0,0
34.9101,0,0,0,0,0,0,0,0,0,0,0,0,0,0,0,0
34.9201,0,0,0,0,0,0,0,0,0,0,0,0,0,0,0,0
34.9301,0,0,0,0,0,0,0,0,0,0,0,0,0,0,0,0
34.9401,0,0,0,0,0,0,0,0,0,0,0,0,0,0,0,0
34.9501,0,0,0,0,0,0,0,0,0,0,0,0,0,0,0,0
34.9601,0,0,0,0,0,0,0,0,0,0,0,0,0,0,0,0
34.9701,0,0,0,0,0,0,0,0,0,0,0,0,0,0,0,0
34.9801,0,0,0,0,0,0,0,0,0,0,0,0,0,0,0,0
34.9901,0,0,0,0,0,0,0,0,0,0,0,0,0,0,0,0
35.0001,0,0,0,0,0,0,0,0,0,0,0,0,0,0,0,0
35.0101,0,0,0,0,0,0,0,0,0,0,0,0,0,0,0,0
35.0201,0,0,0,0,0,0,0,0,0,0,0,0,0,0,0,0
35.0301,0,0,0,0,0,0,0,0,0,0,0,0,0,0,0,0
35.0401,0,0,0,0,0,0,0,0,0,0,0,0,0,0,0,0
35.0501,0,0,0,0,0,0,0,0,0,0,0,0,0,0,0,0
35.06,0,0,0,0,0,0,0,0,0,0,0,0,0,0,0,0
35.0701,0,0,0,0,0,0,0,0,0,0,0,0,0,0,0,0
35.0801,0,0,0,0,0,0,0,0,0,0,0,0,0,0,0,0
35.09,0,0,0,0,0,0,0,0,0,0,0,0,0,0,0,0
35.1001,0,0,0,0,0,0,0,0,0,0,0,0,0,0,0,0
35.1101,0,0,0,0,0,0,0,0,0,0,0,0,0,0,0,0
35.1201,0,0,0,0,0,0,0,0,0,0,0,0,0,0,0,0
35.13,0,0,0,0,0,0,0,0,0,0,0,0,0,0,0,0
35.1401,0,0,0,0,0,0,0,0,0,0,0,0,0,0,0,0
35.1501,0,0,0,0,0,0,0,0,0,0,0,0,0,0,0,0
35.1601,0,0,0,0,0,0,0,0,0,0,0,0,0,0,0,0
35.1701,0,0,0,0,0,0,0,0,0,0,0,0,0,0,0,0
35.1801,0,0,0,0,0,0,0,0,0,0,0,0,0,0,0,0
35.1901,0,0,0,0,0,0,0,0,0,0,0,0,0,0,0,0
35.2001,0,0,0,0,0,0,0,0,0,0,0,0,0,0,0,0
35.2101,0,0,0,0,0,0,0,0,0,0,0,0,0,0,0,0
35.22,0,0,0,0,0,0,0,0,0,0,0,0,0,0,0,0
35.2301,0,0,0,0,0,0,0,0,0,0,0,0,0,0,0,0
35.24,0,0,0,0,0,0,0,0,0,0,0,0,0,0,0,0
35.2501,0,0,0,0,0,0,0,0,0,0,0,0,0,0,0,0
35.2601,0,0,0,0,0,0,0,0,0,0,0,0,0,0,0,0
35.2701,0,0,0,0,0,0,0,0,0,0,0,0,0,0,0,0
35.2801,0,0,0,0,0,0,0,0,0,0,0,0,0,0,0,0
35.2901,0,0,0,0,0,0,0,0,0,0,0,0,0,0,0,0
35.3001,0,0,0,0,0,0,0,0,0,0,0,0,0,0,0,0
35.31,0,0,0,0,0,0,0,0,0,0,0,0,0,0,0,0
35.3201,0,0,0,0,0,0,0,0,0,0,0,0,0,0,0,0
35.3301,0,0,0,0,0,0,0,0,0,0,0,0,0,0,0,0
35.3401,0,0,0,0,0,0,0,0,0,0,0,0,0,0,0,0
35.3501,0,0,0,0,0,0,0,0,0,0,0,0,0,0,0,0
35.3601,0,0,0,0,0,0,0,0,0,0,0,0,0,0,0,0
35.3701,0,0,0,0,0,0,0,0,0,0,0,0,0,0,0,0
35.3801,0,0,0,0,0,0,0,0,0,0,0,0,0,0,0,0
35.3901,0,0,0,0,0,0,0,0,0,0,0,0,0,0,0,0
35.4001,0,0,0,0,0,0,0,0,0,0,0,0,0,0,0,0
35.4101,0,0,0,0,0,0,0,0,0,0,0,0,0,0,0,0
35.4201,0,0,0,0,0,0,0,0,0,0,0,0,0,0,0,0
35.4301,0,0,0,0,0,0,0,0,0,0,0,0,0,0,0,0
35.4401,0,0,0,0,0,0,0,0,0,0,0,0,0,0,0,0
35.4501,0,0,0,0,0,0,0,0,0,0,0,0,0,0,0,0
35.4601,0,0,0,0,0,0,0,0,0,0,0,0,0,0,0,0
35.4701,0,0,0,0,0,0,0,0,0,0,0,0,0,0,0,0
35.4801,0,0,0,0,0,0,0,0,0,0,0,0,0,0,0,0
35.4901,0,0,0,0,0,0,0,0,0,0,0,0,0,0,0,0
35.5001,0,0,0,0,0,0,0,0,0,0,0,0,0,0,0,0
35.5101,0,0,0,0,0,0,0,0,0,0,0,0,0,0,0,0
35.5201,0,0,0,0,0,0,0,0,0,0,0,0,0,0,0,0
35.5301,0,0,0,0,0,0,0,0,0,0,0,0,0,0,0,0
35.5401,0,0,0,0,0,0,0,0,0,0,0,0,0,0,0,0
35.5501,0,0,0,0,0,0,0,0,0,0,0,0,0,0,0,0
35.5601,0,0,0,0,0,0,0,0,0,0,0,0,0,0,0,0
35.5701,0,0,0,0,0,0,0,0,0,0,0,0,0,0,0,0
35.5801,0,0,0,0,0,0,0,0,0,0,0,0,0,0,0,0
35.59,0,0,0,0,0,0,0,0,0,0,0,0,0,0,0,0
35.6001,0,0,0,0,0,0,0,0,0,0,0,0,0,0,0,0
35.6101,0,0,0,0,0,0,0,0,0,0,0,0,0,0,0,0
35.62,0,0,0,0,0,0,0,0,0,0,0,0,0,0,0,0
35.6301,0,0,0,0,0,0,0,0,0,0,0,0,0,0,0,0
35.6401,0,0,0,0,0,0,0,0,0,0,0,0,0,0,0,0
35.6501,0,0,0,0,0,0,0,0,0,0,0,0,0,0,0,0
35.6601,0,0,0,0,0,0,0,0,0,0,0,0,0,0,0,0
35.6701,0,0,0,0,0,0,0,0,0,0,0,0,0,0,0,0
35.6801,0,0,0,0,0,0,0,0,0,0,0,0,0,0,0,0
35.6901,0,0,0,0,0,0,0,0,0,0,0,0,0,0,0,0
35.7001,0,0,0,0,0,0,0,0,0,0,0,0,0,0,0,0
35.7101,0,0,0,0,0,0,0,0,0,0,0,0,0,0,0,0
35.7201,0,0,0,0,0,0,0,0,0,0,0,0,0,0,0,0
35.7301,0,0,0,0,0,0,0,0,0,0,0,0,0,0,0,0
35.7401,0,0,0,0,0,0,0,0,0,0,0,0,0,0,0,0
35.7501,0,0,0,0,0,0,0,0,0,0,0,0,0,0,0,0
35.7601,0,0,0,0,0,0,0,0,0,0,0,0,0,0,0,0
35.7701,0,0,0,0,0,0,0,0,0,0,0,0,0,0,0,0
35.7801,0,0,0,0,0,0,0,0,0,0,0,0,0,0,0,0
35.7901,0,0,0,0,0,0,0,0,0,0,0,0,0,0,0,0
35.8001,0,0,0,0,0,0,0,0,0,0,0,0,0,0,0,0
35.8101,0,0,0,0,0,0,0,0,0,0,0,0,0,0,0,0
35.8201,0,0,0,0,0,0,0,0,0,0,0,0,0,0,0,0
35.8301,0,0,0,0,0,0,0,0,0,0,0,0,0,0,0,0
35.8401,0,0,0,0,0,0,0,0,0,0,0,0,0,0,0,0
35.8501,0,0,0,0,0,0,0,0,0,0,0,0,0,0,0,0
35.8601,0,0,0,0,0,0,0,0,0,0,0,0,0,0,0,0
35.8701,0,0,0,0,0,0,0,0,0,0,0,0,0,0,0,0
35.8801,0,0,0,0,0,0,0,0,0,0,0,0,0,0,0,0
35.8901,0,0,0,0,0,0,0,0,0,0,0,0,0,0,0,0
35.9001,0,0,0,0,0,0,0,0,0,0,0,0,0,0,0,0
35.9101,0,0,0,0,0,0,0,0,0,0,0,0,0,0,0,0
35.9201,0,0,0,0,0,0,0,0,0,0,0,0,0,0,0,0
35.9301,0,0,0,0,0,0,0,0,0,0,0,0,0,0,0,0
35.9401,0,0,0,0,0,0,0,0,0,0,0,0,0,0,0,0
35.9501,0,0,0,0,0,0,0,0,0,0,0,0,0,0,0,0
35.9601,0,0,0,0,0,0,0,0,0,0,0,0,0,0,0,0
35.9701,0,0,0,0,0,0,0,0,0,0,0,0,0,0,0,0
35.9801,0,0,0,0,0,0,0,0,0,0,0,0,0,0,0,0
35.9901,0,0,0,0,0,0,0,0,0,0,0,0,0,0,0,0
36.0001,0,0,0,0,0,0,0,0,0,0,0,0,0,0,0,0
36.0101,0,0,0,0,0,0,0,0,0,0,0,0,0,0,0,0
36.0201,0,0,0,0,0,0,0,0,0,0,0,0,0,0,0,0
36.0301,0,0,0,0,0,0,0,0,0,0,0,0,0,0,0,0
36.0401,0,0,0,0,0,0,0,0,0,0,0,0,0,0,0,0
36.0501,0,0,0,0,0,0,0,0,0,0,0,0,0,0,0,0
36.0601,0,0,0,0,0,0,0,0,0,0,0,0,0,0,0,0
36.0701,0,0,0,0,0,0,0,0,0,0,0,0,0,0,0,0
36.0801,0,0,0,0,0,0,0,0,0,0,0,0,0,0,0,0
36.0901,0,0,0,0,0,0,0,0,0,0,0,0,0,0,0,0
36.1001,0,0,0,0,0,0,0,0,0,0,0,0,0,0,0,0
36.1101,0,0,0,0,0,0,0,0,0,0,0,0,0,0,0,0
36.1201,0,0,0,0,0,0,0,0,0,0,0,0,0,0,0,0
36.1301,0,0,0,0,0,0,0,0,0,0,0,0,0,0,0,0
36.1401,0,0,0,0,0,0,0,0,0,0,0,0,0,0,0,0
36.1501,0,0,0,0,0,0,0,0,0,0,0,0,0,0,0,0
36.1601,0,0,0,0,0,0,0,0,0,0,0,0,0,0,0,0
36.17,0,0,0,0,0,0,0,0,0,0,0,0,0,0,0,0
36.1801,0,0,0,0,0,0,0,0,0,0,0,0,0,0,0,0
36.1901,0,0,0,0,0,0,0,0,0,0,0,0,0,0,0,0
36.2001,0,0,0,0,0,0,0,0,0,0,0,0,0,0,0,0
36.2101,0,0,0,0,0,0,0,0,0,0,0,0,0,0,0,0
36.2201,0,0,0,0,0,0,0,0,0,0,0,0,0,0,0,0
36.2301,0,0,0,0,0,0,0,0,0,0,0,0,0,0,0,0
36.2401,0,0,0,0,0,0,0,0,0,0,0,0,0,0,0,0
36.2501,0,0,0,0,0,0,0,0,0,0,0,0,0,0,0,0
36.2601,0,0,0,0,0,0,0,0,0,0,0,0,0,0,0,0
36.2701,0,0,0,0,0,0,0,0,0,0,0,0,0,0,0,0
36.2801,0,0,0,0,0,0,0,0,0,0,0,0,0,0,0,0
36.29,0,0,0,0,0,0,0,0,0,0,0,0,0,0,0,0
36.3,0,0,0,0,0,0,0,0,0,0,0,0,0,0,0,0
36.3101,0,0,0,0,0,0,0,0,0,0,0,0,0,0,0,0
36.3201,0,0,0,0,0,0,0,0,0,0,0,0,0,0,0,0
36.3301,0,0,0,0,0,0,0,0,0,0,0,0,0,0,0,0
36.3401,0,0,0,0,0,0,0,0,0,0,0,0,0,0,0,0
36.3501,0,0,0,0,0,0,0,0,0,0,0,0,0,0,0,0
36.3601,0,0,0,0,0,0,0,0,0,0,0,0,0,0,0,0
36.3701,0,0,0,0,0,0,0,0,0,0,0,0,0,0,0,0
36.3801,0,0,0,0,0,0,0,0,0,0,0,0,0,0,0,0
36.3901,0,0,0,0,0,0,0,0,0,0,0,0,0,0,0,0
36.4001,0,0,0,0,0,0,0,0,0,0,0,0,0,0,0,0
36.4101,0,0,0,0,0,0,0,0,0,0,0,0,0,0,0,0
36.4201,0,0,0,0,0,0,0,0,0,0,0,0,0,0,0,0
36.4301,0,0,0,0,0,0,0,0,0,0,0,0,0,0,0,0
36.4401,0,0,0,0,0,0,0,0,0,0,0,0,0,0,0,0
36.4501,0,0,0,0,0,0,0,0,0,0,0,0,0,0,0,0
36.4601,0,0,0,0,0,0,0,0,0,0,0,0,0,0,0,0
36.4701,0,0,0,0,0,0,0,0,0,0,0,0,0,0,0,0
36.4801,0,0,0,0,0,0,0,0,0,0,0,0,0,0,0,0
36.4901,0,0,0,0,0,0,0,0,0,0,0,0,0,0,0,0
36.5001,0,0,0,0,0,0,0,0,0,0,0,0,0,0,0,0
36.5101,0,0,0,0,0,0,0,0,0,0,0,0,0,0,0,0
36.5201,0,0,0,0,0,0,0,0,0,0,0,0,0,0,0,0
36.5301,0,0,0,0,0,0,0,0,0,0,0,0,0,0,0,0
36.5401,0,0,0,0,0,0,0,0,0,0,0,0,0,0,0,0
36.5501,0,0,0,0,0,0,0,0,0,0,0,0,0,0,0,0
36.5601,0,0,0,0,0,0,0,0,0,0,0,0,0,0,0,0
36.5701,0,0,0,0,0,0,0,0,0,0,0,0,0,0,0,0
36.5801,0,0,0,0,0,0,0,0,0,0,0,0,0,0,0,0
36.5901,0,0,0,0,0,0,0,0,0,0,0,0,0,0,0,0
36.6001,0,0,0,0,0,0,0,0,0,0,0,0,0,0,0,0
36.6101,0,0,0,0,0,0,0,0,0,0,0,0,0,0,0,0
36.6201,0,0,0,0,0,0,0,0,0,0,0,0,0,0,0,0
36.6301,0,0,0,0,0,0,0,0,0,0,0,0,0,0,0,0
36.6401,0,0,0,0,0,0,0,0,0,0,0,0,0,0,0,0
36.6501,0,0,0,0,0,0,0,0,0,0,0,0,0,0,0,0
36.6601,0,0,0,0,0,0,0,0,0,0,0,0,0,0,0,0
36.6701,0,0,0,0,0,0,0,0,0,0,0,0,0,0,0,0
36.6801,0,0,0,0,0,0,0,0,0,0,0,0,0,0,0,0
36.6901,0,0,0,0,0,0,0,0,0,0,0,0,0,0,0,0
36.7001,0,0,0,0,0,0,0,0,0,0,0,0,0,0,0,0
36.7101,0,0,0,0,0,0,0,0,0,0,0,0,0,0,0,0
36.7201,0,0,0,0,0,0,0,0,0,0,0,0,0,0,0,0
36.7301,0,0,0,0,0,0,0,0,0,0,0,0,0,0,0,0
36.7401,0,0,0,0,0,0,0,0,0,0,0,0,0,0,0,0
36.7501,0,0,0,0,0,0,0,0,0,0,0,0,0,0,0,0
36.7601,0,0,0,0,0,0,0,0,0,0,0,0,0,0,0,0
36.7701,0,0,0,0,0,0,0,0,0,0,0,0,0,0,0,0
36.7801,0,0,0,0,0,0,0,0,0,0,0,0,0,0,0,0
36.7901,0,0,0,0,0,0,0,0,0,0,0,0,0,0,0,0
36.8,0,0,0,0,0,0,0,0,0,0,0,0,0,0,0,0
36.8101,0,0,0,0,0,0,0,0,0,0,0,0,0,0,0,0
36.8201,0,0,0,0,0,0,0,0,0,0,0,0,0,0,0,0
36.8301,0,0,0,0,0,0,0,0,0,0,0,0,0,0,0,0
36.8401,0,0,0,0,0,0,0,0,0,0,0,0,0,0,0,0
36.8501,0,0,0,0,0,0,0,0,0,0,0,0,0,0,0,0
36.8601,0,0,0,0,0,0,0,0,0,0,0,0,0,0,0,0
36.8701,0,0,0,0,0,0,0,0,0,0,0,0,0,0,0,0
36.8801,0,0,0,0,0,0,0,0,0,0,0,0,0,0,0,0
36.8901,0,0,0,0,0,0,0,0,0,0,0,0,0,0,0,0
36.9001,0,0,0,0,0,0,0,0,0,0,0,0,0,0,0,0
36.9101,0,0,0,0,0,0,0,0,0,0,0,0,0,0,0,0
36.9201,0,0,0,0,0,0,0,0,0,0,0,0,0,0,0,0
36.9301,0,0,0,0,0,0,0,0,0,0,0,0,0,0,0,0
36.9401,0,0,0,0,0,0,0,0,0,0,0,0,0,0,0,0
36.9501,0,0,0,0,0,0,0,0,0,0,0,0,0,0,0,0
36.9601,0,0,0,0,0,0,0,0,0,0,0,0,0,0,0,0
36.9701,0,0,0,0,0,0,0,0,0,0,0,0,0,0,0,0
36.9801,0,0,0,0,0,0,0,0,0,0,0,0,0,0,0,0
36.9901,0,0,0,0,0,0,0,0,0,0,0,0,0,0,0,0
37.0001,0,0,0,0,0,0,0,0,0,0,0,0,0,0,0,0
37.0101,0,0,0,0,0,0,0,0,0,0,0,0,0,0,0,0
37.0201,0,0,0,0,0,0,0,0,0,0,0,0,0,0,0,0
37.0301,0,0,0,0,0,0,0,0,0,0,0,0,0,0,0,0
37.0401,0,0,0,0,0,0,0,0,0,0,0,0,0,0,0,0
37.0501,0,0,0,0,0,0,0,0,0,0,0,0,0,0,0,0
37.0601,0,0,0,0,0,0,0,0,0,0,0,0,0,0,0,0
37.0701,0,0,0,0,0,0,0,0,0,0,0,0,0,0,0,0
37.0801,0,0,0,0,0,0,0,0,0,0,0,0,0,0,0,0
37.0901,0,0,0,0,0,0,0,0,0,0,0,0,0,0,0,0
37.1001,0,0,0,0,0,0,0,0,0,0,0,0,0,0,0,0
37.1101,0,0,0,0,0,0,0,0,0,0,0,0,0,0,0,0
37.1201,0,0,0,0,0,0,0,0,0,0,0,0,0,0,0,0
37.1301,0,0,0,0,0,0,0,0,0,0,0,0,0,0,0,0
37.1401,0,0,0,0,0,0,0,0,0,0,0,0,0,0,0,0
37.1501,0,0,0,0,0,0,0,0,0,0,0,0,0,0,0,0
37.1601,0,0,0,0,0,0,0,0,0,0,0,0,0,0,0,0
37.17,0,0,0,0,0,0,0,0,0,0,0,0,0,0,0,0
37.1801,0,0,0,0,0,0,0,0,0,0,0,0,0,0,0,0
37.1901,0,0,0,0,0,0,0,0,0,0,0,0,0,0,0,0
37.2001,0,0,0,0,0,0,0,0,0,0,0,0,0,0,0,0
37.2101,0,0,0,0,0,0,0,0,0,0,0,0,0,0,0,0
37.2201,0,0,0,0,0,0,0,0,0,0,0,0,0,0,0,0
37.2301,0,0,0,0,0,0,0,0,0,0,0,0,0,0,0,0
37.2401,0,0,0,0,0,0,0,0,0,0,0,0,0,0,0,0
37.2501,0,0,0,0,0,0,0,0,0,0,0,0,0,0,0,0
37.2601,0,0,0,0,0,0,0,0,0,0,0,0,0,0,0,0
37.2701,0,0,0,0,0,0,0,0,0,0,0,0,0,0,0,0
37.2801,0,0,0,0,0,0,0,0,0,0,0,0,0,0,0,0
37.2901,0,0,0,0,0,0,0,0,0,0,0,0,0,0,0,0
37.3,0,0,0,0,0,0,0,0,0,0,0,0,0,0,0,0
37.3101,0,0,0,0,0,0,0,0,0,0,0,0,0,0,0,0
37.32,0,0,0,0,0,0,0,0,0,0,0,0,0,0,0,0
37.3301,0,0,0,0,0,0,0,0,0,0,0,0,0,0,0,0
37.3401,0,0,0,0,0,0,0,0,0,0,0,0,0,0,0,0
37.3501,0,0,0,0,0,0,0,0,0,0,0,0,0,0,0,0
37.3601,0,0,0,0,0,0,0,0,0,0,0,0,0,0,0,0
37.37,0,0,0,0,0,0,0,0,0,0,0,0,0,0,0,0
37.3801,0,0,0,0,0,0,0,0,0,0,0,0,0,0,0,0
37.39,0,0,0,0,0,0,0,0,0,0,0,0,0,0,0,0
37.4001,0,0,0,0,0,0,0,0,0,0,0,0,0,0,0,0
37.4101,0,0,0,0,0,0,0,0,0,0,0,0,0,0,0,0
37.42,0,0,0,0,0,0,0,0,0,0,0,0,0,0,0,0
37.4301,0,0,0,0,0,0,0,0,0,0,0,0,0,0,0,0
37.4401,0,0,0,0,0,0,0,0,0,0,0,0,0,0,0,0
37.4501,0,0,0,0,0,0,0,0,0,0,0,0,0,0,0,0
37.4601,0,0,0,0,0,0,0,0,0,0,0,0,0,0,0,0
37.4701,0,0,0,0,0,0,0,0,0,0,0,0,0,0,0,0
37.4801,0,0,0,0,0,0,0,0,0,0,0,0,0,0,0,0
37.4901,0,0,0,0,0,0,0,0,0,0,0,0,0,0,0,0
37.5001,0,0,0,0,0,0,0,0,0,0,0,0,0,0,0,0
37.5101,0,0,0,0,0,0,0,0,0,0,0,0,0,0,0,0
37.52,0,0,0,0,0,0,0,0,0,0,0,0,0,0,0,0
37.5301,0,0,0,0,0,0,0,0,0,0,0,0,0,0,0,0
37.5401,0,0,0,0,0,0,0,0,0,0,0,0,0,0,0,0
37.5501,0,0,0,0,0,0,0,0,0,0,0,0,0,0,0,0
37.5601,0,0,0,0,0,0,0,0,0,0,0,0,0,0,0,0
37.5701,0,0,0,0,0,0,0,0,0,0,0,0,0,0,0,0
37.5801,0,0,0,0,0,0,0,0,0,0,0,0,0,0,0,0
37.5901,0,0,0,0,0,0,0,0,0,0,0,0,0,0,0,0
37.6001,0,0,0,0,0,0,0,0,0,0,0,0,0,0,0,0
37.6101,0,0,0,0,0,0,0,0,0,0,0,0,0,0,0,0
37.6201,0,0,0,0,0,0,0,0,0,0,0,0,0,0,0,0
37.6301,0,0,0,0,0,0,0,0,0,0,0,0,0,0,0,0
37.6401,0,0,0,0,0,0,0,0,0,0,0,0,0,0,0,0
37.6501,0,0,0,0,0,0,0,0,0,0,0,0,0,0,0,0
37.6601,0,0,0,0,0,0,0,0,0,0,0,0,0,0,0,0
37.6701,0,0,0,0,0,0,0,0,0,0,0,0,0,0,0,0
37.6801,0,0,0,0,0,0,0,0,0,0,0,0,0,0,0,0
37.6901,0,0,0,0,0,0,0,0,0,0,0,0,0,0,0,0
37.7001,0,0,0,0,0,0,0,0,0,0,0,0,0,0,0,0
37.7101,0,0,0,0,0,0,0,0,0,0,0,0,0,0,0,0
37.7201,0,0,0,0,0,0,0,0,0,0,0,0,0,0,0,0
37.7301,0,0,0,0,0,0,0,0,0,0,0,0,0,0,0,0
37.7401,0,0,0,0,0,0,0,0,0,0,0,0,0,0,0,0
37.7501,0,0,0,0,0,0,0,0,0,0,0,0,0,0,0,0
37.7601,0,0,0,0,0,0,0,0,0,0,0,0,0,0,0,0
37.7701,0,0,0,0,0,0,0,0,0,0,0,0,0,0,0,0
37.7801,0,0,0,0,0,0,0,0,0,0,0,0,0,0,0,0
37.7901,0,0,0,0,0,0,0,0,0,0,0,0,0,0,0,0
37.8001,0,0,0,0,0,0,0,0,0,0,0,0,0,0,0,0
37.8101,0,0,0,0,0,0,0,0,0,0,0,0,0,0,0,0
37.8201,0,0,0,0,0,0,0,0,0,0,0,0,0,0,0,0
37.8301,0,0,0,0,0,0,0,0,0,0,0,0,0,0,0,0
37.8401,0,0,0,0,0,0,0,0,0,0,0,0,0,0,0,0
37.85,0,0,0,0,0,0,0,0,0,0,0,0,0,0,0,0
37.8601,0,0,0,0,0,0,0,0,0,0,0,0,0,0,0,0
37.8701,0,0,0,0,0,0,0,0,0,0,0,0,0,0,0,0
37.8801,0,0,0,0,0,0,0,0,0,0,0,0,0,0,0,0
37.8901,0,0,0,0,0,0,0,0,0,0,0,0,0,0,0,0
37.9001,0,0,0,0,0,0,0,0,0,0,0,0,0,0,0,0
37.9101,0,0,0,0,0,0,0,0,0,0,0,0,0,0,0,0
37.9201,0,0,0,0,0,0,0,0,0,0,0,0,0,0,0,0
37.9301,0,0,0,0,0,0,0,0,0,0,0,0,0,0,0,0
37.9401,0,0,0,0,0,0,0,0,0,0,0,0,0,0,0,0
37.9501,0,0,0,0,0,0,0,0,0,0,0,0,0,0,0,0
37.9601,0,0,0,0,0,0,0,0,0,0,0,0,0,0,0,0
37.9701,0,0,0,0,0,0,0,0,0,0,0,0,0,0,0,0
37.9801,0,0,0,0,0,0,0,0,0,0,0,0,0,0,0,0
37.9901,0,0,0,0,0,0,0,0,0,0,0,0,0,0,0,0
38.0001,0,0,0,0,0,0,0,0,0,0,0,0,0,0,0,0
38.0101,0,0,0,0,0,0,0,0,0,0,0,0,0,0,0,0
38.0201,0,0,0,0,0,0,0,0,0,0,0,0,0,0,0,0
38.0301,0,0,0,0,0,0,0,0,0,0,0,0,0,0,0,0
38.0401,0,0,0,0,0,0,0,0,0,0,0,0,0,0,0,0
38.0501,0,0,0,0,0,0,0,0,0,0,0,0,0,0,0,0
38.0601,0,0,0,0,0,0,0,0,0,0,0,0,0,0,0,0
38.0701,0,0,0,0,0,0,0,0,0,0,0,0,0,0,0,0
38.0801,0,0,0,0,0,0,0,0,0,0,0,0,0,0,0,0
38.0901,0,0,0,0,0,0,0,0,0,0,0,0,0,0,0,0
38.1001,0,0,0,0,0,0,0,0,0,0,0,0,0,0,0,0
38.1101,0,0,0,0,0,0,0,0,0,0,0,0,0,0,0,0
38.1201,0,0,0,0,0,0,0,0,0,0,0,0,0,0,0,0
38.1301,0,0,0,0,0,0,0,0,0,0,0,0,0,0,0,0
38.1401,0,0,0,0,0,0,0,0,0,0,0,0,0,0,0,0
38.1501,0,0,0,0,0,0,0,0,0,0,0,0,0,0,0,0
38.1601,0,0,0,0,0,0,0,0,0,0,0,0,0,0,0,0
38.1701,0,0,0,0,0,0,0,0,0,0,0,0,0,0,0,0
38.1801,0,0,0,0,0,0,0,0,0,0,0,0,0,0,0,0
38.1901,0,0,0,0,0,0,0,0,0,0,0,0,0,0,0,0
38.2001,0,0,0,0,0,0,0,0,0,0,0,0,0,0,0,0
38.2101,0,0,0,0,0,0,0,0,0,0,0,0,0,0,0,0
38.2201,0,0,0,0,0,0,0,0,0,0,0,0,0,0,0,0
38.2301,0,0,0,0,0,0,0,0,0,0,0,0,0,0,0,0
38.2401,0,0,0,0,0,0,0,0,0,0,0,0,0,0,0,0
38.2501,0,0,0,0,0,0,0,0,0,0,0,0,0,0,0,0
38.2601,0,0,0,0,0,0,0,0,0,0,0,0,0,0,0,0
38.2701,0,0,0,0,0,0,0,0,0,0,0,0,0,0,0,0
38.2801,0,0,0,0,0,0,0,0,0,0,0,0,0,0,0,0
38.2901,0,0,0,0,0,0,0,0,0,0,0,0,0,0,0,0
38.3001,0,0,0,0,0,0,0,0,0,0,0,0,0,0,0,0
38.3101,0,0,0,0,0,0,0,0,0,0,0,0,0,0,0,0
38.3201,0,0,0,0,0,0,0,0,0,0,0,0,0,0,0,0
38.3301,0,0,0,0,0,0,0,0,0,0,0,0,0,0,0,0
38.3401,0,0,0,0,0,0,0,0,0,0,0,0,0,0,0,0
38.3501,0,0,0,0,0,0,0,0,0,0,0,0,0,0,0,0
38.3601,0,0,0,0,0,0,0,0,0,0,0,0,0,0,0,0
38.3701,0,0,0,0,0,0,0,0,0,0,0,0,0,0,0,0
38.3801,0,0,0,0,0,0,0,0,0,0,0,0,0,0,0,0
38.3901,0,0,0,0,0,0,0,0,0,0,0,0,0,0,0,0
38.4001,0,0,0,0,0,0,0,0,0,0,0,0,0,0,0,0
38.4101,0,0,0,0,0,0,0,0,0,0,0,0,0,0,0,0
38.4201,0,0,0,0,0,0,0,0,0,0,0,0,0,0,0,0
38.4301,0,0,0,0,0,0,0,0,0,0,0,0,0,0,0,0
38.4401,0,0,0,0,0,0,0,0,0,0,0,0,0,0,0,0
38.4501,0,0,0,0,0,0,0,0,0,0,0,0,0,0,0,0
38.4601,0,0,0,0,0,0,0,0,0,0,0,0,0,0,0,0
38.4701,0,0,0,0,0,0,0,0,0,0,0,0,0,0,0,0
38.4801,0,0,0,0,0,0,0,0,0,0,0,0,0,0,0,0
38.4901,0,0,0,0,0,0,0,0,0,0,0,0,0,0,0,0
38.5001,0,0,0,0,0,0,0,0,0,0,0,0,0,0,0,0
38.5101,0,0,0,0,0,0,0,0,0,0,0,0,0,0,0,0
38.5201,0,0,0,0,0,0,0,0,0,0,0,0,0,0,0,0
38.5301,0,0,0,0,0,0,0,0,0,0,0,0,0,0,0,0
38.5401,0,0,0,0,0,0,0,0,0,0,0,0,0,0,0,0
38.5501,0,0,0,0,0,0,0,0,0,0,0,0,0,0,0,0
38.5601,0,0,0,0,0,0,0,0,0,0,0,0,0,0,0,0
38.5701,0,0,0,0,0,0,0,0,0,0,0,0,0,0,0,0
38.5801,0,0,0,0,0,0,0,0,0,0,0,0,0,0,0,0
38.5901,0,0,0,0,0,0,0,0,0,0,0,0,0,0,0,0
38.6001,0,0,0,0,0,0,0,0,0,0,0,0,0,0,0,0
38.6101,0,0,0,0,0,0,0,0,0,0,0,0,0,0,0,0
38.6201,0,0,0,0,0,0,0,0,0,0,0,0,0,0,0,0
38.6301,0,0,0,0,0,0,0,0,0,0,0,0,0,0,0,0
38.6401,0,0,0,0,0,0,0,0,0,0,0,0,0,0,0,0
38.6501,0,0,0,0,0,0,0,0,0,0,0,0,0,0,0,0
38.6601,0,0,0,0,0,0,0,0,0,0,0,0,0,0,0,0
38.6701,0,0,0,0,0,0,0,0,0,0,0,0,0,0,0,0
38.6801,0,0,0,0,0,0,0,0,0,0,0,0,0,0,0,0
38.6901,0,0,0,0,0,0,0,0,0,0,0,0,0,0,0,0
38.7001,0,0,0,0,0,0,0,0,0,0,0,0,0,0,0,0
38.7101,0,0,0,0,0,0,0,0,0,0,0,0,0,0,0,0
38.7201,0,0,0,0,0,0,0,0,0,0,0,0,0,0,0,0
38.7301,0,0,0,0,0,0,0,0,0,0,0,0,0,0,0,0
38.7401,0,0,0,0,0,0,0,0,0,0,0,0,0,0,0,0
38.7501,0,0,0,0,0,0,0,0,0,0,0,0,0,0,0,0
38.7601,0,0,0,0,0,0,0,0,0,0,0,0,0,0,0,0
38.7701,0,0,0,0,0,0,0,0,0,0,0,0,0,0,0,0
38.7801,0,0,0,0,0,0,0,0,0,0,0,0,0,0,0,0
38.7901,0,0,0,0,0,0,0,0,0,0,0,0,0,0,0,0
38.8001,0,0,0,0,0,0,0,0,0,0,0,0,0,0,0,0
38.8101,0,0,0,0,0,0,0,0,0,0,0,0,0,0,0,0
38.8201,0,0,0,0,0,0,0,0,0,0,0,0,0,0,0,0
38.8301,0,0,0,0,0,0,0,0,0,0,0,0,0,0,0,0
38.8401,0,0,0,0,0,0,0,0,0,0,0,0,0,0,0,0
38.8501,0,0,0,0,0,0,0,0,0,0,0,0,0,0,0,0
38.8601,0,0,0,0,0,0,0,0,0,0,0,0,0,0,0,0
38.8701,0,0,0,0,0,0,0,0,0,0,0,0,0,0,0,0
38.8801,0,0,0,0,0,0,0,0,0,0,0,0,0,0,0,0
38.8901,0,0,0,0,0,0,0,0,0,0,0,0,0,0,0,0
38.9001,0,0,0,0,0,0,0,0,0,0,0,0,0,0,0,0
38.9101,0,0,0,0,0,0,0,0,0,0,0,0,0,0,0,0
38.9201,0,0,0,0,0,0,0,0,0,0,0,0,0,0,0,0
38.9301,0,0,0,0,0,0,0,0,0,0,0,0,0,0,0,0
38.9401,0,0,0,0,0,0,0,0,0,0,0,0,0,0,0,0
38.9501,0,0,0,0,0,0,0,0,0,0,0,0,0,0,0,0
38.9601,0,0,0,0,0,0,0,0,0,0,0,0,0,0,0,0
38.9701,0,0,0,0,0,0,0,0,0,0,0,0,0,0,0,0
38.9801,0,0,0,0,0,0,0,0,0,0,0,0,0,0,0,0
38.9901,0,0,0,0,0,0,0,0,0,0,0,0,0,0,0,0
39.0001,0,0,0,0,0,0,0,0,0,0,0,0,0,0,0,0
39.0101,0,0,0,0,0,0,0,0,0,0,0,0,0,0,0,0
39.0201,0,0,0,0,0,0,0,0,0,0,0,0,0,0,0,0
39.0301,0,0,0,0,0,0,0,0,0,0,0,0,0,0,0,0
39.0401,0,0,0,0,0,0,0,0,0,0,0,0,0,0,0,0
39.0501,0,0,0,0,0,0,0,0,0,0,0,0,0,0,0,0
39.0601,0,0,0,0,0,0,0,0,0,0,0,0,0,0,0,0
39.0701,0,0,0,0,0,0,0,0,0,0,0,0,0,0,0,0
39.0801,0,0,0,0,0,0,0,0,0,0,0,0,0,0,0,0
39.0901,0,0,0,0,0,0,0,0,0,0,0,0,0,0,0,0
39.1001,0,0,0,0,0,0,0,0,0,0,0,0,0,0,0,0
39.1101,0,0,0,0,0,0,0,0,0,0,0,0,0,0,0,0
39.1201,0,0,0,0,0,0,0,0,0,0,0,0,0,0,0,0
39.1301,0,0,0,0,0,0,0,0,0,0,0,0,0,0,0,0
39.1401,0,0,0,0,0,0,0,0,0,0,0,0,0,0,0,0
39.1501,0,0,0,0,0,0,0,0,0,0,0,0,0,0,0,0
39.1601,0,0,0,0,0,0,0,0,0,0,0,0,0,0,0,0
39.17,0,0,0,0,0,0,0,0,0,0,0,0,0,0,0,0
39.1801,0,0,0,0,0,0,0,0,0,0,0,0,0,0,0,0
39.1901,0,0,0,0,0,0,0,0,0,0,0,0,0,0,0,0
39.2001,0,0,0,0,0,0,0,0,0,0,0,0,0,0,0,0
39.2101,0,0,0,0,0,0,0,0,0,0,0,0,0,0,0,0
39.2201,0,0,0,0,0,0,0,0,0,0,0,0,0,0,0,0
39.2301,0,0,0,0,0,0,0,0,0,0,0,0,0,0,0,0
39.24,0,0,0,0,0,0,0,0,0,0,0,0,0,0,0,0
39.2501,0,0,0,0,0,0,0,0,0,0,0,0,0,0,0,0
39.2601,0,0,0,0,0,0,0,0,0,0,0,0,0,0,0,0
39.27,0,0,0,0,0,0,0,0,0,0,0,0,0,0,0,0
39.2801,0,0,0,0,0,0,0,0,0,0,0,0,0,0,0,0
39.2901,0,0,0,0,0,0,0,0,0,0,0,0,0,0,0,0
39.3001,0,0,0,0,0,0,0,0,0,0,0,0,0,0,0,0
39.3101,0,0,0,0,0,0,0,0,0,0,0,0,0,0,0,0
39.3201,0,0,0,0,0,0,0,0,0,0,0,0,0,0,0,0
39.3301,0,0,0,0,0,0,0,0,0,0,0,0,0,0,0,0
39.3401,0,0,0,0,0,0,0,0,0,0,0,0,0,0,0,0
39.3501,0,0,0,0,0,0,0,0,0,0,0,0,0,0,0,0
39.3601,0,0,0,0,0,0,0,0,0,0,0,0,0,0,0,0
39.3701,0,0,0,0,0,0,0,0,0,0,0,0,0,0,0,0
39.3801,0,0,0,0,0,0,0,0,0,0,0,0,0,0,0,0
39.3901,0,0,0,0,0,0,0,0,0,0,0,0,0,0,0,0
39.4001,0,0,0,0,0,0,0,0,0,0,0,0,0,0,0,0
39.4101,0,0,0,0,0,0,0,0,0,0,0,0,0,0,0,0
39.4201,0,0,0,0,0,0,0,0,0,0,0,0,0,0,0,0
39.4301,0,0,0,0,0,0,0,0,0,0,0,0,0,0,0,0
39.44,0,0,0,0,0,0,0,0,0,0,0,0,0,0,0,0
39.45,0,0,0,0,0,0,0,0,0,0,0,0,0,0,0,0
39.4601,0,0,0,0,0,0,0,0,0,0,0,0,0,0,0,0
39.4701,0,0,0,0,0,0,0,0,0,0,0,0,0,0,0,0
39.4801,0,0,0,0,0,0,0,0,0,0,0,0,0,0,0,0
39.4901,0,0,0,0,0,0,0,0,0,0,0,0,0,0,0,0
39.5001,0,0,0,0,0,0,0,0,0,0,0,0,0,0,0,0
39.5101,0,0,0,0,0,0,0,0,0,0,0,0,0,0,0,0
39.5201,0,0,0,0,0,0,0,0,0,0,0,0,0,0,0,0
39.5301,0,0,0,0,0,0,0,0,0,0,0,0,0,0,0,0
39.5401,0,0,0,0,0,0,0,0,0,0,0,0,0,0,0,0
39.5501,0,0,0,0,0,0,0,0,0,0,0,0,0,0,0,0
39.5601,0,0,0,0,0,0,0,0,0,0,0,0,0,0,0,0
39.5701,0,0,0,0,0,0,0,0,0,0,0,0,0,0,0,0
39.5801,0,0,0,0,0,0,0,0,0,0,0,0,0,0,0,0
39.5901,0,0,0,0,0,0,0,0,0,0,0,0,0,0,0,0
39.6001,0,0,0,0,0,0,0,0,0,0,0,0,0,0,0,0
39.6101,0,0,0,0,0,0,0,0,0,0,0,0,0,0,0,0
39.6201,0,0,0,0,0,0,0,0,0,0,0,0,0,0,0,0
39.6301,0,0,0,0,0,0,0,0,0,0,0,0,0,0,0,0
39.6401,0,0,0,0,0,0,0,0,0,0,0,0,0,0,0,0
39.6501,0,0,0,0,0,0,0,0,0,0,0,0,0,0,0,0
39.6601,0,0,0,0,0,0,0,0,0,0,0,0,0,0,0,0
39.6701,0,0,0,0,0,0,0,0,0,0,0,0,0,0,0,0
39.6801,0,0,0,0,0,0,0,0,0,0,0,0,0,0,0,0
39.6901,0,0,0,0,0,0,0,0,0,0,0,0,0,0,0,0
39.7001,0,0,0,0,0,0,0,0,0,0,0,0,0,0,0,0
39.7101,0,0,0,0,0,0,0,0,0,0,0,0,0,0,0,0
39.7201,0,0,0,0,0,0,0,0,0,0,0,0,0,0,0,0
39.7301,0,0,0,0,0,0,0,0,0,0,0,0,0,0,0,0
39.7401,0,0,0,0,0,0,0,0,0,0,0,0,0,0,0,0
39.7501,0,0,0,0,0,0,0,0,0,0,0,0,0,0,0,0
39.7601,0,0,0,0,0,0,0,0,0,0,0,0,0,0,0,0
39.7701,0,0,0,0,0,0,0,0,0,0,0,0,0,0,0,0
39.7801,0,0,0,0,0,0,0,0,0,0,0,0,0,0,0,0
39.7901,0,0,0,0,0,0,0,0,0,0,0,0,0,0,0,0
39.8001,0,0,0,0,0,0,0,0,0,0,0,0,0,0,0,0
39.8101,0,0,0,0,0,0,0,0,0,0,0,0,0,0,0,0
39.8201,0,0,0,0,0,0,0,0,0,0,0,0,0,0,0,0
39.8301,0,0,0,0,0,0,0,0,0,0,0,0,0,0,0,0
39.8401,0,0,0,0,0,0,0,0,0,0,0,0,0,0,0,0
39.8501,0,0,0,0,0,0,0,0,0,0,0,0,0,0,0,0
39.8601,0,0,0,0,0,0,0,0,0,0,0,0,0,0,0,0
39.8701,0,0,0,0,0,0,0,0,0,0,0,0,0,0,0,0
39.8801,0,0,0,0,0,0,0,0,0,0,0,0,0,0,0,0
39.8901,0,0,0,0,0,0,0,0,0,0,0,0,0,0,0,0
39.9001,0,0,0,0,0,0,0,0,0,0,0,0,0,0,0,0
39.9101,0,0,0,0,0,0,0,0,0,0,0,0,0,0,0,0
39.9201,0,0,0,0,0,0,0,0,0,0,0,0,0,0,0,0
39.9301,0,0,0,0,0,0,0,0,0,0,0,0,0,0,0,0
39.9401,0,0,0,0,0,0,0,0,0,0,0,0,0,0,0,0
39.9501,0,0,0,0,0,0,0,0,0,0,0,0,0,0,0,0
39.9601,0,0,0,0,0,0,0,0,0,0,0,0,0,0,0,0
39.9701,0,0,0,0,0,0,0,0,0,0,0,0,0,0,0,0
39.9801,0,0,0,0,0,0,0,0,0,0,0,0,0,0,0,0
39.9901,0,0,0,0,0,0,0,0,0,0,0,0,0,0,0,0
40.0001,0,0,0,0,0,0,0,0,0,0,0,0,0,0,0,0
40.0101,0,0,0,0,0,0,0,0,0,0,0,0,0,0,0,0
40.0201,0,0,0,0,0,0,0,0,0,0,0,0,0,0,0,0
40.0301,0,0,0,0,0,0,0,0,0,0,0,0,0,0,0,0
40.0401,0,0,0,0,0,0,0,0,0,0,0,0,0,0,0,0
40.0501,0,0,0,0,0,0,0,0,0,0,0,0,0,0,0,0
40.0601,0,0,0,0,0,0,0,0,0,0,0,0,0,0,0,0
40.0701,0,0,0,0,0,0,0,0,0,0,0,0,0,0,0,0
40.0801,0,0,0,0,0,0,0,0,0,0,0,0,0,0,0,0
40.0901,0,0,0,0,0,0,0,0,0,0,0,0,0,0,0,0
40.1001,0,0,0,0,0,0,0,0,0,0,0,0,0,0,0,0
40.1101,0,0,0,0,0,0,0,0,0,0,0,0,0,0,0,0
40.1201,0,0,0,0,0,0,0,0,0,0,0,0,0,0,0,0
40.1301,0,0,0,0,0,0,0,0,0,0,0,0,0,0,0,0
40.1401,0,0,0,0,0,0,0,0,0,0,0,0,0,0,0,0
40.1501,0,0,0,0,0,0,0,0,0,0,0,0,0,0,0,0
40.1601,0,0,0,0,0,0,0,0,0,0,0,0,0,0,0,0
40.1701,0,0,0,0,0,0,0,0,0,0,0,0,0,0,0,0
40.1801,0,0,0,0,0,0,0,0,0,0,0,0,0,0,0,0
40.1901,0,0,0,0,0,0,0,0,0,0,0,0,0,0,0,0
40.2001,0,0,0,0,0,0,0,0,0,0,0,0,0,0,0,0
40.2101,0,0,0,0,0,0,0,0,0,0,0,0,0,0,0,0
40.2201,0,0,0,0,0,0,0,0,0,0,0,0,0,0,0,0
40.2301,0,0,0,0,0,0,0,0,0,0,0,0,0,0,0,0
40.2401,0,0,0,0,0,0,0,0,0,0,0,0,0,0,0,0
40.2501,0,0,0,0,0,0,0,0,0,0,0,0,0,0,0,0
40.2601,0,0,0,0,0,0,0,0,0,0,0,0,0,0,0,0
40.2701,0,0,0,0,0,0,0,0,0,0,0,0,0,0,0,0
40.2801,0,0,0,0,0,0,0,0,0,0,0,0,0,0,0,0
40.2901,0,0,0,0,0,0,0,0,0,0,0,0,0,0,0,0
40.3001,0,0,0,0,0,0,0,0,0,0,0,0,0,0,0,0
40.3101,0,0,0,0,0,0,0,0,0,0,0,0,0,0,0,0
40.3201,0,0,0,0,0,0,0,0,0,0,0,0,0,0,0,0
40.3301,0,0,0,0,0,0,0,0,0,0,0,0,0,0,0,0
40.3401,0,0,0,0,0,0,0,0,0,0,0,0,0,0,0,0
40.3501,0,0,0,0,0,0,0,0,0,0,0,0,0,0,0,0
40.3601,0,0,0,0,0,0,0,0,0,0,0,0,0,0,0,0
40.3701,0,0,0,0,0,0,0,0,0,0,0,0,0,0,0,0
40.3801,0,0,0,0,0,0,0,0,0,0,0,0,0,0,0,0
40.3901,0,0,0,0,0,0,0,0,0,0,0,0,0,0,0,0
40.4001,0,0,0,0,0,0,0,0,0,0,0,0,0,0,0,0
40.4101,0,0,0,0,0,0,0,0,0,0,0,0,0,0,0,0
40.4201,0,0,0,0,0,0,0,0,0,0,0,0,0,0,0,0
40.4301,0,0,0,0,0,0,0,0,0,0,0,0,0,0,0,0
40.4401,0,0,0,0,0,0,0,0,0,0,0,0,0,0,0,0
40.4501,0,0,0,0,0,0,0,0,0,0,0,0,0,0,0,0
40.4601,0,0,0,0,0,0,0,0,0,0,0,0,0,0,0,0
40.4701,0,0,0,0,0,0,0,0,0,0,0,0,0,0,0,0
40.4801,0,0,0,0,0,0,0,0,0,0,0,0,0,0,0,0
40.4901,0,0,0,0,0,0,0,0,0,0,0,0,0,0,0,0
40.5001,0,0,0,0,0,0,0,0,0,0,0,0,0,0,0,0
40.5101,0,0,0,0,0,0,0,0,0,0,0,0,0,0,0,0
40.5201,0,0,0,0,0,0,0,0,0,0,0,0,0,0,0,0
40.5301,0,0,0,0,0,0,0,0,0,0,0,0,0,0,0,0
40.5401,0,0,0,0,0,0,0,0,0,0,0,0,0,0,0,0
40.5501,0,0,0,0,0,0,0,0,0,0,0,0,0,0,0,0
40.5601,0,0,0,0,0,0,0,0,0,0,0,0,0,0,0,0
40.5701,0,0,0,0,0,0,0,0,0,0,0,0,0,0,0,0
40.5801,0,0,0,0,0,0,0,0,0,0,0,0,0,0,0,0
40.5901,0,0,0,0,0,0,0,0,0,0,0,0,0,0,0,0
40.6001,0,0,0,0,0,0,0,0,0,0,0,0,0,0,0,0
40.6101,0,0,0,0,0,0,0,0,0,0,0,0,0,0,0,0
40.6201,0,0,0,0,0,0,0,0,0,0,0,0,0,0,0,0
40.6301,0,0,0,0,0,0,0,0,0,0,0,0,0,0,0,0
40.6401,0,0,0,0,0,0,0,0,0,0,0,0,0,0,0,0
40.6501,0,0,0,0,0,0,0,0,0,0,0,0,0,0,0,0
40.6601,0,0,0,0,0,0,0,0,0,0,0,0,0,0,0,0
40.67,0,0,0,0,0,0,0,0,0,0,0,0,0,0,0,0
40.6801,0,0,0,0,0,0,0,0,0,0,0,0,0,0,0,0
40.6901,0,0,0,0,0,0,0,0,0,0,0,0,0,0,0,0
40.7001,0,0,0,0,0,0,0,0,0,0,0,0,0,0,0,0
40.7101,0,0,0,0,0,0,0,0,0,0,0,0,0,0,0,0
40.7201,0,0,0,0,0,0,0,0,0,0,0,0,0,0,0,0
40.7301,0,0,0,0,0,0,0,0,0,0,0,0,0,0,0,0
40.7401,0,0,0,0,0,0,0,0,0,0,0,0,0,0,0,0
40.7501,0,0,0,0,0,0,0,0,0,0,0,0,0,0,0,0
40.7601,0,0,0,0,0,0,0,0,0,0,0,0,0,0,0,0
40.7701,0,0,0,0,0,0,0,0,0,0,0,0,0,0,0,0
40.7801,0,0,0,0,0,0,0,0,0,0,0,0,0,0,0,0
40.7901,0,0,0,0,0,0,0,0,0,0,0,0,0,0,0,0
40.8001,0,0,0,0,0,0,0,0,0,0,0,0,0,0,0,0
40.8101,0,0,0,0,0,0,0,0,0,0,0,0,0,0,0,0
40.8201,0,0,0,0,0,0,0,0,0,0,0,0,0,0,0,0
40.8301,0,0,0,0,0,0,0,0,0,0,0,0,0,0,0,0
40.8401,0,0,0,0,0,0,0,0,0,0,0,0,0,0,0,0
40.8501,0,0,0,0,0,0,0,0,0,0,0,0,0,0,0,0
40.8601,0,0,0,0,0,0,0,0,0,0,0,0,0,0,0,0
40.8701,0,0,0,0,0,0,0,0,0,0,0,0,0,0,0,0
40.8801,0,0,0,0,0,0,0,0,0,0,0,0,0,0,0,0
40.8901,0,0,0,0,0,0,0,0,0,0,0,0,0,0,0,0
40.9001,0,0,0,0,0,0,0,0,0,0,0,0,0,0,0,0
40.9101,0,0,0,0,0,0,0,0,0,0,0,0,0,0,0,0
40.9201,0,0,0,0,0,0,0,0,0,0,0,0,0,0,0,0
40.9301,0,0,0,0,0,0,0,0,0,0,0,0,0,0,0,0
40.9401,0,0,0,0,0,0,0,0,0,0,0,0,0,0,0,0
40.9501,0,0,0,0,0,0,0,0,0,0,0,0,0,0,0,0
40.9601,0,0,0,0,0,0,0,0,0,0,0,0,0,0,0,0
40.9701,0,0,0,0,0,0,0,0,0,0,0,0,0,0,0,0
40.9801,0,0,0,0,0,0,0,0,0,0,0,0,0,0,0,0
40.9901,0,0,0,0,0,0,0,0,0,0,0,0,0,0,0,0
41.0001,0,0,0,0,0,0,0,0,0,0,0,0,0,0,0,0
41.0101,0,0,0,0,0,0,0,0,0,0,0,0,0,0,0,0
41.0201,0,0,0,0,0,0,0,0,0,0,0,0,0,0,0,0
41.0301,0,0,0,0,0,0,0,0,0,0,0,0,0,0,0,0
41.0401,0,0,0,0,0,0,0,0,0,0,0,0,0,0,0,0
41.0501,0,0,0,0,0,0,0,0,0,0,0,0,0,0,0,0
41.0601,0,0,0,0,0,0,0,0,0,0,0,0,0,0,0,0
41.0701,0,0,0,0,0,0,0,0,0,0,0,0,0,0,0,0
41.0801,0,0,0,0,0,0,0,0,0,0,0,0,0,0,0,0
41.0901,0,0,0,0,0,0,0,0,0,0,0,0,0,0,0,0
41.1001,0,0,0,0,0,0,0,0,0,0,0,0,0,0,0,0
41.1101,0,0,0,0,0,0,0,0,0,0,0,0,0,0,0,0
41.1201,0,0,0,0,0,0,0,0,0,0,0,0,0,0,0,0
41.1301,0,0,0,0,0,0,0,0,0,0,0,0,0,0,0,0
41.1401,0,0,0,0,0,0,0,0,0,0,0,0,0,0,0,0
41.1501,0,0,0,0,0,0,0,0,0,0,0,0,0,0,0,0
41.1601,0,0,0,0,0,0,0,0,0,0,0,0,0,0,0,0
41.1701,0,0,0,0,0,0,0,0,0,0,0,0,0,0,0,0
41.1801,0,0,0,0,0,0,0,0,0,0,0,0,0,0,0,0
41.1901,0,0,0,0,0,0,0,0,0,0,0,0,0,0,0,0
41.2001,0,0,0,0,0,0,0,0,0,0,0,0,0,0,0,0
41.2101,0,0,0,0,0,0,0,0,0,0,0,0,0,0,0,0
41.2201,0,0,0,0,0,0,0,0,0,0,0,0,0,0,0,0
41.2301,0,0,0,0,0,0,0,0,0,0,0,0,0,0,0,0
41.2401,0,0,0,0,0,0,0,0,0,0,0,0,0,0,0,0
41.2501,0,0,0,0,0,0,0,0,0,0,0,0,0,0,0,0
41.2601,0,0,0,0,0,0,0,0,0,0,0,0,0,0,0,0
41.2701,0,0,0,0,0,0,0,0,0,0,0,0,0,0,0,0
41.2801,0,0,0,0,0,0,0,0,0,0,0,0,0,0,0,0
41.2901,0,0,0,0,0,0,0,0,0,0,0,0,0,0,0,0
41.3001,0,0,0,0,0,0,0,0,0,0,0,0,0,0,0,0
41.3101,0,0,0,0,0,0,0,0,0,0,0,0,0,0,0,0
41.3201,0,0,0,0,0,0,0,0,0,0,0,0,0,0,0,0
41.3301,0,0,0,0,0,0,0,0,0,0,0,0,0,0,0,0
41.3401,0,0,0,0,0,0,0,0,0,0,0,0,0,0,0,0
41.3501,0,0,0,0,0,0,0,0,0,0,0,0,0,0,0,0
41.3601,0,0,0,0,0,0,0,0,0,0,0,0,0,0,0,0
41.3701,0,0,0,0,0,0,0,0,0,0,0,0,0,0,0,0
41.3801,0,0,0,0,0,0,0,0,0,0,0,0,0,0,0,0
41.3901,0,0,0,0,0,0,0,0,0,0,0,0,0,0,0,0
41.4001,0,0,0,0,0,0,0,0,0,0,0,0,0,0,0,0
41.4101,0,0,0,0,0,0,0,0,0,0,0,0,0,0,0,0
41.4201,0,0,0,0,0,0,0,0,0,0,0,0,0,0,0,0
41.4301,0,0,0,0,0,0,0,0,0,0,0,0,0,0,0,0
41.4401,0,0,0,0,0,0,0,0,0,0,0,0,0,0,0,0
41.4501,0,0,0,0,0,0,0,0,0,0,0,0,0,0,0,0
41.4601,0,0,0,0,0,0,0,0,0,0,0,0,0,0,0,0
41.4701,0,0,0,0,0,0,0,0,0,0,0,0,0,0,0,0
41.4801,0,0,0,0,0,0,0,0,0,0,0,0,0,0,0,0
41.4901,0,0,0,0,0,0,0,0,0,0,0,0,0,0,0,0
41.5001,0,0,0,0,0,0,0,0,0,0,0,0,0,0,0,0
41.5101,0,0,0,0,0,0,0,0,0,0,0,0,0,0,0,0
41.5201,0,0,0,0,0,0,0,0,0,0,0,0,0,0,0,0
41.5301,0,0,0,0,0,0,0,0,0,0,0,0,0,0,0,0
41.5401,0,0,0,0,0,0,0,0,0,0,0,0,0,0,0,0
41.5501,0,0,0,0,0,0,0,0,0,0,0,0,0,0,0,0
41.5601,0,0,0,0,0,0,0,0,0,0,0,0,0,0,0,0
41.5701,0,0,0,0,0,0,0,0,0,0,0,0,0,0,0,0
41.5801,0,0,0,0,0,0,0,0,0,0,0,0,0,0,0,0
41.5901,0,0,0,0,0,0,0,0,0,0,0,0,0,0,0,0
41.6001,0,0,0,0,0,0,0,0,0,0,0,0,0,0,0,0
41.6101,0,0,0,0,0,0,0,0,0,0,0,0,0,0,0,0
41.6201,0,0,0,0,0,0,0,0,0,0,0,0,0,0,0,0
41.6301,0,0,0,0,0,0,0,0,0,0,0,0,0,0,0,0
41.6401,0,0,0,0,0,0,0,0,0,0,0,0,0,0,0,0
41.6501,0,0,0,0,0,0,0,0,0,0,0,0,0,0,0,0
41.6601,0,0,0,0,0,0,0,0,0,0,0,0,0,0,0,0
41.6701,0,0,0,0,0,0,0,0,0,0,0,0,0,0,0,0
41.6801,0,0,0,0,0,0,0,0,0,0,0,0,0,0,0,0
41.6901,0,0,0,0,0,0,0,0,0,0,0,0,0,0,0,0
41.7001,0,0,0,0,0,0,0,0,0,0,0,0,0,0,0,0
41.7101,0,0,0,0,0,0,0,0,0,0,0,0,0,0,0,0
41.7201,0,0,0,0,0,0,0,0,0,0,0,0,0,0,0,0
41.7301,0,0,0,0,0,0,0,0,0,0,0,0,0,0,0,0
41.7401,0,0,0,0,0,0,0,0,0,0,0,0,0,0,0,0
41.7501,0,0,0,0,0,0,0,0,0,0,0,0,0,0,0,0
41.7601,0,0,0,0,0,0,0,0,0,0,0,0,0,0,0,0
41.7701,0,0,0,0,0,0,0,0,0,0,0,0,0,0,0,0
41.7801,0,0,0,0,0,0,0,0,0,0,0,0,0,0,0,0
41.7901,0,0,0,0,0,0,0,0,0,0,0,0,0,0,0,0
41.8001,0,0,0,0,0,0,0,0,0,0,0,0,0,0,0,0
41.8101,0,0,0,0,0,0,0,0,0,0,0,0,0,0,0,0
41.8201,0,0,0,0,0,0,0,0,0,0,0,0,0,0,0,0
41.8301,0,0,0,0,0,0,0,0,0,0,0,0,0,0,0,0
41.8401,0,0,0,0,0,0,0,0,0,0,0,0,0,0,0,0
41.8501,0,0,0,0,0,0,0,0,0,0,0,0,0,0,0,0
41.8601,0,0,0,0,0,0,0,0,0,0,0,0,0,0,0,0
41.8701,0,0,0,0,0,0,0,0,0,0,0,0,0,0,0,0
41.8801,0,0,0,0,0,0,0,0,0,0,0,0,0,0,0,0
41.8901,0,0,0,0,0,0,0,0,0,0,0,0,0,0,0,0
41.9001,0,0,0,0,0,0,0,0,0,0,0,0,0,0,0,0
41.9101,0,0,0,0,0,0,0,0,0,0,0,0,0,0,0,0
41.9201,0,0,0,0,0,0,0,0,0,0,0,0,0,0,0,0
41.9301,0,0,0,0,0,0,0,0,0,0,0,0,0,0,0,0
41.9401,0,0,0,0,0,0,0,0,0,0,0,0,0,0,0,0
41.9501,0,0,0,0,0,0,0,0,0,0,0,0,0,0,0,0
41.9601,0,0,0,0,0,0,0,0,0,0,0,0,0,0,0,0
41.9701,0,0,0,0,0,0,0,0,0,0,0,0,0,0,0,0
41.9801,0,0,0,0,0,0,0,0,0,0,0,0,0,0,0,0
41.9901,0,0,0,0,0,0,0,0,0,0,0,0,0,0,0,0
42.0001,0,0,0,0,0,0,0,0,0,0,0,0,0,0,0,0
42.0101,0,0,0,0,0,0,0,0,0,0,0,0,0,0,0,0
42.0201,0,0,0,0,0,0,0,0,0,0,0,0,0,0,0,0
42.0301,0,0,0,0,0,0,0,0,0,0,0,0,0,0,0,0
42.0401,0,0,0,0,0,0,0,0,0,0,0,0,0,0,0,0
42.0501,0,0,0,0,0,0,0,0,0,0,0,0,0,0,0,0
42.0601,0,0,0,0,0,0,0,0,0,0,0,0,0,0,0,0
42.0701,0,0,0,0,0,0,0,0,0,0,0,0,0,0,0,0
42.0801,0,0,0,0,0,0,0,0,0,0,0,0,0,0,0,0
42.0901,0,0,0,0,0,0,0,0,0,0,0,0,0,0,0,0
42.1001,0,0,0,0,0,0,0,0,0,0,0,0,0,0,0,0
42.1101,0,0,0,0,0,0,0,0,0,0,0,0,0,0,0,0
42.1201,0,0,0,0,0,0,0,0,0,0,0,0,0,0,0,0
42.1301,0,0,0,0,0,0,0,0,0,0,0,0,0,0,0,0
42.1401,0,0,0,0,0,0,0,0,0,0,0,0,0,0,0,0
42.1501,0,0,0,0,0,0,0,0,0,0,0,0,0,0,0,0
42.1601,0,0,0,0,0,0,0,0,0,0,0,0,0,0,0,0
42.1701,0,0,0,0,0,0,0,0,0,0,0,0,0,0,0,0
42.1801,0,0,0,0,0,0,0,0,0,0,0,0,0,0,0,0
42.1901,0,0,0,0,0,0,0,0,0,0,0,0,0,0,0,0
42.2001,0,0,0,0,0,0,0,0,0,0,0,0,0,0,0,0
42.2101,0,0,0,0,0,0,0,0,0,0,0,0,0,0,0,0
42.2201,0,0,0,0,0,0,0,0,0,0,0,0,0,0,0,0
42.2301,0,0,0,0,0,0,0,0,0,0,0,0,0,0,0,0
42.2401,0,0,0,0,0,0,0,0,0,0,0,0,0,0,0,0
42.2501,0,0,0,0,0,0,0,0,0,0,0,0,0,0,0,0
42.2601,0,0,0,0,0,0,0,0,0,0,0,0,0,0,0,0
42.2701,0,0,0,0,0,0,0,0,0,0,0,0,0,0,0,0
42.2801,0,0,0,0,0,0,0,0,0,0,0,0,0,0,0,0
42.2901,0,0,0,0,0,0,0,0,0,0,0,0,0,0,0,0
42.3001,0,0,0,0,0,0,0,0,0,0,0,0,0,0,0,0
42.3101,0,0,0,0,0,0,0,0,0,0,0,0,0,0,0,0
42.3201,0,0,0,0,0,0,0,0,0,0,0,0,0,0,0,0
42.3301,0,0,0,0,0,0,0,0,0,0,0,0,0,0,0,0
42.3401,0,0,0,0,0,0,0,0,0,0,0,0,0,0,0,0
42.3501,0,0,0,0,0,0,0,0,0,0,0,0,0,0,0,0
42.3601,0,0,0,0,0,0,0,0,0,0,0,0,0,0,0,0
42.3701,0,0,0,0,0,0,0,0,0,0,0,0,0,0,0,0
42.3801,0,0,0,0,0,0,0,0,0,0,0,0,0,0,0,0
42.3901,0,0,0,0,0,0,0,0,0,0,0,0,0,0,0,0
42.4001,0,0,0,0,0,0,0,0,0,0,0,0,0,0,0,0
42.4101,0,0,0,0,0,0,0,0,0,0,0,0,0,0,0,0
42.4201,0,0,0,0,0,0,0,0,0,0,0,0,0,0,0,0
42.4301,0,0,0,0,0,0,0,0,0,0,0,0,0,0,0,0
42.4401,0,0,0,0,0,0,0,0,0,0,0,0,0,0,0,0
42.4501,0,0,0,0,0,0,0,0,0,0,0,0,0,0,0,0
42.4601,0,0,0,0,0,0,0,0,0,0,0,0,0,0,0,0
42.4701,0,0,0,0,0,0,0,0,0,0,0,0,0,0,0,0
42.4801,0,0,0,0,0,0,0,0,0,0,0,0,0,0,0,0
42.4901,0,0,0,0,0,0,0,0,0,0,0,0,0,0,0,0
42.5001,0,0,0,0,0,0,0,0,0,0,0,0,0,0,0,0
42.5101,0,0,0,0,0,0,0,0,0,0,0,0,0,0,0,0
42.5201,0,0,0,0,0,0,0,0,0,0,0,0,0,0,0,0
42.5301,0,0,0,0,0,0,0,0,0,0,0,0,0,0,0,0
42.5401,0,0,0,0,0,0,0,0,0,0,0,0,0,0,0,0
42.5501,0,0,0,0,0,0,0,0,0,0,0,0,0,0,0,0
42.5601,0,0,0,0,0,0,0,0,0,0,0,0,0,0,0,0
42.5701,0,0,0,0,0,0,0,0,0,0,0,0,0,0,0,0
42.5801,0,0,0,0,0,0,0,0,0,0,0,0,0,0,0,0
42.5901,0,0,0,0,0,0,0,0,0,0,0,0,0,0,0,0
42.6001,0,0,0,0,0,0,0,0,0,0,0,0,0,0,0,0
42.6101,0,0,0,0,0,0,0,0,0,0,0,0,0,0,0,0
42.6201,0,0,0,0,0,0,0,0,0,0,0,0,0,0,0,0
42.6301,0,0,0,0,0,0,0,0,0,0,0,0,0,0,0,0
42.6401,0,0,0,0,0,0,0,0,0,0,0,0,0,0,0,0
42.6501,0,0,0,0,0,0,0,0,0,0,0,0,0,0,0,0
42.6601,0,0,0,0,0,0,0,0,0,0,0,0,0,0,0,0
42.6701,0,0,0,0,0,0,0,0,0,0,0,0,0,0,0,0
42.6801,0,0,0,0,0,0,0,0,0,0,0,0,0,0,0,0
42.6901,0,0,0,0,0,0,0,0,0,0,0,0,0,0,0,0
42.7001,0,0,0,0,0,0,0,0,0,0,0,0,0,0,0,0
42.7101,0,0,0,0,0,0,0,0,0,0,0,0,0,0,0,0
42.7201,0,0,0,0,0,0,0,0,0,0,0,0,0,0,0,0
42.7301,0,0,0,0,0,0,0,0,0,0,0,0,0,0,0,0
42.7401,0,0,0,0,0,0,0,0,0,0,0,0,0,0,0,0
42.7501,0,0,0,0,0,0,0,0,0,0,0,0,0,0,0,0
42.7601,0,0,0,0,0,0,0,0,0,0,0,0,0,0,0,0
42.7701,0,0,0,0,0,0,0,0,0,0,0,0,0,0,0,0
42.7801,0,0,0,0,0,0,0,0,0,0,0,0,0,0,0,0
42.7901,0,0,0,0,0,0,0,0,0,0,0,0,0,0,0,0
42.8001,0,0,0,0,0,0,0,0,0,0,0,0,0,0,0,0
42.8101,0,0,0,0,0,0,0,0,0,0,0,0,0,0,0,0
42.8201,0,0,0,0,0,0,0,0,0,0,0,0,0,0,0,0
42.8301,0,0,0,0,0,0,0,0,0,0,0,0,0,0,0,0
42.8401,0,0,0,0,0,0,0,0,0,0,0,0,0,0,0,0
42.8501,0,0,0,0,0,0,0,0,0,0,0,0,0,0,0,0
42.8601,0,0,0,0,0,0,0,0,0,0,0,0,0,0,0,0
42.8701,0,0,0,0,0,0,0,0,0,0,0,0,0,0,0,0
42.8801,0,0,0,0,0,0,0,0,0,0,0,0,0,0,0,0
42.8901,0,0,0,0,0,0,0,0,0,0,0,0,0,0,0,0
42.9001,0,0,0,0,0,0,0,0,0,0,0,0,0,0,0,0
42.9101,0,0,0,0,0,0,0,0,0,0,0,0,0,0,0,0
42.9201,0,0,0,0,0,0,0,0,0,0,0,0,0,0,0,0
42.9301,0,0,0,0,0,0,0,0,0,0,0,0,0,0,0,0
42.9401,0,0,0,0,0,0,0,0,0,0,0,0,0,0,0,0
42.9501,0,0,0,0,0,0,0,0,0,0,0,0,0,0,0,0
42.9601,0,0,0,0,0,0,0,0,0,0,0,0,0,0,0,0
42.9701,0,0,0,0,0,0,0,0,0,0,0,0,0,0,0,0
42.9801,0,0,0,0,0,0,0,0,0,0,0,0,0,0,0,0
42.9901,0,0,0,0,0,0,0,0,0,0,0,0,0,0,0,0
43.0001,0,0,0,0,0,0,0,0,0,0,0,0,0,0,0,0
43.0101,0,0,0,0,0,0,0,0,0,0,0,0,0,0,0,0
43.0201,0,0,0,0,0,0,0,0,0,0,0,0,0,0,0,0
43.0301,0,0,0,0,0,0,0,0,0,0,0,0,0,0,0,0
43.0401,0,0,0,0,0,0,0,0,0,0,0,0,0,0,0,0
43.0501,0,0,0,0,0,0,0,0,0,0,0,0,0,0,0,0
43.0601,0,0,0,0,0,0,0,0,0,0,0,0,0,0,0,0
43.0701,0,0,0,0,0,0,0,0,0,0,0,0,0,0,0,0
43.0801,0,0,0,0,0,0,0,0,0,0,0,0,0,0,0,0
43.0901,0,0,0,0,0,0,0,0,0,0,0,0,0,0,0,0
43.1001,0,0,0,0,0,0,0,0,0,0,0,0,0,0,0,0
43.1101,0,0,0,0,0,0,0,0,0,0,0,0,0,0,0,0
43.1201,0,0,0,0,0,0,0,0,0,0,0,0,0,0,0,0
43.1301,0,0,0,0,0,0,0,0,0,0,0,0,0,0,0,0
43.1401,0,0,0,0,0,0,0,0,0,0,0,0,0,0,0,0
43.1501,0,0,0,0,0,0,0,0,0,0,0,0,0,0,0,0
43.1601,0,0,0,0,0,0,0,0,0,0,0,0,0,0,0,0
43.1701,0,0,0,0,0,0,0,0,0,0,0,0,0,0,0,0
43.1801,0,0,0,0,0,0,0,0,0,0,0,0,0,0,0,0
43.1901,0,0,0,0,0,0,0,0,0,0,0,0,0,0,0,0
43.2001,0,0,0,0,0,0,0,0,0,0,0,0,0,0,0,0
43.2101,0,0,0,0,0,0,0,0,0,0,0,0,0,0,0,0
43.2201,0,0,0,0,0,0,0,0,0,0,0,0,0,0,0,0
43.2301,0,0,0,0,0,0,0,0,0,0,0,0,0,0,0,0
43.2401,0,0,0,0,0,0,0,0,0,0,0,0,0,0,0,0
43.2501,0,0,0,0,0,0,0,0,0,0,0,0,0,0,0,0
43.2601,0,0,0,0,0,0,0,0,0,0,0,0,0,0,0,0
43.2701,0,0,0,0,0,0,0,0,0,0,0,0,0,0,0,0
43.2801,0,0,0,0,0,0,0,0,0,0,0,0,0,0,0,0
43.2901,0,0,0,0,0,0,0,0,0,0,0,0,0,0,0,0
43.3001,0,0,0,0,0,0,0,0,0,0,0,0,0,0,0,0
43.3101,0,0,0,0,0,0,0,0,0,0,0,0,0,0,0,0
43.3201,0,0,0,0,0,0,0,0,0,0,0,0,0,0,0,0
43.3301,0,0,0,0,0,0,0,0,0,0,0,0,0,0,0,0
43.3401,0,0,0,0,0,0,0,0,0,0,0,0,0,0,0,0
43.3501,0,0,0,0,0,0,0,0,0,0,0,0,0,0,0,0
43.3601,0,0,0,0,0,0,0,0,0,0,0,0,0,0,0,0
43.3701,0,0,0,0,0,0,0,0,0,0,0,0,0,0,0,0
43.3801,0,0,0,0,0,0,0,0,0,0,0,0,0,0,0,0
43.3901,0,0,0,0,0,0,0,0,0,0,0,0,0,0,0,0
43.4001,0,0,0,0,0,0,0,0,0,0,0,0,0,0,0,0
43.4101,0,0,0,0,0,0,0,0,0,0,0,0,0,0,0,0
43.4201,0,0,0,0,0,0,0,0,0,0,0,0,0,0,0,0
43.4301,0,0,0,0,0,0,0,0,0,0,0,0,0,0,0,0
43.4401,0,0,0,0,0,0,0,0,0,0,0,0,0,0,0,0
43.4501,0,0,0,0,0,0,0,0,0,0,0,0,0,0,0,0
43.4601,0,0,0,0,0,0,0,0,0,0,0,0,0,0,0,0
43.4701,0,0,0,0,0,0,0,0,0,0,0,0,0,0,0,0
43.4801,0,0,0,0,0,0,0,0,0,0,0,0,0,0,0,0
43.4901,0,0,0,0,0,0,0,0,0,0,0,0,0,0,0,0
43.5001,0,0,0,0,0,0,0,0,0,0,0,0,0,0,0,0
43.5101,0,0,0,0,0,0,0,0,0,0,0,0,0,0,0,0
43.5201,0,0,0,0,0,0,0,0,0,0,0,0,0,0,0,0
43.5301,0,0,0,0,0,0,0,0,0,0,0,0,0,0,0,0
43.5401,0,0,0,0,0,0,0,0,0,0,0,0,0,0,0,0
43.5501,0,0,0,0,0,0,0,0,0,0,0,0,0,0,0,0
43.5601,0,0,0,0,0,0,0,0,0,0,0,0,0,0,0,0
43.5701,0,0,0,0,0,0,0,0,0,0,0,0,0,0,0,0
43.5801,0,0,0,0,0,0,0,0,0,0,0,0,0,0,0,0
43.5901,0,0,0,0,0,0,0,0,0,0,0,0,0,0,0,0
43.6001,0,0,0,0,0,0,0,0,0,0,0,0,0,0,0,0
43.6101,0,0,0,0,0,0,0,0,0,0,0,0,0,0,0,0
43.6201,0,0,0,0,0,0,0,0,0,0,0,0,0,0,0,0
43.6301,0,0,0,0,0,0,0,0,0,0,0,0,0,0,0,0
43.6401,0,0,0,0,0,0,0,0,0,0,0,0,0,0,0,0
43.6501,0,0,0,0,0,0,0,0,0,0,0,0,0,0,0,0
43.6601,0,0,0,0,0,0,0,0,0,0,0,0,0,0,0,0
43.6701,0,0,0,0,0,0,0,0,0,0,0,0,0,0,0,0
43.6801,0,0,0,0,0,0,0,0,0,0,0,0,0,0,0,0
43.6901,0,0,0,0,0,0,0,0,0,0,0,0,0,0,0,0
43.7001,0,0,0,0,0,0,0,0,0,0,0,0,0,0,0,0
43.7101,0,0,0,0,0,0,0,0,0,0,0,0,0,0,0,0
43.7201,0,0,0,0,0,0,0,0,0,0,0,0,0,0,0,0
43.7301,0,0,0,0,0,0,0,0,0,0,0,0,0,0,0,0
43.7401,0,0,0,0,0,0,0,0,0,0,0,0,0,0,0,0
43.7501,0,0,0,0,0,0,0,0,0,0,0,0,0,0,0,0
43.7601,0,0,0,0,0,0,0,0,0,0,0,0,0,0,0,0
43.7701,0,0,0,0,0,0,0,0,0,0,0,0,0,0,0,0
43.7801,0,0,0,0,0,0,0,0,0,0,0,0,0,0,0,0
43.7901,0,0,0,0,0,0,0,0,0,0,0,0,0,0,0,0
43.8001,0,0,0,0,0,0,0,0,0,0,0,0,0,0,0,0
43.8101,0,0,0,0,0,0,0,0,0,0,0,0,0,0,0,0
43.8201,0,0,0,0,0,0,0,0,0,0,0,0,0,0,0,0
43.8301,0,0,0,0,0,0,0,0,0,0,0,0,0,0,0,0
43.8401,0,0,0,0,0,0,0,0,0,0,0,0,0,0,0,0
43.8501,0,0,0,0,0,0,0,0,0,0,0,0,0,0,0,0
43.8601,0,0,0,0,0,0,0,0,0,0,0,0,0,0,0,0
43.8701,0,0,0,0,0,0,0,0,0,0,0,0,0,0,0,0
43.8801,0,0,0,0,0,0,0,0,0,0,0,0,0,0,0,0
43.8901,0,0,0,0,0,0,0,0,0,0,0,0,0,0,0,0
43.9001,0,0,0,0,0,0,0,0,0,0,0,0,0,0,0,0
43.9101,0,0,0,0,0,0,0,0,0,0,0,0,0,0,0,0
43.9201,0,0,0,0,0,0,0,0,0,0,0,0,0,0,0,0
43.9301,0,0,0,0,0,0,0,0,0,0,0,0,0,0,0,0
43.9401,0,0,0,0,0,0,0,0,0,0,0,0,0,0,0,0
43.9501,0,0,0,0,0,0,0,0,0,0,0,0,0,0,0,0
43.9601,0,0,0,0,0,0,0,0,0,0,0,0,0,0,0,0
43.9701,0,0,0,0,0,0,0,0,0,0,0,0,0,0,0,0
43.9801,0,0,0,0,0,0,0,0,0,0,0,0,0,0,0,0
43.9901,0,0,0,0,0,0,0,0,0,0,0,0,0,0,0,0
44.0001,0,0,0,0,0,0,0,0,0,0,0,0,0,0,0,0
44.0101,0,0,0,0,0,0,0,0,0,0,0,0,0,0,0,0
44.0201,0,0,0,0,0,0,0,0,0,0,0,0,0,0,0,0
44.0301,0,0,0,0,0,0,0,0,0,0,0,0,0,0,0,0
44.0401,0,0,0,0,0,0,0,0,0,0,0,0,0,0,0,0
44.0501,0,0,0,0,0,0,0,0,0,0,0,0,0,0,0,0
44.0601,0,0,0,0,0,0,0,0,0,0,0,0,0,0,0,0
44.0701,0,0,0,0,0,0,0,0,0,0,0,0,0,0,0,0
44.0801,0,0,0,0,0,0,0,0,0,0,0,0,0,0,0,0
44.0901,0,0,0,0,0,0,0,0,0,0,0,0,0,0,0,0
44.1001,0,0,0,0,0,0,0,0,0,0,0,0,0,0,0,0
44.1101,0,0,0,0,0,0,0,0,0,0,0,0,0,0,0,0
44.1201,0,0,0,0,0,0,0,0,0,0,0,0,0,0,0,0
44.1301,0,0,0,0,0,0,0,0,0,0,0,0,0,0,0,0
44.1401,0,0,0,0,0,0,0,0,0,0,0,0,0,0,0,0
44.1501,0,0,0,0,0,0,0,0,0,0,0,0,0,0,0,0
44.1601,0,0,0,0,0,0,0,0,0,0,0,0,0,0,0,0
44.1701,0,0,0,0,0,0,0,0,0,0,0,0,0,0,0,0
44.1801,0,0,0,0,0,0,0,0,0,0,0,0,0,0,0,0
44.1901,0,0,0,0,0,0,0,0,0,0,0,0,0,0,0,0
44.2001,0,0,0,0,0,0,0,0,0,0,0,0,0,0,0,0
44.2101,0,0,0,0,0,0,0,0,0,0,0,0,0,0,0,0
44.2201,0,0,0,0,0,0,0,0,0,0,0,0,0,0,0,0
44.2301,0,0,0,0,0,0,0,0,0,0,0,0,0,0,0,0
44.2401,0,0,0,0,0,0,0,0,0,0,0,0,0,0,0,0
44.2501,0,0,0,0,0,0,0,0,0,0,0,0,0,0,0,0
44.2601,0,0,0,0,0,0,0,0,0,0,0,0,0,0,0,0
44.2701,0,0,0,0,0,0,0,0,0,0,0,0,0,0,0,0
44.2801,0,0,0,0,0,0,0,0,0,0,0,0,0,0,0,0
44.2901,0,0,0,0,0,0,0,0,0,0,0,0,0,0,0,0
44.3001,0,0,0,0,0,0,0,0,0,0,0,0,0,0,0,0
44.3101,0,0,0,0,0,0,0,0,0,0,0,0,0,0,0,0
44.3201,0,0,0,0,0,0,0,0,0,0,0,0,0,0,0,0
44.3301,0,0,0,0,0,0,0,0,0,0,0,0,0,0,0,0
44.3401,0,0,0,0,0,0,0,0,0,0,0,0,0,0,0,0
44.3501,0,0,0,0,0,0,0,0,0,0,0,0,0,0,0,0
44.3601,0,0,0,0,0,0,0,0,0,0,0,0,0,0,0,0
44.3701,0,0,0,0,0,0,0,0,0,0,0,0,0,0,0,0
44.3801,0,0,0,0,0,0,0,0,0,0,0,0,0,0,0,0
44.3901,0,0,0,0,0,0,0,0,0,0,0,0,0,0,0,0
44.4001,0,0,0,0,0,0,0,0,0,0,0,0,0,0,0,0
44.4101,0,0,0,0,0,0,0,0,0,0,0,0,0,0,0,0
44.4201,0,0,0,0,0,0,0,0,0,0,0,0,0,0,0,0
44.4301,0,0,0,0,0,0,0,0,0,0,0,0,0,0,0,0
44.44,0,0,0,0,0,0,0,0,0,0,0,0,0,0,0,0
44.4501,0,0,0,0,0,0,0,0,0,0,0,0,0,0,0,0
44.4601,0,0,0,0,0,0,0,0,0,0,0,0,0,0,0,0
44.4701,0,0,0,0,0,0,0,0,0,0,0,0,0,0,0,0
44.4801,0,0,0,0,0,0,0,0,0,0,0,0,0,0,0,0
44.4901,0,0,0,0,0,0,0,0,0,0,0,0,0,0,0,0
44.5001,0,0,0,0,0,0,0,0,0,0,0,0,0,0,0,0
44.5101,0,0,0,0,0,0,0,0,0,0,0,0,0,0,0,0
44.5201,0,0,0,0,0,0,0,0,0,0,0,0,0,0,0,0
44.5301,0,0,0,0,0,0,0,0,0,0,0,0,0,0,0,0
44.5401,0,0,0,0,0,0,0,0,0,0,0,0,0,0,0,0
44.5501,0,0,0,0,0,0,0,0,0,0,0,0,0,0,0,0
44.5601,0,0,0,0,0,0,0,0,0,0,0,0,0,0,0,0
44.5701,0,0,0,0,0,0,0,0,0,0,0,0,0,0,0,0
44.5801,0,0,0,0,0,0,0,0,0,0,0,0,0,0,0,0
44.5901,0,0,0,0,0,0,0,0,0,0,0,0,0,0,0,0
44.6001,0,0,0,0,0,0,0,0,0,0,0,0,0,0,0,0
44.6101,0,0,0,0,0,0,0,0,0,0,0,0,0,0,0,0
44.6201,0,0,0,0,0,0,0,0,0,0,0,0,0,0,0,0
44.6301,0,0,0,0,0,0,0,0,0,0,0,0,0,0,0,0
44.6401,0,0,0,0,0,0,0,0,0,0,0,0,0,0,0,0
44.6501,0,0,0,0,0,0,0,0,0,0,0,0,0,0,0,0
44.6601,0,0,0,0,0,0,0,0,0,0,0,0,0,0,0,0
44.6701,0,0,0,0,0,0,0,0,0,0,0,0,0,0,0,0
44.6801,0,0,0,0,0,0,0,0,0,0,0,0,0,0,0,0
44.6901,0,0,0,0,0,0,0,0,0,0,0,0,0,0,0,0
44.7001,0,0,0,0,0,0,0,0,0,0,0,0,0,0,0,0
44.7101,0,0,0,0,0,0,0,0,0,0,0,0,0,0,0,0
44.7201,0,0,0,0,0,0,0,0,0,0,0,0,0,0,0,0
44.7301,0,0,0,0,0,0,0,0,0,0,0,0,0,0,0,0
44.7401,0,0,0,0,0,0,0,0,0,0,0,0,0,0,0,0
44.7501,0,0,0,0,0,0,0,0,0,0,0,0,0,0,0,0
44.7601,0,0,0,0,0,0,0,0,0,0,0,0,0,0,0,0
44.7701,0,0,0,0,0,0,0,0,0,0,0,0,0,0,0,0
44.7801,0,0,0,0,0,0,0,0,0,0,0,0,0,0,0,0
44.7901,0,0,0,0,0,0,0,0,0,0,0,0,0,0,0,0
44.8001,0,0,0,0,0,0,0,0,0,0,0,0,0,0,0,0
44.8101,0,0,0,0,0,0,0,0,0,0,0,0,0,0,0,0
44.8201,0,0,0,0,0,0,0,0,0,0,0,0,0,0,0,0
44.8301,0,0,0,0,0,0,0,0,0,0,0,0,0,0,0,0
44.8401,0,0,0,0,0,0,0,0,0,0,0,0,0,0,0,0
44.8501,0,0,0,0,0,0,0,0,0,0,0,0,0,0,0,0
44.8601,0,0,0,0,0,0,0,0,0,0,0,0,0,0,0,0
44.8701,0,0,0,0,0,0,0,0,0,0,0,0,0,0,0,0
44.8801,0,0,0,0,0,0,0,0,0,0,0,0,0,0,0,0
44.8901,0,0,0,0,0,0,0,0,0,0,0,0,0,0,0,0
44.9001,0,0,0,0,0,0,0,0,0,0,0,0,0,0,0,0
44.9101,0,0,0,0,0,0,0,0,0,0,0,0,0,0,0,0
44.9201,0,0,0,0,0,0,0,0,0,0,0,0,0,0,0,0
44.9301,0,0,0,0,0,0,0,0,0,0,0,0,0,0,0,0
44.9401,0,0,0,0,0,0,0,0,0,0,0,0,0,0,0,0
44.9501,0,0,0,0,0,0,0,0,0,0,0,0,0,0,0,0
44.9601,0,0,0,0,0,0,0,0,0,0,0,0,0,0,0,0
44.9701,0,0,0,0,0,0,0,0,0,0,0,0,0,0,0,0
44.9801,0,0,0,0,0,0,0,0,0,0,0,0,0,0,0,0
44.9901,0,0,0,0,0,0,0,0,0,0,0,0,0,0,0,0
45.0001,0,0,0,0,0,0,0,0,0,0,0,0,0,0,0,0
45.0101,0,0,0,0,0,0,0,0,0,0,0,0,0,0,0,0
45.0201,0,0,0,0,0,0,0,0,0,0,0,0,0,0,0,0
45.0301,0,0,0,0,0,0,0,0,0,0,0,0,0,0,0,0
45.0401,0,0,0,0,0,0,0,0,0,0,0,0,0,0,0,0
45.0501,0,0,0,0,0,0,0,0,0,0,0,0,0,0,0,0
45.0601,0,0,0,0,0,0,0,0,0,0,0,0,0,0,0,0
45.0701,0,0,0,0,0,0,0,0,0,0,0,0,0,0,0,0
45.0801,0,0,0,0,0,0,0,0,0,0,0,0,0,0,0,0
45.0901,0,0,0,0,0,0,0,0,0,0,0,0,0,0,0,0
45.1001,0,0,0,0,0,0,0,0,0,0,0,0,0,0,0,0
45.1101,0,0,0,0,0,0,0,0,0,0,0,0,0,0,0,0
45.1201,0,0,0,0,0,0,0,0,0,0,0,0,0,0,0,0
45.1301,0,0,0,0,0,0,0,0,0,0,0,0,0,0,0,0
45.1401,0,0,0,0,0,0,0,0,0,0,0,0,0,0,0,0
45.1501,0,0,0,0,0,0,0,0,0,0,0,0,0,0,0,0
45.1601,0,0,0,0,0,0,0,0,0,0,0,0,0,0,0,0
45.1701,0,0,0,0,0,0,0,0,0,0,0,0,0,0,0,0
45.1801,0,0,0,0,0,0,0,0,0,0,0,0,0,0,0,0
45.1901,0,0,0,0,0,0,0,0,0,0,0,0,0,0,0,0
45.2001,0,0,0,0,0,0,0,0,0,0,0,0,0,0,0,0
45.2101,0,0,0,0,0,0,0,0,0,0,0,0,0,0,0,0
45.2201,0,0,0,0,0,0,0,0,0,0,0,0,0,0,0,0
45.2301,0,0,0,0,0,0,0,0,0,0,0,0,0,0,0,0
45.2401,0,0,0,0,0,0,0,0,0,0,0,0,0,0,0,0
45.2501,0,0,0,0,0,0,0,0,0,0,0,0,0,0,0,0
45.2601,0,0,0,0,0,0,0,0,0,0,0,0,0,0,0,0
45.2701,0,0,0,0,0,0,0,0,0,0,0,0,0,0,0,0
45.2801,0,0,0,0,0,0,0,0,0,0,0,0,0,0,0,0
45.2901,0,0,0,0,0,0,0,0,0,0,0,0,0,0,0,0
45.3001,0,0,0,0,0,0,0,0,0,0,0,0,0,0,0,0
45.3101,0,0,0,0,0,0,0,0,0,0,0,0,0,0,0,0
45.3201,0,0,0,0,0,0,0,0,0,0,0,0,0,0,0,0
45.3301,0,0,0,0,0,0,0,0,0,0,0,0,0,0,0,0
45.3401,0,0,0,0,0,0,0,0,0,0,0,0,0,0,0,0
45.3501,0,0,0,0,0,0,0,0,0,0,0,0,0,0,0,0
45.3601,0,0,0,0,0,0,0,0,0,0,0,0,0,0,0,0
45.3701,0,0,0,0,0,0,0,0,0,0,0,0,0,0,0,0
45.3801,0,0,0,0,0,0,0,0,0,0,0,0,0,0,0,0
45.3901,0,0,0,0,0,0,0,0,0,0,0,0,0,0,0,0
45.4001,0,0,0,0,0,0,0,0,0,0,0,0,0,0,0,0
45.4101,0,0,0,0,0,0,0,0,0,0,0,0,0,0,0,0
45.4201,0,0,0,0,0,0,0,0,0,0,0,0,0,0,0,0
45.4301,0,0,0,0,0,0,0,0,0,0,0,0,0,0,0,0
45.4401,0,0,0,0,0,0,0,0,0,0,0,0,0,0,0,0
45.4501,0,0,0,0,0,0,0,0,0,0,0,0,0,0,0,0
45.4601,0,0,0,0,0,0,0,0,0,0,0,0,0,0,0,0
45.4701,0,0,0,0,0,0,0,0,0,0,0,0,0,0,0,0
45.4801,0,0,0,0,0,0,0,0,0,0,0,0,0,0,0,0
45.4901,0,0,0,0,0,0,0,0,0,0,0,0,0,0,0,0
45.5001,0,0,0,0,0,0,0,0,0,0,0,0,0,0,0,0
45.5101,0,0,0,0,0,0,0,0,0,0,0,0,0,0,0,0
45.5201,0,0,0,0,0,0,0,0,0,0,0,0,0,0,0,0
45.5301,0,0,0,0,0,0,0,0,0,0,0,0,0,0,0,0
45.5401,0,0,0,0,0,0,0,0,0,0,0,0,0,0,0,0
45.5501,0,0,0,0,0,0,0,0,0,0,0,0,0,0,0,0
45.5601,0,0,0,0,0,0,0,0,0,0,0,0,0,0,0,0
45.5701,0,0,0,0,0,0,0,0,0,0,0,0,0,0,0,0
45.5801,0,0,0,0,0,0,0,0,0,0,0,0,0,0,0,0
45.5901,0,0,0,0,0,0,0,0,0,0,0,0,0,0,0,0
45.6001,0,0,0,0,0,0,0,0,0,0,0,0,0,0,0,0
45.6101,0,0,0,0,0,0,0,0,0,0,0,0,0,0,0,0
45.6201,0,0,0,0,0,0,0,0,0,0,0,0,0,0,0,0
45.6301,0,0,0,0,0,0,0,0,0,0,0,0,0,0,0,0
45.6401,0,0,0,0,0,0,0,0,0,0,0,0,0,0,0,0
45.6501,0,0,0,0,0,0,0,0,0,0,0,0,0,0,0,0
45.6601,0,0,0,0,0,0,0,0,0,0,0,0,0,0,0,0
45.6701,0,0,0,0,0,0,0,0,0,0,0,0,0,0,0,0
45.6801,0,0,0,0,0,0,0,0,0,0,0,0,0,0,0,0
45.6901,0,0,0,0,0,0,0,0,0,0,0,0,0,0,0,0
45.7001,0,0,0,0,0,0,0,0,0,0,0,0,0,0,0,0
45.7101,0,0,0,0,0,0,0,0,0,0,0,0,0,0,0,0
45.7201,0,0,0,0,0,0,0,0,0,0,0,0,0,0,0,0
45.7301,0,0,0,0,0,0,0,0,0,0,0,0,0,0,0,0
45.7401,0,0,0,0,0,0,0,0,0,0,0,0,0,0,0,0
45.7501,0,0,0,0,0,0,0,0,0,0,0,0,0,0,0,0
45.7601,0,0,0,0,0,0,0,0,0,0,0,0,0,0,0,0
45.7701,0,0,0,0,0,0,0,0,0,0,0,0,0,0,0,0
45.7801,0,0,0,0,0,0,0,0,0,0,0,0,0,0,0,0
45.7901,0,0,0,0,0,0,0,0,0,0,0,0,0,0,0,0
45.8001,0,0,0,0,0,0,0,0,0,0,0,0,0,0,0,0
45.8101,0,0,0,0,0,0,0,0,0,0,0,0,0,0,0,0
45.8201,0,0,0,0,0,0,0,0,0,0,0,0,0,0,0,0
45.8301,0,0,0,0,0,0,0,0,0,0,0,0,0,0,0,0
45.8401,0,0,0,0,0,0,0,0,0,0,0,0,0,0,0,0
45.8501,0,0,0,0,0,0,0,0,0,0,0,0,0,0,0,0
45.8601,0,0,0,0,0,0,0,0,0,0,0,0,0,0,0,0
45.8701,0,0,0,0,0,0,0,0,0,0,0,0,0,0,0,0
45.8801,0,0,0,0,0,0,0,0,0,0,0,0,0,0,0,0
45.8901,0,0,0,0,0,0,0,0,0,0,0,0,0,0,0,0
45.9001,0,0,0,0,0,0,0,0,0,0,0,0,0,0,0,0
45.9101,0,0,0,0,0,0,0,0,0,0,0,0,0,0,0,0
45.9201,0,0,0,0,0,0,0,0,0,0,0,0,0,0,0,0
45.9301,0,0,0,0,0,0,0,0,0,0,0,0,0,0,0,0
45.9401,0,0,0,0,0,0,0,0,0,0,0,0,0,0,0,0
45.9501,0,0,0,0,0,0,0,0,0,0,0,0,0,0,0,0
45.9601,0,0,0,0,0,0,0,0,0,0,0,0,0,0,0,0
45.9701,0,0,0,0,0,0,0,0,0,0,0,0,0,0,0,0
45.9801,0,0,0,0,0,0,0,0,0,0,0,0,0,0,0,0
45.9901,0,0,0,0,0,0,0,0,0,0,0,0,0,0,0,0
46.0001,0,0,0,0,0,0,0,0,0,0,0,0,0,0,0,0
46.0101,0,0,0,0,0,0,0,0,0,0,0,0,0,0,0,0
46.0201,0,0,0,0,0,0,0,0,0,0,0,0,0,0,0,0
46.0301,0,0,0,0,0,0,0,0,0,0,0,0,0,0,0,0
46.0401,0,0,0,0,0,0,0,0,0,0,0,0,0,0,0,0
46.0501,0,0,0,0,0,0,0,0,0,0,0,0,0,0,0,0
46.0601,0,0,0,0,0,0,0,0,0,0,0,0,0,0,0,0
46.0701,0,0,0,0,0,0,0,0,0,0,0,0,0,0,0,0
46.0801,0,0,0,0,0,0,0,0,0,0,0,0,0,0,0,0
46.0901,0,0,0,0,0,0,0,0,0,0,0,0,0,0,0,0
46.1001,0,0,0,0,0,0,0,0,0,0,0,0,0,0,0,0
46.1101,0,0,0,0,0,0,0,0,0,0,0,0,0,0,0,0
46.1201,0,0,0,0,0,0,0,0,0,0,0,0,0,0,0,0
46.1301,0,0,0,0,0,0,0,0,0,0,0,0,0,0,0,0
46.1401,0,0,0,0,0,0,0,0,0,0,0,0,0,0,0,0
46.1501,0,0,0,0,0,0,0,0,0,0,0,0,0,0,0,0
46.1601,0,0,0,0,0,0,0,0,0,0,0,0,0,0,0,0
46.1701,0,0,0,0,0,0,0,0,0,0,0,0,0,0,0,0
46.1801,0,0,0,0,0,0,0,0,0,0,0,0,0,0,0,0
46.1901,0,0,0,0,0,0,0,0,0,0,0,0,0,0,0,0
46.2001,0,0,0,0,0,0,0,0,0,0,0,0,0,0,0,0
46.2101,0,0,0,0,0,0,0,0,0,0,0,0,0,0,0,0
46.2201,0,0,0,0,0,0,0,0,0,0,0,0,0,0,0,0
46.2301,0,0,0,0,0,0,0,0,0,0,0,0,0,0,0,0
46.2401,0,0,0,0,0,0,0,0,0,0,0,0,0,0,0,0
46.2501,0,0,0,0,0,0,0,0,0,0,0,0,0,0,0,0
46.2601,0,0,0,0,0,0,0,0,0,0,0,0,0,0,0,0
46.2701,0,0,0,0,0,0,0,0,0,0,0,0,0,0,0,0
46.2801,0,0,0,0,0,0,0,0,0,0,0,0,0,0,0,0
46.2901,0,0,0,0,0,0,0,0,0,0,0,0,0,0,0,0
46.3001,0,0,0,0,0,0,0,0,0,0,0,0,0,0,0,0
46.3101,0,0,0,0,0,0,0,0,0,0,0,0,0,0,0,0
46.3201,0,0,0,0,0,0,0,0,0,0,0,0,0,0,0,0
46.3301,0,0,0,0,0,0,0,0,0,0,0,0,0,0,0,0
46.3401,0,0,0,0,0,0,0,0,0,0,0,0,0,0,0,0
46.3501,0,0,0,0,0,0,0,0,0,0,0,0,0,0,0,0
46.3601,0,0,0,0,0,0,0,0,0,0,0,0,0,0,0,0
46.3701,0,0,0,0,0,0,0,0,0,0,0,0,0,0,0,0
46.3801,0,0,0,0,0,0,0,0,0,0,0,0,0,0,0,0
46.3901,0,0,0,0,0,0,0,0,0,0,0,0,0,0,0,0
46.4001,0,0,0,0,0,0,0,0,0,0,0,0,0,0,0,0
46.4101,0,0,0,0,0,0,0,0,0,0,0,0,0,0,0,0
46.4201,0,0,0,0,0,0,0,0,0,0,0,0,0,0,0,0
46.4301,0,0,0,0,0,0,0,0,0,0,0,0,0,0,0,0
46.4401,0,0,0,0,0,0,0,0,0,0,0,0,0,0,0,0
46.4501,0,0,0,0,0,0,0,0,0,0,0,0,0,0,0,0
46.4601,0,0,0,0,0,0,0,0,0,0,0,0,0,0,0,0
46.4701,0,0,0,0,0,0,0,0,0,0,0,0,0,0,0,0
46.4801,0,0,0,0,0,0,0,0,0,0,0,0,0,0,0,0
46.4901,0,0,0,0,0,0,0,0,0,0,0,0,0,0,0,0
46.5001,0,0,0,0,0,0,0,0,0,0,0,0,0,0,0,0
46.5101,0,0,0,0,0,0,0,0,0,0,0,0,0,0,0,0
46.5201,0,0,0,0,0,0,0,0,0,0,0,0,0,0,0,0
46.5301,0,0,0,0,0,0,0,0,0,0,0,0,0,0,0,0
46.5401,0,0,0,0,0,0,0,0,0,0,0,0,0,0,0,0
46.5501,0,0,0,0,0,0,0,0,0,0,0,0,0,0,0,0
46.5601,0,0,0,0,0,0,0,0,0,0,0,0,0,0,0,0
46.5701,0,0,0,0,0,0,0,0,0,0,0,0,0,0,0,0
46.5801,0,0,0,0,0,0,0,0,0,0,0,0,0,0,0,0
46.5901,0,0,0,0,0,0,0,0,0,0,0,0,0,0,0,0
46.6001,0,0,0,0,0,0,0,0,0,0,0,0,0,0,0,0
46.6101,0,0,0,0,0,0,0,0,0,0,0,0,0,0,0,0
46.6201,0,0,0,0,0,0,0,0,0,0,0,0,0,0,0,0
46.6301,0,0,0,0,0,0,0,0,0,0,0,0,0,0,0,0
46.6401,0,0,0,0,0,0,0,0,0,0,0,0,0,0,0,0
46.6501,0,0,0,0,0,0,0,0,0,0,0,0,0,0,0,0
46.6601,0,0,0,0,0,0,0,0,0,0,0,0,0,0,0,0
46.6701,0,0,0,0,0,0,0,0,0,0,0,0,0,0,0,0
46.6801,0,0,0,0,0,0,0,0,0,0,0,0,0,0,0,0
46.6901,0,0,0,0,0,0,0,0,0,0,0,0,0,0,0,0
46.7001,0,0,0,0,0,0,0,0,0,0,0,0,0,0,0,0
46.7101,0,0,0,0,0,0,0,0,0,0,0,0,0,0,0,0
46.7201,0,0,0,0,0,0,0,0,0,0,0,0,0,0,0,0
46.7301,0,0,0,0,0,0,0,0,0,0,0,0,0,0,0,0
46.7401,0,0,0,0,0,0,0,0,0,0,0,0,0,0,0,0
46.7501,0,0,0,0,0,0,0,0,0,0,0,0,0,0,0,0
46.7601,0,0,0,0,0,0,0,0,0,0,0,0,0,0,0,0
46.7701,0,0,0,0,0,0,0,0,0,0,0,0,0,0,0,0
46.7801,0,0,0,0,0,0,0,0,0,0,0,0,0,0,0,0
46.7901,0,0,0,0,0,0,0,0,0,0,0,0,0,0,0,0
46.8001,0,0,0,0,0,0,0,0,0,0,0,0,0,0,0,0
46.8101,0,0,0,0,0,0,0,0,0,0,0,0,0,0,0,0
46.8201,0,0,0,0,0,0,0,0,0,0,0,0,0,0,0,0
46.8301,0,0,0,0,0,0,0,0,0,0,0,0,0,0,0,0
46.8401,0,0,0,0,0,0,0,0,0,0,0,0,0,0,0,0
46.8501,0,0,0,0,0,0,0,0,0,0,0,0,0,0,0,0
46.8601,0,0,0,0,0,0,0,0,0,0,0,0,0,0,0,0
46.8701,0,0,0,0,0,0,0,0,0,0,0,0,0,0,0,0
46.8801,0,0,0,0,0,0,0,0,0,0,0,0,0,0,0,0
46.8901,0,0,0,0,0,0,0,0,0,0,0,0,0,0,0,0
46.9001,0,0,0,0,0,0,0,0,0,0,0,0,0,0,0,0
46.9101,0,0,0,0,0,0,0,0,0,0,0,0,0,0,0,0
46.9201,0,0,0,0,0,0,0,0,0,0,0,0,0,0,0,0
46.9301,0,0,0,0,0,0,0,0,0,0,0,0,0,0,0,0
46.9401,0,0,0,0,0,0,0,0,0,0,0,0,0,0,0,0
46.9501,0,0,0,0,0,0,0,0,0,0,0,0,0,0,0,0
46.9601,0,0,0,0,0,0,0,0,0,0,0,0,0,0,0,0
46.9701,0,0,0,0,0,0,0,0,0,0,0,0,0,0,0,0
46.9801,0,0,0,0,0,0,0,0,0,0,0,0,0,0,0,0
46.9901,0,0,0,0,0,0,0,0,0,0,0,0,0,0,0,0
47.0001,0,0,0,0,0,0,0,0,0,0,0,0,0,0,0,0
47.0101,0,0,0,0,0,0,0,0,0,0,0,0,0,0,0,0
47.0201,0,0,0,0,0,0,0,0,0,0,0,0,0,0,0,0
47.0301,0,0,0,0,0,0,0,0,0,0,0,0,0,0,0,0
47.0401,0,0,0,0,0,0,0,0,0,0,0,0,0,0,0,0
47.05,0,0,0,0,0,0,0,0,0,0,0,0,0,0,0,0
47.0601,0,0,0,0,0,0,0,0,0,0,0,0,0,0,0,0
47.0701,0,0,0,0,0,0,0,0,0,0,0,0,0,0,0,0
47.0801,0,0,0,0,0,0,0,0,0,0,0,0,0,0,0,0
47.0901,0,0,0,0,0,0,0,0,0,0,0,0,0,0,0,0
47.1001,0,0,0,0,0,0,0,0,0,0,0,0,0,0,0,0
47.1101,0,0,0,0,0,0,0,0,0,0,0,0,0,0,0,0
47.1201,0,0,0,0,0,0,0,0,0,0,0,0,0,0,0,0
47.1301,0,0,0,0,0,0,0,0,0,0,0,0,0,0,0,0
47.1401,0,0,0,0,0,0,0,0,0,0,0,0,0,0,0,0
47.1501,0,0,0,0,0,0,0,0,0,0,0,0,0,0,0,0
47.1601,0,0,0,0,0,0,0,0,0,0,0,0,0,0,0,0
47.1701,0,0,0,0,0,0,0,0,0,0,0,0,0,0,0,0
47.1801,0,0,0,0,0,0,0,0,0,0,0,0,0,0,0,0
47.1901,0,0,0,0,0,0,0,0,0,0,0,0,0,0,0,0
47.2001,0,0,0,0,0,0,0,0,0,0,0,0,0,0,0,0
47.2101,0,0,0,0,0,0,0,0,0,0,0,0,0,0,0,0
47.2201,0,0,0,0,0,0,0,0,0,0,0,0,0,0,0,0
47.2301,0,0,0,0,0,0,0,0,0,0,0,0,0,0,0,0
47.2401,0,0,0,0,0,0,0,0,0,0,0,0,0,0,0,0
47.2501,0,0,0,0,0,0,0,0,0,0,0,0,0,0,0,0
47.2601,0,0,0,0,0,0,0,0,0,0,0,0,0,0,0,0
47.2701,0,0,0,0,0,0,0,0,0,0,0,0,0,0,0,0
47.2801,0,0,0,0,0,0,0,0,0,0,0,0,0,0,0,0
47.2901,0,0,0,0,0,0,0,0,0,0,0,0,0,0,0,0
47.3001,0,0,0,0,0,0,0,0,0,0,0,0,0,0,0,0
47.3101,0,0,0,0,0,0,0,0,0,0,0,0,0,0,0,0
47.3201,0,0,0,0,0,0,0,0,0,0,0,0,0,0,0,0
47.3301,0,0,0,0,0,0,0,0,0,0,0,0,0,0,0,0
47.3401,0,0,0,0,0,0,0,0,0,0,0,0,0,0,0,0
47.3501,0,0,0,0,0,0,0,0,0,0,0,0,0,0,0,0
47.3601,0,0,0,0,0,0,0,0,0,0,0,0,0,0,0,0
47.3701,0,0,0,0,0,0,0,0,0,0,0,0,0,0,0,0
47.3801,0,0,0,0,0,0,0,0,0,0,0,0,0,0,0,0
47.3901,0,0,0,0,0,0,0,0,0,0,0,0,0,0,0,0
47.4001,0,0,0,0,0,0,0,0,0,0,0,0,0,0,0,0
47.4101,0,0,0,0,0,0,0,0,0,0,0,0,0,0,0,0
47.4201,0,0,0,0,0,0,0,0,0,0,0,0,0,0,0,0
47.4301,0,0,0,0,0,0,0,0,0,0,0,0,0,0,0,0
47.4401,0,0,0,0,0,0,0,0,0,0,0,0,0,0,0,0
47.4501,0,0,0,0,0,0,0,0,0,0,0,0,0,0,0,0
47.4601,0,0,0,0,0,0,0,0,0,0,0,0,0,0,0,0
47.4701,0,0,0,0,0,0,0,0,0,0,0,0,0,0,0,0
47.4801,0,0,0,0,0,0,0,0,0,0,0,0,0,0,0,0
47.4901,0,0,0,0,0,0,0,0,0,0,0,0,0,0,0,0
47.5001,0,0,0,0,0,0,0,0,0,0,0,0,0,0,0,0
47.5101,0,0,0,0,0,0,0,0,0,0,0,0,0,0,0,0
47.5201,0,0,0,0,0,0,0,0,0,0,0,0,0,0,0,0
47.5301,0,0,0,0,0,0,0,0,0,0,0,0,0,0,0,0
47.5401,0,0,0,0,0,0,0,0,0,0,0,0,0,0,0,0
47.5501,0,0,0,0,0,0,0,0,0,0,0,0,0,0,0,0
47.5601,0,0,0,0,0,0,0,0,0,0,0,0,0,0,0,0
47.5701,0,0,0,0,0,0,0,0,0,0,0,0,0,0,0,0
47.5801,0,0,0,0,0,0,0,0,0,0,0,0,0,0,0,0
47.5901,0,0,0,0,0,0,0,0,0,0,0,0,0,0,0,0
47.6001,0,0,0,0,0,0,0,0,0,0,0,0,0,0,0,0
47.6101,0,0,0,0,0,0,0,0,0,0,0,0,0,0,0,0
47.6201,0,0,0,0,0,0,0,0,0,0,0,0,0,0,0,0
47.6301,0,0,0,0,0,0,0,0,0,0,0,0,0,0,0,0
47.6401,0,0,0,0,0,0,0,0,0,0,0,0,0,0,0,0
47.6501,0,0,0,0,0,0,0,0,0,0,0,0,0,0,0,0
47.6601,0,0,0,0,0,0,0,0,0,0,0,0,0,0,0,0
47.6701,0,0,0,0,0,0,0,0,0,0,0,0,0,0,0,0
47.6801,0,0,0,0,0,0,0,0,0,0,0,0,0,0,0,0
47.6901,0,0,0,0,0,0,0,0,0,0,0,0,0,0,0,0
47.7001,0,0,0,0,0,0,0,0,0,0,0,0,0,0,0,0
47.7101,0,0,0,0,0,0,0,0,0,0,0,0,0,0,0,0
47.7112,0,0,0,0,0,0,0,0,0,0,0,0,0,0,0,0
47.7123,0,0,0,0,0,0,0,0,0,0,0,0,0,0,0,0
