t_epoch_s,t_mono_ns,ch1_pct,ch2_pct,ch3_pct,ch4_pct,ch5_pct,ch6_pct,ch7_pct,ch8_pct
1764424537.919003,1508175954304,7.500000,7.500000,7.500000,7.500000,7.500000,7.500000,7.500000,7.500000
1764424537.929898,1508186850795,7.500000,7.500000,7.500000,7.500000,7.500000,7.500000,7.500000,7.500000
1764424537.938833,1508195784295,7.500000,7.500000,7.500000,7.500000,7.500000,7.500000,7.500000,7.500000
1764424537.947569,1508204520913,7.500000,7.500000,7.500000,7.500000,7.500000,7.500000,7.500000,7.500000
1764424537.956504,1508213454830,7.500000,7.500000,7.500000,7.500000,7.500000,7.500000,7.500000,7.500000
1764424537.965393,1508222345163,7.500000,7.500000,7.500000,7.500000,7.500000,7.500000,7.500000,7.500000
1764424537.974145,1508231096656,7.500000,7.500000,7.500000,7.500000,7.500000,7.500000,7.500000,7.500000
1764424537.982938,1508239889568,7.500000,7.500000,7.500000,7.500000,7.500000,7.500000,7.500000,7.500000
1764424537.991791,1508248742566,7.500000,7.500000,7.500000,7.500000,7.500000,7.500000,7.500000,7.500000
1764424538.000605,1508257557062,7.500000,7.500000,7.500000,7.500000,7.500000,7.500000,7.500000,7.500000
1764424538.009435,1508266386725,7.500000,7.500000,7.500000,7.500000,7.500000,7.500000,7.500000,7.500000
1764424538.018245,1508275197137,7.500000,7.500000,7.500000,7.500000,7.500000,7.500000,7.500000,7.500000
1764424538.027079,1508284030884,7.500000,7.500000,7.500000,7.500000,7.500000,7.500000,7.500000,7.500000
1764424538.038033,1508294984835,7.500000,7.500000,7.500000,7.500000,7.500000,7.500000,7.500000,7.500000
1764424538.046846,1508303798164,7.500000,7.500000,7.500000,7.500000,7.500000,7.500000,7.500000,7.500000
1764424538.055644,1508312595451,7.500000,7.500000,7.500000,7.500000,7.500000,7.500000,7.500000,7.500000
1764424538.064429,1508321380488,7.500000,7.500000,7.500000,7.500000,7.500000,7.500000,7.500000,7.500000
1764424538.073246,1508330197026,7.500000,7.500000,7.500000,7.500000,7.500000,7.500000,7.500000,7.500000
1764424538.081996,1508338947353,7.500000,7.500000,7.500000,7.500000,7.500000,7.500000,7.500000,7.500000
1764424538.090760,1508347712263,7.500000,7.500000,7.500000,7.500000,7.500000,7.500000,7.500000,7.500000
1764424538.099560,1508356511884,7.500000,7.500000,7.500000,7.500000,7.500000,7.500000,7.500000,7.500000
1764424538.108368,1508365319671,7.500000,7.500000,7.500000,7.500000,7.500000,7.500000,7.500000,7.500000
1764424538.117154,1508374105875,7.500000,7.500000,7.500000,7.500000,7.500000,7.500000,7.500000,7.500000
1764424538.128066,1508385017824,7.500000,7.500000,7.500000,7.500000,7.500000,7.500000,7.500000,7.500000
1764424538.136909,1508393860613,7.500000,7.500000,7.500000,7.500000,7.500000,7.500000,7.500000,7.500000
1764424538.145753,1508402704568,7.500000,7.500000,7.500000,7.500000,7.500000,7.500000,7.500000,7.500000
1764424538.154547,1508411498938,7.500000,7.500000,7.500000,7.500000,7.500000,7.500000,7.500000,7.500000
1764424538.163350,1508420302059,7.500000,7.500000,7.500000,7.500000,7.500000,7.500000,7.500000,7.500000
1764424538.172137,1508429088262,7.500000,7.500000,7.500000,7.500000,7.500000,7.500000,7.500000,7.500000
1764424538.180885,1508437836547,7.500000,7.500000,7.500000,7.500000,7.500000,7.500000,7.500000,7.500000
1764424538.189878,1508446828967,7.500000,7.500000,7.500000,7.500000,7.500000,7.500000,7.500000,7.500000
1764424538.198729,1508455680797,7.500000,7.500000,7.500000,7.500000,7.500000,7.500000,7.500000,7.500000
1764424538.207524,1508464476043,7.500000,7.500000,7.500000,7.500000,7.500000,7.500000,7.500000,7.500000
1764424538.216334,1508473285289,7.500000,7.500000,7.500000,7.500000,7.500000,7.500000,7.500000,7.500000
1764424538.225118,1508482070033,7.500000,7.500000,7.500000,7.500000,7.500000,7.500000,7.500000,7.500000
1764424538.236044,1508492995692,7.500000,7.500000,7.500000,7.500000,7.500000,7.500000,7.500000,7.500000
1764424538.244903,1508501855106,7.500000,7.500000,7.500000,7.500000,7.500000,7.500000,7.500000,7.500000
1764424538.253712,1508510663185,7.500000,7.500000,7.500000,7.500000,7.500000,7.500000,7.500000,7.500000
1764424538.262503,1508519454930,7.500000,7.500000,7.500000,7.500000,7.500000,7.500000,7.500000,7.500000
1764424538.271299,1508528251051,7.500000,7.500000,7.500000,7.500000,7.500000,7.500000,7.500000,7.500000
1764424538.280086,1508537037546,7.500000,7.500000,7.500000,7.500000,7.500000,7.500000,7.500000,7.500000
1764424538.288893,1508545844458,7.500000,7.500000,7.500000,7.500000,7.500000,7.500000,7.500000,7.500000
1764424538.297708,1508554659537,7.500000,7.500000,7.500000,7.500000,7.500000,7.500000,7.500000,7.500000
1764424538.306494,1508563445449,7.500000,7.500000,7.500000,7.500000,7.500000,7.500000,7.500000,7.500000
1764424538.315445,1508572397033,7.500000,7.500000,7.500000,7.500000,7.500000,7.500000,7.500000,7.500000
1764424538.324233,1508581184987,7.500000,7.500000,7.500000,7.500000,7.500000,7.500000,7.500000,7.500000
1764424538.333286,1508590237492,7.500000,7.500000,7.500000,7.500000,7.500000,7.500000,7.500000,7.500000
1764424538.342077,1508599028653,7.500000,7.500000,7.500000,7.500000,7.500000,7.500000,7.500000,7.500000
1764424538.351052,1508608003572,7.500000,7.500000,7.500000,7.500000,7.500000,7.500000,7.500000,7.500000
1764424538.362032,1508618982899,7.500000,7.500000,7.500000,7.500000,7.500000,7.500000,7.500000,7.500000
1764424538.370931,1508627882273,7.500000,7.500000,7.500000,7.500000,7.500000,7.500000,7.500000,7.500000
1764424538.379854,1508636805565,7.500000,7.500000,7.500000,7.500000,7.500000,7.500000,7.500000,7.500000
1764424538.388739,1508645690647,7.500000,7.500000,7.500000,7.500000,7.500000,7.500000,7.500000,7.500000
1764424538.397504,1508654455849,7.500000,7.500000,7.500000,7.500000,7.500000,7.500000,7.500000,7.500000
1764424538.406332,1508663283763,7.500000,7.500000,7.500000,7.500000,7.500000,7.500000,7.500000,7.500000
1764424538.415139,1508672090383,7.500000,7.500000,7.500000,7.500000,7.500000,7.500000,7.500000,7.500000
1764424538.423924,1508680875420,7.500000,7.500000,7.500000,7.500000,7.500000,7.500000,7.500000,7.500000
1764424538.432710,1508689662206,7.500000,7.500000,7.500000,7.500000,7.500000,7.500000,7.500000,7.500000
1764424538.441498,1508698449576,7.500000,7.500000,7.500000,7.500000,7.500000,7.500000,7.500000,7.500000
1764424538.450300,1508707251530,7.500000,7.500000,7.500000,7.500000,7.500000,7.500000,7.500000,7.500000
1764424538.459094,1508716045609,7.500000,7.500000,7.500000,7.500000,7.500000,7.500000,7.500000,7.500000
1764424538.470017,1508726968642,7.500000,7.500000,7.500000,7.500000,7.500000,7.500000,7.500000,7.500000
1764424538.478810,1508735761554,7.500000,7.500000,7.500000,7.500000,7.500000,7.500000,7.500000,7.500000
1764424538.487563,1508744514798,7.500000,7.500000,7.500000,7.500000,7.500000,7.500000,7.500000,7.500000
1764424538.496474,1508753424964,7.500000,7.500000,7.500000,7.500000,7.500000,7.500000,7.500000,7.500000
1764424538.505366,1508762317338,7.500000,7.500000,7.500000,7.500000,7.500000,7.500000,7.500000,7.500000
1764424538.514317,1508771268631,7.500000,7.500000,7.500000,7.500000,7.500000,7.500000,7.500000,7.500000
1764424538.523386,1508780337178,7.500000,7.500000,7.500000,7.500000,7.500000,7.500000,7.500000,7.500000
1764424538.532279,1508789231010,7.500000,7.500000,7.500000,7.500000,7.500000,7.500000,7.500000,7.500000
1764424538.541087,1508798038506,7.500000,7.500000,7.500000,7.500000,7.500000,7.500000,7.500000,7.500000
1764424538.549836,1508806787666,7.500000,7.500000,7.500000,7.500000,7.500000,7.500000,7.500000,7.500000
1764424538.558731,1508815682957,7.500000,7.500000,7.500000,7.500000,7.500000,7.500000,7.500000,7.500000
1764424538.567567,1508824518745,7.500000,7.500000,7.500000,7.500000,7.500000,7.500000,7.500000,7.500000
1764424538.576617,1508833568917,7.500000,7.500000,7.500000,7.500000,7.500000,7.500000,7.500000,7.500000
1764424538.585388,1508842339953,7.500000,7.500000,7.500000,7.500000,7.500000,7.500000,7.500000,7.500000
1764424538.594266,1508851218034,7.500000,7.500000,7.500000,7.500000,7.500000,7.500000,7.500000,7.500000
1764424538.603172,1508860123242,7.500000,7.500000,7.500000,7.500000,7.500000,7.500000,7.500000,7.500000
1764424538.612060,1508869011824,7.500000,7.500000,7.500000,7.500000,7.500000,7.500000,7.500000,7.500000
1764424538.622980,1508879931941,7.500000,7.500000,7.500000,7.500000,7.500000,7.500000,7.500000,7.500000
1764424538.631934,1508888885567,7.500000,7.500000,7.500000,7.500000,7.500000,7.500000,7.500000,7.500000
1764424538.640990,1508897941572,7.500000,7.500000,7.500000,7.500000,7.500000,7.500000,7.500000,7.500000
1764424538.649945,1508906896948,7.500000,7.500000,7.500000,7.500000,7.500000,7.500000,7.500000,7.500000
1764424538.658737,1508915688693,7.500000,7.500000,7.500000,7.500000,7.500000,7.500000,7.500000,7.500000
1764424538.667485,1508924436103,7.500000,7.500000,7.500000,7.500000,7.500000,7.500000,7.500000,7.500000
1764424538.676242,1508933193139,7.500000,7.500000,7.500000,7.500000,7.500000,7.500000,7.500000,7.500000
1764424538.685057,1508942008510,7.500000,7.500000,7.500000,7.500000,7.500000,7.500000,7.500000,7.500000
1764424538.693856,1508950808130,7.500000,7.500000,7.500000,7.500000,7.500000,7.500000,7.500000,7.500000
1764424538.702652,1508959603084,7.500000,7.500000,7.500000,7.500000,7.500000,7.500000,7.500000,7.500000
1764424538.711439,1508968390162,7.500000,7.500000,7.500000,7.500000,7.500000,7.500000,7.500000,7.500000
1764424538.720226,1508977177241,7.500000,7.500000,7.500000,7.500000,7.500000,7.500000,7.500000,7.500000
1764424538.729027,1508985978319,7.500000,7.500000,7.500000,7.500000,7.500000,7.500000,7.500000,7.500000
1764424538.739947,1508996898727,7.500000,7.500000,7.500000,7.500000,7.500000,7.500000,7.500000,7.500000
1764424538.748780,1509005731307,7.500000,7.500000,7.500000,7.500000,7.500000,7.500000,7.500000,7.500000
1764424538.757529,1509014481343,7.500000,7.500000,7.500000,7.500000,7.500000,7.500000,7.500000,7.500000
1764424538.766274,1509023225544,7.500000,7.500000,7.500000,7.500000,7.500000,7.500000,7.500000,7.500000
1764424538.775016,1509031967413,7.500000,7.500000,7.500000,7.500000,7.500000,7.500000,7.500000,7.500000
1764424538.783822,1509040774033,7.500000,7.500000,7.500000,7.500000,7.500000,7.500000,7.500000,7.500000
1764424538.792616,1509049567820,7.500000,7.500000,7.500000,7.500000,7.500000,7.500000,7.500000,7.500000
1764424538.801411,1509058362482,7.500000,7.500000,7.500000,7.500000,7.500000,7.500000,7.500000,7.500000
1764424538.810203,1509067154227,7.500000,7.500000,7.500000,7.500000,7.500000,7.500000,7.500000,7.500000
1764424538.821106,1509078057718,7.500000,7.500000,7.500000,7.500000,7.500000,7.500000,7.500000,7.500000
1764424538.829917,1509086868422,7.500000,7.500000,7.500000,7.500000,7.500000,7.500000,7.500000,7.500000
1764424538.838701,1509095652292,7.500000,7.500000,7.500000,7.500000,7.500000,7.500000,7.500000,7.500000
1764424538.847497,1509104448704,7.500000,7.500000,7.500000,7.500000,7.500000,7.500000,7.500000,7.500000
1764424538.856301,1509113252116,7.500000,7.500000,7.500000,7.500000,7.500000,7.500000,7.500000,7.500000
1764424538.865085,1509122036570,7.500000,7.500000,7.500000,7.500000,7.500000,7.500000,7.500000,7.500000
1764424538.873872,1509130823648,7.500000,7.500000,7.500000,7.500000,7.500000,7.500000,7.500000,7.500000
1764424538.882672,1509139623560,7.500000,7.500000,7.500000,7.500000,7.500000,7.500000,7.500000,7.500000
1764424538.891459,1509148411222,7.500000,7.500000,7.500000,7.500000,7.500000,7.500000,7.500000,7.500000
1764424538.900256,1509157207925,7.500000,7.500000,7.500000,7.500000,7.500000,7.500000,7.500000,7.500000
1764424538.909050,1509166001712,7.500000,7.500000,7.500000,7.500000,7.500000,7.500000,7.500000,7.500000
1764424538.919970,1509176921537,7.500000,7.500000,7.500000,7.500000,7.500000,7.500000,7.500000,7.500000
1764424538.928854,1509185805744,7.500000,7.500000,7.500000,7.500000,7.500000,7.500000,7.500000,7.500000
1764424538.937606,1509194557821,7.500000,7.500000,7.500000,7.500000,7.500000,7.500000,7.500000,7.500000
1764424538.946249,1509203200227,7.500000,7.500000,7.500000,7.500000,7.500000,7.500000,7.500000,7.500000
1764424538.955076,1509212028140,7.500000,7.500000,7.500000,7.500000,7.500000,7.500000,7.500000,7.500000
1764424538.963868,1509220819594,7.500000,7.500000,7.500000,7.500000,7.500000,7.500000,7.500000,7.500000
1764424538.972662,1509229614256,7.500000,7.500000,7.500000,7.500000,7.500000,7.500000,7.500000,7.500000
1764424538.981449,1509238400167,7.500000,7.500000,7.500000,7.500000,7.500000,7.500000,7.500000,7.500000
1764424538.990237,1509247188412,7.500000,7.500000,7.500000,7.500000,7.500000,7.500000,7.500000,7.500000
1764424538.998767,1509255718523,7.500000,7.500000,7.500000,7.500000,7.500000,7.500000,7.500000,7.500000
1764424539.009685,1509266636597,7.500000,7.500000,7.500000,7.500000,7.500000,7.500000,7.500000,7.500000
1764424539.018491,1509275442635,7.500000,7.500000,7.500000,7.500000,7.500000,7.500000,7.500000,7.500000
1764424539.027334,1509284285715,7.500000,7.500000,7.500000,7.500000,7.500000,7.500000,7.500000,7.500000
1764424539.036143,1509293094669,7.500000,7.500000,7.500000,7.500000,7.500000,7.500000,7.500000,7.500000
1764424539.044904,1509301856080,7.500000,7.500000,7.500000,7.500000,7.500000,7.500000,7.500000,7.500000
1764424539.053701,1509310652075,7.500000,7.500000,7.500000,7.500000,7.500000,7.500000,7.500000,7.500000
1764424539.062441,1509319392485,7.500000,7.500000,7.500000,7.500000,7.500000,7.500000,7.500000,7.500000
1764424539.071152,1509328103644,7.500000,7.500000,7.500000,7.500000,7.500000,7.500000,7.500000,7.500000
1764424539.081990,1509338940924,7.500000,7.500000,7.500000,7.500000,7.500000,7.500000,7.500000,7.500000
1764424539.090730,1509347681626,7.500000,7.500000,7.500000,7.500000,7.500000,7.500000,7.500000,7.500000
1764424539.099546,1509356497872,7.500000,7.500000,7.500000,7.500000,7.500000,7.500000,7.500000,7.500000
1764424539.108306,1509365256949,7.500000,7.500000,7.500000,7.500000,7.500000,7.500000,7.500000,7.500000
1764424539.117059,1509374011068,7.500000,7.500000,7.500000,7.500000,7.500000,7.500000,7.500000,7.500000
1764424539.125831,1509382782687,7.500000,7.500000,7.500000,7.500000,7.500000,7.500000,7.500000,7.500000
1764424539.134638,1509391589308,7.500000,7.500000,7.500000,7.500000,7.500000,7.500000,7.500000,7.500000
1764424539.143432,1509400383970,7.500000,7.500000,7.500000,7.500000,7.500000,7.500000,7.500000,7.500000
1764424539.152232,1509409183590,7.500000,7.500000,7.500000,7.500000,7.500000,7.500000,7.500000,7.500000
1764424539.161021,1509417973002,7.500000,7.500000,7.500000,7.500000,7.500000,7.500000,7.500000,7.500000
1764424539.171929,1509428880284,7.500000,7.500000,7.500000,7.500000,7.500000,7.500000,7.500000,7.500000
1764424539.180754,1509437706156,7.500000,7.500000,7.500000,7.500000,7.500000,7.500000,7.500000,7.500000
1764424539.189561,1509446512193,7.500000,7.500000,7.500000,7.500000,7.500000,7.500000,7.500000,7.500000
1764424539.198370,1509455321147,7.500000,7.500000,7.500000,7.500000,7.500000,7.500000,7.500000,7.500000
1764424539.207171,1509464123101,7.500000,7.500000,7.500000,7.500000,7.500000,7.500000,7.500000,7.500000
1764424539.215961,1509472912221,7.500000,7.500000,7.500000,7.500000,7.500000,7.500000,7.500000,7.500000
1764424539.224757,1509481708633,7.500000,7.500000,7.500000,7.500000,7.500000,7.500000,7.500000,7.500000
1764424539.233565,1509490516129,7.500000,7.500000,7.500000,7.500000,7.500000,7.500000,7.500000,7.500000
1764424539.242385,1509499336459,7.500000,7.500000,7.500000,7.500000,7.500000,7.500000,7.500000,7.500000
1764424539.251216,1509508167580,7.500000,7.500000,7.500000,7.500000,7.500000,7.500000,7.500000,7.500000
1764424539.260001,1509516952617,7.500000,7.500000,7.500000,7.500000,7.500000,7.500000,7.500000,7.500000
1764424539.270916,1509527867483,7.500000,7.500000,7.500000,7.500000,7.500000,7.500000,7.500000,7.500000
1764424539.280096,1509537047451,7.500000,7.500000,7.500000,7.500000,7.500000,7.500000,7.500000,7.500000
1764424539.288957,1509545908324,7.500000,7.500000,7.500000,7.500000,7.500000,7.500000,7.500000,7.500000
1764424539.297772,1509554723111,7.500000,7.500000,7.500000,7.500000,7.500000,7.500000,7.500000,7.500000
1764424539.306584,1509563535274,7.500000,7.500000,7.500000,7.500000,7.500000,7.500000,7.500000,7.500000
1764424539.315329,1509572280351,7.500000,7.500000,7.500000,7.500000,7.500000,7.500000,7.500000,7.500000
1764424539.324328,1509581279479,7.500000,7.500000,7.500000,7.500000,7.500000,7.500000,7.500000,7.500000
1764424539.333255,1509590206562,7.500000,7.500000,7.500000,7.500000,7.500000,7.500000,7.500000,7.500000
1764424539.342043,1509598994807,7.500000,7.500000,7.500000,7.500000,7.500000,7.500000,7.500000,7.500000
1764424539.350874,1509607825345,7.500000,7.500000,7.500000,7.500000,7.500000,7.500000,7.500000,7.500000
1764424539.359710,1509616661717,7.500000,7.500000,7.500000,7.500000,7.500000,7.500000,7.500000,7.500000
1764424539.368877,1509625828560,7.500000,7.500000,7.500000,7.500000,7.500000,7.500000,7.500000,7.500000
1764424539.377704,1509634655306,7.500000,7.500000,7.500000,7.500000,7.500000,7.500000,7.500000,7.500000
1764424539.386512,1509643463385,7.500000,7.500000,7.500000,7.500000,7.500000,7.500000,7.500000,7.500000
1764424539.395437,1509652389010,7.500000,7.500000,7.500000,7.500000,7.500000,7.500000,7.500000,7.500000
1764424539.404209,1509661160921,7.500000,7.500000,7.500000,7.500000,7.500000,7.500000,7.500000,7.500000
1764424539.413195,1509670146341,7.500000,7.500000,7.500000,7.500000,7.500000,7.500000,7.500000,7.500000
1764424539.422245,1509679196512,7.500000,7.500000,7.500000,7.500000,7.500000,7.500000,7.500000,7.500000
1764424539.431057,1509688008675,7.500000,7.500000,7.500000,7.500000,7.500000,7.500000,7.500000,7.500000
1764424539.441974,1509698925583,7.500000,7.500000,7.500000,7.500000,7.500000,7.500000,7.500000,7.500000
1764424539.451088,1509708039923,7.500000,7.500000,7.500000,7.500000,7.500000,7.500000,7.500000,7.500000
1764424539.459949,1509716900212,7.500000,7.500000,7.500000,7.500000,7.500000,7.500000,7.500000,7.500000
1764424539.468768,1509725719959,7.500000,7.500000,7.500000,7.500000,7.500000,7.500000,7.500000,7.500000
1764424539.477556,1509734507912,7.500000,7.500000,7.500000,7.500000,7.500000,7.500000,7.500000,7.500000
1764424539.486531,1509743482539,7.500000,7.500000,7.500000,7.500000,7.500000,7.500000,7.500000,7.500000
1764424539.495583,1509752534169,7.500000,7.500000,7.500000,7.500000,7.500000,7.500000,7.500000,7.500000
1764424539.504347,1509761298496,7.500000,7.500000,7.500000,7.500000,7.500000,7.500000,7.500000,7.500000
1764424539.513119,1509770070407,7.500000,7.500000,7.500000,7.500000,7.500000,7.500000,7.500000,7.500000
1764424539.522061,1509779012366,7.500000,7.500000,7.500000,7.500000,7.500000,7.500000,7.500000,7.500000
1764424539.531040,1509787992244,7.500000,7.500000,7.500000,7.500000,7.500000,7.500000,7.500000,7.500000
1764424539.539831,1509796782822,7.500000,7.500000,7.500000,7.500000,7.500000,7.500000,7.500000,7.500000
1764424539.548821,1509805772616,7.500000,7.500000,7.500000,7.500000,7.500000,7.500000,7.500000,7.500000
1764424539.557637,1509814588571,7.500000,7.500000,7.500000,7.500000,7.500000,7.500000,7.500000,7.500000
1764424539.566454,1509823405692,7.500000,7.500000,7.500000,7.500000,7.500000,7.500000,7.500000,7.500000
1764424539.575397,1509832348818,7.500000,7.500000,7.500000,7.500000,7.500000,7.500000,7.500000,7.500000
1764424539.584372,1509841323153,7.500000,7.500000,7.500000,7.500000,7.500000,7.500000,7.500000,7.500000
1764424539.593163,1509850114606,7.500000,7.500000,7.500000,7.500000,7.500000,7.500000,7.500000,7.500000
1764424539.602146,1509859097400,7.500000,7.500000,7.500000,7.500000,7.500000,7.500000,7.500000,7.500000
1764424539.613128,1509870079936,7.500000,7.500000,7.500000,7.500000,7.500000,7.500000,7.500000,7.500000
1764424539.620050,1509877001444,7.500000,7.500000,7.500000,7.500000,7.500000,7.500000,7.500000,7.500000
1764424539.630950,1509887901143,7.500000,7.500000,7.500000,7.500000,7.500000,7.500000,7.500000,7.500000
1764424539.639830,1509896781267,7.500000,7.500000,7.500000,7.500000,7.500000,7.500000,7.500000,7.500000
1764424539.648830,1509905782145,7.500000,7.500000,7.500000,7.500000,7.500000,7.500000,7.500000,7.500000
1764424539.657675,1509914626100,7.500000,7.500000,7.500000,7.500000,7.500000,7.500000,7.500000,7.500000
1764424539.666490,1509923440888,7.500000,7.500000,7.500000,7.500000,7.500000,7.500000,7.500000,7.500000
1764424539.675534,1509932485809,7.500000,7.500000,7.500000,7.500000,7.500000,7.500000,7.500000,7.500000
1764424539.684299,1509941250428,7.500000,7.500000,7.500000,7.500000,7.500000,7.500000,7.500000,7.500000
1764424539.693324,1509950276099,7.500000,7.500000,7.500000,7.500000,7.500000,7.500000,7.500000,7.500000
1764424539.702109,1509959060552,7.500000,7.500000,7.500000,7.500000,7.500000,7.500000,7.500000,7.500000
1764424539.710913,1509967864548,7.500000,7.500000,7.500000,7.500000,7.500000,7.500000,7.500000,7.500000
1764424539.720173,1509977124144,7.500000,7.500000,7.500000,7.500000,7.500000,7.500000,7.500000,7.500000
1764424539.728949,1509985900721,7.500000,7.500000,7.500000,7.500000,7.500000,7.500000,7.500000,7.500000
1764424539.737698,1509994649590,7.500000,7.500000,7.500000,7.500000,7.500000,7.500000,7.500000,7.500000
1764424539.746470,1510003421209,7.500000,7.500000,7.500000,7.500000,7.500000,7.500000,7.500000,7.500000
1764424539.755491,1510012442797,7.500000,7.500000,7.500000,7.500000,7.500000,7.500000,7.500000,7.500000
1764424539.764356,1510021307169,7.500000,7.500000,7.500000,7.500000,7.500000,7.500000,7.500000,7.500000
1764424539.773172,1510030123415,7.500000,7.500000,7.500000,7.500000,7.500000,7.500000,7.500000,7.500000
1764424539.782209,1510039160753,7.500000,7.500000,7.500000,7.500000,7.500000,7.500000,7.500000,7.500000
1764424539.793118,1510050069202,7.500000,7.500000,7.500000,7.500000,7.500000,7.500000,7.500000,7.500000
1764424539.802160,1510059111790,7.500000,7.500000,7.500000,7.500000,7.500000,7.500000,7.500000,7.500000
1764424539.810889,1510067840241,7.500000,7.500000,7.500000,7.500000,7.500000,7.500000,7.500000,7.500000
1764424539.819951,1510076902372,7.500000,7.500000,7.500000,7.500000,7.500000,7.500000,7.500000,7.500000
1764424539.828891,1510085842872,7.500000,7.500000,7.500000,7.500000,7.500000,7.500000,7.500000,7.500000
1764424539.837665,1510094616825,7.500000,7.500000,7.500000,7.500000,7.500000,7.500000,7.500000,7.500000
1764424539.846500,1510103452030,7.500000,7.500000,7.500000,7.500000,7.500000,7.500000,7.500000,7.500000
1764424539.855540,1510112491118,7.500000,7.500000,7.500000,7.500000,7.500000,7.500000,7.500000,7.500000
1764424539.864304,1510121255737,7.500000,7.500000,7.500000,7.500000,7.500000,7.500000,7.500000,7.500000
1764424539.873070,1510130021231,7.500000,7.500000,7.500000,7.500000,7.500000,7.500000,7.500000,7.500000
1764424539.882219,1510139170865,7.500000,7.500000,7.500000,7.500000,7.500000,7.500000,7.500000,7.500000
1764424539.891093,1510148044571,7.500000,7.500000,7.500000,7.500000,7.500000,7.500000,7.500000,7.500000
1764424539.899910,1510156861692,7.500000,7.500000,7.500000,7.500000,7.500000,7.500000,7.500000,7.500000
1764424539.908718,1510165669188,7.500000,7.500000,7.500000,7.500000,7.500000,7.500000,7.500000,7.500000
1764424539.917509,1510174460350,7.500000,7.500000,7.500000,7.500000,7.500000,7.500000,7.500000,7.500000
1764424539.926679,1510183630984,7.500000,7.500000,7.500000,7.500000,7.500000,7.500000,7.500000,7.500000
1764424539.935435,1510192386270,7.500000,7.500000,7.500000,7.500000,7.500000,7.500000,7.500000,7.500000
1764424539.944212,1510201163723,7.500000,7.500000,7.500000,7.500000,7.500000,7.500000,7.500000,7.500000
1764424539.953091,1510210042971,7.500000,7.500000,7.500000,7.500000,7.500000,7.500000,7.500000,7.500000
1764424539.964271,1510221222389,7.500000,7.500000,7.500000,7.500000,7.500000,7.500000,7.500000,7.500000
1764424539.971113,1510228065145,7.500000,7.500000,7.500000,7.500000,7.500000,7.500000,7.500000,7.500000
1764424539.982105,1510239056722,7.500000,7.500000,7.500000,7.500000,7.500000,7.500000,7.500000,7.500000
1764424539.990614,1510247565831,7.500000,7.500000,7.500000,7.500000,7.500000,7.500000,7.500000,7.500000
1764424539.999470,1510256421162,7.500000,7.500000,7.500000,7.500000,7.500000,7.500000,7.500000,7.500000
1764424540.008302,1510265253451,7.500000,7.500000,7.500000,7.500000,7.500000,7.500000,7.500000,7.500000
1764424540.017114,1510274065905,7.500000,7.500000,7.500000,7.500000,7.500000,7.500000,7.500000,7.500000
1764424540.025943,1510282894693,7.500000,7.500000,7.500000,7.500000,7.500000,7.500000,7.500000,7.500000
1764424540.034788,1510291739524,7.500000,7.500000,7.500000,7.500000,7.500000,7.500000,7.500000,7.500000
1764424540.043535,1510300486642,7.500000,7.500000,7.500000,7.500000,7.500000,7.500000,7.500000,7.500000
1764424540.052444,1510309395642,7.500000,7.500000,7.500000,7.500000,7.500000,7.500000,7.500000,7.500000
1764424540.061302,1510318253306,7.500000,7.500000,7.500000,7.500000,7.500000,7.500000,7.500000,7.500000
1764424540.070126,1510327077136,7.500000,7.500000,7.500000,7.500000,7.500000,7.500000,7.500000,7.500000
1764424540.081050,1510338001335,7.500000,7.500000,7.500000,7.500000,7.500000,7.500000,7.500000,7.500000
1764424540.089917,1510346868917,7.500000,7.500000,7.500000,7.500000,7.500000,7.500000,7.500000,7.500000
1764424540.098681,1510355632661,7.500000,7.500000,7.500000,7.500000,7.500000,7.500000,7.500000,7.500000
1764424540.107562,1510364513659,7.500000,7.500000,7.500000,7.500000,7.500000,7.500000,7.500000,7.500000
1764424540.116436,1510373387991,7.500000,7.500000,7.500000,7.500000,7.500000,7.500000,7.500000,7.500000
1764424540.125273,1510382224654,7.500000,7.500000,7.500000,7.500000,7.500000,7.500000,7.500000,7.500000
1764424540.134147,1510391098944,7.500000,7.500000,7.500000,7.500000,7.500000,7.500000,7.500000,7.500000
1764424540.143306,1510400258203,7.500000,7.500000,7.500000,7.500000,7.500000,7.500000,7.500000,7.500000
1764424540.152240,1510409191995,7.500000,7.500000,7.500000,7.500000,7.500000,7.500000,7.500000,7.500000
1764424540.161308,1510418259376,7.500000,7.500000,7.500000,7.500000,7.500000,7.500000,7.500000,7.500000
1764424540.170075,1510427026037,7.500000,7.500000,7.500000,7.500000,7.500000,7.500000,7.500000,7.500000
1764424540.178833,1510435784822,7.500000,7.500000,7.500000,7.500000,7.500000,7.500000,7.500000,7.500000
1764424540.187670,1510444621486,7.500000,7.500000,7.500000,7.500000,7.500000,7.500000,7.500000,7.500000
1764424540.196454,1510453405647,7.500000,7.500000,7.500000,7.500000,7.500000,7.500000,7.500000,7.500000
1764424540.205443,1510462394858,7.500000,7.500000,7.500000,7.500000,7.500000,7.500000,7.500000,7.500000
1764424540.214270,1510471221605,7.500000,7.500000,7.500000,7.500000,7.500000,7.500000,7.500000,7.500000
1764424540.223427,1510480378238,7.500000,7.500000,7.500000,7.500000,7.500000,7.500000,7.500000,7.500000
1764424540.232205,1510489156275,7.500000,7.500000,7.500000,7.500000,7.500000,7.500000,7.500000,7.500000
1764424540.241040,1510497992063,7.500000,7.500000,7.500000,7.500000,7.500000,7.500000,7.500000,7.500000
1764424540.251936,1510508887679,7.500000,7.500000,7.500000,7.500000,7.500000,7.500000,7.500000,7.500000
1764424540.261209,1510518160983,7.500000,7.500000,7.500000,7.500000,7.500000,7.500000,7.500000,7.500000
1764424540.268023,1510524974863,7.500000,7.500000,7.500000,7.500000,7.500000,7.500000,7.500000,7.500000
1764424540.277222,1510534173498,7.500000,7.500000,7.500000,7.500000,7.500000,7.500000,7.500000,7.500000
1764424540.286299,1510543250796,7.500000,7.500000,7.500000,7.500000,7.500000,7.500000,7.500000,7.500000
1764424540.295382,1510552333344,7.500000,7.500000,7.500000,7.500000,7.500000,7.500000,7.500000,7.500000
1764424540.304316,1510561267427,7.500000,7.500000,7.500000,7.500000,7.500000,7.500000,7.500000,7.500000
1764424540.313176,1510570128008,7.500000,7.500000,7.500000,7.500000,7.500000,7.500000,7.500000,7.500000
1764424540.322212,1510579163304,7.500000,7.500000,7.500000,7.500000,7.500000,7.500000,7.500000,7.500000
1764424540.331036,1510587988009,7.500000,7.500000,7.500000,7.500000,7.500000,7.500000,7.500000,7.500000
1764424540.341979,1510598930293,7.500000,7.500000,7.500000,7.500000,7.500000,7.500000,7.500000,7.500000
1764424540.351161,1510608112303,7.500000,7.500000,7.500000,7.500000,7.500000,7.500000,7.500000,7.500000
1764424540.359929,1510616880130,7.500000,7.500000,7.500000,7.500000,7.500000,7.500000,7.500000,7.500000
1764424540.368688,1510625639499,7.500000,7.500000,7.500000,7.500000,7.500000,7.500000,7.500000,7.500000
1764424540.377705,1510634657003,7.500000,7.500000,7.500000,7.500000,7.500000,7.500000,7.500000,7.500000
1764424540.386570,1510643521959,7.500000,7.500000,7.500000,7.500000,7.500000,7.500000,7.500000,7.500000
1764424540.395515,1510652466543,7.500000,7.500000,7.500000,7.500000,7.500000,7.500000,7.500000,7.500000
1764424540.404333,1510661284831,7.500000,7.500000,7.500000,7.500000,7.500000,7.500000,7.500000,7.500000
1764424540.412934,1510669886111,7.500000,7.500000,7.500000,7.500000,7.500000,7.500000,7.500000,7.500000
1764424542.737760,1512994711557,7.500000,7.500000,7.500000,7.500000,7.500000,7.500000,7.500000,7.500000
1764424542.740385,1512997336947,7.500000,7.500000,7.500000,7.500000,7.500000,7.500000,7.500000,7.500000
1764424542.742859,1512999810664,7.500000,7.500000,7.500000,7.500000,7.500000,7.500000,7.500000,7.500000
1764424542.745276,1513002227505,7.500000,7.500000,7.500000,7.500000,7.500000,7.500000,7.500000,7.500000
1764424542.747759,1513004710556,7.500000,7.500000,7.500000,7.500000,7.500000,7.500000,7.500000,7.500000
1764424542.750156,1513007107562,7.500000,7.500000,7.500000,7.500000,7.500000,7.500000,7.500000,7.500000
1764424542.752547,1513009498151,7.500000,7.500000,7.500000,7.500000,7.500000,7.500000,7.500000,7.500000
1764424542.754957,1513011908575,7.500000,7.500000,7.500000,7.500000,7.500000,7.500000,7.500000,7.500000
1764424542.757375,1513014326582,7.500000,7.500000,7.500000,7.500000,7.500000,7.500000,7.500000,7.500000
1764424542.759775,1513016726796,7.500000,7.500000,7.500000,7.500000,7.500000,7.500000,7.500000,7.500000
1764424542.762165,1513019116219,7.500000,7.500000,7.500000,7.500000,7.500000,7.500000,7.500000,7.500000
1764424542.764559,1513021511183,7.500000,7.500000,7.500000,7.500000,7.500000,7.500000,7.500000,7.500000
1764424542.766951,1513023902356,7.500000,7.500000,7.500000,7.500000,7.500000,7.500000,7.500000,7.500000
1764424542.769349,1513026300821,7.500000,7.500000,7.500000,7.500000,7.500000,7.500000,7.500000,7.500000
1764424542.771742,1513028693452,7.500000,7.500000,7.500000,7.500000,7.500000,7.500000,7.500000,7.500000
1764424542.774133,1513031084333,7.500000,7.500000,7.500000,7.500000,7.500000,7.500000,7.500000,7.500000
1764424542.776492,1513033443713,7.500000,7.500000,7.500000,7.500000,7.500000,7.500000,7.500000,7.500000
1764424542.778888,1513035839261,7.500000,7.500000,7.500000,7.500000,7.500000,7.500000,7.500000,7.500000
1764424542.781278,1513038229850,7.500000,7.500000,7.500000,7.500000,7.500000,7.500000,7.500000,7.500000
1764424542.783669,1513040621023,7.500000,7.500000,7.500000,7.500000,7.500000,7.500000,7.500000,7.500000
1764424542.786058,1513043010153,7.500000,7.500000,7.500000,7.500000,7.500000,7.500000,7.500000,7.500000
1764424542.788449,1513045400159,7.500000,7.500000,7.500000,7.500000,7.500000,7.500000,7.500000,7.500000
1764424542.790845,1513047796582,7.500000,7.500000,7.500000,7.500000,7.500000,7.500000,7.500000,7.500000
1764424542.793236,1513050187755,7.500000,7.500000,7.500000,7.500000,7.500000,7.500000,7.500000,7.500000
1764424542.795625,1513052576886,7.500000,7.500000,7.500000,7.500000,7.500000,7.500000,7.500000,7.500000
1764424542.798014,1513054965725,7.500000,7.500000,7.500000,7.500000,7.500000,7.500000,7.500000,7.500000
1764424542.800412,1513057364190,7.500000,7.500000,7.500000,7.500000,7.500000,7.500000,7.500000,7.500000
1764424542.802801,1513059752737,7.500000,7.500000,7.500000,7.500000,7.500000,7.500000,7.500000,7.500000
1764424542.805213,1513062164911,7.500000,7.500000,7.500000,7.500000,7.500000,7.500000,7.500000,7.500000
1764424542.807610,1513064561917,7.500000,7.500000,7.500000,7.500000,7.500000,7.500000,7.500000,7.500000
1764424542.810002,1513066953673,7.500000,7.500000,7.500000,7.500000,7.500000,7.500000,7.500000,7.500000
1764424542.812392,1513069343387,7.500000,7.500000,7.500000,7.500000,7.500000,7.500000,7.500000,7.500000
1764424542.814782,1513071733393,7.500000,7.500000,7.500000,7.500000,7.500000,7.500000,7.500000,7.500000
1764424542.817173,1513074125149,7.500000,7.500000,7.500000,7.500000,7.500000,7.500000,7.500000,7.500000
1764424542.819562,1513076513989,7.500000,7.500000,7.500000,7.500000,7.500000,7.500000,7.500000,7.500000
1764424542.821970,1513078921495,7.500000,7.500000,7.500000,7.500000,7.500000,7.500000,7.500000,7.500000
1764424542.824361,1513081312085,7.500000,7.500000,7.500000,7.500000,7.500000,7.500000,7.500000,7.500000
1764424542.826753,1513083704424,7.500000,7.500000,7.500000,7.500000,7.500000,7.500000,7.500000,7.500000
1764424542.829143,1513086094430,7.500000,7.500000,7.500000,7.500000,7.500000,7.500000,7.500000,7.500000
1764424542.831535,1513088485894,7.500000,7.500000,7.500000,7.500000,7.500000,7.500000,7.500000,7.500000
1764424542.833934,1513090885526,7.500000,7.500000,7.500000,7.500000,7.500000,7.500000,7.500000,7.500000
1764424542.836330,1513093281657,7.500000,7.500000,7.500000,7.500000,7.500000,7.500000,7.500000,7.500000
1764424542.838719,1513095670496,7.500000,7.500000,7.500000,7.500000,7.500000,7.500000,7.500000,7.500000
1764424542.841110,1513098061960,7.500000,7.500000,7.500000,7.500000,7.500000,7.500000,7.500000,7.500000
1764424542.843504,1513100455466,7.500000,7.500000,7.500000,7.500000,7.500000,7.500000,7.500000,7.500000
1764424542.845895,1513102846347,7.500000,7.500000,7.500000,7.500000,7.500000,7.500000,7.500000,7.500000
1764424542.848285,1513105236937,7.500000,7.500000,7.500000,7.500000,7.500000,7.500000,7.500000,7.500000
1764424542.850677,1513107628401,7.500000,7.500000,7.500000,7.500000,7.500000,7.500000,7.500000,7.500000
1764424542.853074,1513110025407,7.500000,7.500000,7.500000,7.500000,7.500000,7.500000,7.500000,7.500000
1764424542.855491,1513112442539,7.500000,7.500000,7.500000,7.500000,7.500000,7.500000,7.500000,7.500000
1764424542.857887,1513114838087,7.500000,7.500000,7.500000,7.500000,7.500000,7.500000,7.500000,7.500000
1764424542.860280,1513117231593,7.500000,7.500000,7.500000,7.500000,7.500000,7.500000,7.500000,7.500000
1764424542.862670,1513119621599,7.500000,7.500000,7.500000,7.500000,7.500000,7.500000,7.500000,7.500000
1764424542.865070,1513122022106,7.500000,7.500000,7.500000,7.500000,7.500000,7.500000,7.500000,7.500000
1764424542.867463,1513124414445,7.500000,7.500000,7.500000,7.500000,7.500000,7.500000,7.500000,7.500000
1764424542.869829,1513126780242,7.500000,7.500000,7.500000,7.500000,7.500000,7.500000,7.500000,7.500000
1764424542.872218,1513129169664,7.500000,7.500000,7.500000,7.500000,7.500000,7.500000,7.500000,7.500000
1764424542.874608,1513131559087,7.500000,7.500000,7.500000,7.500000,7.500000,7.500000,7.500000,7.500000
1764424542.877003,1513133954926,7.500000,7.500000,7.500000,7.500000,7.500000,7.500000,7.500000,7.500000
1764424542.879391,1513136342891,7.500000,7.500000,7.500000,7.500000,7.500000,7.500000,7.500000,7.500000
1764424542.881781,1513138732022,7.500000,7.500000,7.500000,7.500000,7.500000,7.500000,7.500000,7.500000
1764424542.884170,1513141121444,7.500000,7.500000,7.500000,7.500000,7.500000,7.500000,7.500000,7.500000
1764424542.886568,1513143519325,7.500000,7.500000,7.500000,7.500000,7.500000,7.500000,7.500000,7.500000
1764424542.888955,1513145906998,7.500000,7.500000,7.500000,7.500000,7.500000,7.500000,7.500000,7.500000
1764424542.891344,1513148295546,7.500000,7.500000,7.500000,7.500000,7.500000,7.500000,7.500000,7.500000
1764424542.893735,1513150686427,7.500000,7.500000,7.500000,7.500000,7.500000,7.500000,7.500000,7.500000
1764424542.896122,1513153073807,7.500000,7.500000,7.500000,7.500000,7.500000,7.500000,7.500000,7.500000
1764424542.898519,1513155470230,7.500000,7.500000,7.500000,7.500000,7.500000,7.500000,7.500000,7.500000
1764424542.900886,1513157837194,7.500000,7.500000,7.500000,7.500000,7.500000,7.500000,7.500000,7.500000
1764424542.903276,1513160227783,7.500000,7.500000,7.500000,7.500000,7.500000,7.500000,7.500000,7.500000
1764424542.905686,1513162637915,7.500000,7.500000,7.500000,7.500000,7.500000,7.500000,7.500000,7.500000
1764424542.908090,1513165041630,7.500000,7.500000,7.500000,7.500000,7.500000,7.500000,7.500000,7.500000
1764424542.910483,1513167434844,7.500000,7.500000,7.500000,7.500000,7.500000,7.500000,7.500000,7.500000
1764424542.912872,1513169823100,7.500000,7.500000,7.500000,7.500000,7.500000,7.500000,7.500000,7.500000
1764424542.915259,1513172210481,7.500000,7.500000,7.500000,7.500000,7.500000,7.500000,7.500000,7.500000
1764424542.917648,1513174599320,7.500000,7.500000,7.500000,7.500000,7.500000,7.500000,7.500000,7.500000
1764424542.920046,1513176997785,7.500000,7.500000,7.500000,7.500000,7.500000,7.500000,7.500000,7.500000
1764424542.922550,1513179501545,7.500000,7.500000,7.500000,7.500000,7.500000,7.500000,7.500000,7.500000
1764424542.924945,1513181896801,7.500000,7.500000,7.500000,7.500000,7.500000,7.500000,7.500000,7.500000
1764424542.927337,1513184288265,7.500000,7.500000,7.500000,7.500000,7.500000,7.500000,7.500000,7.500000
1764424542.929742,1513186694022,7.500000,7.500000,7.500000,7.500000,7.500000,7.500000,7.500000,7.500000
1764424542.932160,1513189111154,7.500000,7.500000,7.500000,7.500000,7.500000,7.500000,7.500000,7.500000
1764424542.934560,1513191511369,7.500000,7.500000,7.500000,7.500000,7.500000,7.500000,7.500000,7.500000
1764424542.936950,1513193901958,7.500000,7.500000,7.500000,7.500000,7.500000,7.500000,7.500000,7.500000
1764424542.939338,1513196289630,7.500000,7.500000,7.500000,7.500000,7.500000,7.500000,7.500000,7.500000
1764424542.941741,1513198692762,7.500000,7.500000,7.500000,7.500000,7.500000,7.500000,7.500000,7.500000
1764424542.944134,1513201085685,7.500000,7.500000,7.500000,7.500000,7.500000,7.500000,7.500000,7.500000
1764424542.946494,1513203445940,7.500000,7.500000,7.500000,7.500000,7.500000,7.500000,7.500000,7.500000
1764424542.948884,1513205834779,7.500000,7.500000,7.500000,7.500000,7.500000,7.500000,7.500000,7.500000
1764424542.951121,1513208072237,7.500000,7.500000,7.500000,7.500000,7.500000,7.500000,7.500000,7.500000
1764424542.953519,1513210470702,7.500000,7.500000,7.500000,7.500000,7.500000,7.500000,7.500000,7.500000
1764424542.955690,1513212641658,7.500000,7.500000,7.500000,7.500000,7.500000,7.500000,7.500000,7.500000
1764424542.958092,1513215044206,7.500000,7.500000,7.500000,7.500000,7.500000,7.500000,7.500000,7.500000
1764424542.960484,1513217435962,7.500000,7.500000,7.500000,7.500000,7.500000,7.500000,7.500000,7.500000
1764424542.962883,1513219834135,7.500000,7.500000,7.500000,7.500000,7.500000,7.500000,7.500000,7.500000
1764424542.965283,1513222234642,7.500000,7.500000,7.500000,7.500000,7.500000,7.500000,7.500000,7.500000
1764424542.967671,1513224622897,7.500000,7.500000,7.500000,7.500000,7.500000,7.500000,7.500000,7.500000
1764424542.970062,1513227012903,7.500000,7.500000,7.500000,7.500000,7.500000,7.500000,7.500000,7.500000
1764424542.972456,1513229407285,7.500000,7.500000,7.500000,7.500000,7.500000,7.500000,7.500000,7.500000
1764424542.974845,1513231796415,7.500000,7.500000,7.500000,7.500000,7.500000,7.500000,7.500000,7.500000
1764424542.977234,1513234185255,7.500000,7.500000,7.500000,7.500000,7.500000,7.500000,7.500000,7.500000
1764424542.979629,1513236580219,7.500000,7.500000,7.500000,7.500000,7.500000,7.500000,7.500000,7.500000
1764424542.982017,1513238968767,7.500000,7.500000,7.500000,7.500000,7.500000,7.500000,7.500000,7.500000
1764424542.984415,1513241366356,7.500000,7.500000,7.500000,7.500000,7.500000,7.500000,7.500000,7.500000
1764424542.986804,1513243755779,7.500000,7.500000,7.500000,7.500000,7.500000,7.500000,7.500000,7.500000
1764424542.989192,1513246143743,7.500000,7.500000,7.500000,7.500000,7.500000,7.500000,7.500000,7.500000
1764424542.991581,1513248533166,7.500000,7.500000,7.500000,7.500000,7.500000,7.500000,7.500000,7.500000
1764424542.993978,1513250929880,7.500000,7.500000,7.500000,7.500000,7.500000,7.500000,7.500000,7.500000
1764424542.996373,1513253324845,7.500000,7.500000,7.500000,7.500000,7.500000,7.500000,7.500000,7.500000
1764424542.998762,1513255713392,7.500000,7.500000,7.500000,7.500000,7.500000,7.500000,7.500000,7.500000
1764424543.001152,1513258103398,7.500000,7.500000,7.500000,7.500000,7.500000,7.500000,7.500000,7.500000
1764424543.003544,1513260495154,7.500000,7.500000,7.500000,7.500000,7.500000,7.500000,7.500000,7.500000
1764424543.005961,1513262912870,7.500000,7.500000,7.500000,7.500000,7.500000,7.500000,7.500000,7.500000
1764424543.008357,1513265309001,7.500000,7.500000,7.500000,7.500000,7.500000,7.500000,7.500000,7.500000
1764424543.010748,1513267699590,7.500000,7.500000,7.500000,7.500000,7.500000,7.500000,7.500000,7.500000
1764424543.013144,1513270096305,7.500000,7.500000,7.500000,7.500000,7.500000,7.500000,7.500000,7.500000
1764424543.015542,1513272493603,7.500000,7.500000,7.500000,7.500000,7.500000,7.500000,7.500000,7.500000
1764424543.017932,1513274883609,7.500000,7.500000,7.500000,7.500000,7.500000,7.500000,7.500000,7.500000
1764424543.020322,1513277273615,7.500000,7.500000,7.500000,7.500000,7.500000,7.500000,7.500000,7.500000
1764424543.022709,1513279660704,7.500000,7.500000,7.500000,7.500000,7.500000,7.500000,7.500000,7.500000
1764424543.025099,1513282050418,7.500000,7.500000,7.500000,7.500000,7.500000,7.500000,7.500000,7.500000
1764424543.027495,1513284446841,7.500000,7.500000,7.500000,7.500000,7.500000,7.500000,7.500000,7.500000
1764424543.029885,1513286836555,7.500000,7.500000,7.500000,7.500000,7.500000,7.500000,7.500000,7.500000
1764424543.032273,1513289224228,7.500000,7.500000,7.500000,7.500000,7.500000,7.500000,7.500000,7.500000
1764424543.034662,1513291613067,7.500000,7.500000,7.500000,7.500000,7.500000,7.500000,7.500000,7.500000
1764424543.037051,1513294002490,7.500000,7.500000,7.500000,7.500000,7.500000,7.500000,7.500000,7.500000
1764424543.039438,1513296389871,7.500000,7.500000,7.500000,7.500000,7.500000,7.500000,7.500000,7.500000
1764424543.041826,1513298777251,7.500000,7.500000,7.500000,7.500000,7.500000,7.500000,7.500000,7.500000
1764424543.044221,1513301172508,7.500000,7.500000,7.500000,7.500000,7.500000,7.500000,7.500000,7.500000
1764424543.046610,1513303561638,7.500000,7.500000,7.500000,7.500000,7.500000,7.500000,7.500000,7.500000
1764424543.049006,1513305958061,7.500000,7.500000,7.500000,7.500000,7.500000,7.500000,7.500000,7.500000
1764424543.051396,1513308347776,7.500000,7.500000,7.500000,7.500000,7.500000,7.500000,7.500000,7.500000
1764424543.053785,1513310736615,7.500000,7.500000,7.500000,7.500000,7.500000,7.500000,7.500000,7.500000
1764424543.056106,1513313058077,7.500000,7.500000,7.500000,7.500000,7.500000,7.500000,7.500000,7.500000
1764424543.058619,1513315570879,7.500000,7.500000,7.500000,7.500000,7.500000,7.500000,7.500000,7.500000
1764424543.061127,1513318078723,7.500000,7.500000,7.500000,7.500000,7.500000,7.500000,7.500000,7.500000
1764424543.063627,1513320579274,7.500000,7.500000,7.500000,7.500000,7.500000,7.500000,7.500000,7.500000
1764424543.066207,1513323158287,7.500000,7.500000,7.500000,7.500000,7.500000,7.500000,7.500000,7.500000
1764424543.068635,1513325586795,7.500000,7.500000,7.500000,7.500000,7.500000,7.500000,7.500000,7.500000
1764424543.071043,1513327994301,7.500000,7.500000,7.500000,7.500000,7.500000,7.500000,7.500000,7.500000
1764424543.073436,1513330387807,7.500000,7.500000,7.500000,7.500000,7.500000,7.500000,7.500000,7.500000
1764424543.075825,1513332776647,7.500000,7.500000,7.500000,7.500000,7.500000,7.500000,7.500000,7.500000
1764424543.078213,1513335164611,7.500000,7.500000,7.500000,7.500000,7.500000,7.500000,7.500000,7.500000
1764424543.080603,1513337554909,7.500000,7.500000,7.500000,7.500000,7.500000,7.500000,7.500000,7.500000
1764424543.083009,1513339959790,7.500000,7.500000,7.500000,7.500000,7.500000,7.500000,7.500000,7.500000
1764424543.085397,1513342349213,7.500000,7.500000,7.500000,7.500000,7.500000,7.500000,7.500000,7.500000
1764424543.087788,1513344739219,7.500000,7.500000,7.500000,7.500000,7.500000,7.500000,7.500000,7.500000
1764424543.090179,1513347130975,7.500000,7.500000,7.500000,7.500000,7.500000,7.500000,7.500000,7.500000
1764424543.092575,1513349526814,7.500000,7.500000,7.500000,7.500000,7.500000,7.500000,7.500000,7.500000
1764424543.094969,1513351920612,7.500000,7.500000,7.500000,7.500000,7.500000,7.500000,7.500000,7.500000
1764424543.097360,1513354312076,7.500000,7.500000,7.500000,7.500000,7.500000,7.500000,7.500000,7.500000
1764424543.099756,1513356707333,7.500000,7.500000,7.500000,7.500000,7.500000,7.500000,7.500000,7.500000
1764424543.102145,1513359097338,7.500000,7.500000,7.500000,7.500000,7.500000,7.500000,7.500000,7.500000
1764424543.104537,1513361488219,7.500000,7.500000,7.500000,7.500000,7.500000,7.500000,7.500000,7.500000
1764424543.106944,1513363896018,7.500000,7.500000,7.500000,7.500000,7.500000,7.500000,7.500000,7.500000
1764424543.109344,1513366295357,7.500000,7.500000,7.500000,7.500000,7.500000,7.500000,7.500000,7.500000
1764424543.111838,1513368789492,7.500000,7.500000,7.500000,7.500000,7.500000,7.500000,7.500000,7.500000
1764424543.114233,1513371184457,7.500000,7.500000,7.500000,7.500000,7.500000,7.500000,7.500000,7.500000
1764424543.116626,1513373577671,7.500000,7.500000,7.500000,7.500000,7.500000,7.500000,7.500000,7.500000
1764424543.119016,1513375967677,7.500000,7.500000,7.500000,7.500000,7.500000,7.500000,7.500000,7.500000
1764424543.121408,1513378359433,7.500000,7.500000,7.500000,7.500000,7.500000,7.500000,7.500000,7.500000
1764424543.123800,1513380751189,7.500000,7.500000,7.500000,7.500000,7.500000,7.500000,7.500000,7.500000
1764424543.126196,1513383147612,7.500000,7.500000,7.500000,7.500000,7.500000,7.500000,7.500000,7.500000
1764424543.128587,1513385538493,7.500000,7.500000,7.500000,7.500000,7.500000,7.500000,7.500000,7.500000
1764424543.130979,1513387930541,7.500000,7.500000,7.500000,7.500000,7.500000,7.500000,7.500000,7.500000
1764424543.133370,1513390322005,7.500000,7.500000,7.500000,7.500000,7.500000,7.500000,7.500000,7.500000
1764424543.135767,1513392719303,7.500000,7.500000,7.500000,7.500000,7.500000,7.500000,7.500000,7.500000
1764424543.138159,1513395110476,7.500000,7.500000,7.500000,7.500000,7.500000,7.500000,7.500000,7.500000
1764424543.140550,1513397501940,7.500000,7.500000,7.500000,7.500000,7.500000,7.500000,7.500000,7.500000
1764424543.142949,1513399900988,7.500000,7.500000,7.500000,7.500000,7.500000,7.500000,7.500000,7.500000
1764424543.145339,1513402290702,7.500000,7.500000,7.500000,7.500000,7.500000,7.500000,7.500000,7.500000
1764424543.147738,1513404689750,7.500000,7.500000,7.500000,7.500000,7.500000,7.500000,7.500000,7.500000
1764424543.150129,1513407080923,7.500000,7.500000,7.500000,7.500000,7.500000,7.500000,7.500000,7.500000
1764424543.152519,1513409470929,7.500000,7.500000,7.500000,7.500000,7.500000,7.500000,7.500000,7.500000
1764424543.154911,1513411862685,7.500000,7.500000,7.500000,7.500000,7.500000,7.500000,7.500000,7.500000
1764424543.157331,1513414282734,7.500000,7.500000,7.500000,7.500000,7.500000,7.500000,7.500000,7.500000
1764424543.159739,1513416690824,7.500000,7.500000,7.500000,7.500000,7.500000,7.500000,7.500000,7.500000
1764424543.162130,1513419081705,7.500000,7.500000,7.500000,7.500000,7.500000,7.500000,7.500000,7.500000
1764424543.164521,1513421472002,7.500000,7.500000,7.500000,7.500000,7.500000,7.500000,7.500000,7.500000
1764424543.166913,1513423864342,7.500000,7.500000,7.500000,7.500000,7.500000,7.500000,7.500000,7.500000
1764424543.169310,1513426261056,7.500000,7.500000,7.500000,7.500000,7.500000,7.500000,7.500000,7.500000
1764424543.171701,1513428652521,7.500000,7.500000,7.500000,7.500000,7.500000,7.500000,7.500000,7.500000
1764424543.174095,1513431046318,7.500000,7.500000,7.500000,7.500000,7.500000,7.500000,7.500000,7.500000
1764424543.176492,1513433443616,7.500000,7.500000,7.500000,7.500000,7.500000,7.500000,7.500000,7.500000
1764424543.178888,1513435839456,7.500000,7.500000,7.500000,7.500000,7.500000,7.500000,7.500000,7.500000
1764424543.181279,1513438230920,7.500000,7.500000,7.500000,7.500000,7.500000,7.500000,7.500000,7.500000
1764424543.183671,1513440622385,7.500000,7.500000,7.500000,7.500000,7.500000,7.500000,7.500000,7.500000
1764424543.186059,1513443010640,7.500000,7.500000,7.500000,7.500000,7.500000,7.500000,7.500000,7.500000
1764424543.188449,1513445400938,7.500000,7.500000,7.500000,7.500000,7.500000,7.500000,7.500000,7.500000
1764424543.190846,1513447797653,7.500000,7.500000,7.500000,7.500000,7.500000,7.500000,7.500000,7.500000
1764424543.193238,1513450189117,7.500000,7.500000,7.500000,7.500000,7.500000,7.500000,7.500000,7.500000
1764424543.195627,1513452578831,7.500000,7.500000,7.500000,7.500000,7.500000,7.500000,7.500000,7.500000
1764424543.198018,1513454969712,7.500000,7.500000,7.500000,7.500000,7.500000,7.500000,7.500000,7.500000
1764424543.200416,1513457367594,7.500000,7.500000,7.500000,7.500000,7.500000,7.500000,7.500000,7.500000
1764424543.202805,1513459756724,7.500000,7.500000,7.500000,7.500000,7.500000,7.500000,7.500000,7.500000
1764424543.205202,1513462153439,7.500000,7.500000,7.500000,7.500000,7.500000,7.500000,7.500000,7.500000
1764424543.207553,1513464504652,7.500000,7.500000,7.500000,7.500000,7.500000,7.500000,7.500000,7.500000
1764424543.209945,1513466896700,7.500000,7.500000,7.500000,7.500000,7.500000,7.500000,7.500000,7.500000
1764424543.212342,1513469293122,7.500000,7.500000,7.500000,7.500000,7.500000,7.500000,7.500000,7.500000
1764424543.214733,1513471684295,7.500000,7.500000,7.500000,7.500000,7.500000,7.500000,7.500000,7.500000
1764424543.217124,1513474075759,7.500000,7.500000,7.500000,7.500000,7.500000,7.500000,7.500000,7.500000
1764424543.219513,1513476464890,7.500000,7.500000,7.500000,7.500000,7.500000,7.500000,7.500000,7.500000
1764424543.221910,1513478861313,7.500000,7.500000,7.500000,7.500000,7.500000,7.500000,7.500000,7.500000
1764424543.224301,1513481251903,7.500000,7.500000,7.500000,7.500000,7.500000,7.500000,7.500000,7.500000
1764424543.226691,1513483643367,7.500000,7.500000,7.500000,7.500000,7.500000,7.500000,7.500000,7.500000
1764424543.229082,1513486033373,7.500000,7.500000,7.500000,7.500000,7.500000,7.500000,7.500000,7.500000
1764424543.231473,1513488424254,7.500000,7.500000,7.500000,7.500000,7.500000,7.500000,7.500000,7.500000
1764424543.233870,1513490821552,7.500000,7.500000,7.500000,7.500000,7.500000,7.500000,7.500000,7.500000
1764424543.236295,1513493246559,7.500000,7.500000,7.500000,7.500000,7.500000,7.500000,7.500000,7.500000
1764424543.238697,1513495648815,7.500000,7.500000,7.500000,7.500000,7.500000,7.500000,7.500000,7.500000
1764424543.241088,1513498039988,7.500000,7.500000,7.500000,7.500000,7.500000,7.500000,7.500000,7.500000
1764424543.243488,1513500439328,7.500000,7.500000,7.500000,7.500000,7.500000,7.500000,7.500000,7.500000
1764424543.245895,1513502846543,7.500000,7.500000,7.500000,7.500000,7.500000,7.500000,7.500000,7.500000
1764424543.248291,1513505242382,7.500000,7.500000,7.500000,7.500000,7.500000,7.500000,7.500000,7.500000
1764424543.250682,1513507634138,7.500000,7.500000,7.500000,7.500000,7.500000,7.500000,7.500000,7.500000
1764424543.253082,1513510033478,7.500000,7.500000,7.500000,7.500000,7.500000,7.500000,7.500000,7.500000
1764424543.255482,1513512433693,7.500000,7.500000,7.500000,7.500000,7.500000,7.500000,7.500000,7.500000
1764424543.257873,1513514824282,7.500000,7.500000,7.500000,7.500000,7.500000,7.500000,7.500000,7.500000
1764424543.260264,1513517215455,7.500000,7.500000,7.500000,7.500000,7.500000,7.500000,7.500000,7.500000
1764424543.262653,1513519604002,7.500000,7.500000,7.500000,7.500000,7.500000,7.500000,7.500000,7.500000
1764424543.265050,1513522001300,7.500000,7.500000,7.500000,7.500000,7.500000,7.500000,7.500000,7.500000
1764424543.267440,1513524391889,7.500000,7.500000,7.500000,7.500000,7.500000,7.500000,7.500000,7.500000
1764424543.269829,1513526780145,7.500000,7.500000,7.500000,7.500000,7.500000,7.500000,7.500000,7.500000
1764424543.272218,1513529168985,7.500000,7.500000,7.500000,7.500000,7.500000,7.500000,7.500000,7.500000
1764424543.274608,1513531559574,7.500000,7.500000,7.500000,7.500000,7.500000,7.500000,7.500000,7.500000
1764424543.277006,1513533957163,7.500000,7.500000,7.500000,7.500000,7.500000,7.500000,7.500000,7.500000
1764424543.279394,1513536345419,7.500000,7.500000,7.500000,7.500000,7.500000,7.500000,7.500000,7.500000
1764424543.281784,1513538735134,7.500000,7.500000,7.500000,7.500000,7.500000,7.500000,7.500000,7.500000
1764424543.284172,1513541123681,7.500000,7.500000,7.500000,7.500000,7.500000,7.500000,7.500000,7.500000
1764424543.286571,1513543522146,7.500000,7.500000,7.500000,7.500000,7.500000,7.500000,7.500000,7.500000
1764424543.288959,1513545910693,7.500000,7.500000,7.500000,7.500000,7.500000,7.500000,7.500000,7.500000
1764424543.291349,1513548300991,7.500000,7.500000,7.500000,7.500000,7.500000,7.500000,7.500000,7.500000
1764424543.293741,1513550692164,7.500000,7.500000,7.500000,7.500000,7.500000,7.500000,7.500000,7.500000
1764424543.296131,1513553082170,7.500000,7.500000,7.500000,7.500000,7.500000,7.500000,7.500000,7.500000
1764424543.298527,1513555478593,7.500000,7.500000,7.500000,7.500000,7.500000,7.500000,7.500000,7.500000
1764424543.300995,1513557946185,7.500000,7.500000,7.500000,7.500000,7.500000,7.500000,7.500000,7.500000
1764424543.303386,1513560337649,7.500000,7.500000,7.500000,7.500000,7.500000,7.500000,7.500000,7.500000
1764424543.305775,1513562726197,7.500000,7.500000,7.500000,7.500000,7.500000,7.500000,7.500000,7.500000
1764424543.308174,1513565125245,7.500000,7.500000,7.500000,7.500000,7.500000,7.500000,7.500000,7.500000
1764424543.310566,1513567517292,7.500000,7.500000,7.500000,7.500000,7.500000,7.500000,7.500000,7.500000
1764424543.312961,1513569912840,7.500000,7.500000,7.500000,7.500000,7.500000,7.500000,7.500000,7.500000
1764424543.315350,1513572301971,7.500000,7.500000,7.500000,7.500000,7.500000,7.500000,7.500000,7.500000
1764424543.317740,1513574691394,7.500000,7.500000,7.500000,7.500000,7.500000,7.500000,7.500000,7.500000
1764424543.320138,1513577089567,7.500000,7.500000,7.500000,7.500000,7.500000,7.500000,7.500000,7.500000
1764424543.322526,1513579477239,7.500000,7.500000,7.500000,7.500000,7.500000,7.500000,7.500000,7.500000
1764424543.324917,1513581868412,7.500000,7.500000,7.500000,7.500000,7.500000,7.500000,7.500000,7.500000
1764424543.327307,1513584257835,7.500000,7.500000,7.500000,7.500000,7.500000,7.500000,7.500000,7.500000
1764424543.329708,1513586660091,7.500000,7.500000,7.500000,7.500000,7.500000,7.500000,7.500000,7.500000
1764424543.332096,1513589047764,7.500000,7.500000,7.500000,7.500000,7.500000,7.500000,7.500000,7.500000
1764424543.334488,1513591439811,7.500000,7.500000,7.500000,7.500000,7.500000,7.500000,7.500000,7.500000
1764424543.336879,1513593830692,7.500000,7.500000,7.500000,7.500000,7.500000,7.500000,7.500000,7.500000
1764424543.339267,1513596218365,7.500000,7.500000,7.500000,7.500000,7.500000,7.500000,7.500000,7.500000
1764424543.341664,1513598614788,7.500000,7.500000,7.500000,7.500000,7.500000,7.500000,7.500000,7.500000
1764424543.344055,1513601006252,7.500000,7.500000,7.500000,7.500000,7.500000,7.500000,7.500000,7.500000
1764424543.346450,1513603401800,7.500000,7.500000,7.500000,7.500000,7.500000,7.500000,7.500000,7.500000
1764424543.348839,1513605790639,7.500000,7.500000,7.500000,7.500000,7.500000,7.500000,7.500000,7.500000
1764424543.351236,1513608187354,7.500000,7.500000,7.500000,7.500000,7.500000,7.500000,7.500000,7.500000
1764424543.353627,1513610578235,7.500000,7.500000,7.500000,7.500000,7.500000,7.500000,7.500000,7.500000
1764424543.356014,1513612966199,7.500000,7.500000,7.500000,7.500000,7.500000,7.500000,7.500000,7.500000
1764424543.358405,1513615356497,7.500000,7.500000,7.500000,7.500000,7.500000,7.500000,7.500000,7.500000
1764424543.360795,1513617746794,7.500000,7.500000,7.500000,7.500000,7.500000,7.500000,7.500000,7.500000
1764424543.363162,1513620113466,7.500000,7.500000,7.500000,7.500000,7.500000,7.500000,7.500000,7.500000
1764424543.365551,1513622502597,7.500000,7.500000,7.500000,7.500000,7.500000,7.500000,7.500000,7.500000
1764424543.367941,1513624893186,7.500000,7.500000,7.500000,7.500000,7.500000,7.500000,7.500000,7.500000
1764424543.370331,1513627283192,7.500000,7.500000,7.500000,7.500000,7.500000,7.500000,7.500000,7.500000
1764424543.372726,1513629677865,7.500000,7.500000,7.500000,7.500000,7.500000,7.500000,7.500000,7.500000
1764424543.375117,1513632068454,7.500000,7.500000,7.500000,7.500000,7.500000,7.500000,7.500000,7.500000
1764424543.377506,1513634457294,7.500000,7.500000,7.500000,7.500000,7.500000,7.500000,7.500000,7.500000
1764424543.379895,1513636846716,7.500000,7.500000,7.500000,7.500000,7.500000,7.500000,7.500000,7.500000
1764424543.382284,1513639235555,7.500000,7.500000,7.500000,7.500000,7.500000,7.500000,7.500000,7.500000
1764424543.384681,1513641632562,7.500000,7.500000,7.500000,7.500000,7.500000,7.500000,7.500000,7.500000
1764424543.387071,1513644023151,7.500000,7.500000,7.500000,7.500000,7.500000,7.500000,7.500000,7.500000
1764424543.389460,1513646411698,7.500000,7.500000,7.500000,7.500000,7.500000,7.500000,7.500000,7.500000
1764424543.391850,1513648802288,7.500000,7.500000,7.500000,7.500000,7.500000,7.500000,7.500000,7.500000
1764424543.394227,1513651178002,7.500000,7.500000,7.500000,7.500000,7.500000,7.500000,7.500000,7.500000
1764424543.396617,1513653568591,7.500000,7.500000,7.500000,7.500000,7.500000,7.500000,7.500000,7.500000
1764424543.398900,1513655851260,7.500000,7.500000,7.500000,7.500000,7.500000,7.500000,7.500000,7.500000
1764424543.401289,1513658240099,7.500000,7.500000,7.500000,7.500000,7.500000,7.500000,7.500000,7.500000
1764424543.403679,1513660630688,7.500000,7.500000,7.500000,7.500000,7.500000,7.500000,7.500000,7.500000
1764424543.406075,1513663026528,7.500000,7.500000,7.500000,7.500000,7.500000,7.500000,7.500000,7.500000
1764424543.408466,1513665417700,7.500000,7.500000,7.500000,7.500000,7.500000,7.500000,7.500000,7.500000
1764424543.410854,1513667805956,7.500000,7.500000,7.500000,7.500000,7.500000,7.500000,7.500000,7.500000
1764424543.413248,1513670198879,7.500000,7.500000,7.500000,7.500000,7.500000,7.500000,7.500000,7.500000
1764424543.415643,1513672594718,7.500000,7.500000,7.500000,7.500000,7.500000,7.500000,7.500000,7.500000
1764424543.418033,1513674984141,7.500000,7.500000,7.500000,7.500000,7.500000,7.500000,7.500000,7.500000
1764424543.420423,1513677374439,7.500000,7.500000,7.500000,7.500000,7.500000,7.500000,7.500000,7.500000
1764424543.422811,1513679762695,7.500000,7.500000,7.500000,7.500000,7.500000,7.500000,7.500000,7.500000
1764424543.425200,1513682151826,7.500000,7.500000,7.500000,7.500000,7.500000,7.500000,7.500000,7.500000
1764424543.427568,1513684519664,7.500000,7.500000,7.500000,7.500000,7.500000,7.500000,7.500000,7.500000
1764424543.429958,1513686909670,7.500000,7.500000,7.500000,7.500000,7.500000,7.500000,7.500000,7.500000
1764424543.432347,1513689298218,7.500000,7.500000,7.500000,7.500000,7.500000,7.500000,7.500000,7.500000
1764424543.434737,1513691688807,7.500000,7.500000,7.500000,7.500000,7.500000,7.500000,7.500000,7.500000
1764424543.437134,1513694085813,7.500000,7.500000,7.500000,7.500000,7.500000,7.500000,7.500000,7.500000
1764424543.439524,1513696475819,7.500000,7.500000,7.500000,7.500000,7.500000,7.500000,7.500000,7.500000
1764424543.441911,1513698863200,7.500000,7.500000,7.500000,7.500000,7.500000,7.500000,7.500000,7.500000
1764424543.444302,1513701253789,7.500000,7.500000,7.500000,7.500000,7.500000,7.500000,7.500000,7.500000
1764424543.446693,1513703644962,7.500000,7.500000,7.500000,7.500000,7.500000,7.500000,7.500000,7.500000
1764424543.449089,1513706041093,7.500000,7.500000,7.500000,7.500000,7.500000,7.500000,7.500000,7.500000
1764424543.451480,1513708431391,7.500000,7.500000,7.500000,7.500000,7.500000,7.500000,7.500000,7.500000
1764424543.453870,1513710821397,7.500000,7.500000,7.500000,7.500000,7.500000,7.500000,7.500000,7.500000
1764424543.456265,1513713216070,7.500000,7.500000,7.500000,7.500000,7.500000,7.500000,7.500000,7.500000
1764424543.458661,1513715612201,7.500000,7.500000,7.500000,7.500000,7.500000,7.500000,7.500000,7.500000
1764424543.461051,1513718003082,7.500000,7.500000,7.500000,7.500000,7.500000,7.500000,7.500000,7.500000
1764424543.463441,1513720392504,7.500000,7.500000,7.500000,7.500000,7.500000,7.500000,7.500000,7.500000
1764424543.466129,1513723081188,7.500000,7.500000,7.500000,7.500000,7.500000,7.500000,7.500000,7.500000
1764424543.468790,1513725741871,7.500000,7.500000,7.500000,7.500000,7.500000,7.500000,7.500000,7.500000
1764424543.471357,1513728308925,7.500000,7.500000,7.500000,7.500000,7.500000,7.500000,7.500000,7.500000
1764424543.473923,1513730875104,7.500000,7.500000,7.500000,7.500000,7.500000,7.500000,7.500000,7.500000
1764424543.476508,1513733459951,7.500000,7.500000,7.500000,7.500000,7.500000,7.500000,7.500000,7.500000
1764424543.479067,1513736018546,7.500000,7.500000,7.500000,7.500000,7.500000,7.500000,7.500000,7.500000
1764424543.481629,1513738580934,7.500000,7.500000,7.500000,7.500000,7.500000,7.500000,7.500000,7.500000
1764424543.484253,1513741205449,7.500000,7.500000,7.500000,7.500000,7.500000,7.500000,7.500000,7.500000
1764424543.486830,1513743781253,7.500000,7.500000,7.500000,7.500000,7.500000,7.500000,7.500000,7.500000
1764424543.489392,1513746343641,7.500000,7.500000,7.500000,7.500000,7.500000,7.500000,7.500000,7.500000
1764424543.492229,1513749180497,7.500000,7.500000,7.500000,7.500000,7.500000,7.500000,7.500000,7.500000
1764424543.494814,1513751765635,7.500000,7.500000,7.500000,7.500000,7.500000,7.500000,7.500000,7.500000
1764424543.497388,1513754339981,7.500000,7.500000,7.500000,7.500000,7.500000,7.500000,7.500000,7.500000
1764424543.499961,1513756912869,7.500000,7.500000,7.500000,7.500000,7.500000,7.500000,7.500000,7.500000
1764424543.502519,1513759470881,7.500000,7.500000,7.500000,7.500000,7.500000,7.500000,7.500000,7.500000
1764424543.505086,1513762037935,7.500000,7.500000,7.500000,7.500000,7.500000,7.500000,7.500000,7.500000
1764424543.507670,1513764621907,7.500000,7.500000,7.500000,7.500000,7.500000,7.500000,7.500000,7.500000
1764424543.510236,1513767188086,7.500000,7.500000,7.500000,7.500000,7.500000,7.500000,7.500000,7.500000
1764424543.512794,1513769745223,7.500000,7.500000,7.500000,7.500000,7.500000,7.500000,7.500000,7.500000
1764424543.515357,1513772309069,7.500000,7.500000,7.500000,7.500000,7.500000,7.500000,7.500000,7.500000
1764424543.517923,1513774874957,7.500000,7.500000,7.500000,7.500000,7.500000,7.500000,7.500000,7.500000
1764424543.520491,1513777442594,7.500000,7.500000,7.500000,7.500000,7.500000,7.500000,7.500000,7.500000
1764424543.523090,1513780042316,7.500000,7.500000,7.500000,7.500000,7.500000,7.500000,7.500000,7.500000
1764424543.525650,1513782602079,7.500000,7.500000,7.500000,7.500000,7.500000,7.500000,7.500000,7.500000
1764424543.528220,1513785171758,7.500000,7.500000,7.500000,7.500000,7.500000,7.500000,7.500000,7.500000
1764424543.530788,1513787740271,7.500000,7.500000,7.500000,7.500000,7.500000,7.500000,7.500000,7.500000
1764424543.533363,1513790315492,7.500000,7.500000,7.500000,7.500000,7.500000,7.500000,7.500000,7.500000
1764424543.535922,1513792873796,7.500000,7.500000,7.500000,7.500000,7.500000,7.500000,7.500000,7.500000
1764424543.538487,1513795438808,7.500000,7.500000,7.500000,7.500000,7.500000,7.500000,7.500000,7.500000
1764424543.541057,1513798008779,7.500000,7.500000,7.500000,7.500000,7.500000,7.500000,7.500000,7.500000
1764424543.543622,1513800574084,7.500000,7.500000,7.500000,7.500000,7.500000,7.500000,7.500000,7.500000
1764424543.546179,1513803130637,7.500000,7.500000,7.500000,7.500000,7.500000,7.500000,7.500000,7.500000
1764424543.548776,1513805728026,7.500000,7.500000,7.500000,7.500000,7.500000,7.500000,7.500000,7.500000
1764424543.551342,1513808293622,7.500000,7.500000,7.500000,7.500000,7.500000,7.500000,7.500000,7.500000
1764424543.553909,1513810860385,7.500000,7.500000,7.500000,7.500000,7.500000,7.500000,7.500000,7.500000
1764424543.556498,1513813449315,7.500000,7.500000,7.500000,7.500000,7.500000,7.500000,7.500000,7.500000
1764424543.559058,1513816009952,7.500000,7.500000,7.500000,7.500000,7.500000,7.500000,7.500000,7.500000
1764424543.561631,1513818583423,7.500000,7.500000,7.500000,7.500000,7.500000,7.500000,7.500000,7.500000
1764424543.564202,1513821153977,7.500000,7.500000,7.500000,7.500000,7.500000,7.500000,7.500000,7.500000
1764424543.566767,1513823718990,7.500000,7.500000,7.500000,7.500000,7.500000,7.500000,7.500000,7.500000
1764424543.569324,1513826275544,7.500000,7.500000,7.500000,7.500000,7.500000,7.500000,7.500000,7.500000
1764424543.571890,1513828841431,7.500000,7.500000,7.500000,7.500000,7.500000,7.500000,7.500000,7.500000
1764424543.574455,1513831407319,7.500000,7.500000,7.500000,7.500000,7.500000,7.500000,7.500000,7.500000
1764424543.577019,1513833971165,7.500000,7.500000,7.500000,7.500000,7.500000,7.500000,7.500000,7.500000
1764424543.579610,1513836562136,7.500000,7.500000,7.500000,7.500000,7.500000,7.500000,7.500000,7.500000
1764424543.582168,1513839120149,7.500000,7.500000,7.500000,7.500000,7.500000,7.500000,7.500000,7.500000
1764424543.584730,1513841681369,7.500000,7.500000,7.500000,7.500000,7.500000,7.500000,7.500000,7.500000
1764424543.587302,1513844253674,7.500000,7.500000,7.500000,7.500000,7.500000,7.500000,7.500000,7.500000
1764424543.589890,1513846842312,7.500000,7.500000,7.500000,7.500000,7.500000,7.500000,7.500000,7.500000
1764424543.598991,1513855942944,7.500000,7.500000,7.500000,7.500000,7.500000,7.500000,7.500000,7.500000
1764424543.608084,1513865035700,7.500000,7.500000,7.500000,7.500000,7.500000,7.500000,7.500000,7.500000
1764424543.617175,1513874126415,7.500000,7.500000,7.500000,7.500000,7.500000,7.500000,7.500000,7.500000
1764424543.626291,1513883243089,7.500000,7.500000,7.500000,7.500000,7.500000,7.500000,7.500000,7.500000
1764424543.635402,1513892353638,7.500000,7.500000,7.500000,7.500000,7.500000,7.500000,7.500000,7.500000
1764424543.644498,1513901449894,7.500000,7.500000,7.500000,7.500000,7.500000,7.500000,7.500000,7.500000
1764424543.653589,1513910540901,7.500000,7.500000,7.500000,7.500000,7.500000,7.500000,7.500000,7.500000
1764424543.662681,1513919633365,7.500000,7.500000,7.500000,7.500000,7.500000,7.500000,7.500000,7.500000
1764424543.671771,1513928722622,7.500000,7.500000,7.500000,7.500000,7.500000,7.500000,7.500000,7.500000
1764424543.680893,1513937844254,7.500000,7.500000,7.500000,7.500000,7.500000,7.500000,7.500000,7.500000
1764424543.690053,1513947005263,7.500000,7.500000,7.500000,7.500000,7.500000,7.500000,7.500000,7.500000
1764424543.698995,1513955946930,7.500000,7.500000,7.500000,7.500000,7.500000,7.500000,7.500000,7.500000
1764424543.707938,1513964889765,7.500000,7.500000,7.500000,7.500000,7.500000,7.500000,7.500000,7.500000
1764424543.716877,1513973829099,7.500000,7.500000,7.500000,7.500000,7.500000,7.500000,7.500000,7.500000
1764424543.725817,1513982768724,7.500000,7.500000,7.500000,7.500000,7.500000,7.500000,7.500000,7.500000
1764424543.734759,1513991710975,7.500000,7.500000,7.500000,7.500000,7.500000,7.500000,7.500000,7.500000
1764424546.066569,1516323520593,7.500000,7.500000,7.500000,7.500000,7.500000,7.500000,7.500000,7.500000
1764424546.069421,1516326372207,7.500000,7.500000,7.500000,7.500000,7.500000,7.500000,7.500000,7.500000
1764424546.072407,1516329358571,7.500000,7.500000,7.500000,7.500000,7.500000,7.500000,7.500000,7.500000
1764424546.074979,1516331930186,7.500000,7.500000,7.500000,7.500000,7.500000,7.500000,7.500000,7.500000
1764424546.077379,1516334330593,7.500000,7.500000,7.500000,7.500000,7.500000,7.500000,7.500000,7.500000
1764424546.079535,1516336486293,7.500000,7.500000,7.500000,7.500000,7.500000,7.500000,7.500000,7.500000
1764424546.082203,1516339154450,7.500000,7.500000,7.500000,7.500000,7.500000,7.500000,7.500000,7.500000
1764424546.084601,1516341552524,7.500000,7.500000,7.500000,7.500000,7.500000,7.500000,7.500000,7.500000
1764424546.087007,1516343958181,7.500000,7.500000,7.500000,7.500000,7.500000,7.500000,7.500000,7.500000
1764424546.089401,1516346352464,7.500000,7.500000,7.500000,7.500000,7.500000,7.500000,7.500000,7.500000
1764424546.091796,1516348747913,7.500000,7.500000,7.500000,7.500000,7.500000,7.500000,7.500000,7.500000
1764424546.094191,1516351143070,7.500000,7.500000,7.500000,7.500000,7.500000,7.500000,7.500000,7.500000
1764424546.096594,1516353546978,7.500000,7.500000,7.500000,7.500000,7.500000,7.500000,7.500000,7.500000
1764424546.098992,1516355944177,7.500000,7.500000,7.500000,7.500000,7.500000,7.500000,7.500000,7.500000
1764424546.101391,1516358342834,7.500000,7.500000,7.500000,7.500000,7.500000,7.500000,7.500000,7.500000
1764424546.103791,1516360742950,7.500000,7.500000,7.500000,7.500000,7.500000,7.500000,7.500000,7.500000
1764424546.106187,1516363138691,7.500000,7.500000,7.500000,7.500000,7.500000,7.500000,7.500000,7.500000
1764424546.108591,1516365542890,7.500000,7.500000,7.500000,7.500000,7.500000,7.500000,7.500000,7.500000
1764424546.110991,1516367942423,7.500000,7.500000,7.500000,7.500000,7.500000,7.500000,7.500000,7.500000
1764424546.113389,1516370340788,7.500000,7.500000,7.500000,7.500000,7.500000,7.500000,7.500000,7.500000
1764424546.115785,1516372736529,7.500000,7.500000,7.500000,7.500000,7.500000,7.500000,7.500000,7.500000
1764424546.118189,1516375140145,7.500000,7.500000,7.500000,7.500000,7.500000,7.500000,7.500000,7.500000
1764424546.120588,1516377539677,7.500000,7.500000,7.500000,7.500000,7.500000,7.500000,7.500000,7.500000
1764424546.123002,1516379953793,7.500000,7.500000,7.500000,7.500000,7.500000,7.500000,7.500000,7.500000
1764424546.125464,1516382415450,7.500000,7.500000,7.500000,7.500000,7.500000,7.500000,7.500000,7.500000
1764424546.127641,1516384593025,7.500000,7.500000,7.500000,7.500000,7.500000,7.500000,7.500000,7.500000
1764424546.130275,1516387227640,7.500000,7.500000,7.500000,7.500000,7.500000,7.500000,7.500000,7.500000
1764424546.133030,1516389982713,7.500000,7.500000,7.500000,7.500000,7.500000,7.500000,7.500000,7.500000
1764424546.135417,1516392369121,7.500000,7.500000,7.500000,7.500000,7.500000,7.500000,7.500000,7.500000
1764424546.137989,1516394940736,7.500000,7.500000,7.500000,7.500000,7.500000,7.500000,7.500000,7.500000
1764424546.140560,1516397511767,7.500000,7.500000,7.500000,7.500000,7.500000,7.500000,7.500000,7.500000
1764424546.143151,1516400102924,7.500000,7.500000,7.500000,7.500000,7.500000,7.500000,7.500000,7.500000
1764424546.145712,1516402664331,7.500000,7.500000,7.500000,7.500000,7.500000,7.500000,7.500000,7.500000
1764424546.148276,1516405227779,7.500000,7.500000,7.500000,7.500000,7.500000,7.500000,7.500000,7.500000
1764424546.150843,1516407794728,7.500000,7.500000,7.500000,7.500000,7.500000,7.500000,7.500000,7.500000
1764424546.153413,1516410364301,7.500000,7.500000,7.500000,7.500000,7.500000,7.500000,7.500000,7.500000
1764424546.155972,1516412923958,7.500000,7.500000,7.500000,7.500000,7.500000,7.500000,7.500000,7.500000
1764424546.158540,1516415491198,7.500000,7.500000,7.500000,7.500000,7.500000,7.500000,7.500000,7.500000
1764424546.161119,1516418071272,7.500000,7.500000,7.500000,7.500000,7.500000,7.500000,7.500000,7.500000
1764424546.163696,1516420647554,7.500000,7.500000,7.500000,7.500000,7.500000,7.500000,7.500000,7.500000
1764424546.166304,1516423255919,7.500000,7.500000,7.500000,7.500000,7.500000,7.500000,7.500000,7.500000
1764424546.168867,1516425818784,7.500000,7.500000,7.500000,7.500000,7.500000,7.500000,7.500000,7.500000
1764424546.171432,1516428383399,7.500000,7.500000,7.500000,7.500000,7.500000,7.500000,7.500000,7.500000
1764424546.174002,1516430953264,7.500000,7.500000,7.500000,7.500000,7.500000,7.500000,7.500000,7.500000
1764424546.176579,1516433531588,7.500000,7.500000,7.500000,7.500000,7.500000,7.500000,7.500000,7.500000
1764424546.179143,1516436094744,7.500000,7.500000,7.500000,7.500000,7.500000,7.500000,7.500000,7.500000
1764424546.181706,1516438657901,7.500000,7.500000,7.500000,7.500000,7.500000,7.500000,7.500000,7.500000
1764424546.184280,1516441232141,7.500000,7.500000,7.500000,7.500000,7.500000,7.500000,7.500000,7.500000
1764424546.186871,1516443823006,7.500000,7.500000,7.500000,7.500000,7.500000,7.500000,7.500000,7.500000
1764424546.189437,1516446389080,7.500000,7.500000,7.500000,7.500000,7.500000,7.500000,7.500000,7.500000
1764424546.192005,1516448957195,7.500000,7.500000,7.500000,7.500000,7.500000,7.500000,7.500000,7.500000
1764424546.194571,1516451522393,7.500000,7.500000,7.500000,7.500000,7.500000,7.500000,7.500000,7.500000
1764424546.197139,1516454090509,7.500000,7.500000,7.500000,7.500000,7.500000,7.500000,7.500000,7.500000
1764424546.199723,1516456674665,7.500000,7.500000,7.500000,7.500000,7.500000,7.500000,7.500000,7.500000
1764424546.202293,1516459244822,7.500000,7.500000,7.500000,7.500000,7.500000,7.500000,7.500000,7.500000
1764424546.204857,1516461808854,7.500000,7.500000,7.500000,7.500000,7.500000,7.500000,7.500000,7.500000
1764424546.207429,1516464381344,7.500000,7.500000,7.500000,7.500000,7.500000,7.500000,7.500000,7.500000
1764424546.210006,1516466957626,7.500000,7.500000,7.500000,7.500000,7.500000,7.500000,7.500000,7.500000
1764424546.212569,1516469520491,7.500000,7.500000,7.500000,7.500000,7.500000,7.500000,7.500000,7.500000
1764424546.215134,1516472085981,7.500000,7.500000,7.500000,7.500000,7.500000,7.500000,7.500000,7.500000
1764424546.217666,1516474617930,7.500000,7.500000,7.500000,7.500000,7.500000,7.500000,7.500000,7.500000
1764424546.220232,1516477183420,7.500000,7.500000,7.500000,7.500000,7.500000,7.500000,7.500000,7.500000
1764424546.222791,1516479742494,7.500000,7.500000,7.500000,7.500000,7.500000,7.500000,7.500000,7.500000
1764424546.225356,1516482308275,7.500000,7.500000,7.500000,7.500000,7.500000,7.500000,7.500000,7.500000
1764424546.227922,1516484873765,7.500000,7.500000,7.500000,7.500000,7.500000,7.500000,7.500000,7.500000
1764424546.230490,1516487442464,7.500000,7.500000,7.500000,7.500000,7.500000,7.500000,7.500000,7.500000
1764424546.233078,1516490030121,7.500000,7.500000,7.500000,7.500000,7.500000,7.500000,7.500000,7.500000
1764424546.235648,1516492599694,7.500000,7.500000,7.500000,7.500000,7.500000,7.500000,7.500000,7.500000
1764424546.238213,1516495164601,7.500000,7.500000,7.500000,7.500000,7.500000,7.500000,7.500000,7.500000
1764424546.240786,1516497737966,7.500000,7.500000,7.500000,7.500000,7.500000,7.500000,7.500000,7.500000
1764424546.243363,1516500314831,7.500000,7.500000,7.500000,7.500000,7.500000,7.500000,7.500000,7.500000
1764424546.245922,1516502873321,7.500000,7.500000,7.500000,7.500000,7.500000,7.500000,7.500000,7.500000
1764424546.248485,1516505437062,7.500000,7.500000,7.500000,7.500000,7.500000,7.500000,7.500000,7.500000
1764424546.251060,1516508011593,7.500000,7.500000,7.500000,7.500000,7.500000,7.500000,7.500000,7.500000
1764424546.253624,1516510575917,7.500000,7.500000,7.500000,7.500000,7.500000,7.500000,7.500000,7.500000
1764424546.256181,1516513132657,7.500000,7.500000,7.500000,7.500000,7.500000,7.500000,7.500000,7.500000
1764424546.258795,1516515746272,7.500000,7.500000,7.500000,7.500000,7.500000,7.500000,7.500000,7.500000
1764424546.261362,1516518313512,7.500000,7.500000,7.500000,7.500000,7.500000,7.500000,7.500000,7.500000
1764424546.263931,1516520882502,7.500000,7.500000,7.500000,7.500000,7.500000,7.500000,7.500000,7.500000
1764424546.266521,1516523472492,7.500000,7.500000,7.500000,7.500000,7.500000,7.500000,7.500000,7.500000
1764424546.269082,1516526034191,7.500000,7.500000,7.500000,7.500000,7.500000,7.500000,7.500000,7.500000
1764424546.271652,1516528604348,7.500000,7.500000,7.500000,7.500000,7.500000,7.500000,7.500000,7.500000
1764424546.274497,1516531448962,7.500000,7.500000,7.500000,7.500000,7.500000,7.500000,7.500000,7.500000
1764424546.277070,1516534021744,7.500000,7.500000,7.500000,7.500000,7.500000,7.500000,7.500000,7.500000
1764424546.279667,1516536619025,7.500000,7.500000,7.500000,7.500000,7.500000,7.500000,7.500000,7.500000
1764424546.282229,1516539181015,7.500000,7.500000,7.500000,7.500000,7.500000,7.500000,7.500000,7.500000
1764424546.284795,1516541747089,7.500000,7.500000,7.500000,7.500000,7.500000,7.500000,7.500000,7.500000
1764424546.287365,1516544316371,7.500000,7.500000,7.500000,7.500000,7.500000,7.500000,7.500000,7.500000
1764424546.289900,1516546851819,7.500000,7.500000,7.500000,7.500000,7.500000,7.500000,7.500000,7.500000
1764424546.292458,1516549409434,7.500000,7.500000,7.500000,7.500000,7.500000,7.500000,7.500000,7.500000
1764424546.295020,1516551971425,7.500000,7.500000,7.500000,7.500000,7.500000,7.500000,7.500000,7.500000
1764424546.297710,1516554661748,7.500000,7.500000,7.500000,7.500000,7.500000,7.500000,7.500000,7.500000
1764424546.300210,1516557161321,7.500000,7.500000,7.500000,7.500000,7.500000,7.500000,7.500000,7.500000
1764424546.302698,1516559649520,7.500000,7.500000,7.500000,7.500000,7.500000,7.500000,7.500000,7.500000
1764424546.305187,1516562138594,7.500000,7.500000,7.500000,7.500000,7.500000,7.500000,7.500000,7.500000
1764424546.307685,1516564637293,7.500000,7.500000,7.500000,7.500000,7.500000,7.500000,7.500000,7.500000
1764424546.310181,1516567132491,7.500000,7.500000,7.500000,7.500000,7.500000,7.500000,7.500000,7.500000
1764424546.312667,1516569618940,7.500000,7.500000,7.500000,7.500000,7.500000,7.500000,7.500000,7.500000
1764424546.315161,1516572112389,7.500000,7.500000,7.500000,7.500000,7.500000,7.500000,7.500000,7.500000
1764424546.317617,1516574568796,7.500000,7.500000,7.500000,7.500000,7.500000,7.500000,7.500000,7.500000
1764424546.320109,1516577060203,7.500000,7.500000,7.500000,7.500000,7.500000,7.500000,7.500000,7.500000
1764424546.322594,1516579545777,7.500000,7.500000,7.500000,7.500000,7.500000,7.500000,7.500000,7.500000
1764424546.325089,1516582040684,7.500000,7.500000,7.500000,7.500000,7.500000,7.500000,7.500000,7.500000
1764424546.327575,1516584526841,7.500000,7.500000,7.500000,7.500000,7.500000,7.500000,7.500000,7.500000
1764424546.330070,1516587022332,7.500000,7.500000,7.500000,7.500000,7.500000,7.500000,7.500000,7.500000
1764424546.332558,1516589509656,7.500000,7.500000,7.500000,7.500000,7.500000,7.500000,7.500000,7.500000
1764424546.335047,1516591998729,7.500000,7.500000,7.500000,7.500000,7.500000,7.500000,7.500000,7.500000
1764424546.337538,1516594489845,7.500000,7.500000,7.500000,7.500000,7.500000,7.500000,7.500000,7.500000
1764424546.340032,1516596983877,7.500000,7.500000,7.500000,7.500000,7.500000,7.500000,7.500000,7.500000
1764424546.342518,1516599469159,7.500000,7.500000,7.500000,7.500000,7.500000,7.500000,7.500000,7.500000
1764424546.345007,1516601958816,7.500000,7.500000,7.500000,7.500000,7.500000,7.500000,7.500000,7.500000
1764424546.347498,1516604449348,7.500000,7.500000,7.500000,7.500000,7.500000,7.500000,7.500000,7.500000
1764424546.349993,1516606944839,7.500000,7.500000,7.500000,7.500000,7.500000,7.500000,7.500000,7.500000
1764424546.352479,1516609430704,7.500000,7.500000,7.500000,7.500000,7.500000,7.500000,7.500000,7.500000
1764424546.354964,1516611915403,7.500000,7.500000,7.500000,7.500000,7.500000,7.500000,7.500000,7.500000
1764424546.357455,1516614406518,7.500000,7.500000,7.500000,7.500000,7.500000,7.500000,7.500000,7.500000
1764424546.359949,1516616900550,7.500000,7.500000,7.500000,7.500000,7.500000,7.500000,7.500000,7.500000
1764424546.362435,1516619387291,7.500000,7.500000,7.500000,7.500000,7.500000,7.500000,7.500000,7.500000
1764424546.364926,1516621877823,7.500000,7.500000,7.500000,7.500000,7.500000,7.500000,7.500000,7.500000
1764424546.367417,1516624368938,7.500000,7.500000,7.500000,7.500000,7.500000,7.500000,7.500000,7.500000
1764424546.369874,1516626825054,7.500000,7.500000,7.500000,7.500000,7.500000,7.500000,7.500000,7.500000
1764424546.372358,1516629310336,7.500000,7.500000,7.500000,7.500000,7.500000,7.500000,7.500000,7.500000
1764424546.374853,1516631804660,7.500000,7.500000,7.500000,7.500000,7.500000,7.500000,7.500000,7.500000
1764424546.377347,1516634298984,7.500000,7.500000,7.500000,7.500000,7.500000,7.500000,7.500000,7.500000
1764424546.379860,1516636811974,7.500000,7.500000,7.500000,7.500000,7.500000,7.500000,7.500000,7.500000
1764424546.382347,1516639298423,7.500000,7.500000,7.500000,7.500000,7.500000,7.500000,7.500000,7.500000
1764424546.384838,1516641790122,7.500000,7.500000,7.500000,7.500000,7.500000,7.500000,7.500000,7.500000
1764424546.387330,1516644282112,7.500000,7.500000,7.500000,7.500000,7.500000,7.500000,7.500000,7.500000
1764424546.389839,1516646791019,7.500000,7.500000,7.500000,7.500000,7.500000,7.500000,7.500000,7.500000
1764424546.392325,1516649276884,7.500000,7.500000,7.500000,7.500000,7.500000,7.500000,7.500000,7.500000
1764424546.394814,1516651765083,7.500000,7.500000,7.500000,7.500000,7.500000,7.500000,7.500000,7.500000
1764424546.397305,1516654257365,7.500000,7.500000,7.500000,7.500000,7.500000,7.500000,7.500000,7.500000
1764424546.399818,1516656769772,7.500000,7.500000,7.500000,7.500000,7.500000,7.500000,7.500000,7.500000
1764424546.402306,1516659257971,7.500000,7.500000,7.500000,7.500000,7.500000,7.500000,7.500000,7.500000
1764424546.404804,1516661755795,7.500000,7.500000,7.500000,7.500000,7.500000,7.500000,7.500000,7.500000
1764424546.407295,1516664247202,7.500000,7.500000,7.500000,7.500000,7.500000,7.500000,7.500000,7.500000
1764424546.409803,1516666754359,7.500000,7.500000,7.500000,7.500000,7.500000,7.500000,7.500000,7.500000
1764424546.412291,1516669242266,7.500000,7.500000,7.500000,7.500000,7.500000,7.500000,7.500000,7.500000
1764424546.414779,1516671731048,7.500000,7.500000,7.500000,7.500000,7.500000,7.500000,7.500000,7.500000
1764424546.417269,1516674220705,7.500000,7.500000,7.500000,7.500000,7.500000,7.500000,7.500000,7.500000
1764424546.419784,1516676736029,7.500000,7.500000,7.500000,7.500000,7.500000,7.500000,7.500000,7.500000
1764424546.422271,1516679223061,7.500000,7.500000,7.500000,7.500000,7.500000,7.500000,7.500000,7.500000
1764424546.424761,1516681713010,7.500000,7.500000,7.500000,7.500000,7.500000,7.500000,7.500000,7.500000
1764424546.427252,1516684203542,7.500000,7.500000,7.500000,7.500000,7.500000,7.500000,7.500000,7.500000
1764424546.429759,1516686710116,7.500000,7.500000,7.500000,7.500000,7.500000,7.500000,7.500000,7.500000
1764424546.432244,1516689195690,7.500000,7.500000,7.500000,7.500000,7.500000,7.500000,7.500000,7.500000
1764424546.434731,1516691683305,7.500000,7.500000,7.500000,7.500000,7.500000,7.500000,7.500000,7.500000
1764424546.437221,1516694172962,7.500000,7.500000,7.500000,7.500000,7.500000,7.500000,7.500000,7.500000
1764424546.439734,1516696685369,7.500000,7.500000,7.500000,7.500000,7.500000,7.500000,7.500000,7.500000
1764424546.442220,1516699171818,7.500000,7.500000,7.500000,7.500000,7.500000,7.500000,7.500000,7.500000
1764424546.444712,1516701663517,7.500000,7.500000,7.500000,7.500000,7.500000,7.500000,7.500000,7.500000
1764424546.447202,1516704154049,7.500000,7.500000,7.500000,7.500000,7.500000,7.500000,7.500000,7.500000
1764424546.449707,1516706658289,7.500000,7.500000,7.500000,7.500000,7.500000,7.500000,7.500000,7.500000
1764424546.452192,1516709143863,7.500000,7.500000,7.500000,7.500000,7.500000,7.500000,7.500000,7.500000
1764424546.454681,1516711632354,7.500000,7.500000,7.500000,7.500000,7.500000,7.500000,7.500000,7.500000
1764424546.457170,1516714121719,7.500000,7.500000,7.500000,7.500000,7.500000,7.500000,7.500000,7.500000
1764424546.459679,1516716630626,7.500000,7.500000,7.500000,7.500000,7.500000,7.500000,7.500000,7.500000
1764424546.462168,1516719119700,7.500000,7.500000,7.500000,7.500000,7.500000,7.500000,7.500000,7.500000
1764424546.464661,1516721612565,7.500000,7.500000,7.500000,7.500000,7.500000,7.500000,7.500000,7.500000
1764424546.467152,1516724103389,7.500000,7.500000,7.500000,7.500000,7.500000,7.500000,7.500000,7.500000
1764424546.469659,1516726610254,7.500000,7.500000,7.500000,7.500000,7.500000,7.500000,7.500000,7.500000
1764424546.472317,1516729268202,7.500000,7.500000,7.500000,7.500000,7.500000,7.500000,7.500000,7.500000
1764424546.474808,1516731759318,7.500000,7.500000,7.500000,7.500000,7.500000,7.500000,7.500000,7.500000
1764424546.477300,1516734251308,7.500000,7.500000,7.500000,7.500000,7.500000,7.500000,7.500000,7.500000
1764424546.479810,1516736761674,7.500000,7.500000,7.500000,7.500000,7.500000,7.500000,7.500000,7.500000
1764424546.482297,1516739248706,7.500000,7.500000,7.500000,7.500000,7.500000,7.500000,7.500000,7.500000
1764424546.484793,1516741744780,7.500000,7.500000,7.500000,7.500000,7.500000,7.500000,7.500000,7.500000
1764424546.487285,1516744236770,7.500000,7.500000,7.500000,7.500000,7.500000,7.500000,7.500000,7.500000
1764424546.489791,1516746742469,7.500000,7.500000,7.500000,7.500000,7.500000,7.500000,7.500000,7.500000
1764424546.492279,1516749230668,7.500000,7.500000,7.500000,7.500000,7.500000,7.500000,7.500000,7.500000
1764424546.494769,1516751720325,7.500000,7.500000,7.500000,7.500000,7.500000,7.500000,7.500000,7.500000
1764424546.497261,1516754212898,7.500000,7.500000,7.500000,7.500000,7.500000,7.500000,7.500000,7.500000
1764424546.499800,1516756751555,7.500000,7.500000,7.500000,7.500000,7.500000,7.500000,7.500000,7.500000
1764424546.502289,1516759240629,7.500000,7.500000,7.500000,7.500000,7.500000,7.500000,7.500000,7.500000
1764424546.504778,1516761729995,7.500000,7.500000,7.500000,7.500000,7.500000,7.500000,7.500000,7.500000
1764424546.507269,1516764220527,7.500000,7.500000,7.500000,7.500000,7.500000,7.500000,7.500000,7.500000
1764424546.509781,1516766732642,7.500000,7.500000,7.500000,7.500000,7.500000,7.500000,7.500000,7.500000
1764424546.512270,1516769221424,7.500000,7.500000,7.500000,7.500000,7.500000,7.500000,7.500000,7.500000
1764424546.514761,1516771712540,7.500000,7.500000,7.500000,7.500000,7.500000,7.500000,7.500000,7.500000
1764424546.517253,1516774204238,7.500000,7.500000,7.500000,7.500000,7.500000,7.500000,7.500000,7.500000
1764424546.519759,1516776710812,7.500000,7.500000,7.500000,7.500000,7.500000,7.500000,7.500000,7.500000
1764424546.522250,1516779202219,7.500000,7.500000,7.500000,7.500000,7.500000,7.500000,7.500000,7.500000
1764424546.524740,1516781691876,7.500000,7.500000,7.500000,7.500000,7.500000,7.500000,7.500000,7.500000
1764424546.527231,1516784182992,7.500000,7.500000,7.500000,7.500000,7.500000,7.500000,7.500000,7.500000
1764424546.529743,1516786695399,7.500000,7.500000,7.500000,7.500000,7.500000,7.500000,7.500000,7.500000
1764424546.532232,1516789183306,7.500000,7.500000,7.500000,7.500000,7.500000,7.500000,7.500000,7.500000
1764424546.534722,1516791673546,7.500000,7.500000,7.500000,7.500000,7.500000,7.500000,7.500000,7.500000
1764424546.537214,1516794165828,7.500000,7.500000,7.500000,7.500000,7.500000,7.500000,7.500000,7.500000
1764424546.539721,1516796672402,7.500000,7.500000,7.500000,7.500000,7.500000,7.500000,7.500000,7.500000
1764424546.542209,1516799160893,7.500000,7.500000,7.500000,7.500000,7.500000,7.500000,7.500000,7.500000
1764424546.544698,1516801649966,7.500000,7.500000,7.500000,7.500000,7.500000,7.500000,7.500000,7.500000
1764424546.547188,1516804139915,7.500000,7.500000,7.500000,7.500000,7.500000,7.500000,7.500000,7.500000
1764424546.549692,1516806643281,7.500000,7.500000,7.500000,7.500000,7.500000,7.500000,7.500000,7.500000
1764424546.552177,1516809129146,7.500000,7.500000,7.500000,7.500000,7.500000,7.500000,7.500000,7.500000
1764424546.554668,1516811619678,7.500000,7.500000,7.500000,7.500000,7.500000,7.500000,7.500000,7.500000
1764424546.557160,1516814111960,7.500000,7.500000,7.500000,7.500000,7.500000,7.500000,7.500000,7.500000
1764424546.559667,1516816619117,7.500000,7.500000,7.500000,7.500000,7.500000,7.500000,7.500000,7.500000
1764424546.562154,1516819105566,7.500000,7.500000,7.500000,7.500000,7.500000,7.500000,7.500000,7.500000
1764424546.564647,1516821599015,7.500000,7.500000,7.500000,7.500000,7.500000,7.500000,7.500000,7.500000
1764424546.567140,1516824091297,7.500000,7.500000,7.500000,7.500000,7.500000,7.500000,7.500000,7.500000
1764424546.569648,1516826599912,7.500000,7.500000,7.500000,7.500000,7.500000,7.500000,7.500000,7.500000
1764424546.572135,1516829087236,7.500000,7.500000,7.500000,7.500000,7.500000,7.500000,7.500000,7.500000
1764424546.574630,1516831581560,7.500000,7.500000,7.500000,7.500000,7.500000,7.500000,7.500000,7.500000
1764424546.577122,1516834073842,7.500000,7.500000,7.500000,7.500000,7.500000,7.500000,7.500000,7.500000
1764424546.579628,1516836580124,7.500000,7.500000,7.500000,7.500000,7.500000,7.500000,7.500000,7.500000
1764424546.582116,1516839067448,7.500000,7.500000,7.500000,7.500000,7.500000,7.500000,7.500000,7.500000
1764424546.584606,1516841558272,7.500000,7.500000,7.500000,7.500000,7.500000,7.500000,7.500000,7.500000
1764424546.587101,1516844052887,7.500000,7.500000,7.500000,7.500000,7.500000,7.500000,7.500000,7.500000
1764424546.589604,1516846555961,7.500000,7.500000,7.500000,7.500000,7.500000,7.500000,7.500000,7.500000
1764424546.592090,1516849041534,7.500000,7.500000,7.500000,7.500000,7.500000,7.500000,7.500000,7.500000
1764424546.594579,1516851530900,7.500000,7.500000,7.500000,7.500000,7.500000,7.500000,7.500000,7.500000
1764424546.597071,1516854022307,7.500000,7.500000,7.500000,7.500000,7.500000,7.500000,7.500000,7.500000
1764424546.599556,1516856507881,7.500000,7.500000,7.500000,7.500000,7.500000,7.500000,7.500000,7.500000
1764424546.602072,1516859023496,7.500000,7.500000,7.500000,7.500000,7.500000,7.500000,7.500000,7.500000
1764424546.604563,1516861514612,7.500000,7.500000,7.500000,7.500000,7.500000,7.500000,7.500000,7.500000
1764424546.607053,1516864004560,7.500000,7.500000,7.500000,7.500000,7.500000,7.500000,7.500000,7.500000
1764424546.609544,1516866495676,7.500000,7.500000,7.500000,7.500000,7.500000,7.500000,7.500000,7.500000
1764424546.612058,1516869010124,7.500000,7.500000,7.500000,7.500000,7.500000,7.500000,7.500000,7.500000
1764424546.614548,1516871499490,7.500000,7.500000,7.500000,7.500000,7.500000,7.500000,7.500000,7.500000
1764424546.617038,1516873990022,7.500000,7.500000,7.500000,7.500000,7.500000,7.500000,7.500000,7.500000
1764424546.619523,1516876474721,7.500000,7.500000,7.500000,7.500000,7.500000,7.500000,7.500000,7.500000
1764424546.622040,1516878991795,7.500000,7.500000,7.500000,7.500000,7.500000,7.500000,7.500000,7.500000
1764424546.624530,1516881481743,7.500000,7.500000,7.500000,7.500000,7.500000,7.500000,7.500000,7.500000
1764424546.627022,1516883974025,7.500000,7.500000,7.500000,7.500000,7.500000,7.500000,7.500000,7.500000
1764424546.629510,1516886461349,7.500000,7.500000,7.500000,7.500000,7.500000,7.500000,7.500000,7.500000
1764424546.632021,1516888972590,7.500000,7.500000,7.500000,7.500000,7.500000,7.500000,7.500000,7.500000
1764424546.634512,1516891463413,7.500000,7.500000,7.500000,7.500000,7.500000,7.500000,7.500000,7.500000
1764424546.637002,1516893953945,7.500000,7.500000,7.500000,7.500000,7.500000,7.500000,7.500000,7.500000
1764424546.639488,1516896439228,7.500000,7.500000,7.500000,7.500000,7.500000,7.500000,7.500000,7.500000
1764424546.641978,1516898929468,7.500000,7.500000,7.500000,7.500000,7.500000,7.500000,7.500000,7.500000
1764424546.644473,1516901424375,7.500000,7.500000,7.500000,7.500000,7.500000,7.500000,7.500000,7.500000
1764424546.646964,1516903915782,7.500000,7.500000,7.500000,7.500000,7.500000,7.500000,7.500000,7.500000
1764424546.649450,1516906401064,7.500000,7.500000,7.500000,7.500000,7.500000,7.500000,7.500000,7.500000
1764424546.651937,1516908889263,7.500000,7.500000,7.500000,7.500000,7.500000,7.500000,7.500000,7.500000
1764424546.654430,1516911381837,7.500000,7.500000,7.500000,7.500000,7.500000,7.500000,7.500000,7.500000
1764424546.656921,1516913872369,7.500000,7.500000,7.500000,7.500000,7.500000,7.500000,7.500000,7.500000
1764424546.659407,1516916359109,7.500000,7.500000,7.500000,7.500000,7.500000,7.500000,7.500000,7.500000
1764424546.661897,1516918849058,7.500000,7.500000,7.500000,7.500000,7.500000,7.500000,7.500000,7.500000
1764424546.664388,1516921339590,7.500000,7.500000,7.500000,7.500000,7.500000,7.500000,7.500000,7.500000
1764424546.666880,1516923831581,7.500000,7.500000,7.500000,7.500000,7.500000,7.500000,7.500000,7.500000
1764424546.669527,1516926478154,7.500000,7.500000,7.500000,7.500000,7.500000,7.500000,7.500000,7.500000
1764424546.672045,1516928996978,7.500000,7.500000,7.500000,7.500000,7.500000,7.500000,7.500000,7.500000
1764424546.674540,1516931491593,7.500000,7.500000,7.500000,7.500000,7.500000,7.500000,7.500000,7.500000
1764424546.677035,1516933987375,7.500000,7.500000,7.500000,7.500000,7.500000,7.500000,7.500000,7.500000
1764424546.679524,1516936475574,7.500000,7.500000,7.500000,7.500000,7.500000,7.500000,7.500000,7.500000
1764424546.682034,1516938985939,7.500000,7.500000,7.500000,7.500000,7.500000,7.500000,7.500000,7.500000
1764424546.684525,1516941477346,7.500000,7.500000,7.500000,7.500000,7.500000,7.500000,7.500000,7.500000
1764424546.687015,1516943966420,7.500000,7.500000,7.500000,7.500000,7.500000,7.500000,7.500000,7.500000
1764424546.689501,1516946452286,7.500000,7.500000,7.500000,7.500000,7.500000,7.500000,7.500000,7.500000
1764424546.691986,1516948937859,7.500000,7.500000,7.500000,7.500000,7.500000,7.500000,7.500000,7.500000
1764424546.694477,1516951428683,7.500000,7.500000,7.500000,7.500000,7.500000,7.500000,7.500000,7.500000
1764424546.696969,1516953920674,7.500000,7.500000,7.500000,7.500000,7.500000,7.500000,7.500000,7.500000
1764424546.699480,1516956431331,7.500000,7.500000,7.500000,7.500000,7.500000,7.500000,7.500000,7.500000
1764424546.701967,1516958918363,7.500000,7.500000,7.500000,7.500000,7.500000,7.500000,7.500000,7.500000
1764424546.704465,1516961416770,7.500000,7.500000,7.500000,7.500000,7.500000,7.500000,7.500000,7.500000
1764424546.706956,1516963907885,7.500000,7.500000,7.500000,7.500000,7.500000,7.500000,7.500000,7.500000
1764424546.709442,1516966393459,7.500000,7.500000,7.500000,7.500000,7.500000,7.500000,7.500000,7.500000
1764424546.711929,1516968881075,7.500000,7.500000,7.500000,7.500000,7.500000,7.500000,7.500000,7.500000
1764424546.714421,1516971372190,7.500000,7.500000,7.500000,7.500000,7.500000,7.500000,7.500000,7.500000
1764424546.716912,1516973863597,7.500000,7.500000,7.500000,7.500000,7.500000,7.500000,7.500000,7.500000
1764424546.719398,1516976349463,7.500000,7.500000,7.500000,7.500000,7.500000,7.500000,7.500000,7.500000
1764424546.721886,1516978837661,7.500000,7.500000,7.500000,7.500000,7.500000,7.500000,7.500000,7.500000
1764424546.724382,1516981334027,7.500000,7.500000,7.500000,7.500000,7.500000,7.500000,7.500000,7.500000
1764424546.726876,1516983828059,7.500000,7.500000,7.500000,7.500000,7.500000,7.500000,7.500000,7.500000
1764424546.729364,1516986315383,7.500000,7.500000,7.500000,7.500000,7.500000,7.500000,7.500000,7.500000
1764424546.731855,1516988806206,7.500000,7.500000,7.500000,7.500000,7.500000,7.500000,7.500000,7.500000
1764424546.734346,1516991297905,7.500000,7.500000,7.500000,7.500000,7.500000,7.500000,7.500000,7.500000
1764424546.736837,1516993788729,7.500000,7.500000,7.500000,7.500000,7.500000,7.500000,7.500000,7.500000
1764424546.739324,1516996275761,7.500000,7.500000,7.500000,7.500000,7.500000,7.500000,7.500000,7.500000
1764424546.741823,1516998774460,7.500000,7.500000,7.500000,7.500000,7.500000,7.500000,7.500000,7.500000
1764424546.744285,1517001236992,7.500000,7.500000,7.500000,7.500000,7.500000,7.500000,7.500000,7.500000
1764424546.746780,1517003731899,7.500000,7.500000,7.500000,7.500000,7.500000,7.500000,7.500000,7.500000
1764424546.749267,1517006218931,7.500000,7.500000,7.500000,7.500000,7.500000,7.500000,7.500000,7.500000
1764424546.751756,1517008708005,7.500000,7.500000,7.500000,7.500000,7.500000,7.500000,7.500000,7.500000
1764424546.754242,1517011193579,7.500000,7.500000,7.500000,7.500000,7.500000,7.500000,7.500000,7.500000
1764424546.756738,1517013689361,7.500000,7.500000,7.500000,7.500000,7.500000,7.500000,7.500000,7.500000
1764424546.759224,1517016176101,7.500000,7.500000,7.500000,7.500000,7.500000,7.500000,7.500000,7.500000
1764424546.761714,1517018665175,7.500000,7.500000,7.500000,7.500000,7.500000,7.500000,7.500000,7.500000
1764424546.764208,1517021160374,7.500000,7.500000,7.500000,7.500000,7.500000,7.500000,7.500000,7.500000
1764424546.766704,1517023655573,7.500000,7.500000,7.500000,7.500000,7.500000,7.500000,7.500000,7.500000
1764424546.769189,1517026140855,7.500000,7.500000,7.500000,7.500000,7.500000,7.500000,7.500000,7.500000
1764424546.771676,1517028627595,7.500000,7.500000,7.500000,7.500000,7.500000,7.500000,7.500000,7.500000
1764424546.774167,1517031118127,7.500000,7.500000,7.500000,7.500000,7.500000,7.500000,7.500000,7.500000
1764424546.776672,1517033623534,7.500000,7.500000,7.500000,7.500000,7.500000,7.500000,7.500000,7.500000
1764424546.779164,1517036115816,7.500000,7.500000,7.500000,7.500000,7.500000,7.500000,7.500000,7.500000
1764424546.781656,1517038607224,7.500000,7.500000,7.500000,7.500000,7.500000,7.500000,7.500000,7.500000
1764424546.784149,1517041100964,7.500000,7.500000,7.500000,7.500000,7.500000,7.500000,7.500000,7.500000
1764424546.786641,1517043593246,7.500000,7.500000,7.500000,7.500000,7.500000,7.500000,7.500000,7.500000
1764424546.789127,1517046079403,7.500000,7.500000,7.500000,7.500000,7.500000,7.500000,7.500000,7.500000
1764424546.791616,1517048567894,7.500000,7.500000,7.500000,7.500000,7.500000,7.500000,7.500000,7.500000
1764424546.794108,1517051059592,7.500000,7.500000,7.500000,7.500000,7.500000,7.500000,7.500000,7.500000
1764424546.796601,1517053552166,7.500000,7.500000,7.500000,7.500000,7.500000,7.500000,7.500000,7.500000
1764424546.799090,1517056041532,7.500000,7.500000,7.500000,7.500000,7.500000,7.500000,7.500000,7.500000
1764424546.801579,1517058530605,7.500000,7.500000,7.500000,7.500000,7.500000,7.500000,7.500000,7.500000
1764424546.804076,1517061027554,7.500000,7.500000,7.500000,7.500000,7.500000,7.500000,7.500000,7.500000
1764424546.806539,1517063490961,7.500000,7.500000,7.500000,7.500000,7.500000,7.500000,7.500000,7.500000
1764424546.809030,1517065982077,7.500000,7.500000,7.500000,7.500000,7.500000,7.500000,7.500000,7.500000
1764424546.811522,1517068474067,7.500000,7.500000,7.500000,7.500000,7.500000,7.500000,7.500000,7.500000
1764424546.814015,1517070967224,7.500000,7.500000,7.500000,7.500000,7.500000,7.500000,7.500000,7.500000
1764424546.816523,1517073474090,7.500000,7.500000,7.500000,7.500000,7.500000,7.500000,7.500000,7.500000
1764424546.819009,1517075960247,7.500000,7.500000,7.500000,7.500000,7.500000,7.500000,7.500000,7.500000
1764424546.821496,1517078448154,7.500000,7.500000,7.500000,7.500000,7.500000,7.500000,7.500000,7.500000
1764424546.823987,1517080938686,7.500000,7.500000,7.500000,7.500000,7.500000,7.500000,7.500000,7.500000
1764424546.826494,1517083445843,7.500000,7.500000,7.500000,7.500000,7.500000,7.500000,7.500000,7.500000
1764424546.828981,1517085932584,7.500000,7.500000,7.500000,7.500000,7.500000,7.500000,7.500000,7.500000
1764424546.831470,1517088422241,7.500000,7.500000,7.500000,7.500000,7.500000,7.500000,7.500000,7.500000
1764424546.833966,1517090917439,7.500000,7.500000,7.500000,7.500000,7.500000,7.500000,7.500000,7.500000
1764424546.836473,1517093424888,7.500000,7.500000,7.500000,7.500000,7.500000,7.500000,7.500000,7.500000
1764424546.838963,1517095914837,7.500000,7.500000,7.500000,7.500000,7.500000,7.500000,7.500000,7.500000
1764424546.841460,1517098411786,7.500000,7.500000,7.500000,7.500000,7.500000,7.500000,7.500000,7.500000
1764424546.843954,1517100905818,7.500000,7.500000,7.500000,7.500000,7.500000,7.500000,7.500000,7.500000
1764424546.846466,1517103417933,7.500000,7.500000,7.500000,7.500000,7.500000,7.500000,7.500000,7.500000
1764424546.848953,1517105905257,7.500000,7.500000,7.500000,7.500000,7.500000,7.500000,7.500000,7.500000
1764424546.851446,1517108397539,7.500000,7.500000,7.500000,7.500000,7.500000,7.500000,7.500000,7.500000
1764424546.853938,1517110889238,7.500000,7.500000,7.500000,7.500000,7.500000,7.500000,7.500000,7.500000
1764424546.856447,1517113398145,7.500000,7.500000,7.500000,7.500000,7.500000,7.500000,7.500000,7.500000
1764424546.858934,1517115886052,7.500000,7.500000,7.500000,7.500000,7.500000,7.500000,7.500000,7.500000
1764424546.861424,1517118375709,7.500000,7.500000,7.500000,7.500000,7.500000,7.500000,7.500000,7.500000
1764424546.863916,1517120867991,7.500000,7.500000,7.500000,7.500000,7.500000,7.500000,7.500000,7.500000
1764424546.866545,1517123496481,7.500000,7.500000,7.500000,7.500000,7.500000,7.500000,7.500000,7.500000
1764424546.869196,1517126147429,7.500000,7.500000,7.500000,7.500000,7.500000,7.500000,7.500000,7.500000
1764424546.871663,1517128614920,7.500000,7.500000,7.500000,7.500000,7.500000,7.500000,7.500000,7.500000
1764424546.874094,1517131045952,7.500000,7.500000,7.500000,7.500000,7.500000,7.500000,7.500000,7.500000
1764424546.876504,1517133455693,7.500000,7.500000,7.500000,7.500000,7.500000,7.500000,7.500000,7.500000
1764424546.878923,1517135875059,7.500000,7.500000,7.500000,7.500000,7.500000,7.500000,7.500000,7.500000
1764424546.881403,1517138354799,7.500000,7.500000,7.500000,7.500000,7.500000,7.500000,7.500000,7.500000
1764424546.883802,1517140753748,7.500000,7.500000,7.500000,7.500000,7.500000,7.500000,7.500000,7.500000
1764424546.886199,1517143150947,7.500000,7.500000,7.500000,7.500000,7.500000,7.500000,7.500000,7.500000
1764424546.888594,1517145545521,7.500000,7.500000,7.500000,7.500000,7.500000,7.500000,7.500000,7.500000
1764424546.890998,1517147949429,7.500000,7.500000,7.500000,7.500000,7.500000,7.500000,7.500000,7.500000
1764424546.893396,1517150347503,7.500000,7.500000,7.500000,7.500000,7.500000,7.500000,7.500000,7.500000
1764424546.895791,1517152742661,7.500000,7.500000,7.500000,7.500000,7.500000,7.500000,7.500000,7.500000
1764424546.898187,1517155138693,7.500000,7.500000,7.500000,7.500000,7.500000,7.500000,7.500000,7.500000
1764424546.900584,1517157535892,7.500000,7.500000,7.500000,7.500000,7.500000,7.500000,7.500000,7.500000
1764424546.903003,1517159954675,7.500000,7.500000,7.500000,7.500000,7.500000,7.500000,7.500000,7.500000
1764424546.905393,1517162345165,7.500000,7.500000,7.500000,7.500000,7.500000,7.500000,7.500000,7.500000
1764424546.907794,1517164745864,7.500000,7.500000,7.500000,7.500000,7.500000,7.500000,7.500000,7.500000
1764424546.910192,1517167143355,7.500000,7.500000,7.500000,7.500000,7.500000,7.500000,7.500000,7.500000
1764424546.912593,1517169545221,7.500000,7.500000,7.500000,7.500000,7.500000,7.500000,7.500000,7.500000
1764424546.914990,1517171941837,7.500000,7.500000,7.500000,7.500000,7.500000,7.500000,7.500000,7.500000
1764424546.917387,1517174339036,7.500000,7.500000,7.500000,7.500000,7.500000,7.500000,7.500000,7.500000
1764424546.919794,1517176745277,7.500000,7.500000,7.500000,7.500000,7.500000,7.500000,7.500000,7.500000
1764424546.922532,1517179483433,7.500000,7.500000,7.500000,7.500000,7.500000,7.500000,7.500000,7.500000
1764424546.924936,1517181887340,7.500000,7.500000,7.500000,7.500000,7.500000,7.500000,7.500000,7.500000
1764424546.926303,1517183254668,7.500000,7.500000,7.500000,7.500000,7.500000,7.500000,7.500000,7.500000
1764424546.928694,1517185644868,7.500000,7.500000,7.500000,7.500000,7.500000,7.500000,7.500000,7.500000
1764424546.931103,1517188054608,7.500000,7.500000,7.500000,7.500000,7.500000,7.500000,7.500000,7.500000
1764424546.933510,1517190461432,7.500000,7.500000,7.500000,7.500000,7.500000,7.500000,7.500000,7.500000
1764424546.935906,1517192857465,7.500000,7.500000,7.500000,7.500000,7.500000,7.500000,7.500000,7.500000
1764424546.938303,1517195254372,7.500000,7.500000,7.500000,7.500000,7.500000,7.500000,7.500000,7.500000
1764424546.940699,1517197650113,7.500000,7.500000,7.500000,7.500000,7.500000,7.500000,7.500000,7.500000
1764424546.943113,1517200064521,7.500000,7.500000,7.500000,7.500000,7.500000,7.500000,7.500000,7.500000
1764424546.945511,1517202463178,7.500000,7.500000,7.500000,7.500000,7.500000,7.500000,7.500000,7.500000
1764424546.948102,1517205053168,7.500000,7.500000,7.500000,7.500000,7.500000,7.500000,7.500000,7.500000
1764424546.950503,1517207454451,7.500000,7.500000,7.500000,7.500000,7.500000,7.500000,7.500000,7.500000
1764424549.274246,1519531198115,7.500000,7.500000,7.500000,7.500000,7.500000,7.500000,7.500000,7.500000
1764424549.276722,1519533673481,7.500000,7.500000,7.500000,7.500000,7.500000,7.500000,7.500000,7.500000
1764424549.279498,1519536449845,7.500000,7.500000,7.500000,7.500000,7.500000,7.500000,7.500000,7.500000
1764424549.282236,1519539187126,7.500000,7.500000,7.500000,7.500000,7.500000,7.500000,7.500000,7.500000
1764424549.284735,1519541686700,7.500000,7.500000,7.500000,7.500000,7.500000,7.500000,7.500000,7.500000
1764424549.287146,1519544097607,7.500000,7.500000,7.500000,7.500000,7.500000,7.500000,7.500000,7.500000
1764424549.289542,1519546493348,7.500000,7.500000,7.500000,7.500000,7.500000,7.500000,7.500000,7.500000
1764424549.291943,1519548894631,7.500000,7.500000,7.500000,7.500000,7.500000,7.500000,7.500000,7.500000
1764424549.294344,1519551295913,7.500000,7.500000,7.500000,7.500000,7.500000,7.500000,7.500000,7.500000
1764424549.296757,1519553708279,7.500000,7.500000,7.500000,7.500000,7.500000,7.500000,7.500000,7.500000
1764424549.299155,1519556106353,7.500000,7.500000,7.500000,7.500000,7.500000,7.500000,7.500000,7.500000
1764424549.301554,1519558505302,7.500000,7.500000,7.500000,7.500000,7.500000,7.500000,7.500000,7.500000
1764424549.303952,1519560903960,7.500000,7.500000,7.500000,7.500000,7.500000,7.500000,7.500000,7.500000
1764424549.306894,1519563846573,7.500000,7.500000,7.500000,7.500000,7.500000,7.500000,7.500000,7.500000
1764424549.309495,1519566446480,7.500000,7.500000,7.500000,7.500000,7.500000,7.500000,7.500000,7.500000
1764424549.312107,1519569058637,7.500000,7.500000,7.500000,7.500000,7.500000,7.500000,7.500000,7.500000
1764424549.314670,1519571621793,7.500000,7.500000,7.500000,7.500000,7.500000,7.500000,7.500000,7.500000
1764424549.317241,1519574192534,7.500000,7.500000,7.500000,7.500000,7.500000,7.500000,7.500000,7.500000
1764424549.319838,1519576790107,7.500000,7.500000,7.500000,7.500000,7.500000,7.500000,7.500000,7.500000
1764424549.322397,1519579349472,7.500000,7.500000,7.500000,7.500000,7.500000,7.500000,7.500000,7.500000
1764424549.324963,1519581915254,7.500000,7.500000,7.500000,7.500000,7.500000,7.500000,7.500000,7.500000
1764424549.327533,1519584485411,7.500000,7.500000,7.500000,7.500000,7.500000,7.500000,7.500000,7.500000
1764424549.330158,1519587109526,7.500000,7.500000,7.500000,7.500000,7.500000,7.500000,7.500000,7.500000
1764424549.332720,1519589671808,7.500000,7.500000,7.500000,7.500000,7.500000,7.500000,7.500000,7.500000
1764424549.335284,1519592236423,7.500000,7.500000,7.500000,7.500000,7.500000,7.500000,7.500000,7.500000
1764424549.337849,1519594800163,7.500000,7.500000,7.500000,7.500000,7.500000,7.500000,7.500000,7.500000
1764424549.340418,1519597369445,7.500000,7.500000,7.500000,7.500000,7.500000,7.500000,7.500000,7.500000
1764424549.343008,1519599959435,7.500000,7.500000,7.500000,7.500000,7.500000,7.500000,7.500000,7.500000
1764424549.345567,1519602519383,7.500000,7.500000,7.500000,7.500000,7.500000,7.500000,7.500000,7.500000
1764424549.348129,1519605080790,7.500000,7.500000,7.500000,7.500000,7.500000,7.500000,7.500000,7.500000
1764424549.350693,1519607645114,7.500000,7.500000,7.500000,7.500000,7.500000,7.500000,7.500000,7.500000
1764424549.353251,1519610202437,7.500000,7.500000,7.500000,7.500000,7.500000,7.500000,7.500000,7.500000
1764424549.355808,1519612760052,7.500000,7.500000,7.500000,7.500000,7.500000,7.500000,7.500000,7.500000
1764424549.358374,1519615325834,7.500000,7.500000,7.500000,7.500000,7.500000,7.500000,7.500000,7.500000
1764424549.360934,1519617885783,7.500000,7.500000,7.500000,7.500000,7.500000,7.500000,7.500000,7.500000
1764424549.363499,1519620451273,7.500000,7.500000,7.500000,7.500000,7.500000,7.500000,7.500000,7.500000
1764424549.366063,1519623015305,7.500000,7.500000,7.500000,7.500000,7.500000,7.500000,7.500000,7.500000
1764424549.368399,1519625350962,7.500000,7.500000,7.500000,7.500000,7.500000,7.500000,7.500000,7.500000
1764424549.370989,1519627940952,7.500000,7.500000,7.500000,7.500000,7.500000,7.500000,7.500000,7.500000
1764424549.373559,1519630510817,7.500000,7.500000,7.500000,7.500000,7.500000,7.500000,7.500000,7.500000
1764424549.376119,1519633071349,7.500000,7.500000,7.500000,7.500000,7.500000,7.500000,7.500000,7.500000
1764424549.378673,1519635625173,7.500000,7.500000,7.500000,7.500000,7.500000,7.500000,7.500000,7.500000
1764424549.381237,1519638188621,7.500000,7.500000,7.500000,7.500000,7.500000,7.500000,7.500000,7.500000
1764424549.383803,1519640754695,7.500000,7.500000,7.500000,7.500000,7.500000,7.500000,7.500000,7.500000
1764424549.386409,1519643360726,7.500000,7.500000,7.500000,7.500000,7.500000,7.500000,7.500000,7.500000
1764424549.388976,1519645927675,7.500000,7.500000,7.500000,7.500000,7.500000,7.500000,7.500000,7.500000
1764424549.391536,1519648488207,7.500000,7.500000,7.500000,7.500000,7.500000,7.500000,7.500000,7.500000
1764424549.394106,1519651058364,7.500000,7.500000,7.500000,7.500000,7.500000,7.500000,7.500000,7.500000
1764424549.396677,1519653628520,7.500000,7.500000,7.500000,7.500000,7.500000,7.500000,7.500000,7.500000
1764424549.399234,1519656186136,7.500000,7.500000,7.500000,7.500000,7.500000,7.500000,7.500000,7.500000
1764424549.401795,1519658746667,7.500000,7.500000,7.500000,7.500000,7.500000,7.500000,7.500000,7.500000
1764424549.404328,1519661280074,7.500000,7.500000,7.500000,7.500000,7.500000,7.500000,7.500000,7.500000
1764424549.406896,1519663847606,7.500000,7.500000,7.500000,7.500000,7.500000,7.500000,7.500000,7.500000
1764424549.409455,1519666406971,7.500000,7.500000,7.500000,7.500000,7.500000,7.500000,7.500000,7.500000
1764424549.412021,1519668973045,7.500000,7.500000,7.500000,7.500000,7.500000,7.500000,7.500000,7.500000
1764424549.414589,1519671541160,7.500000,7.500000,7.500000,7.500000,7.500000,7.500000,7.500000,7.500000
1764424549.417154,1519674105775,7.500000,7.500000,7.500000,7.500000,7.500000,7.500000,7.500000,7.500000
1764424549.419741,1519676692557,7.500000,7.500000,7.500000,7.500000,7.500000,7.500000,7.500000,7.500000
1764424549.422300,1519679251922,7.500000,7.500000,7.500000,7.500000,7.500000,7.500000,7.500000,7.500000
1764424549.424866,1519681817996,7.500000,7.500000,7.500000,7.500000,7.500000,7.500000,7.500000,7.500000
1764424549.427431,1519684382611,7.500000,7.500000,7.500000,7.500000,7.500000,7.500000,7.500000,7.500000
1764424549.429998,1519686949559,7.500000,7.500000,7.500000,7.500000,7.500000,7.500000,7.500000,7.500000
1764424549.432555,1519689507174,7.500000,7.500000,7.500000,7.500000,7.500000,7.500000,7.500000,7.500000
1764424549.435124,1519692075581,7.500000,7.500000,7.500000,7.500000,7.500000,7.500000,7.500000,7.500000
1764424549.437664,1519694615988,7.500000,7.500000,7.500000,7.500000,7.500000,7.500000,7.500000,7.500000
1764424549.440236,1519697187603,7.500000,7.500000,7.500000,7.500000,7.500000,7.500000,7.500000,7.500000
1764424549.442796,1519699747552,7.500000,7.500000,7.500000,7.500000,7.500000,7.500000,7.500000,7.500000
1764424549.445355,1519702306917,7.500000,7.500000,7.500000,7.500000,7.500000,7.500000,7.500000,7.500000
1764424549.447918,1519704870074,7.500000,7.500000,7.500000,7.500000,7.500000,7.500000,7.500000,7.500000
1764424549.450485,1519707437314,7.500000,7.500000,7.500000,7.500000,7.500000,7.500000,7.500000,7.500000
1764424549.453092,1519710043929,7.500000,7.500000,7.500000,7.500000,7.500000,7.500000,7.500000,7.500000
1764424549.455657,1519712609127,7.500000,7.500000,7.500000,7.500000,7.500000,7.500000,7.500000,7.500000
1764424549.458224,1519715175493,7.500000,7.500000,7.500000,7.500000,7.500000,7.500000,7.500000,7.500000
1764424549.460795,1519717746816,7.500000,7.500000,7.500000,7.500000,7.500000,7.500000,7.500000,7.500000
1764424549.463364,1519720315223,7.500000,7.500000,7.500000,7.500000,7.500000,7.500000,7.500000,7.500000
1764424549.465920,1519722871963,7.500000,7.500000,7.500000,7.500000,7.500000,7.500000,7.500000,7.500000
1764424549.468483,1519725434536,7.500000,7.500000,7.500000,7.500000,7.500000,7.500000,7.500000,7.500000
1764424549.471053,1519728004693,7.500000,7.500000,7.500000,7.500000,7.500000,7.500000,7.500000,7.500000
1764424549.473618,1519730569892,7.500000,7.500000,7.500000,7.500000,7.500000,7.500000,7.500000,7.500000
1764424549.476178,1519733129257,7.500000,7.500000,7.500000,7.500000,7.500000,7.500000,7.500000,7.500000
1764424549.478788,1519735739955,7.500000,7.500000,7.500000,7.500000,7.500000,7.500000,7.500000,7.500000
1764424549.481357,1519738308654,7.500000,7.500000,7.500000,7.500000,7.500000,7.500000,7.500000,7.500000
1764424549.484211,1519741163476,7.500000,7.500000,7.500000,7.500000,7.500000,7.500000,7.500000,7.500000
1764424549.486788,1519743739175,7.500000,7.500000,7.500000,7.500000,7.500000,7.500000,7.500000,7.500000
1764424549.489349,1519746300873,7.500000,7.500000,7.500000,7.500000,7.500000,7.500000,7.500000,7.500000
1764424549.491911,1519748863155,7.500000,7.500000,7.500000,7.500000,7.500000,7.500000,7.500000,7.500000
1764424549.494477,1519751428353,7.500000,7.500000,7.500000,7.500000,7.500000,7.500000,7.500000,7.500000
1764424549.497043,1519753995302,7.500000,7.500000,7.500000,7.500000,7.500000,7.500000,7.500000,7.500000
1764424549.499633,1519756584709,7.500000,7.500000,7.500000,7.500000,7.500000,7.500000,7.500000,7.500000
1764424549.502193,1519759145240,7.500000,7.500000,7.500000,7.500000,7.500000,7.500000,7.500000,7.500000
1764424549.504758,1519761710147,7.500000,7.500000,7.500000,7.500000,7.500000,7.500000,7.500000,7.500000
1764424549.507324,1519764275637,7.500000,7.500000,7.500000,7.500000,7.500000,7.500000,7.500000,7.500000
1764424549.509910,1519766862127,7.500000,7.500000,7.500000,7.500000,7.500000,7.500000,7.500000,7.500000
1764424549.512467,1519769418868,7.500000,7.500000,7.500000,7.500000,7.500000,7.500000,7.500000,7.500000
1764424549.515035,1519771986691,7.500000,7.500000,7.500000,7.500000,7.500000,7.500000,7.500000,7.500000
1764424549.517609,1519774560348,7.500000,7.500000,7.500000,7.500000,7.500000,7.500000,7.500000,7.500000
1764424549.520181,1519777133130,7.500000,7.500000,7.500000,7.500000,7.500000,7.500000,7.500000,7.500000
1764424549.522740,1519779691620,7.500000,7.500000,7.500000,7.500000,7.500000,7.500000,7.500000,7.500000
1764424549.525302,1519782253902,7.500000,7.500000,7.500000,7.500000,7.500000,7.500000,7.500000,7.500000
1764424549.527867,1519784819100,7.500000,7.500000,7.500000,7.500000,7.500000,7.500000,7.500000,7.500000
1764424549.530544,1519787495423,7.500000,7.500000,7.500000,7.500000,7.500000,7.500000,7.500000,7.500000
1764424549.533065,1519790017164,7.500000,7.500000,7.500000,7.500000,7.500000,7.500000,7.500000,7.500000
1764424549.535555,1519792507112,7.500000,7.500000,7.500000,7.500000,7.500000,7.500000,7.500000,7.500000
1764424549.538049,1519795000853,7.500000,7.500000,7.500000,7.500000,7.500000,7.500000,7.500000,7.500000
1764424549.540542,1519797494010,7.500000,7.500000,7.500000,7.500000,7.500000,7.500000,7.500000,7.500000
1764424549.543050,1519800001459,7.500000,7.500000,7.500000,7.500000,7.500000,7.500000,7.500000,7.500000
1764424549.545536,1519802487907,7.500000,7.500000,7.500000,7.500000,7.500000,7.500000,7.500000,7.500000
1764424549.548028,1519804979315,7.500000,7.500000,7.500000,7.500000,7.500000,7.500000,7.500000,7.500000
1764424549.550520,1519807471888,7.500000,7.500000,7.500000,7.500000,7.500000,7.500000,7.500000,7.500000
1764424549.553036,1519809988379,7.500000,7.500000,7.500000,7.500000,7.500000,7.500000,7.500000,7.500000
1764424549.555523,1519812475119,7.500000,7.500000,7.500000,7.500000,7.500000,7.500000,7.500000,7.500000
1764424549.558021,1519814972360,7.500000,7.500000,7.500000,7.500000,7.500000,7.500000,7.500000,7.500000
1764424549.560514,1519817465808,7.500000,7.500000,7.500000,7.500000,7.500000,7.500000,7.500000,7.500000
1764424549.563016,1519819968007,7.500000,7.500000,7.500000,7.500000,7.500000,7.500000,7.500000,7.500000
1764424549.565502,1519822453872,7.500000,7.500000,7.500000,7.500000,7.500000,7.500000,7.500000,7.500000
1764424549.567991,1519824942655,7.500000,7.500000,7.500000,7.500000,7.500000,7.500000,7.500000,7.500000
1764424549.570482,1519827433770,7.500000,7.500000,7.500000,7.500000,7.500000,7.500000,7.500000,7.500000
1764424549.572995,1519829947052,7.500000,7.500000,7.500000,7.500000,7.500000,7.500000,7.500000,7.500000
1764424549.575484,1519832435251,7.500000,7.500000,7.500000,7.500000,7.500000,7.500000,7.500000,7.500000
1764424549.577976,1519834927533,7.500000,7.500000,7.500000,7.500000,7.500000,7.500000,7.500000,7.500000
1764424549.580469,1519837420398,7.500000,7.500000,7.500000,7.500000,7.500000,7.500000,7.500000,7.500000
1764424549.582974,1519839926097,7.500000,7.500000,7.500000,7.500000,7.500000,7.500000,7.500000,7.500000
1764424549.585469,1519842420421,7.500000,7.500000,7.500000,7.500000,7.500000,7.500000,7.500000,7.500000
1764424549.587962,1519844913578,7.500000,7.500000,7.500000,7.500000,7.500000,7.500000,7.500000,7.500000
1764424549.590455,1519847406735,7.500000,7.500000,7.500000,7.500000,7.500000,7.500000,7.500000,7.500000
1764424549.592967,1519849918850,7.500000,7.500000,7.500000,7.500000,7.500000,7.500000,7.500000,7.500000
1764424549.595458,1519852409382,7.500000,7.500000,7.500000,7.500000,7.500000,7.500000,7.500000,7.500000
1764424549.597946,1519854897290,7.500000,7.500000,7.500000,7.500000,7.500000,7.500000,7.500000,7.500000
1764424549.600474,1519857426030,7.500000,7.500000,7.500000,7.500000,7.500000,7.500000,7.500000,7.500000
1764424549.602993,1519859944562,7.500000,7.500000,7.500000,7.500000,7.500000,7.500000,7.500000,7.500000
1764424549.605481,1519862432761,7.500000,7.500000,7.500000,7.500000,7.500000,7.500000,7.500000,7.500000
1764424549.607973,1519864925043,7.500000,7.500000,7.500000,7.500000,7.500000,7.500000,7.500000,7.500000
1764424549.610466,1519867417325,7.500000,7.500000,7.500000,7.500000,7.500000,7.500000,7.500000,7.500000
1764424549.612977,1519869928274,7.500000,7.500000,7.500000,7.500000,7.500000,7.500000,7.500000,7.500000
1764424549.615463,1519872415014,7.500000,7.500000,7.500000,7.500000,7.500000,7.500000,7.500000,7.500000
1764424549.617962,1519874914004,7.500000,7.500000,7.500000,7.500000,7.500000,7.500000,7.500000,7.500000
1764424549.620459,1519877410078,7.500000,7.500000,7.500000,7.500000,7.500000,7.500000,7.500000,7.500000
1764424549.622965,1519879916652,7.500000,7.500000,7.500000,7.500000,7.500000,7.500000,7.500000,7.500000
1764424549.625452,1519882403101,7.500000,7.500000,7.500000,7.500000,7.500000,7.500000,7.500000,7.500000
1764424549.627940,1519884891883,7.500000,7.500000,7.500000,7.500000,7.500000,7.500000,7.500000,7.500000
1764424549.630432,1519887383873,7.500000,7.500000,7.500000,7.500000,7.500000,7.500000,7.500000,7.500000
1764424549.632942,1519889893947,7.500000,7.500000,7.500000,7.500000,7.500000,7.500000,7.500000,7.500000
1764424549.635429,1519892380687,7.500000,7.500000,7.500000,7.500000,7.500000,7.500000,7.500000,7.500000
1764424549.637920,1519894871511,7.500000,7.500000,7.500000,7.500000,7.500000,7.500000,7.500000,7.500000
1764424549.640412,1519897363502,7.500000,7.500000,7.500000,7.500000,7.500000,7.500000,7.500000,7.500000
1764424549.642918,1519899870075,7.500000,7.500000,7.500000,7.500000,7.500000,7.500000,7.500000,7.500000
1764424549.645405,1519902356524,7.500000,7.500000,7.500000,7.500000,7.500000,7.500000,7.500000,7.500000
1764424549.647895,1519904847056,7.500000,7.500000,7.500000,7.500000,7.500000,7.500000,7.500000,7.500000
1764424549.650383,1519907334672,7.500000,7.500000,7.500000,7.500000,7.500000,7.500000,7.500000,7.500000
1764424549.652874,1519909826079,7.500000,7.500000,7.500000,7.500000,7.500000,7.500000,7.500000,7.500000
1764424549.655465,1519912417236,7.500000,7.500000,7.500000,7.500000,7.500000,7.500000,7.500000,7.500000
1764424549.657962,1519914913601,7.500000,7.500000,7.500000,7.500000,7.500000,7.500000,7.500000,7.500000
1764424549.660456,1519917407633,7.500000,7.500000,7.500000,7.500000,7.500000,7.500000,7.500000,7.500000
1764424549.662961,1519919912748,7.500000,7.500000,7.500000,7.500000,7.500000,7.500000,7.500000,7.500000
1764424549.665447,1519922399197,7.500000,7.500000,7.500000,7.500000,7.500000,7.500000,7.500000,7.500000
1764424549.667937,1519924888563,7.500000,7.500000,7.500000,7.500000,7.500000,7.500000,7.500000,7.500000
1764424549.670428,1519927379970,7.500000,7.500000,7.500000,7.500000,7.500000,7.500000,7.500000,7.500000
1764424549.672931,1519929882460,7.500000,7.500000,7.500000,7.500000,7.500000,7.500000,7.500000,7.500000
1764424549.675421,1519932372701,7.500000,7.500000,7.500000,7.500000,7.500000,7.500000,7.500000,7.500000
1764424549.677915,1519934867024,7.500000,7.500000,7.500000,7.500000,7.500000,7.500000,7.500000,7.500000
1764424549.680408,1519937360473,7.500000,7.500000,7.500000,7.500000,7.500000,7.500000,7.500000,7.500000
1764424549.683083,1519940034463,7.500000,7.500000,7.500000,7.500000,7.500000,7.500000,7.500000,7.500000
1764424549.685579,1519942530537,7.500000,7.500000,7.500000,7.500000,7.500000,7.500000,7.500000,7.500000
1764424549.688071,1519945022527,7.500000,7.500000,7.500000,7.500000,7.500000,7.500000,7.500000,7.500000
1764424549.690564,1519947515392,7.500000,7.500000,7.500000,7.500000,7.500000,7.500000,7.500000,7.500000
1764424549.693069,1519950020508,7.500000,7.500000,7.500000,7.500000,7.500000,7.500000,7.500000,7.500000
1764424549.695557,1519952508998,7.500000,7.500000,7.500000,7.500000,7.500000,7.500000,7.500000,7.500000
1764424549.698051,1519955002447,7.500000,7.500000,7.500000,7.500000,7.500000,7.500000,7.500000,7.500000
1764424549.700544,1519957495313,7.500000,7.500000,7.500000,7.500000,7.500000,7.500000,7.500000,7.500000
1764424549.703051,1519960002470,7.500000,7.500000,7.500000,7.500000,7.500000,7.500000,7.500000,7.500000
1764424549.705539,1519962490377,7.500000,7.500000,7.500000,7.500000,7.500000,7.500000,7.500000,7.500000
1764424549.708035,1519964986742,7.500000,7.500000,7.500000,7.500000,7.500000,7.500000,7.500000,7.500000
1764424549.710532,1519967483982,7.500000,7.500000,7.500000,7.500000,7.500000,7.500000,7.500000,7.500000
1764424549.713041,1519969993181,7.500000,7.500000,7.500000,7.500000,7.500000,7.500000,7.500000,7.500000
1764424549.715528,1519972480213,7.500000,7.500000,7.500000,7.500000,7.500000,7.500000,7.500000,7.500000
1764424549.718026,1519974978037,7.500000,7.500000,7.500000,7.500000,7.500000,7.500000,7.500000,7.500000
1764424549.720521,1519977472944,7.500000,7.500000,7.500000,7.500000,7.500000,7.500000,7.500000,7.500000
1764424549.723027,1519979979226,7.500000,7.500000,7.500000,7.500000,7.500000,7.500000,7.500000,7.500000
1764424549.725514,1519982465675,7.500000,7.500000,7.500000,7.500000,7.500000,7.500000,7.500000,7.500000
1764424549.728005,1519984956207,7.500000,7.500000,7.500000,7.500000,7.500000,7.500000,7.500000,7.500000
1764424549.730521,1519987472989,7.500000,7.500000,7.500000,7.500000,7.500000,7.500000,7.500000,7.500000
1764424549.733032,1519989983938,7.500000,7.500000,7.500000,7.500000,7.500000,7.500000,7.500000,7.500000
1764424549.735521,1519992473012,7.500000,7.500000,7.500000,7.500000,7.500000,7.500000,7.500000,7.500000
1764424549.738012,1519994963544,7.500000,7.500000,7.500000,7.500000,7.500000,7.500000,7.500000,7.500000
1764424549.740504,1519997455242,7.500000,7.500000,7.500000,7.500000,7.500000,7.500000,7.500000,7.500000
1764424549.743015,1519999967066,7.500000,7.500000,7.500000,7.500000,7.500000,7.500000,7.500000,7.500000
1764424549.745505,1520002456140,7.500000,7.500000,7.500000,7.500000,7.500000,7.500000,7.500000,7.500000
1764424549.747997,1520004948422,7.500000,7.500000,7.500000,7.500000,7.500000,7.500000,7.500000,7.500000
1764424549.750490,1520007441871,7.500000,7.500000,7.500000,7.500000,7.500000,7.500000,7.500000,7.500000
1764424549.753008,1520009959819,7.500000,7.500000,7.500000,7.500000,7.500000,7.500000,7.500000,7.500000
1764424549.755502,1520012453852,7.500000,7.500000,7.500000,7.500000,7.500000,7.500000,7.500000,7.500000
1764424549.757994,1520014945842,7.500000,7.500000,7.500000,7.500000,7.500000,7.500000,7.500000,7.500000
1764424549.760487,1520017438416,7.500000,7.500000,7.500000,7.500000,7.500000,7.500000,7.500000,7.500000
1764424549.762989,1520019940323,7.500000,7.500000,7.500000,7.500000,7.500000,7.500000,7.500000,7.500000
1764424549.765475,1520022427063,7.500000,7.500000,7.500000,7.500000,7.500000,7.500000,7.500000,7.500000
1764424549.767967,1520024918762,7.500000,7.500000,7.500000,7.500000,7.500000,7.500000,7.500000,7.500000
1764424549.770459,1520027410752,7.500000,7.500000,7.500000,7.500000,7.500000,7.500000,7.500000,7.500000
1764424549.772965,1520029916451,7.500000,7.500000,7.500000,7.500000,7.500000,7.500000,7.500000,7.500000
1764424549.775451,1520032402900,7.500000,7.500000,7.500000,7.500000,7.500000,7.500000,7.500000,7.500000
1764424549.777940,1520034891682,7.500000,7.500000,7.500000,7.500000,7.500000,7.500000,7.500000,7.500000
1764424549.780433,1520037385131,7.500000,7.500000,7.500000,7.500000,7.500000,7.500000,7.500000,7.500000
1764424549.782941,1520039892871,7.500000,7.500000,7.500000,7.500000,7.500000,7.500000,7.500000,7.500000
1764424549.785433,1520042385153,7.500000,7.500000,7.500000,7.500000,7.500000,7.500000,7.500000,7.500000
1764424549.787926,1520044877435,7.500000,7.500000,7.500000,7.500000,7.500000,7.500000,7.500000,7.500000
1764424549.790412,1520047364176,7.500000,7.500000,7.500000,7.500000,7.500000,7.500000,7.500000,7.500000
1764424549.792948,1520049899041,7.500000,7.500000,7.500000,7.500000,7.500000,7.500000,7.500000,7.500000
1764424549.795437,1520052388698,7.500000,7.500000,7.500000,7.500000,7.500000,7.500000,7.500000,7.500000
1764424549.797926,1520054877480,7.500000,7.500000,7.500000,7.500000,7.500000,7.500000,7.500000,7.500000
1764424549.800415,1520057366846,7.500000,7.500000,7.500000,7.500000,7.500000,7.500000,7.500000,7.500000
1764424549.802923,1520059874586,7.500000,7.500000,7.500000,7.500000,7.500000,7.500000,7.500000,7.500000
1764424549.805408,1520062360160,7.500000,7.500000,7.500000,7.500000,7.500000,7.500000,7.500000,7.500000
1764424549.807781,1520064732859,7.500000,7.500000,7.500000,7.500000,7.500000,7.500000,7.500000,7.500000
1764424549.810276,1520067227766,7.500000,7.500000,7.500000,7.500000,7.500000,7.500000,7.500000,7.500000
1764424552.136205,1522393157798,7.500000,7.500000,7.500000,7.500000,7.500000,7.500000,7.500000,7.500000
1764424552.138896,1522395848412,7.500000,7.500000,7.500000,7.500000,7.500000,7.500000,7.500000,7.500000
1764424552.141814,1522398766235,7.500000,7.500000,7.500000,7.500000,7.500000,7.500000,7.500000,7.500000
1764424552.144657,1522401608224,7.500000,7.500000,7.500000,7.500000,7.500000,7.500000,7.500000,7.500000
1764424552.147402,1522404353963,7.500000,7.500000,7.500000,7.500000,7.500000,7.500000,7.500000,7.500000
1764424552.149841,1522406792870,7.500000,7.500000,7.500000,7.500000,7.500000,7.500000,7.500000,7.500000
1764424552.152262,1522409213403,7.500000,7.500000,7.500000,7.500000,7.500000,7.500000,7.500000,7.500000
1764424552.154747,1522411698977,7.500000,7.500000,7.500000,7.500000,7.500000,7.500000,7.500000,7.500000
1764424552.157246,1522414197967,7.500000,7.500000,7.500000,7.500000,7.500000,7.500000,7.500000,7.500000
1764424552.159658,1522416609458,7.500000,7.500000,7.500000,7.500000,7.500000,7.500000,7.500000,7.500000
1764424552.162048,1522418999657,7.500000,7.500000,7.500000,7.500000,7.500000,7.500000,7.500000,7.500000
1764424552.164452,1522421403564,7.500000,7.500000,7.500000,7.500000,7.500000,7.500000,7.500000,7.500000
1764424552.166853,1522423804555,7.500000,7.500000,7.500000,7.500000,7.500000,7.500000,7.500000,7.500000
1764424552.169248,1522426199421,7.500000,7.500000,7.500000,7.500000,7.500000,7.500000,7.500000,7.500000
1764424552.171643,1522428595162,7.500000,7.500000,7.500000,7.500000,7.500000,7.500000,7.500000,7.500000
1764424552.174043,1522430994402,7.500000,7.500000,7.500000,7.500000,7.500000,7.500000,7.500000,7.500000
1764424552.176459,1522433410560,7.500000,7.500000,7.500000,7.500000,7.500000,7.500000,7.500000,7.500000
1764424552.178848,1522435799884,7.500000,7.500000,7.500000,7.500000,7.500000,7.500000,7.500000,7.500000
1764424552.181244,1522438195333,7.500000,7.500000,7.500000,7.500000,7.500000,7.500000,7.500000,7.500000
1764424552.183666,1522440617907,7.500000,7.500000,7.500000,7.500000,7.500000,7.500000,7.500000,7.500000
1764424552.186089,1522443040190,7.500000,7.500000,7.500000,7.500000,7.500000,7.500000,7.500000,7.500000
1764424552.188487,1522445438555,7.500000,7.500000,7.500000,7.500000,7.500000,7.500000,7.500000,7.500000
1764424552.190887,1522447838671,7.500000,7.500000,7.500000,7.500000,7.500000,7.500000,7.500000,7.500000
1764424552.193284,1522450235579,7.500000,7.500000,7.500000,7.500000,7.500000,7.500000,7.500000,7.500000
1764424552.195678,1522452629278,7.500000,7.500000,7.500000,7.500000,7.500000,7.500000,7.500000,7.500000
1764424552.198075,1522455026769,7.500000,7.500000,7.500000,7.500000,7.500000,7.500000,7.500000,7.500000
1764424552.200472,1522457423676,7.500000,7.500000,7.500000,7.500000,7.500000,7.500000,7.500000,7.500000
1764424552.202865,1522459817084,7.500000,7.500000,7.500000,7.500000,7.500000,7.500000,7.500000,7.500000
1764424552.205260,1522462211366,7.500000,7.500000,7.500000,7.500000,7.500000,7.500000,7.500000,7.500000
1764424552.207664,1522464615857,7.500000,7.500000,7.500000,7.500000,7.500000,7.500000,7.500000,7.500000
1764424552.210061,1522467012764,7.500000,7.500000,7.500000,7.500000,7.500000,7.500000,7.500000,7.500000
1764424552.212455,1522469406755,7.500000,7.500000,7.500000,7.500000,7.500000,7.500000,7.500000,7.500000
1764424552.214849,1522471801329,7.500000,7.500000,7.500000,7.500000,7.500000,7.500000,7.500000,7.500000
1764424552.217252,1522474204070,7.500000,7.500000,7.500000,7.500000,7.500000,7.500000,7.500000,7.500000
1764424552.219660,1522476611477,7.500000,7.500000,7.500000,7.500000,7.500000,7.500000,7.500000,7.500000
1764424552.222051,1522479002552,7.500000,7.500000,7.500000,7.500000,7.500000,7.500000,7.500000,7.500000
1764424552.224450,1522481401501,7.500000,7.500000,7.500000,7.500000,7.500000,7.500000,7.500000,7.500000
1764424552.226846,1522483797825,7.500000,7.500000,7.500000,7.500000,7.500000,7.500000,7.500000,7.500000
1764424552.229327,1522486278732,7.500000,7.500000,7.500000,7.500000,7.500000,7.500000,7.500000,7.500000
1764424552.231725,1522488677389,7.500000,7.500000,7.500000,7.500000,7.500000,7.500000,7.500000,7.500000
1764424552.234122,1522491073714,7.500000,7.500000,7.500000,7.500000,7.500000,7.500000,7.500000,7.500000
1764424552.236493,1522493444663,7.500000,7.500000,7.500000,7.500000,7.500000,7.500000,7.500000,7.500000
1764424552.238895,1522495846237,7.500000,7.500000,7.500000,7.500000,7.500000,7.500000,7.500000,7.500000
1764424552.241291,1522498242853,7.500000,7.500000,7.500000,7.500000,7.500000,7.500000,7.500000,7.500000
1764424552.243687,1522500638885,7.500000,7.500000,7.500000,7.500000,7.500000,7.500000,7.500000,7.500000
1764424552.246080,1522503031709,7.500000,7.500000,7.500000,7.500000,7.500000,7.500000,7.500000,7.500000
1764424552.248476,1522505427742,7.500000,7.500000,7.500000,7.500000,7.500000,7.500000,7.500000,7.500000
1764424552.250884,1522507836024,7.500000,7.500000,7.500000,7.500000,7.500000,7.500000,7.500000,7.500000
1764424552.253283,1522510234390,7.500000,7.500000,7.500000,7.500000,7.500000,7.500000,7.500000,7.500000
1764424552.255677,1522512628381,7.500000,7.500000,7.500000,7.500000,7.500000,7.500000,7.500000,7.500000
1764424552.258073,1522515024413,7.500000,7.500000,7.500000,7.500000,7.500000,7.500000,7.500000,7.500000
1764424552.260477,1522517428029,7.500000,7.500000,7.500000,7.500000,7.500000,7.500000,7.500000,7.500000
1764424552.262872,1522519823187,7.500000,7.500000,7.500000,7.500000,7.500000,7.500000,7.500000,7.500000
1764424552.265267,1522522218344,7.500000,7.500000,7.500000,7.500000,7.500000,7.500000,7.500000,7.500000
1764424552.267662,1522524613210,7.500000,7.500000,7.500000,7.500000,7.500000,7.500000,7.500000,7.500000
1764424552.270058,1522527010117,7.500000,7.500000,7.500000,7.500000,7.500000,7.500000,7.500000,7.500000
1764424552.272460,1522529411983,7.500000,7.500000,7.500000,7.500000,7.500000,7.500000,7.500000,7.500000
1764424552.274857,1522531808307,7.500000,7.500000,7.500000,7.500000,7.500000,7.500000,7.500000,7.500000
1764424552.277253,1522534204631,7.500000,7.500000,7.500000,7.500000,7.500000,7.500000,7.500000,7.500000
1764424552.279657,1522536608539,7.500000,7.500000,7.500000,7.500000,7.500000,7.500000,7.500000,7.500000
1764424552.282053,1522539004571,7.500000,7.500000,7.500000,7.500000,7.500000,7.500000,7.500000,7.500000
1764424552.284450,1522541401479,7.500000,7.500000,7.500000,7.500000,7.500000,7.500000,7.500000,7.500000
1764424552.286846,1522543797511,7.500000,7.500000,7.500000,7.500000,7.500000,7.500000,7.500000,7.500000
1764424552.289241,1522546192669,7.500000,7.500000,7.500000,7.500000,7.500000,7.500000,7.500000,7.500000
1764424552.291639,1522548590159,7.500000,7.500000,7.500000,7.500000,7.500000,7.500000,7.500000,7.500000
1764424552.294044,1522550995234,7.500000,7.500000,7.500000,7.500000,7.500000,7.500000,7.500000,7.500000
1764424552.296449,1522553400891,7.500000,7.500000,7.500000,7.500000,7.500000,7.500000,7.500000,7.500000
1764424552.298838,1522555789340,7.500000,7.500000,7.500000,7.500000,7.500000,7.500000,7.500000,7.500000
1764424552.301234,1522558185664,7.500000,7.500000,7.500000,7.500000,7.500000,7.500000,7.500000,7.500000
1764424552.303641,1522560592780,7.500000,7.500000,7.500000,7.500000,7.500000,7.500000,7.500000,7.500000
1764424552.306036,1522562986771,7.500000,7.500000,7.500000,7.500000,7.500000,7.500000,7.500000,7.500000
1764424552.308432,1522565383387,7.500000,7.500000,7.500000,7.500000,7.500000,7.500000,7.500000,7.500000
1764424552.310828,1522567779711,7.500000,7.500000,7.500000,7.500000,7.500000,7.500000,7.500000,7.500000
1764424552.313223,1522570175160,7.500000,7.500000,7.500000,7.500000,7.500000,7.500000,7.500000,7.500000
1764424552.315624,1522572576151,7.500000,7.500000,7.500000,7.500000,7.500000,7.500000,7.500000,7.500000
1764424552.318021,1522574972183,7.500000,7.500000,7.500000,7.500000,7.500000,7.500000,7.500000,7.500000
1764424552.320416,1522577367632,7.500000,7.500000,7.500000,7.500000,7.500000,7.500000,7.500000,7.500000
1764424552.322809,1522579760748,7.500000,7.500000,7.500000,7.500000,7.500000,7.500000,7.500000,7.500000
1764424552.325212,1522582164072,7.500000,7.500000,7.500000,7.500000,7.500000,7.500000,7.500000,7.500000
1764424552.327610,1522584560980,7.500000,7.500000,7.500000,7.500000,7.500000,7.500000,7.500000,7.500000
1764424552.330006,1522586957887,7.500000,7.500000,7.500000,7.500000,7.500000,7.500000,7.500000,7.500000
1764424552.332400,1522589351295,7.500000,7.500000,7.500000,7.500000,7.500000,7.500000,7.500000,7.500000
1764424552.334796,1522591747911,7.500000,7.500000,7.500000,7.500000,7.500000,7.500000,7.500000,7.500000
1764424552.337288,1522594239318,7.500000,7.500000,7.500000,7.500000,7.500000,7.500000,7.500000,7.500000
1764424552.339698,1522596649933,7.500000,7.500000,7.500000,7.500000,7.500000,7.500000,7.500000,7.500000
1764424552.342088,1522599040133,7.500000,7.500000,7.500000,7.500000,7.500000,7.500000,7.500000,7.500000
1764424552.344484,1522601435582,7.500000,7.500000,7.500000,7.500000,7.500000,7.500000,7.500000,7.500000
1764424552.346887,1522603838322,7.500000,7.500000,7.500000,7.500000,7.500000,7.500000,7.500000,7.500000
1764424552.349282,1522606233480,7.500000,7.500000,7.500000,7.500000,7.500000,7.500000,7.500000,7.500000
1764424552.351677,1522608628637,7.500000,7.500000,7.500000,7.500000,7.500000,7.500000,7.500000,7.500000
1764424552.354073,1522611024378,7.500000,7.500000,7.500000,7.500000,7.500000,7.500000,7.500000,7.500000
1764424552.356481,1522613432952,7.500000,7.500000,7.500000,7.500000,7.500000,7.500000,7.500000,7.500000
1764424552.358876,1522615827818,7.500000,7.500000,7.500000,7.500000,7.500000,7.500000,7.500000,7.500000
1764424552.361272,1522618223851,7.500000,7.500000,7.500000,7.500000,7.500000,7.500000,7.500000,7.500000
1764424552.363669,1522620620466,7.500000,7.500000,7.500000,7.500000,7.500000,7.500000,7.500000,7.500000
1764424552.366064,1522623015916,7.500000,7.500000,7.500000,7.500000,7.500000,7.500000,7.500000,7.500000
1764424552.368466,1522625417198,7.500000,7.500000,7.500000,7.500000,7.500000,7.500000,7.500000,7.500000
1764424552.370862,1522627814397,7.500000,7.500000,7.500000,7.500000,7.500000,7.500000,7.500000,7.500000
1764424552.373261,1522630212763,7.500000,7.500000,7.500000,7.500000,7.500000,7.500000,7.500000,7.500000
1764424552.375657,1522632608504,7.500000,7.500000,7.500000,7.500000,7.500000,7.500000,7.500000,7.500000
1764424552.378055,1522635006286,7.500000,7.500000,7.500000,7.500000,7.500000,7.500000,7.500000,7.500000
1764424552.380463,1522637413985,7.500000,7.500000,7.500000,7.500000,7.500000,7.500000,7.500000,7.500000
1764424552.382858,1522639809726,7.500000,7.500000,7.500000,7.500000,7.500000,7.500000,7.500000,7.500000
1764424552.385254,1522642205467,7.500000,7.500000,7.500000,7.500000,7.500000,7.500000,7.500000,7.500000
1764424552.387651,1522644602666,7.500000,7.500000,7.500000,7.500000,7.500000,7.500000,7.500000,7.500000
1764424552.390055,1522647007157,7.500000,7.500000,7.500000,7.500000,7.500000,7.500000,7.500000,7.500000
1764424552.392452,1522649403189,7.500000,7.500000,7.500000,7.500000,7.500000,7.500000,7.500000,7.500000
1764424552.394849,1522651800972,7.500000,7.500000,7.500000,7.500000,7.500000,7.500000,7.500000,7.500000
1764424552.397247,1522654198171,7.500000,7.500000,7.500000,7.500000,7.500000,7.500000,7.500000,7.500000
1764424552.399657,1522656608203,7.500000,7.500000,7.500000,7.500000,7.500000,7.500000,7.500000,7.500000
1764424552.402054,1522659005111,7.500000,7.500000,7.500000,7.500000,7.500000,7.500000,7.500000,7.500000
1764424552.404452,1522661403768,7.500000,7.500000,7.500000,7.500000,7.500000,7.500000,7.500000,7.500000
1764424552.406850,1522663801551,7.500000,7.500000,7.500000,7.500000,7.500000,7.500000,7.500000,7.500000
1764424552.409246,1522666197583,7.500000,7.500000,7.500000,7.500000,7.500000,7.500000,7.500000,7.500000
1764424552.411649,1522668600907,7.500000,7.500000,7.500000,7.500000,7.500000,7.500000,7.500000,7.500000
1764424552.414050,1522671001023,7.500000,7.500000,7.500000,7.500000,7.500000,7.500000,7.500000,7.500000
1764424552.416457,1522673408722,7.500000,7.500000,7.500000,7.500000,7.500000,7.500000,7.500000,7.500000
1764424552.418847,1522675798921,7.500000,7.500000,7.500000,7.500000,7.500000,7.500000,7.500000,7.500000
1764424552.421244,1522678196120,7.500000,7.500000,7.500000,7.500000,7.500000,7.500000,7.500000,7.500000
1764424552.423650,1522680602069,7.500000,7.500000,7.500000,7.500000,7.500000,7.500000,7.500000,7.500000
1764424552.426047,1522682998394,7.500000,7.500000,7.500000,7.500000,7.500000,7.500000,7.500000,7.500000
1764424552.428444,1522685395593,7.500000,7.500000,7.500000,7.500000,7.500000,7.500000,7.500000,7.500000
1764424552.430839,1522687791042,7.500000,7.500000,7.500000,7.500000,7.500000,7.500000,7.500000,7.500000
1764424552.433244,1522690195241,7.500000,7.500000,7.500000,7.500000,7.500000,7.500000,7.500000,7.500000
1764424552.435640,1522692591565,7.500000,7.500000,7.500000,7.500000,7.500000,7.500000,7.500000,7.500000
1764424552.438037,1522694989056,7.500000,7.500000,7.500000,7.500000,7.500000,7.500000,7.500000,7.500000
1764424552.440435,1522697386255,7.500000,7.500000,7.500000,7.500000,7.500000,7.500000,7.500000,7.500000
1764424552.442829,1522699780829,7.500000,7.500000,7.500000,7.500000,7.500000,7.500000,7.500000,7.500000
1764424552.445234,1522702185320,7.500000,7.500000,7.500000,7.500000,7.500000,7.500000,7.500000,7.500000
1764424552.447632,1522704583394,7.500000,7.500000,7.500000,7.500000,7.500000,7.500000,7.500000,7.500000
1764424552.450030,1522706981177,7.500000,7.500000,7.500000,7.500000,7.500000,7.500000,7.500000,7.500000
1764424552.452425,1522709375751,7.500000,7.500000,7.500000,7.500000,7.500000,7.500000,7.500000,7.500000
1764424552.454829,1522711780825,7.500000,7.500000,7.500000,7.500000,7.500000,7.500000,7.500000,7.500000
1764424552.457231,1522714182691,7.500000,7.500000,7.500000,7.500000,7.500000,7.500000,7.500000,7.500000
1764424552.459642,1522716593306,7.500000,7.500000,7.500000,7.500000,7.500000,7.500000,7.500000,7.500000
1764424552.462031,1522718982631,7.500000,7.500000,7.500000,7.500000,7.500000,7.500000,7.500000,7.500000
1764424552.464427,1522721378663,7.500000,7.500000,7.500000,7.500000,7.500000,7.500000,7.500000,7.500000
1764424552.466832,1522723784029,7.500000,7.500000,7.500000,7.500000,7.500000,7.500000,7.500000,7.500000
1764424552.469228,1522726179478,7.500000,7.500000,7.500000,7.500000,7.500000,7.500000,7.500000,7.500000
1764424552.471625,1522728576094,7.500000,7.500000,7.500000,7.500000,7.500000,7.500000,7.500000,7.500000
1764424552.474022,1522730973293,7.500000,7.500000,7.500000,7.500000,7.500000,7.500000,7.500000,7.500000
1764424552.476434,1522733385950,7.500000,7.500000,7.500000,7.500000,7.500000,7.500000,7.500000,7.500000
1764424552.478824,1522735774983,7.500000,7.500000,7.500000,7.500000,7.500000,7.500000,7.500000,7.500000
1764424552.481223,1522738174224,7.500000,7.500000,7.500000,7.500000,7.500000,7.500000,7.500000,7.500000
1764424552.483620,1522740572006,7.500000,7.500000,7.500000,7.500000,7.500000,7.500000,7.500000,7.500000
1764424552.486015,1522742965997,7.500000,7.500000,7.500000,7.500000,7.500000,7.500000,7.500000,7.500000
1764424552.488412,1522745363488,7.500000,7.500000,7.500000,7.500000,7.500000,7.500000,7.500000,7.500000
1764424552.490809,1522747760687,7.500000,7.500000,7.500000,7.500000,7.500000,7.500000,7.500000,7.500000
1764424552.493158,1522750110053,7.500000,7.500000,7.500000,7.500000,7.500000,7.500000,7.500000,7.500000
1764424552.495555,1522752506960,7.500000,7.500000,7.500000,7.500000,7.500000,7.500000,7.500000,7.500000
1764424552.497959,1522754910576,7.500000,7.500000,7.500000,7.500000,7.500000,7.500000,7.500000,7.500000
1764424552.500358,1522757309525,7.500000,7.500000,7.500000,7.500000,7.500000,7.500000,7.500000,7.500000
1764424552.502753,1522759704683,7.500000,7.500000,7.500000,7.500000,7.500000,7.500000,7.500000,7.500000
1764424552.505149,1522762100715,7.500000,7.500000,7.500000,7.500000,7.500000,7.500000,7.500000,7.500000
1764424552.507550,1522764501706,7.500000,7.500000,7.500000,7.500000,7.500000,7.500000,7.500000,7.500000
1764424552.509954,1522766906197,7.500000,7.500000,7.500000,7.500000,7.500000,7.500000,7.500000,7.500000
1764424552.512349,1522769300479,7.500000,7.500000,7.500000,7.500000,7.500000,7.500000,7.500000,7.500000
1764424552.514745,1522771696220,7.500000,7.500000,7.500000,7.500000,7.500000,7.500000,7.500000,7.500000
1764424552.517141,1522774092836,7.500000,7.500000,7.500000,7.500000,7.500000,7.500000,7.500000,7.500000
1764424552.519543,1522776494410,7.500000,7.500000,7.500000,7.500000,7.500000,7.500000,7.500000,7.500000
1764424552.521947,1522778898901,7.500000,7.500000,7.500000,7.500000,7.500000,7.500000,7.500000,7.500000
1764424552.524345,1522781296975,7.500000,7.500000,7.500000,7.500000,7.500000,7.500000,7.500000,7.500000
1764424552.526801,1522783752215,7.500000,7.500000,7.500000,7.500000,7.500000,7.500000,7.500000,7.500000
1764424552.529197,1522786148539,7.500000,7.500000,7.500000,7.500000,7.500000,7.500000,7.500000,7.500000
1764424552.531603,1522788554197,7.500000,7.500000,7.500000,7.500000,7.500000,7.500000,7.500000,7.500000
1764424552.534003,1522790954896,7.500000,7.500000,7.500000,7.500000,7.500000,7.500000,7.500000,7.500000
1764424552.536413,1522793364345,7.500000,7.500000,7.500000,7.500000,7.500000,7.500000,7.500000,7.500000
1764424552.538803,1522795754836,7.500000,7.500000,7.500000,7.500000,7.500000,7.500000,7.500000,7.500000
1764424552.541207,1522798158743,7.500000,7.500000,7.500000,7.500000,7.500000,7.500000,7.500000,7.500000
1764424552.543606,1522800556817,7.500000,7.500000,7.500000,7.500000,7.500000,7.500000,7.500000,7.500000
1764424552.546001,1522802952267,7.500000,7.500000,7.500000,7.500000,7.500000,7.500000,7.500000,7.500000
1764424552.548397,1522805348882,7.500000,7.500000,7.500000,7.500000,7.500000,7.500000,7.500000,7.500000
1764424552.550795,1522807746082,7.500000,7.500000,7.500000,7.500000,7.500000,7.500000,7.500000,7.500000
1764424552.553161,1522810112072,7.500000,7.500000,7.500000,7.500000,7.500000,7.500000,7.500000,7.500000
1764424552.555558,1522812509563,7.500000,7.500000,7.500000,7.500000,7.500000,7.500000,7.500000,7.500000
1764424552.557955,1522814906471,7.500000,7.500000,7.500000,7.500000,7.500000,7.500000,7.500000,7.500000
1764424552.560352,1522817303378,7.500000,7.500000,7.500000,7.500000,7.500000,7.500000,7.500000,7.500000
1764424552.562753,1522819704077,7.500000,7.500000,7.500000,7.500000,7.500000,7.500000,7.500000,7.500000
1764424552.565150,1522822101568,7.500000,7.500000,7.500000,7.500000,7.500000,7.500000,7.500000,7.500000
1764424552.567553,1522824504017,7.500000,7.500000,7.500000,7.500000,7.500000,7.500000,7.500000,7.500000
1764424552.569948,1522826899758,7.500000,7.500000,7.500000,7.500000,7.500000,7.500000,7.500000,7.500000
1764424552.572342,1522829294040,7.500000,7.500000,7.500000,7.500000,7.500000,7.500000,7.500000,7.500000
1764424552.574741,1522831692406,7.500000,7.500000,7.500000,7.500000,7.500000,7.500000,7.500000,7.500000
1764424552.577139,1522834090480,7.500000,7.500000,7.500000,7.500000,7.500000,7.500000,7.500000,7.500000
1764424552.579533,1522836484471,7.500000,7.500000,7.500000,7.500000,7.500000,7.500000,7.500000,7.500000
1764424552.581927,1522838878462,7.500000,7.500000,7.500000,7.500000,7.500000,7.500000,7.500000,7.500000
1764424552.584333,1522841284703,7.500000,7.500000,7.500000,7.500000,7.500000,7.500000,7.500000,7.500000
1764424552.586730,1522843681610,7.500000,7.500000,7.500000,7.500000,7.500000,7.500000,7.500000,7.500000
1764424552.589124,1522846075893,7.500000,7.500000,7.500000,7.500000,7.500000,7.500000,7.500000,7.500000
1764424552.591521,1522848472509,7.500000,7.500000,7.500000,7.500000,7.500000,7.500000,7.500000,7.500000
1764424552.593926,1522850876999,7.500000,7.500000,7.500000,7.500000,7.500000,7.500000,7.500000,7.500000
1764424552.596332,1522853283532,7.500000,7.500000,7.500000,7.500000,7.500000,7.500000,7.500000,7.500000
1764424552.598722,1522855673439,7.500000,7.500000,7.500000,7.500000,7.500000,7.500000,7.500000,7.500000
1764424552.601119,1522858070930,7.500000,7.500000,7.500000,7.500000,7.500000,7.500000,7.500000,7.500000
1764424552.603517,1522860468712,7.500000,7.500000,7.500000,7.500000,7.500000,7.500000,7.500000,7.500000
1764424552.605919,1522862870578,7.500000,7.500000,7.500000,7.500000,7.500000,7.500000,7.500000,7.500000
1764424552.608317,1522865268069,7.500000,7.500000,7.500000,7.500000,7.500000,7.500000,7.500000,7.500000
1764424552.610717,1522867668477,7.500000,7.500000,7.500000,7.500000,7.500000,7.500000,7.500000,7.500000
1764424552.613125,1522870076759,7.500000,7.500000,7.500000,7.500000,7.500000,7.500000,7.500000,7.500000
1764424552.615521,1522872472791,7.500000,7.500000,7.500000,7.500000,7.500000,7.500000,7.500000,7.500000
1764424552.617919,1522874870574,7.500000,7.500000,7.500000,7.500000,7.500000,7.500000,7.500000,7.500000
1764424552.620316,1522877267481,7.500000,7.500000,7.500000,7.500000,7.500000,7.500000,7.500000,7.500000
1764424552.622710,1522879662055,7.500000,7.500000,7.500000,7.500000,7.500000,7.500000,7.500000,7.500000
1764424552.625108,1522882059838,7.500000,7.500000,7.500000,7.500000,7.500000,7.500000,7.500000,7.500000
1764424552.627511,1522884462579,7.500000,7.500000,7.500000,7.500000,7.500000,7.500000,7.500000,7.500000
1764424552.629909,1522886860070,7.500000,7.500000,7.500000,7.500000,7.500000,7.500000,7.500000,7.500000
1764424552.632303,1522889254644,7.500000,7.500000,7.500000,7.500000,7.500000,7.500000,7.500000,7.500000
1764424552.634700,1522891651259,7.500000,7.500000,7.500000,7.500000,7.500000,7.500000,7.500000,7.500000
1764424552.637104,1522894055750,7.500000,7.500000,7.500000,7.500000,7.500000,7.500000,7.500000,7.500000
1764424552.639500,1522896451783,7.500000,7.500000,7.500000,7.500000,7.500000,7.500000,7.500000,7.500000
1764424552.641895,1522898846357,7.500000,7.500000,7.500000,7.500000,7.500000,7.500000,7.500000,7.500000
1764424552.644291,1522901242681,7.500000,7.500000,7.500000,7.500000,7.500000,7.500000,7.500000,7.500000
1764424552.646690,1522903641338,7.500000,7.500000,7.500000,7.500000,7.500000,7.500000,7.500000,7.500000
1764424552.649091,1522906042913,7.500000,7.500000,7.500000,7.500000,7.500000,7.500000,7.500000,7.500000
1764424552.651538,1522908489403,7.500000,7.500000,7.500000,7.500000,7.500000,7.500000,7.500000,7.500000
1764424552.653938,1522910889811,7.500000,7.500000,7.500000,7.500000,7.500000,7.500000,7.500000,7.500000
1764424554.978101,1525235052557,7.500000,7.500000,7.500000,7.500000,7.500000,7.500000,7.500000,7.500000
1764424554.980557,1525237508089,7.500000,7.500000,7.500000,7.500000,7.500000,7.500000,7.500000,7.500000
1764424554.983358,1525240310120,7.500000,7.500000,7.500000,7.500000,7.500000,7.500000,7.500000,7.500000
1764424554.986046,1525242997818,7.500000,7.500000,7.500000,7.500000,7.500000,7.500000,7.500000,7.500000
1764424554.988751,1525245702433,7.500000,7.500000,7.500000,7.500000,7.500000,7.500000,7.500000,7.500000
1764424554.991152,1525248103424,7.500000,7.500000,7.500000,7.500000,7.500000,7.500000,7.500000,7.500000
1764424554.993551,1525250502373,7.500000,7.500000,7.500000,7.500000,7.500000,7.500000,7.500000,7.500000
1764424554.995950,1525252901905,7.500000,7.500000,7.500000,7.500000,7.500000,7.500000,7.500000,7.500000
1764424554.998352,1525255304063,7.500000,7.500000,7.500000,7.500000,7.500000,7.500000,7.500000,7.500000
1764424555.000763,1525257714387,7.500000,7.500000,7.500000,7.500000,7.500000,7.500000,7.500000,7.500000
1764424555.003161,1525260112753,7.500000,7.500000,7.500000,7.500000,7.500000,7.500000,7.500000,7.500000
1764424555.005558,1525262509368,7.500000,7.500000,7.500000,7.500000,7.500000,7.500000,7.500000,7.500000
1764424555.007956,1525264907151,7.500000,7.500000,7.500000,7.500000,7.500000,7.500000,7.500000,7.500000
1764424555.010354,1525267305225,7.500000,7.500000,7.500000,7.500000,7.500000,7.500000,7.500000,7.500000
1764424555.012751,1525269702132,7.500000,7.500000,7.500000,7.500000,7.500000,7.500000,7.500000,7.500000
1764424555.015147,1525272098457,7.500000,7.500000,7.500000,7.500000,7.500000,7.500000,7.500000,7.500000
1764424555.017568,1525274519864,7.500000,7.500000,7.500000,7.500000,7.500000,7.500000,7.500000,7.500000
1764424555.019974,1525276925813,7.500000,7.500000,7.500000,7.500000,7.500000,7.500000,7.500000,7.500000
1764424555.022371,1525279323012,7.500000,7.500000,7.500000,7.500000,7.500000,7.500000,7.500000,7.500000
1764424555.024772,1525281723420,7.500000,7.500000,7.500000,7.500000,7.500000,7.500000,7.500000,7.500000
1764424555.027175,1525284127035,7.500000,7.500000,7.500000,7.500000,7.500000,7.500000,7.500000,7.500000
1764424555.029335,1525286287111,7.500000,7.500000,7.500000,7.500000,7.500000,7.500000,7.500000,7.500000
1764424555.031736,1525288688101,7.500000,7.500000,7.500000,7.500000,7.500000,7.500000,7.500000,7.500000
1764424555.034136,1525291087634,7.500000,7.500000,7.500000,7.500000,7.500000,7.500000,7.500000,7.500000
1764424555.036494,1525293445750,7.500000,7.500000,7.500000,7.500000,7.500000,7.500000,7.500000,7.500000
1764424555.038891,1525295842366,7.500000,7.500000,7.500000,7.500000,7.500000,7.500000,7.500000,7.500000
1764424555.041288,1525298239273,7.500000,7.500000,7.500000,7.500000,7.500000,7.500000,7.500000,7.500000
1764424555.043694,1525300645222,7.500000,7.500000,7.500000,7.500000,7.500000,7.500000,7.500000,7.500000
1764424555.046093,1525303045046,7.500000,7.500000,7.500000,7.500000,7.500000,7.500000,7.500000,7.500000
1764424555.048492,1525305444287,7.500000,7.500000,7.500000,7.500000,7.500000,7.500000,7.500000,7.500000
1764424555.050891,1525307842944,7.500000,7.500000,7.500000,7.500000,7.500000,7.500000,7.500000,7.500000
1764424555.053297,1525310248310,7.500000,7.500000,7.500000,7.500000,7.500000,7.500000,7.500000,7.500000
1764424555.055692,1525312644343,7.500000,7.500000,7.500000,7.500000,7.500000,7.500000,7.500000,7.500000
1764424555.058090,1525315041833,7.500000,7.500000,7.500000,7.500000,7.500000,7.500000,7.500000,7.500000
1764424555.060488,1525317439616,7.500000,7.500000,7.500000,7.500000,7.500000,7.500000,7.500000,7.500000
1764424555.062884,1525319835648,7.500000,7.500000,7.500000,7.500000,7.500000,7.500000,7.500000,7.500000
1764424555.065298,1525322250056,7.500000,7.500000,7.500000,7.500000,7.500000,7.500000,7.500000,7.500000
1764424555.067698,1525324649005,7.500000,7.500000,7.500000,7.500000,7.500000,7.500000,7.500000,7.500000
1764424555.070114,1525327065746,7.500000,7.500000,7.500000,7.500000,7.500000,7.500000,7.500000,7.500000
1764424555.072513,1525329464695,7.500000,7.500000,7.500000,7.500000,7.500000,7.500000,7.500000,7.500000
1764424555.074917,1525331868894,7.500000,7.500000,7.500000,7.500000,7.500000,7.500000,7.500000,7.500000
1764424555.077315,1525334266968,7.500000,7.500000,7.500000,7.500000,7.500000,7.500000,7.500000,7.500000
1764424555.079723,1525336674667,7.500000,7.500000,7.500000,7.500000,7.500000,7.500000,7.500000,7.500000
1764424555.082113,1525339064866,7.500000,7.500000,7.500000,7.500000,7.500000,7.500000,7.500000,7.500000
1764424555.084510,1525341461482,7.500000,7.500000,7.500000,7.500000,7.500000,7.500000,7.500000,7.500000
1764424555.086915,1525343866848,7.500000,7.500000,7.500000,7.500000,7.500000,7.500000,7.500000,7.500000
1764424555.089314,1525346266089,7.500000,7.500000,7.500000,7.500000,7.500000,7.500000,7.500000,7.500000
1764424555.091712,1525348663871,7.500000,7.500000,7.500000,7.500000,7.500000,7.500000,7.500000,7.500000
1764424555.094110,1525351061070,7.500000,7.500000,7.500000,7.500000,7.500000,7.500000,7.500000,7.500000
1764424555.096500,1525353451561,7.500000,7.500000,7.500000,7.500000,7.500000,7.500000,7.500000,7.500000
1764424555.098896,1525355847594,7.500000,7.500000,7.500000,7.500000,7.500000,7.500000,7.500000,7.500000
1764424555.101301,1525358252668,7.500000,7.500000,7.500000,7.500000,7.500000,7.500000,7.500000,7.500000
1764424555.103710,1525360662117,7.500000,7.500000,7.500000,7.500000,7.500000,7.500000,7.500000,7.500000
1764424555.106108,1525363059899,7.500000,7.500000,7.500000,7.500000,7.500000,7.500000,7.500000,7.500000
1764424555.108508,1525365459140,7.500000,7.500000,7.500000,7.500000,7.500000,7.500000,7.500000,7.500000
1764424555.110888,1525367838839,7.500000,7.500000,7.500000,7.500000,7.500000,7.500000,7.500000,7.500000
1764424555.113286,1525370237788,7.500000,7.500000,7.500000,7.500000,7.500000,7.500000,7.500000,7.500000
1764424555.115683,1525372634404,7.500000,7.500000,7.500000,7.500000,7.500000,7.500000,7.500000,7.500000
1764424555.118081,1525375033062,7.500000,7.500000,7.500000,7.500000,7.500000,7.500000,7.500000,7.500000
1764424555.120480,1525377431427,7.500000,7.500000,7.500000,7.500000,7.500000,7.500000,7.500000,7.500000
1764424555.122875,1525379826585,7.500000,7.500000,7.500000,7.500000,7.500000,7.500000,7.500000,7.500000
1764424555.125445,1525382396158,7.500000,7.500000,7.500000,7.500000,7.500000,7.500000,7.500000,7.500000
1764424555.127860,1525384811732,7.500000,7.500000,7.500000,7.500000,7.500000,7.500000,7.500000,7.500000
1764424555.130261,1525387212723,7.500000,7.500000,7.500000,7.500000,7.500000,7.500000,7.500000,7.500000
1764424555.132656,1525389608172,7.500000,7.500000,7.500000,7.500000,7.500000,7.500000,7.500000,7.500000
1764424555.135053,1525392004788,7.500000,7.500000,7.500000,7.500000,7.500000,7.500000,7.500000,7.500000
1764424555.137461,1525394412779,7.500000,7.500000,7.500000,7.500000,7.500000,7.500000,7.500000,7.500000
1764424555.139828,1525396779353,7.500000,7.500000,7.500000,7.500000,7.500000,7.500000,7.500000,7.500000
1764424555.142223,1525399174802,7.500000,7.500000,7.500000,7.500000,7.500000,7.500000,7.500000,7.500000
1764424555.144620,1525401571418,7.500000,7.500000,7.500000,7.500000,7.500000,7.500000,7.500000,7.500000
1764424555.147018,1525403969784,7.500000,7.500000,7.500000,7.500000,7.500000,7.500000,7.500000,7.500000
1764424555.149424,1525406375150,7.500000,7.500000,7.500000,7.500000,7.500000,7.500000,7.500000,7.500000
1764424555.151822,1525408773224,7.500000,7.500000,7.500000,7.500000,7.500000,7.500000,7.500000,7.500000
1764424555.154225,1525411177131,7.500000,7.500000,7.500000,7.500000,7.500000,7.500000,7.500000,7.500000
1764424555.156386,1525413337790,7.500000,7.500000,7.500000,7.500000,7.500000,7.500000,7.500000,7.500000
1764424555.158786,1525415737905,7.500000,7.500000,7.500000,7.500000,7.500000,7.500000,7.500000,7.500000
1764424555.161185,1525418136271,7.500000,7.500000,7.500000,7.500000,7.500000,7.500000,7.500000,7.500000
1764424555.163585,1525420536387,7.500000,7.500000,7.500000,7.500000,7.500000,7.500000,7.500000,7.500000
1764424555.165979,1525422930669,7.500000,7.500000,7.500000,7.500000,7.500000,7.500000,7.500000,7.500000
1764424555.168376,1525425327577,7.500000,7.500000,7.500000,7.500000,7.500000,7.500000,7.500000,7.500000
1764424555.170782,1525427733818,7.500000,7.500000,7.500000,7.500000,7.500000,7.500000,7.500000,7.500000
1764424555.173158,1525430109725,7.500000,7.500000,7.500000,7.500000,7.500000,7.500000,7.500000,7.500000
1764424555.175554,1525432505466,7.500000,7.500000,7.500000,7.500000,7.500000,7.500000,7.500000,7.500000
1764424555.178039,1525434991040,7.500000,7.500000,7.500000,7.500000,7.500000,7.500000,7.500000,7.500000
1764424555.180446,1525437397281,7.500000,7.500000,7.500000,7.500000,7.500000,7.500000,7.500000,7.500000
1764424555.182841,1525439792730,7.500000,7.500000,7.500000,7.500000,7.500000,7.500000,7.500000,7.500000
1764424555.185238,1525442189345,7.500000,7.500000,7.500000,7.500000,7.500000,7.500000,7.500000,7.500000
1764424555.187634,1525444585961,7.500000,7.500000,7.500000,7.500000,7.500000,7.500000,7.500000,7.500000
1764424555.190030,1525446981702,7.500000,7.500000,7.500000,7.500000,7.500000,7.500000,7.500000,7.500000
1764424555.192431,1525449382985,7.500000,7.500000,7.500000,7.500000,7.500000,7.500000,7.500000,7.500000
1764424555.194827,1525451778725,7.500000,7.500000,7.500000,7.500000,7.500000,7.500000,7.500000,7.500000
1764424555.197223,1525454174758,7.500000,7.500000,7.500000,7.500000,7.500000,7.500000,7.500000,7.500000
1764424555.199630,1525456581290,7.500000,7.500000,7.500000,7.500000,7.500000,7.500000,7.500000,7.500000
1764424555.202026,1525458977031,7.500000,7.500000,7.500000,7.500000,7.500000,7.500000,7.500000,7.500000
1764424555.204430,1525461381230,7.500000,7.500000,7.500000,7.500000,7.500000,7.500000,7.500000,7.500000
1764424555.206827,1525463779013,7.500000,7.500000,7.500000,7.500000,7.500000,7.500000,7.500000,7.500000
1764424555.209222,1525466173003,7.500000,7.500000,7.500000,7.500000,7.500000,7.500000,7.500000,7.500000
1764424555.211617,1525468568744,7.500000,7.500000,7.500000,7.500000,7.500000,7.500000,7.500000,7.500000
1764424555.214022,1525470973818,7.500000,7.500000,7.500000,7.500000,7.500000,7.500000,7.500000,7.500000
1764424555.216430,1525473381517,7.500000,7.500000,7.500000,7.500000,7.500000,7.500000,7.500000,7.500000
1764424555.218820,1525475771133,7.500000,7.500000,7.500000,7.500000,7.500000,7.500000,7.500000,7.500000
1764424555.221216,1525478167166,7.500000,7.500000,7.500000,7.500000,7.500000,7.500000,7.500000,7.500000
1764424555.223619,1525480571073,7.500000,7.500000,7.500000,7.500000,7.500000,7.500000,7.500000,7.500000
1764424555.226014,1525482965939,7.500000,7.500000,7.500000,7.500000,7.500000,7.500000,7.500000,7.500000
1764424555.228410,1525485361388,7.500000,7.500000,7.500000,7.500000,7.500000,7.500000,7.500000,7.500000
1764424555.230806,1525487757712,7.500000,7.500000,7.500000,7.500000,7.500000,7.500000,7.500000,7.500000
1764424555.233159,1525490110578,7.500000,7.500000,7.500000,7.500000,7.500000,7.500000,7.500000,7.500000
1764424555.235558,1525492509236,7.500000,7.500000,7.500000,7.500000,7.500000,7.500000,7.500000,7.500000
1764424555.237954,1525494905268,7.500000,7.500000,7.500000,7.500000,7.500000,7.500000,7.500000,7.500000
1764424555.240350,1525497301592,7.500000,7.500000,7.500000,7.500000,7.500000,7.500000,7.500000,7.500000
1764424555.242745,1525499696166,7.500000,7.500000,7.500000,7.500000,7.500000,7.500000,7.500000,7.500000
1764424555.245145,1525502096866,7.500000,7.500000,7.500000,7.500000,7.500000,7.500000,7.500000,7.500000
1764424555.247541,1525504492023,7.500000,7.500000,7.500000,7.500000,7.500000,7.500000,7.500000,7.500000
1764424555.249937,1525506889222,7.500000,7.500000,7.500000,7.500000,7.500000,7.500000,7.500000,7.500000
1764424555.252331,1525509282338,7.500000,7.500000,7.500000,7.500000,7.500000,7.500000,7.500000,7.500000
1764424555.254726,1525511677495,7.500000,7.500000,7.500000,7.500000,7.500000,7.500000,7.500000,7.500000
1764424555.257128,1525514080236,7.500000,7.500000,7.500000,7.500000,7.500000,7.500000,7.500000,7.500000
1764424555.259521,1525516473060,7.500000,7.500000,7.500000,7.500000,7.500000,7.500000,7.500000,7.500000
1764424555.261914,1525518865593,7.500000,7.500000,7.500000,7.500000,7.500000,7.500000,7.500000,7.500000
1764424555.264312,1525521263375,7.500000,7.500000,7.500000,7.500000,7.500000,7.500000,7.500000,7.500000
1764424555.266715,1525523666116,7.500000,7.500000,7.500000,7.500000,7.500000,7.500000,7.500000,7.500000
1764424555.269109,1525526060107,7.500000,7.500000,7.500000,7.500000,7.500000,7.500000,7.500000,7.500000
1764424555.271505,1525528456139,7.500000,7.500000,7.500000,7.500000,7.500000,7.500000,7.500000,7.500000
1764424555.273901,1525530852755,7.500000,7.500000,7.500000,7.500000,7.500000,7.500000,7.500000,7.500000
1764424555.276306,1525533257246,7.500000,7.500000,7.500000,7.500000,7.500000,7.500000,7.500000,7.500000
1764424555.278703,1525535654445,7.500000,7.500000,7.500000,7.500000,7.500000,7.500000,7.500000,7.500000
1764424555.281099,1525538050769,7.500000,7.500000,7.500000,7.500000,7.500000,7.500000,7.500000,7.500000
1764424555.283500,1525540451760,7.500000,7.500000,7.500000,7.500000,7.500000,7.500000,7.500000,7.500000
1764424555.285893,1525542844876,7.500000,7.500000,7.500000,7.500000,7.500000,7.500000,7.500000,7.500000
1764424555.288293,1525545244117,7.500000,7.500000,7.500000,7.500000,7.500000,7.500000,7.500000,7.500000
1764424555.290690,1525547641607,7.500000,7.500000,7.500000,7.500000,7.500000,7.500000,7.500000,7.500000
1764424555.293094,1525550045223,7.500000,7.500000,7.500000,7.500000,7.500000,7.500000,7.500000,7.500000
1764424555.295481,1525552432797,7.500000,7.500000,7.500000,7.500000,7.500000,7.500000,7.500000,7.500000
1764424555.297877,1525554828247,7.500000,7.500000,7.500000,7.500000,7.500000,7.500000,7.500000,7.500000
1764424555.300280,1525557231279,7.500000,7.500000,7.500000,7.500000,7.500000,7.500000,7.500000,7.500000
1764424555.302674,1525559625270,7.500000,7.500000,7.500000,7.500000,7.500000,7.500000,7.500000,7.500000
1764424555.305069,1525562020719,7.500000,7.500000,7.500000,7.500000,7.500000,7.500000,7.500000,7.500000
1764424555.307465,1525564416460,7.500000,7.500000,7.500000,7.500000,7.500000,7.500000,7.500000,7.500000
1764424555.309832,1525566783617,7.500000,7.500000,7.500000,7.500000,7.500000,7.500000,7.500000,7.500000
1764424555.312226,1525569177608,7.500000,7.500000,7.500000,7.500000,7.500000,7.500000,7.500000,7.500000
1764424555.314622,1525571573349,7.500000,7.500000,7.500000,7.500000,7.500000,7.500000,7.500000,7.500000
1764424555.317018,1525573969381,7.500000,7.500000,7.500000,7.500000,7.500000,7.500000,7.500000,7.500000
1764424555.319412,1525576362789,7.500000,7.500000,7.500000,7.500000,7.500000,7.500000,7.500000,7.500000
1764424555.321812,1525578763780,7.500000,7.500000,7.500000,7.500000,7.500000,7.500000,7.500000,7.500000
1764424555.324206,1525581157770,7.500000,7.500000,7.500000,7.500000,7.500000,7.500000,7.500000,7.500000
1764424555.326602,1525583553511,7.500000,7.500000,7.500000,7.500000,7.500000,7.500000,7.500000,7.500000
1764424555.328995,1525585946335,7.500000,7.500000,7.500000,7.500000,7.500000,7.500000,7.500000,7.500000
1764424555.331397,1525588348201,7.500000,7.500000,7.500000,7.500000,7.500000,7.500000,7.500000,7.500000
1764424555.333794,1525590745109,7.500000,7.500000,7.500000,7.500000,7.500000,7.500000,7.500000,7.500000
1764424555.336187,1525593139099,7.500000,7.500000,7.500000,7.500000,7.500000,7.500000,7.500000,7.500000
1764424555.338581,1525595532507,7.500000,7.500000,7.500000,7.500000,7.500000,7.500000,7.500000,7.500000
1764424555.340977,1525597928248,7.500000,7.500000,7.500000,7.500000,7.500000,7.500000,7.500000,7.500000
1764424555.343382,1525600333614,7.500000,7.500000,7.500000,7.500000,7.500000,7.500000,7.500000,7.500000
1764424555.345776,1525602727604,7.500000,7.500000,7.500000,7.500000,7.500000,7.500000,7.500000,7.500000
1764424555.348171,1525605123053,7.500000,7.500000,7.500000,7.500000,7.500000,7.500000,7.500000,7.500000
1764424555.350568,1525607519378,7.500000,7.500000,7.500000,7.500000,7.500000,7.500000,7.500000,7.500000
1764424555.352980,1525609932035,7.500000,7.500000,7.500000,7.500000,7.500000,7.500000,7.500000,7.500000
1764424555.355370,1525612321651,7.500000,7.500000,7.500000,7.500000,7.500000,7.500000,7.500000,7.500000
1764424555.357766,1525614717975,7.500000,7.500000,7.500000,7.500000,7.500000,7.500000,7.500000,7.500000
1764424555.360166,1525617116924,7.500000,7.500000,7.500000,7.500000,7.500000,7.500000,7.500000,7.500000
1764424555.362560,1525619511207,7.500000,7.500000,7.500000,7.500000,7.500000,7.500000,7.500000,7.500000
1764424555.364955,1525621906947,7.500000,7.500000,7.500000,7.500000,7.500000,7.500000,7.500000,7.500000
1764424555.367411,1525624363063,7.500000,7.500000,7.500000,7.500000,7.500000,7.500000,7.500000,7.500000
1764424555.369815,1525626766970,7.500000,7.500000,7.500000,7.500000,7.500000,7.500000,7.500000,7.500000
1764424555.372210,1525629161836,7.500000,7.500000,7.500000,7.500000,7.500000,7.500000,7.500000,7.500000
1764424555.374613,1525631564869,7.500000,7.500000,7.500000,7.500000,7.500000,7.500000,7.500000,7.500000
1764424555.377011,1525633962068,7.500000,7.500000,7.500000,7.500000,7.500000,7.500000,7.500000,7.500000
1764424555.379406,1525636357225,7.500000,7.500000,7.500000,7.500000,7.500000,7.500000,7.500000,7.500000
1764424555.381802,1525638753549,7.500000,7.500000,7.500000,7.500000,7.500000,7.500000,7.500000,7.500000
1764424555.384203,1525641154540,7.500000,7.500000,7.500000,7.500000,7.500000,7.500000,7.500000,7.500000
1764424555.386599,1525643550864,7.500000,7.500000,7.500000,7.500000,7.500000,7.500000,7.500000,7.500000
1764424555.388994,1525645946313,7.500000,7.500000,7.500000,7.500000,7.500000,7.500000,7.500000,7.500000
1764424555.391392,1525648343221,7.500000,7.500000,7.500000,7.500000,7.500000,7.500000,7.500000,7.500000
1764424555.393788,1525650739837,7.500000,7.500000,7.500000,7.500000,7.500000,7.500000,7.500000,7.500000
1764424555.396190,1525653141994,7.500000,7.500000,7.500000,7.500000,7.500000,7.500000,7.500000,7.500000
1764424555.398585,1525655536568,7.500000,7.500000,7.500000,7.500000,7.500000,7.500000,7.500000,7.500000
1764424555.400984,1525657935809,7.500000,7.500000,7.500000,7.500000,7.500000,7.500000,7.500000,7.500000
1764424555.403382,1525660333592,7.500000,7.500000,7.500000,7.500000,7.500000,7.500000,7.500000,7.500000
1764424555.405784,1525662735749,7.500000,7.500000,7.500000,7.500000,7.500000,7.500000,7.500000,7.500000
1764424555.408182,1525665133531,7.500000,7.500000,7.500000,7.500000,7.500000,7.500000,7.500000,7.500000
1764424555.410579,1525667530731,7.500000,7.500000,7.500000,7.500000,7.500000,7.500000,7.500000,7.500000
1764424555.412986,1525669937555,7.500000,7.500000,7.500000,7.500000,7.500000,7.500000,7.500000,7.500000
1764424555.415376,1525672327462,7.500000,7.500000,7.500000,7.500000,7.500000,7.500000,7.500000,7.500000
1764424555.417773,1525674725245,7.500000,7.500000,7.500000,7.500000,7.500000,7.500000,7.500000,7.500000
1764424555.420169,1525677120985,7.500000,7.500000,7.500000,7.500000,7.500000,7.500000,7.500000,7.500000
1764424555.422564,1525679515560,7.500000,7.500000,7.500000,7.500000,7.500000,7.500000,7.500000,7.500000
1764424555.424962,1525681913342,7.500000,7.500000,7.500000,7.500000,7.500000,7.500000,7.500000,7.500000
1764424555.427367,1525684318416,7.500000,7.500000,7.500000,7.500000,7.500000,7.500000,7.500000,7.500000
1764424555.429775,1525686726407,7.500000,7.500000,7.500000,7.500000,7.500000,7.500000,7.500000,7.500000
1764424555.432165,1525689116314,7.500000,7.500000,7.500000,7.500000,7.500000,7.500000,7.500000,7.500000
1764424555.434564,1525691514972,7.500000,7.500000,7.500000,7.500000,7.500000,7.500000,7.500000,7.500000
1764424555.436965,1525693916546,7.500000,7.500000,7.500000,7.500000,7.500000,7.500000,7.500000,7.500000
1764424555.439367,1525696318412,7.500000,7.500000,7.500000,7.500000,7.500000,7.500000,7.500000,7.500000
1764424555.441765,1525698716778,7.500000,7.500000,7.500000,7.500000,7.500000,7.500000,7.500000,7.500000
1764424555.444163,1525701114852,7.500000,7.500000,7.500000,7.500000,7.500000,7.500000,7.500000,7.500000
1764424555.446561,1525703512926,7.500000,7.500000,7.500000,7.500000,7.500000,7.500000,7.500000,7.500000
1764424555.448962,1525705913917,7.500000,7.500000,7.500000,7.500000,7.500000,7.500000,7.500000,7.500000
1764424555.451360,1525708311407,7.500000,7.500000,7.500000,7.500000,7.500000,7.500000,7.500000,7.500000
1764424555.453757,1525710708898,7.500000,7.500000,7.500000,7.500000,7.500000,7.500000,7.500000,7.500000
1764424555.456151,1525713103181,7.500000,7.500000,7.500000,7.500000,7.500000,7.500000,7.500000,7.500000
1764424555.458548,1525715499797,7.500000,7.500000,7.500000,7.500000,7.500000,7.500000,7.500000,7.500000
1764424555.460953,1525717903996,7.500000,7.500000,7.500000,7.500000,7.500000,7.500000,7.500000,7.500000
1764424555.463350,1525720302070,7.500000,7.500000,7.500000,7.500000,7.500000,7.500000,7.500000,7.500000
1764424555.465746,1525722697519,7.500000,7.500000,7.500000,7.500000,7.500000,7.500000,7.500000,7.500000
1764424555.468143,1525725095010,7.500000,7.500000,7.500000,7.500000,7.500000,7.500000,7.500000,7.500000
1764424555.470548,1525727499500,7.500000,7.500000,7.500000,7.500000,7.500000,7.500000,7.500000,7.500000
1764424555.472958,1525729909241,7.500000,7.500000,7.500000,7.500000,7.500000,7.500000,7.500000,7.500000
1764424555.475347,1525732298857,7.500000,7.500000,7.500000,7.500000,7.500000,7.500000,7.500000,7.500000
1764424555.477745,1525734696056,7.500000,7.500000,7.500000,7.500000,7.500000,7.500000,7.500000,7.500000
1764424555.480142,1525737094130,7.500000,7.500000,7.500000,7.500000,7.500000,7.500000,7.500000,7.500000
1764424555.482544,1525739495704,7.500000,7.500000,7.500000,7.500000,7.500000,7.500000,7.500000,7.500000
1764424555.484941,1525741892612,7.500000,7.500000,7.500000,7.500000,7.500000,7.500000,7.500000,7.500000
1764424555.487339,1525744290103,7.500000,7.500000,7.500000,7.500000,7.500000,7.500000,7.500000,7.500000
1764424555.489746,1525746697510,7.500000,7.500000,7.500000,7.500000,7.500000,7.500000,7.500000,7.500000
1764424555.492142,1525749093834,7.500000,7.500000,7.500000,7.500000,7.500000,7.500000,7.500000,7.500000
1764424555.494539,1525751491325,7.500000,7.500000,7.500000,7.500000,7.500000,7.500000,7.500000,7.500000
1764424555.496937,1525753888233,7.500000,7.500000,7.500000,7.500000,7.500000,7.500000,7.500000,7.500000
1764424555.499331,1525756282515,7.500000,7.500000,7.500000,7.500000,7.500000,7.500000,7.500000,7.500000
1764424555.501729,1525758680881,7.500000,7.500000,7.500000,7.500000,7.500000,7.500000,7.500000,7.500000
1764424555.504149,1525761101122,7.500000,7.500000,7.500000,7.500000,7.500000,7.500000,7.500000,7.500000
1764424555.506550,1525763501529,7.500000,7.500000,7.500000,7.500000,7.500000,7.500000,7.500000,7.500000
1764424555.508944,1525765896103,7.500000,7.500000,7.500000,7.500000,7.500000,7.500000,7.500000,7.500000
1764424555.511342,1525768293594,7.500000,7.500000,7.500000,7.500000,7.500000,7.500000,7.500000,7.500000
1764424555.513750,1525770701293,7.500000,7.500000,7.500000,7.500000,7.500000,7.500000,7.500000,7.500000
1764424555.516146,1525773097034,7.500000,7.500000,7.500000,7.500000,7.500000,7.500000,7.500000,7.500000
1764424555.518543,1525775494525,7.500000,7.500000,7.500000,7.500000,7.500000,7.500000,7.500000,7.500000
1764424555.520940,1525777891432,7.500000,7.500000,7.500000,7.500000,7.500000,7.500000,7.500000,7.500000
1764424555.523337,1525780288631,7.500000,7.500000,7.500000,7.500000,7.500000,7.500000,7.500000,7.500000
1764424555.525739,1525782690789,7.500000,7.500000,7.500000,7.500000,7.500000,7.500000,7.500000,7.500000
1764424555.528136,1525785087696,7.500000,7.500000,7.500000,7.500000,7.500000,7.500000,7.500000,7.500000
1764424555.530533,1525787484312,7.500000,7.500000,7.500000,7.500000,7.500000,7.500000,7.500000,7.500000
1764424555.532943,1525789894053,7.500000,7.500000,7.500000,7.500000,7.500000,7.500000,7.500000,7.500000
1764424555.535338,1525792289502,7.500000,7.500000,7.500000,7.500000,7.500000,7.500000,7.500000,7.500000
1764424555.537736,1525794688159,7.500000,7.500000,7.500000,7.500000,7.500000,7.500000,7.500000,7.500000
1764424555.540134,1525797085942,7.500000,7.500000,7.500000,7.500000,7.500000,7.500000,7.500000,7.500000
1764424555.542529,1525799481099,7.500000,7.500000,7.500000,7.500000,7.500000,7.500000,7.500000,7.500000
1764424555.544926,1525801877423,7.500000,7.500000,7.500000,7.500000,7.500000,7.500000,7.500000,7.500000
1764424555.547329,1525804281331,7.500000,7.500000,7.500000,7.500000,7.500000,7.500000,7.500000,7.500000
1764424555.549738,1525806689905,7.500000,7.500000,7.500000,7.500000,7.500000,7.500000,7.500000,7.500000
1764424555.552128,1525809079521,7.500000,7.500000,7.500000,7.500000,7.500000,7.500000,7.500000,7.500000
1764424555.554526,1525811477011,7.500000,7.500000,7.500000,7.500000,7.500000,7.500000,7.500000,7.500000
1764424555.556980,1525813931669,7.500000,7.500000,7.500000,7.500000,7.500000,7.500000,7.500000,7.500000
1764424555.559377,1525816328868,7.500000,7.500000,7.500000,7.500000,7.500000,7.500000,7.500000,7.500000
1764424555.561775,1525818726650,7.500000,7.500000,7.500000,7.500000,7.500000,7.500000,7.500000,7.500000
1764424555.564171,1525821122391,7.500000,7.500000,7.500000,7.500000,7.500000,7.500000,7.500000,7.500000
1764424555.566568,1525823519882,7.500000,7.500000,7.500000,7.500000,7.500000,7.500000,7.500000,7.500000
1764424555.568971,1525825922331,7.500000,7.500000,7.500000,7.500000,7.500000,7.500000,7.500000,7.500000
1764424555.571368,1525828320114,7.500000,7.500000,7.500000,7.500000,7.500000,7.500000,7.500000,7.500000
1764424555.573766,1525830717896,7.500000,7.500000,7.500000,7.500000,7.500000,7.500000,7.500000,7.500000
1764424555.576161,1525833112470,7.500000,7.500000,7.500000,7.500000,7.500000,7.500000,7.500000,7.500000
1764424555.578562,1525835513753,7.500000,7.500000,7.500000,7.500000,7.500000,7.500000,7.500000,7.500000
1764424555.580961,1525837912118,7.500000,7.500000,7.500000,7.500000,7.500000,7.500000,7.500000,7.500000
1764424555.583359,1525840311067,7.500000,7.500000,7.500000,7.500000,7.500000,7.500000,7.500000,7.500000
1764424555.585755,1525842706517,7.500000,7.500000,7.500000,7.500000,7.500000,7.500000,7.500000,7.500000
1764424555.588153,1525845104299,7.500000,7.500000,7.500000,7.500000,7.500000,7.500000,7.500000,7.500000
1764424555.590560,1525847511707,7.500000,7.500000,7.500000,7.500000,7.500000,7.500000,7.500000,7.500000
1764424555.592970,1525849922031,7.500000,7.500000,7.500000,7.500000,7.500000,7.500000,7.500000,7.500000
1764424555.595360,1525852311646,7.500000,7.500000,7.500000,7.500000,7.500000,7.500000,7.500000,7.500000
1764424555.597757,1525854708846,7.500000,7.500000,7.500000,7.500000,7.500000,7.500000,7.500000,7.500000
1764424555.600161,1525857113045,7.500000,7.500000,7.500000,7.500000,7.500000,7.500000,7.500000,7.500000
1764424555.602558,1525859509369,7.500000,7.500000,7.500000,7.500000,7.500000,7.500000,7.500000,7.500000
1764424555.604955,1525861906860,7.500000,7.500000,7.500000,7.500000,7.500000,7.500000,7.500000,7.500000
1764424555.607354,1525864304934,7.500000,7.500000,7.500000,7.500000,7.500000,7.500000,7.500000,7.500000
1764424555.609761,1525866712341,7.500000,7.500000,7.500000,7.500000,7.500000,7.500000,7.500000,7.500000
1764424555.612159,1525869109832,7.500000,7.500000,7.500000,7.500000,7.500000,7.500000,7.500000,7.500000
1764424555.614556,1525871507614,7.500000,7.500000,7.500000,7.500000,7.500000,7.500000,7.500000,7.500000
1764424555.616954,1525873905397,7.500000,7.500000,7.500000,7.500000,7.500000,7.500000,7.500000,7.500000
1764424555.619349,1525876300846,7.500000,7.500000,7.500000,7.500000,7.500000,7.500000,7.500000,7.500000
1764424555.621753,1525878704753,7.500000,7.500000,7.500000,7.500000,7.500000,7.500000,7.500000,7.500000
1764424555.624150,1525881101953,7.500000,7.500000,7.500000,7.500000,7.500000,7.500000,7.500000,7.500000
1764424555.626548,1525883499443,7.500000,7.500000,7.500000,7.500000,7.500000,7.500000,7.500000,7.500000
1764424555.628944,1525885894893,7.500000,7.500000,7.500000,7.500000,7.500000,7.500000,7.500000,7.500000
1764424555.631341,1525888292092,7.500000,7.500000,7.500000,7.500000,7.500000,7.500000,7.500000,7.500000
1764424555.633746,1525890697166,7.500000,7.500000,7.500000,7.500000,7.500000,7.500000,7.500000,7.500000
1764424555.636142,1525893093782,7.500000,7.500000,7.500000,7.500000,7.500000,7.500000,7.500000,7.500000
1764424555.638539,1525895490397,7.500000,7.500000,7.500000,7.500000,7.500000,7.500000,7.500000,7.500000
1764424555.640886,1525897838013,7.500000,7.500000,7.500000,7.500000,7.500000,7.500000,7.500000,7.500000
1764424555.643291,1525900242504,7.500000,7.500000,7.500000,7.500000,7.500000,7.500000,7.500000,7.500000
1764424555.645687,1525902639120,7.500000,7.500000,7.500000,7.500000,7.500000,7.500000,7.500000,7.500000
1764424555.648085,1525905036611,7.500000,7.500000,7.500000,7.500000,7.500000,7.500000,7.500000,7.500000
1764424555.650482,1525907434102,7.500000,7.500000,7.500000,7.500000,7.500000,7.500000,7.500000,7.500000
1764424555.652877,1525909828676,7.500000,7.500000,7.500000,7.500000,7.500000,7.500000,7.500000,7.500000
1764424555.655288,1525912239583,7.500000,7.500000,7.500000,7.500000,7.500000,7.500000,7.500000,7.500000
1764424555.657685,1525914636782,7.500000,7.500000,7.500000,7.500000,7.500000,7.500000,7.500000,7.500000
1764424555.660084,1525917035148,7.500000,7.500000,7.500000,7.500000,7.500000,7.500000,7.500000,7.500000
1764424555.662478,1525919430014,7.500000,7.500000,7.500000,7.500000,7.500000,7.500000,7.500000,7.500000
1764424555.664882,1525921833338,7.500000,7.500000,7.500000,7.500000,7.500000,7.500000,7.500000,7.500000
1764424555.667283,1525924234620,7.500000,7.500000,7.500000,7.500000,7.500000,7.500000,7.500000,7.500000
1764424555.669693,1525926643778,7.500000,7.500000,7.500000,7.500000,7.500000,7.500000,7.500000,7.500000
1764424555.672081,1525929032810,7.500000,7.500000,7.500000,7.500000,7.500000,7.500000,7.500000,7.500000
1764424555.674478,1525931430009,7.500000,7.500000,7.500000,7.500000,7.500000,7.500000,7.500000,7.500000
1764424555.676877,1525933828375,7.500000,7.500000,7.500000,7.500000,7.500000,7.500000,7.500000,7.500000
1764424555.679272,1525936223824,7.500000,7.500000,7.500000,7.500000,7.500000,7.500000,7.500000,7.500000
1764424555.681669,1525938620732,7.500000,7.500000,7.500000,7.500000,7.500000,7.500000,7.500000,7.500000
1764424555.684067,1525941017931,7.500000,7.500000,7.500000,7.500000,7.500000,7.500000,7.500000,7.500000
1764424555.686480,1525943431463,7.500000,7.500000,7.500000,7.500000,7.500000,7.500000,7.500000,7.500000
1764424555.688869,1525945819913,7.500000,7.500000,7.500000,7.500000,7.500000,7.500000,7.500000,7.500000
1764424555.691265,1525948216528,7.500000,7.500000,7.500000,7.500000,7.500000,7.500000,7.500000,7.500000
1764424555.693663,1525950614602,7.500000,7.500000,7.500000,7.500000,7.500000,7.500000,7.500000,7.500000
1764424555.696065,1525953016468,7.500000,7.500000,7.500000,7.500000,7.500000,7.500000,7.500000,7.500000
1764424555.698462,1525955412792,7.500000,7.500000,7.500000,7.500000,7.500000,7.500000,7.500000,7.500000
1764424555.700857,1525957808533,7.500000,7.500000,7.500000,7.500000,7.500000,7.500000,7.500000,7.500000
1764424555.703255,1525960206316,7.500000,7.500000,7.500000,7.500000,7.500000,7.500000,7.500000,7.500000
1764424555.705651,1525962602640,7.500000,7.500000,7.500000,7.500000,7.500000,7.500000,7.500000,7.500000
1764424555.708048,1525964999547,7.500000,7.500000,7.500000,7.500000,7.500000,7.500000,7.500000,7.500000
1764424555.710446,1525967397038,7.500000,7.500000,7.500000,7.500000,7.500000,7.500000,7.500000,7.500000
1764424555.712840,1525969791612,7.500000,7.500000,7.500000,7.500000,7.500000,7.500000,7.500000,7.500000
1764424555.715235,1525972187353,7.500000,7.500000,7.500000,7.500000,7.500000,7.500000,7.500000,7.500000
1764424555.717640,1525974591260,7.500000,7.500000,7.500000,7.500000,7.500000,7.500000,7.500000,7.500000
1764424555.720038,1525976989335,7.500000,7.500000,7.500000,7.500000,7.500000,7.500000,7.500000,7.500000
1764424555.722434,1525979385367,7.500000,7.500000,7.500000,7.500000,7.500000,7.500000,7.500000,7.500000
1764424555.724830,1525981781983,7.500000,7.500000,7.500000,7.500000,7.500000,7.500000,7.500000,7.500000
1764424555.727227,1525984179182,7.500000,7.500000,7.500000,7.500000,7.500000,7.500000,7.500000,7.500000
1764424555.729645,1525986596214,7.500000,7.500000,7.500000,7.500000,7.500000,7.500000,7.500000,7.500000
1764424555.732033,1525988985247,7.500000,7.500000,7.500000,7.500000,7.500000,7.500000,7.500000,7.500000
1764424555.734432,1525991383321,7.500000,7.500000,7.500000,7.500000,7.500000,7.500000,7.500000,7.500000
1764424555.736834,1525993785770,7.500000,7.500000,7.500000,7.500000,7.500000,7.500000,7.500000,7.500000
1764424555.739239,1525996189969,7.500000,7.500000,7.500000,7.500000,7.500000,7.500000,7.500000,7.500000
1764424555.741637,1525998588627,7.500000,7.500000,7.500000,7.500000,7.500000,7.500000,7.500000,7.500000
1764424555.744034,1526000985826,7.500000,7.500000,7.500000,7.500000,7.500000,7.500000,7.500000,7.500000
1764424555.746494,1526003445733,7.500000,7.500000,7.500000,7.500000,7.500000,7.500000,7.500000,7.500000
1764424555.748892,1526005843807,7.500000,7.500000,7.500000,7.500000,7.500000,7.500000,7.500000,7.500000
1764424555.751290,1526008241590,7.500000,7.500000,7.500000,7.500000,7.500000,7.500000,7.500000,7.500000
1764424555.753688,1526010639664,7.500000,7.500000,7.500000,7.500000,7.500000,7.500000,7.500000,7.500000
1764424555.756083,1526013034238,7.500000,7.500000,7.500000,7.500000,7.500000,7.500000,7.500000,7.500000
1764424555.758480,1526015432020,7.500000,7.500000,7.500000,7.500000,7.500000,7.500000,7.500000,7.500000
1764424555.760890,1526017840886,7.500000,7.500000,7.500000,7.500000,7.500000,7.500000,7.500000,7.500000
1764424555.763285,1526020236044,7.500000,7.500000,7.500000,7.500000,7.500000,7.500000,7.500000,7.500000
1764424555.765681,1526022632076,7.500000,7.500000,7.500000,7.500000,7.500000,7.500000,7.500000,7.500000
1764424555.768079,1526025030734,7.500000,7.500000,7.500000,7.500000,7.500000,7.500000,7.500000,7.500000
1764424555.770477,1526027428516,7.500000,7.500000,7.500000,7.500000,7.500000,7.500000,7.500000,7.500000
1764424555.772879,1526029830965,7.500000,7.500000,7.500000,7.500000,7.500000,7.500000,7.500000,7.500000
1764424555.775283,1526032234581,7.500000,7.500000,7.500000,7.500000,7.500000,7.500000,7.500000,7.500000
1764424555.777680,1526034631488,7.500000,7.500000,7.500000,7.500000,7.500000,7.500000,7.500000,7.500000
1764424555.780078,1526037029854,7.500000,7.500000,7.500000,7.500000,7.500000,7.500000,7.500000,7.500000
1764424555.782480,1526039432012,7.500000,7.500000,7.500000,7.500000,7.500000,7.500000,7.500000,7.500000
1764424555.784878,1526041829211,7.500000,7.500000,7.500000,7.500000,7.500000,7.500000,7.500000,7.500000
1764424555.787276,1526044227868,7.500000,7.500000,7.500000,7.500000,7.500000,7.500000,7.500000,7.500000
1764424555.789685,1526046636442,7.500000,7.500000,7.500000,7.500000,7.500000,7.500000,7.500000,7.500000
1764424555.792073,1526049024308,7.500000,7.500000,7.500000,7.500000,7.500000,7.500000,7.500000,7.500000
1764424555.794478,1526051429966,7.500000,7.500000,7.500000,7.500000,7.500000,7.500000,7.500000,7.500000
1764424555.796876,1526053827748,7.500000,7.500000,7.500000,7.500000,7.500000,7.500000,7.500000,7.500000
1764424555.799270,1526056222030,7.500000,7.500000,7.500000,7.500000,7.500000,7.500000,7.500000,7.500000
1764424555.801668,1526058618938,7.500000,7.500000,7.500000,7.500000,7.500000,7.500000,7.500000,7.500000
1764424555.804072,1526061024012,7.500000,7.500000,7.500000,7.500000,7.500000,7.500000,7.500000,7.500000
1764424555.806479,1526063430253,7.500000,7.500000,7.500000,7.500000,7.500000,7.500000,7.500000,7.500000
1764424555.808869,1526065820160,7.500000,7.500000,7.500000,7.500000,7.500000,7.500000,7.500000,7.500000
1764424555.811267,1526068218234,7.500000,7.500000,7.500000,7.500000,7.500000,7.500000,7.500000,7.500000
1764424555.813664,1526070615142,7.500000,7.500000,7.500000,7.500000,7.500000,7.500000,7.500000,7.500000
1764424555.816066,1526073017883,7.500000,7.500000,7.500000,7.500000,7.500000,7.500000,7.500000,7.500000
1764424555.818464,1526075414790,7.500000,7.500000,7.500000,7.500000,7.500000,7.500000,7.500000,7.500000
1764424555.820859,1526077810239,7.500000,7.500000,7.500000,7.500000,7.500000,7.500000,7.500000,7.500000
1764424555.823258,1526080209188,7.500000,7.500000,7.500000,7.500000,7.500000,7.500000,7.500000,7.500000
1764424555.825659,1526082610471,7.500000,7.500000,7.500000,7.500000,7.500000,7.500000,7.500000,7.500000
1764424555.828057,1526085008253,7.500000,7.500000,7.500000,7.500000,7.500000,7.500000,7.500000,7.500000
1764424555.830453,1526087405161,7.500000,7.500000,7.500000,7.500000,7.500000,7.500000,7.500000,7.500000
1764424555.832849,1526089800610,7.500000,7.500000,7.500000,7.500000,7.500000,7.500000,7.500000,7.500000
1764424555.835243,1526092194601,7.500000,7.500000,7.500000,7.500000,7.500000,7.500000,7.500000,7.500000
1764424555.837647,1526094599092,7.500000,7.500000,7.500000,7.500000,7.500000,7.500000,7.500000,7.500000
1764424555.840044,1526096995999,7.500000,7.500000,7.500000,7.500000,7.500000,7.500000,7.500000,7.500000
1764424555.842439,1526099390573,7.500000,7.500000,7.500000,7.500000,7.500000,7.500000,7.500000,7.500000
1764424555.844836,1526101787481,7.500000,7.500000,7.500000,7.500000,7.500000,7.500000,7.500000,7.500000
1764424555.847240,1526104191971,7.500000,7.500000,7.500000,7.500000,7.500000,7.500000,7.500000,7.500000
1764424555.849650,1526106601420,7.500000,7.500000,7.500000,7.500000,7.500000,7.500000,7.500000,7.500000
1764424555.852039,1526108990161,7.500000,7.500000,7.500000,7.500000,7.500000,7.500000,7.500000,7.500000
1764424555.854435,1526111386777,7.500000,7.500000,7.500000,7.500000,7.500000,7.500000,7.500000,7.500000
1764424555.856831,1526113782810,7.500000,7.500000,7.500000,7.500000,7.500000,7.500000,7.500000,7.500000
1764424555.859233,1526116184384,7.500000,7.500000,7.500000,7.500000,7.500000,7.500000,7.500000,7.500000
1764424555.861630,1526118581874,7.500000,7.500000,7.500000,7.500000,7.500000,7.500000,7.500000,7.500000
1764424555.864028,1526120979365,7.500000,7.500000,7.500000,7.500000,7.500000,7.500000,7.500000,7.500000
1764424555.866437,1526123388231,7.500000,7.500000,7.500000,7.500000,7.500000,7.500000,7.500000,7.500000
1764424555.868834,1526125785139,7.500000,7.500000,7.500000,7.500000,7.500000,7.500000,7.500000,7.500000
1764424555.871232,1526128182921,7.500000,7.500000,7.500000,7.500000,7.500000,7.500000,7.500000,7.500000
1764424555.873629,1526130580412,7.500000,7.500000,7.500000,7.500000,7.500000,7.500000,7.500000,7.500000
1764424555.876024,1526132975278,7.500000,7.500000,7.500000,7.500000,7.500000,7.500000,7.500000,7.500000
1764424555.878421,1526135372185,7.500000,7.500000,7.500000,7.500000,7.500000,7.500000,7.500000,7.500000
1764424555.880825,1526137776967,7.500000,7.500000,7.500000,7.500000,7.500000,7.500000,7.500000,7.500000
1764424555.883224,1526140175917,7.500000,7.500000,7.500000,7.500000,7.500000,7.500000,7.500000,7.500000
1764424555.885620,1526142571074,7.500000,7.500000,7.500000,7.500000,7.500000,7.500000,7.500000,7.500000
1764424555.888016,1526144967690,7.500000,7.500000,7.500000,7.500000,7.500000,7.500000,7.500000,7.500000
1764424555.890414,1526147365764,7.500000,7.500000,7.500000,7.500000,7.500000,7.500000,7.500000,7.500000
1764424555.892810,1526149761505,7.500000,7.500000,7.500000,7.500000,7.500000,7.500000,7.500000,7.500000
1764424555.895207,1526152158412,7.500000,7.500000,7.500000,7.500000,7.500000,7.500000,7.500000,7.500000
1764424555.897605,1526154556486,7.500000,7.500000,7.500000,7.500000,7.500000,7.500000,7.500000,7.500000
1764424555.900012,1526156963311,7.500000,7.500000,7.500000,7.500000,7.500000,7.500000,7.500000,7.500000
1764424555.902408,1526159359635,7.500000,7.500000,7.500000,7.500000,7.500000,7.500000,7.500000,7.500000
1764424555.904806,1526161757709,7.500000,7.500000,7.500000,7.500000,7.500000,7.500000,7.500000,7.500000
1764424555.907206,1526164157241,7.500000,7.500000,7.500000,7.500000,7.500000,7.500000,7.500000,7.500000
1764424555.909616,1526166567274,7.500000,7.500000,7.500000,7.500000,7.500000,7.500000,7.500000,7.500000
1764424555.912013,1526168965056,7.500000,7.500000,7.500000,7.500000,7.500000,7.500000,7.500000,7.500000
1764424555.914412,1526171363422,7.500000,7.500000,7.500000,7.500000,7.500000,7.500000,7.500000,7.500000
1764424555.916810,1526173760913,7.500000,7.500000,7.500000,7.500000,7.500000,7.500000,7.500000,7.500000
1764424555.919205,1526176156654,7.500000,7.500000,7.500000,7.500000,7.500000,7.500000,7.500000,7.500000
1764424555.921952,1526178903560,7.500000,7.500000,7.500000,7.500000,7.500000,7.500000,7.500000,7.500000
1764424555.924354,1526181306009,7.500000,7.500000,7.500000,7.500000,7.500000,7.500000,7.500000,7.500000
1764424555.926753,1526183704375,7.500000,7.500000,7.500000,7.500000,7.500000,7.500000,7.500000,7.500000
1764424555.929148,1526186100115,7.500000,7.500000,7.500000,7.500000,7.500000,7.500000,7.500000,7.500000
1764424555.931560,1526188511606,7.500000,7.500000,7.500000,7.500000,7.500000,7.500000,7.500000,7.500000
1764424555.933966,1526190917847,7.500000,7.500000,7.500000,7.500000,7.500000,7.500000,7.500000,7.500000
1764424555.936378,1526193329629,7.500000,7.500000,7.500000,7.500000,7.500000,7.500000,7.500000,7.500000
1764424555.938768,1526195719828,7.500000,7.500000,7.500000,7.500000,7.500000,7.500000,7.500000,7.500000
1764424555.941166,1526198117028,7.500000,7.500000,7.500000,7.500000,7.500000,7.500000,7.500000,7.500000
1764424555.943571,1526200522393,7.500000,7.500000,7.500000,7.500000,7.500000,7.500000,7.500000,7.500000
1764424555.945967,1526202918717,7.500000,7.500000,7.500000,7.500000,7.500000,7.500000,7.500000,7.500000
1764424555.948365,1526205316208,7.500000,7.500000,7.500000,7.500000,7.500000,7.500000,7.500000,7.500000
1764424555.950763,1526207714282,7.500000,7.500000,7.500000,7.500000,7.500000,7.500000,7.500000,7.500000
1764424555.953161,1526210112065,7.500000,7.500000,7.500000,7.500000,7.500000,7.500000,7.500000,7.500000
1764424555.955562,1526212513931,7.500000,7.500000,7.500000,7.500000,7.500000,7.500000,7.500000,7.500000
1764424555.957960,1526214911713,7.500000,7.500000,7.500000,7.500000,7.500000,7.500000,7.500000,7.500000
1764424555.960358,1526217309496,7.500000,7.500000,7.500000,7.500000,7.500000,7.500000,7.500000,7.500000
1764424555.962753,1526219704945,7.500000,7.500000,7.500000,7.500000,7.500000,7.500000,7.500000,7.500000
1764424555.965157,1526222108852,7.500000,7.500000,7.500000,7.500000,7.500000,7.500000,7.500000,7.500000
1764424555.967554,1526224505760,7.500000,7.500000,7.500000,7.500000,7.500000,7.500000,7.500000,7.500000
1764424555.969952,1526226903250,7.500000,7.500000,7.500000,7.500000,7.500000,7.500000,7.500000,7.500000
1764424555.972348,1526229299575,7.500000,7.500000,7.500000,7.500000,7.500000,7.500000,7.500000,7.500000
1764424555.974753,1526231704357,7.500000,7.500000,7.500000,7.500000,7.500000,7.500000,7.500000,7.500000
1764424555.977156,1526234107098,7.500000,7.500000,7.500000,7.500000,7.500000,7.500000,7.500000,7.500000
1764424555.979553,1526236504589,7.500000,7.500000,7.500000,7.500000,7.500000,7.500000,7.500000,7.500000
1764424555.981960,1526238911413,7.500000,7.500000,7.500000,7.500000,7.500000,7.500000,7.500000,7.500000
1764424555.984357,1526241308320,7.500000,7.500000,7.500000,7.500000,7.500000,7.500000,7.500000,7.500000
1764424555.986766,1526243717478,7.500000,7.500000,7.500000,7.500000,7.500000,7.500000,7.500000,7.500000
1764424555.989162,1526246113802,7.500000,7.500000,7.500000,7.500000,7.500000,7.500000,7.500000,7.500000
1764424555.991588,1526248539876,7.500000,7.500000,7.500000,7.500000,7.500000,7.500000,7.500000,7.500000
1764424555.993987,1526250938825,7.500000,7.500000,7.500000,7.500000,7.500000,7.500000,7.500000,7.500000
1764424555.996405,1526253356732,7.500000,7.500000,7.500000,7.500000,7.500000,7.500000,7.500000,7.500000
1764424555.998796,1526255747223,7.500000,7.500000,7.500000,7.500000,7.500000,7.500000,7.500000,7.500000
1764424556.001193,1526258144131,7.500000,7.500000,7.500000,7.500000,7.500000,7.500000,7.500000,7.500000
1764424556.003591,1526260542496,7.500000,7.500000,7.500000,7.500000,7.500000,7.500000,7.500000,7.500000
1764424556.005986,1526262937070,7.500000,7.500000,7.500000,7.500000,7.500000,7.500000,7.500000,7.500000
1764424556.008391,1526265342728,7.500000,7.500000,7.500000,7.500000,7.500000,7.500000,7.500000,7.500000
1764424556.010790,1526267741094,7.500000,7.500000,7.500000,7.500000,7.500000,7.500000,7.500000,7.500000
1764424556.013160,1526270111168,7.500000,7.500000,7.500000,7.500000,7.500000,7.500000,7.500000,7.500000
1764424556.015554,1526272506034,7.500000,7.500000,7.500000,7.500000,7.500000,7.500000,7.500000,7.500000
1764424556.017958,1526274909066,7.500000,7.500000,7.500000,7.500000,7.500000,7.500000,7.500000,7.500000
1764424556.020356,1526277307724,7.500000,7.500000,7.500000,7.500000,7.500000,7.500000,7.500000,7.500000
1764424556.022751,1526279702298,7.500000,7.500000,7.500000,7.500000,7.500000,7.500000,7.500000,7.500000
1764424556.025148,1526282099205,7.500000,7.500000,7.500000,7.500000,7.500000,7.500000,7.500000,7.500000
1764424556.027551,1526284502821,7.500000,7.500000,7.500000,7.500000,7.500000,7.500000,7.500000,7.500000
1764424556.029953,1526286904978,7.500000,7.500000,7.500000,7.500000,7.500000,7.500000,7.500000,7.500000
1764424556.032349,1526289300136,7.500000,7.500000,7.500000,7.500000,7.500000,7.500000,7.500000,7.500000
1764424556.034746,1526291697918,7.500000,7.500000,7.500000,7.500000,7.500000,7.500000,7.500000,7.500000
1764424556.037146,1526294097451,7.500000,7.500000,7.500000,7.500000,7.500000,7.500000,7.500000,7.500000
1764424556.039550,1526296501650,7.500000,7.500000,7.500000,7.500000,7.500000,7.500000,7.500000,7.500000
1764424556.041954,1526298905266,7.500000,7.500000,7.500000,7.500000,7.500000,7.500000,7.500000,7.500000
1764424556.044351,1526301303048,7.500000,7.500000,7.500000,7.500000,7.500000,7.500000,7.500000,7.500000
1764424556.046749,1526303701122,7.500000,7.500000,7.500000,7.500000,7.500000,7.500000,7.500000,7.500000
1764424556.049143,1526306095113,7.500000,7.500000,7.500000,7.500000,7.500000,7.500000,7.500000,7.500000
1764424556.051547,1526308499021,7.500000,7.500000,7.500000,7.500000,7.500000,7.500000,7.500000,7.500000
1764424556.053947,1526310897970,7.500000,7.500000,7.500000,7.500000,7.500000,7.500000,7.500000,7.500000
1764424556.056355,1526313306835,7.500000,7.500000,7.500000,7.500000,7.500000,7.500000,7.500000,7.500000
1764424556.058745,1526315697035,7.500000,7.500000,7.500000,7.500000,7.500000,7.500000,7.500000,7.500000
1764424556.061142,1526318094234,7.500000,7.500000,7.500000,7.500000,7.500000,7.500000,7.500000,7.500000
1764424556.063542,1526320493766,7.500000,7.500000,7.500000,7.500000,7.500000,7.500000,7.500000,7.500000
1764424556.065936,1526322888049,7.500000,7.500000,7.500000,7.500000,7.500000,7.500000,7.500000,7.500000
1764424556.068335,1526325286706,7.500000,7.500000,7.500000,7.500000,7.500000,7.500000,7.500000,7.500000
1764424556.070739,1526327690322,7.500000,7.500000,7.500000,7.500000,7.500000,7.500000,7.500000,7.500000
1764424556.073148,1526330099479,7.500000,7.500000,7.500000,7.500000,7.500000,7.500000,7.500000,7.500000
1764424556.075537,1526332489095,7.500000,7.500000,7.500000,7.500000,7.500000,7.500000,7.500000,7.500000
1764424556.077935,1526334886003,7.500000,7.500000,7.500000,7.500000,7.500000,7.500000,7.500000,7.500000
1764424556.080333,1526337284368,7.500000,7.500000,7.500000,7.500000,7.500000,7.500000,7.500000,7.500000
1764424556.082736,1526339687109,7.500000,7.500000,7.500000,7.500000,7.500000,7.500000,7.500000,7.500000
1764424556.085134,1526342085183,7.500000,7.500000,7.500000,7.500000,7.500000,7.500000,7.500000,7.500000
1764424556.087530,1526344481507,7.500000,7.500000,7.500000,7.500000,7.500000,7.500000,7.500000,7.500000
1764424556.089929,1526346880748,7.500000,7.500000,7.500000,7.500000,7.500000,7.500000,7.500000,7.500000
1764424556.092331,1526349282322,7.500000,7.500000,7.500000,7.500000,7.500000,7.500000,7.500000,7.500000
1764424556.094728,1526351679813,7.500000,7.500000,7.500000,7.500000,7.500000,7.500000,7.500000,7.500000
1764424556.097126,1526354077304,7.500000,7.500000,7.500000,7.500000,7.500000,7.500000,7.500000,7.500000
1764424556.099520,1526356471586,7.500000,7.500000,7.500000,7.500000,7.500000,7.500000,7.500000,7.500000
1764424556.101916,1526358867619,7.500000,7.500000,7.500000,7.500000,7.500000,7.500000,7.500000,7.500000
1764424556.104323,1526361275026,7.500000,7.500000,7.500000,7.500000,7.500000,7.500000,7.500000,7.500000
1764424556.106721,1526363672809,7.500000,7.500000,7.500000,7.500000,7.500000,7.500000,7.500000,7.500000
1764424556.109117,1526366068550,7.500000,7.500000,7.500000,7.500000,7.500000,7.500000,7.500000,7.500000
1764424556.111571,1526368522624,7.500000,7.500000,7.500000,7.500000,7.500000,7.500000,7.500000,7.500000
1764424556.113971,1526370922448,7.500000,7.500000,7.500000,7.500000,7.500000,7.500000,7.500000,7.500000
1764424556.116381,1526373332480,7.500000,7.500000,7.500000,7.500000,7.500000,7.500000,7.500000,7.500000
1764424556.118771,1526375722388,7.500000,7.500000,7.500000,7.500000,7.500000,7.500000,7.500000,7.500000
1764424556.121168,1526378119295,7.500000,7.500000,7.500000,7.500000,7.500000,7.500000,7.500000,7.500000
1764424556.123573,1526380524952,7.500000,7.500000,7.500000,7.500000,7.500000,7.500000,7.500000,7.500000
1764424556.125970,1526382922152,7.500000,7.500000,7.500000,7.500000,7.500000,7.500000,7.500000,7.500000
1764424556.128370,1526385321684,7.500000,7.500000,7.500000,7.500000,7.500000,7.500000,7.500000,7.500000
1764424556.130771,1526387722383,7.500000,7.500000,7.500000,7.500000,7.500000,7.500000,7.500000,7.500000
1764424556.133161,1526390112582,7.500000,7.500000,7.500000,7.500000,7.500000,7.500000,7.500000,7.500000
1764424556.135562,1526392513865,7.500000,7.500000,7.500000,7.500000,7.500000,7.500000,7.500000,7.500000
1764424556.137960,1526394911647,7.500000,7.500000,7.500000,7.500000,7.500000,7.500000,7.500000,7.500000
1764424556.140357,1526397308555,7.500000,7.500000,7.500000,7.500000,7.500000,7.500000,7.500000,7.500000
1764424556.142753,1526399704296,7.500000,7.500000,7.500000,7.500000,7.500000,7.500000,7.500000,7.500000
1764424556.145157,1526402108495,7.500000,7.500000,7.500000,7.500000,7.500000,7.500000,7.500000,7.500000
1764424556.147556,1526404507152,7.500000,7.500000,7.500000,7.500000,7.500000,7.500000,7.500000,7.500000
1764424556.149954,1526406904935,7.500000,7.500000,7.500000,7.500000,7.500000,7.500000,7.500000,7.500000
1764424556.152349,1526409300092,7.500000,7.500000,7.500000,7.500000,7.500000,7.500000,7.500000,7.500000
1764424556.154745,1526411697000,7.500000,7.500000,7.500000,7.500000,7.500000,7.500000,7.500000,7.500000
1764424556.157148,1526414099740,7.500000,7.500000,7.500000,7.500000,7.500000,7.500000,7.500000,7.500000
1764424556.159544,1526416495481,7.500000,7.500000,7.500000,7.500000,7.500000,7.500000,7.500000,7.500000
1764424556.161954,1526418905514,7.500000,7.500000,7.500000,7.500000,7.500000,7.500000,7.500000,7.500000
1764424556.164351,1526421303004,7.500000,7.500000,7.500000,7.500000,7.500000,7.500000,7.500000,7.500000
1764424556.166756,1526423706912,7.500000,7.500000,7.500000,7.500000,7.500000,7.500000,7.500000,7.500000
1764424556.169152,1526426103236,7.500000,7.500000,7.500000,7.500000,7.500000,7.500000,7.500000,7.500000
1764424556.171549,1526428500435,7.500000,7.500000,7.500000,7.500000,7.500000,7.500000,7.500000,7.500000
1764424556.173947,1526430898509,7.500000,7.500000,7.500000,7.500000,7.500000,7.500000,7.500000,7.500000
1764424556.176355,1526433306500,7.500000,7.500000,7.500000,7.500000,7.500000,7.500000,7.500000,7.500000
1764424556.178744,1526435696116,7.500000,7.500000,7.500000,7.500000,7.500000,7.500000,7.500000,7.500000
1764424556.181141,1526438092732,7.500000,7.500000,7.500000,7.500000,7.500000,7.500000,7.500000,7.500000
1764424556.183539,1526440491097,7.500000,7.500000,7.500000,7.500000,7.500000,7.500000,7.500000,7.500000
1764424556.185935,1526442886255,7.500000,7.500000,7.500000,7.500000,7.500000,7.500000,7.500000,7.500000
1764424556.188340,1526445291621,7.500000,7.500000,7.500000,7.500000,7.500000,7.500000,7.500000,7.500000
1764424556.190739,1526447689986,7.500000,7.500000,7.500000,7.500000,7.500000,7.500000,7.500000,7.500000
1764424556.193147,1526450097977,7.500000,7.500000,7.500000,7.500000,7.500000,7.500000,7.500000,7.500000
1764424556.195536,1526452487885,7.500000,7.500000,7.500000,7.500000,7.500000,7.500000,7.500000,7.500000
1764424556.197941,1526454892375,7.500000,7.500000,7.500000,7.500000,7.500000,7.500000,7.500000,7.500000
1764424556.200341,1526457291908,7.500000,7.500000,7.500000,7.500000,7.500000,7.500000,7.500000,7.500000
1764424556.202737,1526459687940,7.500000,7.500000,7.500000,7.500000,7.500000,7.500000,7.500000,7.500000
1764424556.205135,1526462086598,7.500000,7.500000,7.500000,7.500000,7.500000,7.500000,7.500000,7.500000
1764424556.207532,1526464484089,7.500000,7.500000,7.500000,7.500000,7.500000,7.500000,7.500000,7.500000
1764424556.209937,1526466888288,7.500000,7.500000,7.500000,7.500000,7.500000,7.500000,7.500000,7.500000
1764424556.212332,1526469283737,7.500000,7.500000,7.500000,7.500000,7.500000,7.500000,7.500000,7.500000
1764424556.214730,1526471681228,7.500000,7.500000,7.500000,7.500000,7.500000,7.500000,7.500000,7.500000
1764424556.217127,1526474078427,7.500000,7.500000,7.500000,7.500000,7.500000,7.500000,7.500000,7.500000
1764424556.219529,1526476480293,7.500000,7.500000,7.500000,7.500000,7.500000,7.500000,7.500000,7.500000
1764424556.221925,1526478876033,7.500000,7.500000,7.500000,7.500000,7.500000,7.500000,7.500000,7.500000
1764424556.224322,1526481273524,7.500000,7.500000,7.500000,7.500000,7.500000,7.500000,7.500000,7.500000
1764424556.226721,1526483672765,7.500000,7.500000,7.500000,7.500000,7.500000,7.500000,7.500000,7.500000
1764424556.229116,1526486068214,7.500000,7.500000,7.500000,7.500000,7.500000,7.500000,7.500000,7.500000
1764424556.231521,1526488472122,7.500000,7.500000,7.500000,7.500000,7.500000,7.500000,7.500000,7.500000
1764424556.233917,1526490869029,7.500000,7.500000,7.500000,7.500000,7.500000,7.500000,7.500000,7.500000
1764424556.236341,1526493293061,7.500000,7.500000,7.500000,7.500000,7.500000,7.500000,7.500000,7.500000
1764424556.238732,1526495683260,7.500000,7.500000,7.500000,7.500000,7.500000,7.500000,7.500000,7.500000
1764424556.241137,1526498088335,7.500000,7.500000,7.500000,7.500000,7.500000,7.500000,7.500000,7.500000
1764424556.243535,1526500486117,7.500000,7.500000,7.500000,7.500000,7.500000,7.500000,7.500000,7.500000
1764424556.245930,1526502881858,7.500000,7.500000,7.500000,7.500000,7.500000,7.500000,7.500000,7.500000
1764424556.248327,1526505278182,7.500000,7.500000,7.500000,7.500000,7.500000,7.500000,7.500000,7.500000
1764424556.250724,1526507675381,7.500000,7.500000,7.500000,7.500000,7.500000,7.500000,7.500000,7.500000
1764424556.253140,1526510091539,7.500000,7.500000,7.500000,7.500000,7.500000,7.500000,7.500000,7.500000
1764424556.255530,1526512481738,7.500000,7.500000,7.500000,7.500000,7.500000,7.500000,7.500000,7.500000
1764424556.257927,1526514878353,7.500000,7.500000,7.500000,7.500000,7.500000,7.500000,7.500000,7.500000
1764424556.260324,1526517275553,7.500000,7.500000,7.500000,7.500000,7.500000,7.500000,7.500000,7.500000
1764424556.262727,1526519678293,7.500000,7.500000,7.500000,7.500000,7.500000,7.500000,7.500000,7.500000
1764424556.265125,1526522076659,7.500000,7.500000,7.500000,7.500000,7.500000,7.500000,7.500000,7.500000
1764424556.267522,1526524473275,7.500000,7.500000,7.500000,7.500000,7.500000,7.500000,7.500000,7.500000
1764424556.269919,1526526870766,7.500000,7.500000,7.500000,7.500000,7.500000,7.500000,7.500000,7.500000
1764424556.272315,1526529266798,7.500000,7.500000,7.500000,7.500000,7.500000,7.500000,7.500000,7.500000
1764424556.274712,1526531663706,7.500000,7.500000,7.500000,7.500000,7.500000,7.500000,7.500000,7.500000
1764424556.277110,1526534061197,7.500000,7.500000,7.500000,7.500000,7.500000,7.500000,7.500000,7.500000
1764424556.279505,1526536456937,7.500000,7.500000,7.500000,7.500000,7.500000,7.500000,7.500000,7.500000
1764424556.281902,1526538853261,7.500000,7.500000,7.500000,7.500000,7.500000,7.500000,7.500000,7.500000
1764424556.284309,1526541260377,7.500000,7.500000,7.500000,7.500000,7.500000,7.500000,7.500000,7.500000
1764424556.286707,1526543658743,7.500000,7.500000,7.500000,7.500000,7.500000,7.500000,7.500000,7.500000
1764424556.289103,1526546054484,7.500000,7.500000,7.500000,7.500000,7.500000,7.500000,7.500000,7.500000
1764424556.291500,1526548450808,7.500000,7.500000,7.500000,7.500000,7.500000,7.500000,7.500000,7.500000
1764424556.293895,1526550847132,7.500000,7.500000,7.500000,7.500000,7.500000,7.500000,7.500000,7.500000
1764424556.296313,1526553264165,7.500000,7.500000,7.500000,7.500000,7.500000,7.500000,7.500000,7.500000
1764424556.298704,1526555655239,7.500000,7.500000,7.500000,7.500000,7.500000,7.500000,7.500000,7.500000
1764424556.301151,1526558102021,7.500000,7.500000,7.500000,7.500000,7.500000,7.500000,7.500000,7.500000
1764424556.303550,1526560501262,7.500000,7.500000,7.500000,7.500000,7.500000,7.500000,7.500000,7.500000
1764424556.305954,1526562905752,7.500000,7.500000,7.500000,7.500000,7.500000,7.500000,7.500000,7.500000
1764424556.308360,1526565311993,7.500000,7.500000,7.500000,7.500000,7.500000,7.500000,7.500000,7.500000
1764424556.310759,1526567710359,7.500000,7.500000,7.500000,7.500000,7.500000,7.500000,7.500000,7.500000
1764424556.313159,1526570110475,7.500000,7.500000,7.500000,7.500000,7.500000,7.500000,7.500000,7.500000
1764424556.315555,1526572506216,7.500000,7.500000,7.500000,7.500000,7.500000,7.500000,7.500000,7.500000
1764424556.317960,1526574911290,7.500000,7.500000,7.500000,7.500000,7.500000,7.500000,7.500000,7.500000
1764424556.320358,1526577309656,7.500000,7.500000,7.500000,7.500000,7.500000,7.500000,7.500000,7.500000
1764424556.322754,1526579705688,7.500000,7.500000,7.500000,7.500000,7.500000,7.500000,7.500000,7.500000
1764424556.325152,1526582103179,7.500000,7.500000,7.500000,7.500000,7.500000,7.500000,7.500000,7.500000
1764424556.327559,1526584509711,7.500000,7.500000,7.500000,7.500000,7.500000,7.500000,7.500000,7.500000
1764424556.329958,1526586910119,7.500000,7.500000,7.500000,7.500000,7.500000,7.500000,7.500000,7.500000
1764424556.332353,1526589304110,7.500000,7.500000,7.500000,7.500000,7.500000,7.500000,7.500000,7.500000
1764424556.334750,1526591702184,7.500000,7.500000,7.500000,7.500000,7.500000,7.500000,7.500000,7.500000
1764424556.337149,1526594100841,7.500000,7.500000,7.500000,7.500000,7.500000,7.500000,7.500000,7.500000
1764424556.339551,1526596502999,7.500000,7.500000,7.500000,7.500000,7.500000,7.500000,7.500000,7.500000
1764424556.341957,1526598908656,7.500000,7.500000,7.500000,7.500000,7.500000,7.500000,7.500000,7.500000
1764424556.344355,1526601306438,7.500000,7.500000,7.500000,7.500000,7.500000,7.500000,7.500000,7.500000
1764424556.346752,1526603703929,7.500000,7.500000,7.500000,7.500000,7.500000,7.500000,7.500000,7.500000
1764424556.349155,1526606106378,7.500000,7.500000,7.500000,7.500000,7.500000,7.500000,7.500000,7.500000
1764424556.351552,1526608503869,7.500000,7.500000,7.500000,7.500000,7.500000,7.500000,7.500000,7.500000
1764424556.353950,1526610901943,7.500000,7.500000,7.500000,7.500000,7.500000,7.500000,7.500000,7.500000
1764424556.356358,1526613309642,7.500000,7.500000,7.500000,7.500000,7.500000,7.500000,7.500000,7.500000
1764424556.358748,1526615699842,7.500000,7.500000,7.500000,7.500000,7.500000,7.500000,7.500000,7.500000
1764424556.361148,1526618099374,7.500000,7.500000,7.500000,7.500000,7.500000,7.500000,7.500000,7.500000
1764424556.363546,1526620497448,7.500000,7.500000,7.500000,7.500000,7.500000,7.500000,7.500000,7.500000
1764424556.365940,1526622892022,7.500000,7.500000,7.500000,7.500000,7.500000,7.500000,7.500000,7.500000
1764424556.368336,1526625288055,7.500000,7.500000,7.500000,7.500000,7.500000,7.500000,7.500000,7.500000
1764424556.370741,1526627692837,7.500000,7.500000,7.500000,7.500000,7.500000,7.500000,7.500000,7.500000
1764424556.373145,1526630096453,7.500000,7.500000,7.500000,7.500000,7.500000,7.500000,7.500000,7.500000
1764424556.375541,1526632492485,7.500000,7.500000,7.500000,7.500000,7.500000,7.500000,7.500000,7.500000
1764424556.377938,1526634889393,7.500000,7.500000,7.500000,7.500000,7.500000,7.500000,7.500000,7.500000
1764424556.380336,1526637287175,7.500000,7.500000,7.500000,7.500000,7.500000,7.500000,7.500000,7.500000
1764424556.382738,1526639689916,7.500000,7.500000,7.500000,7.500000,7.500000,7.500000,7.500000,7.500000
1764424556.385135,1526642086824,7.500000,7.500000,7.500000,7.500000,7.500000,7.500000,7.500000,7.500000
1764424556.387532,1526644483731,7.500000,7.500000,7.500000,7.500000,7.500000,7.500000,7.500000,7.500000
1764424556.389931,1526646882680,7.500000,7.500000,7.500000,7.500000,7.500000,7.500000,7.500000,7.500000
1764424556.392333,1526649284254,7.500000,7.500000,7.500000,7.500000,7.500000,7.500000,7.500000,7.500000
1764424556.394731,1526651682328,7.500000,7.500000,7.500000,7.500000,7.500000,7.500000,7.500000,7.500000
1764424556.397129,1526654080111,7.500000,7.500000,7.500000,7.500000,7.500000,7.500000,7.500000,7.500000
1764424556.399523,1526656474977,7.500000,7.500000,7.500000,7.500000,7.500000,7.500000,7.500000,7.500000
1764424556.401919,1526658870718,7.500000,7.500000,7.500000,7.500000,7.500000,7.500000,7.500000,7.500000
1764424556.404324,1526661275500,7.500000,7.500000,7.500000,7.500000,7.500000,7.500000,7.500000,7.500000
1764424556.406723,1526663674157,7.500000,7.500000,7.500000,7.500000,7.500000,7.500000,7.500000,7.500000
1764424556.409117,1526666068440,7.500000,7.500000,7.500000,7.500000,7.500000,7.500000,7.500000,7.500000
1764424556.411513,1526668465056,7.500000,7.500000,7.500000,7.500000,7.500000,7.500000,7.500000,7.500000
1764424556.413919,1526670870421,7.500000,7.500000,7.500000,7.500000,7.500000,7.500000,7.500000,7.500000
1764424556.416329,1526673280454,7.500000,7.500000,7.500000,7.500000,7.500000,7.500000,7.500000,7.500000
1764424556.418719,1526675670070,7.500000,7.500000,7.500000,7.500000,7.500000,7.500000,7.500000,7.500000
1764424556.421116,1526678066977,7.500000,7.500000,7.500000,7.500000,7.500000,7.500000,7.500000,7.500000
1764424556.423513,1526680464760,7.500000,7.500000,7.500000,7.500000,7.500000,7.500000,7.500000,7.500000
1764424556.425915,1526682866334,7.500000,7.500000,7.500000,7.500000,7.500000,7.500000,7.500000,7.500000
1764424556.428312,1526685263825,7.500000,7.500000,7.500000,7.500000,7.500000,7.500000,7.500000,7.500000
1764424556.430709,1526687660732,7.500000,7.500000,7.500000,7.500000,7.500000,7.500000,7.500000,7.500000
1764424556.433117,1526690068431,7.500000,7.500000,7.500000,7.500000,7.500000,7.500000,7.500000,7.500000
1764424556.435497,1526692465047,7.500000,7.500000,7.500000,7.500000,7.500000,7.500000,7.500000,7.500000
1764424556.437940,1526694891704,7.500000,7.500000,7.500000,7.500000,7.500000,7.500000,7.500000,7.500000
1764424558.761371,1529018322829,7.500000,7.500000,7.500000,7.500000,7.500000,7.500000,7.500000,7.500000
1764424558.763843,1529020794986,7.500000,7.500000,7.500000,7.500000,7.500000,7.500000,7.500000,7.500000
1764424558.766657,1529023608975,7.500000,7.500000,7.500000,7.500000,7.500000,7.500000,7.500000,7.500000
1764424558.769380,1529026331673,7.500000,7.500000,7.500000,7.500000,7.500000,7.500000,7.500000,7.500000
1764424558.770790,1529027741876,7.500000,7.500000,7.500000,7.500000,7.500000,7.500000,7.500000,7.500000
1764424558.773306,1529030256908,7.500000,7.500000,7.500000,7.500000,7.500000,7.500000,7.500000,7.500000
1764424558.775706,1529032657899,7.500000,7.500000,7.500000,7.500000,7.500000,7.500000,7.500000,7.500000
1764424558.778106,1529035057723,7.500000,7.500000,7.500000,7.500000,7.500000,7.500000,7.500000,7.500000
1764424558.780694,1529037645088,7.500000,7.500000,7.500000,7.500000,7.500000,7.500000,7.500000,7.500000
1764424558.783115,1529040067078,7.500000,7.500000,7.500000,7.500000,7.500000,7.500000,7.500000,7.500000
1764424558.785507,1529042458153,7.500000,7.500000,7.500000,7.500000,7.500000,7.500000,7.500000,7.500000
1764424558.787904,1529044855643,7.500000,7.500000,7.500000,7.500000,7.500000,7.500000,7.500000,7.500000
1764424558.790301,1529047252843,7.500000,7.500000,7.500000,7.500000,7.500000,7.500000,7.500000,7.500000
1764424558.792698,1529049649750,7.500000,7.500000,7.500000,7.500000,7.500000,7.500000,7.500000,7.500000
1764424558.795105,1529052055991,7.500000,7.500000,7.500000,7.500000,7.500000,7.500000,7.500000,7.500000
1764424558.797504,1529054455523,7.500000,7.500000,7.500000,7.500000,7.500000,7.500000,7.500000,7.500000
1764424558.799905,1529056856514,7.500000,7.500000,7.500000,7.500000,7.500000,7.500000,7.500000,7.500000
1764424558.802301,1529059252546,7.500000,7.500000,7.500000,7.500000,7.500000,7.500000,7.500000,7.500000
1764424558.804709,1529061660246,7.500000,7.500000,7.500000,7.500000,7.500000,7.500000,7.500000,7.500000
1764424558.807108,1529064060070,7.500000,7.500000,7.500000,7.500000,7.500000,7.500000,7.500000,7.500000
1764424558.809508,1529066459894,7.500000,7.500000,7.500000,7.500000,7.500000,7.500000,7.500000,7.500000
1764424558.811904,1529068856218,7.500000,7.500000,7.500000,7.500000,7.500000,7.500000,7.500000,7.500000
1764424558.814303,1529071254584,7.500000,7.500000,7.500000,7.500000,7.500000,7.500000,7.500000,7.500000
1764424558.816708,1529073659366,7.500000,7.500000,7.500000,7.500000,7.500000,7.500000,7.500000,7.500000
1764424558.819105,1529076056565,7.500000,7.500000,7.500000,7.500000,7.500000,7.500000,7.500000,7.500000
1764424558.821503,1529078454348,7.500000,7.500000,7.500000,7.500000,7.500000,7.500000,7.500000,7.500000
1764424558.823902,1529080853297,7.500000,7.500000,7.500000,7.500000,7.500000,7.500000,7.500000,7.500000
1764424558.826325,1529083277038,7.500000,7.500000,7.500000,7.500000,7.500000,7.500000,7.500000,7.500000
1764424558.828743,1529085694945,7.500000,7.500000,7.500000,7.500000,7.500000,7.500000,7.500000,7.500000
1764424558.831184,1529088135311,7.500000,7.500000,7.500000,7.500000,7.500000,7.500000,7.500000,7.500000
1764424558.833596,1529090547676,7.500000,7.500000,7.500000,7.500000,7.500000,7.500000,7.500000,7.500000
1764424558.835995,1529092946917,7.500000,7.500000,7.500000,7.500000,7.500000,7.500000,7.500000,7.500000
1764424558.838411,1529095362783,7.500000,7.500000,7.500000,7.500000,7.500000,7.500000,7.500000,7.500000
1764424558.840813,1529097764940,7.500000,7.500000,7.500000,7.500000,7.500000,7.500000,7.500000,7.500000
1764424558.843213,1529100164181,7.500000,7.500000,7.500000,7.500000,7.500000,7.500000,7.500000,7.500000
1764424558.845608,1529102560214,7.500000,7.500000,7.500000,7.500000,7.500000,7.500000,7.500000,7.500000
1764424558.848014,1529104965288,7.500000,7.500000,7.500000,7.500000,7.500000,7.500000,7.500000,7.500000
1764424558.850413,1529107364529,7.500000,7.500000,7.500000,7.500000,7.500000,7.500000,7.500000,7.500000
1764424558.852810,1529109762019,7.500000,7.500000,7.500000,7.500000,7.500000,7.500000,7.500000,7.500000
1764424558.855212,1529112164177,7.500000,7.500000,7.500000,7.500000,7.500000,7.500000,7.500000,7.500000
1764424558.857611,1529114562251,7.500000,7.500000,7.500000,7.500000,7.500000,7.500000,7.500000,7.500000
1764424558.860016,1529116967617,7.500000,7.500000,7.500000,7.500000,7.500000,7.500000,7.500000,7.500000
1764424558.862413,1529119364232,7.500000,7.500000,7.500000,7.500000,7.500000,7.500000,7.500000,7.500000
1764424558.865092,1529122042889,7.500000,7.500000,7.500000,7.500000,7.500000,7.500000,7.500000,7.500000
1764424558.867519,1529124471005,7.500000,7.500000,7.500000,7.500000,7.500000,7.500000,7.500000,7.500000
1764424558.869928,1529126880162,7.500000,7.500000,7.500000,7.500000,7.500000,7.500000,7.500000,7.500000
1764424558.872327,1529129278528,7.500000,7.500000,7.500000,7.500000,7.500000,7.500000,7.500000,7.500000
1764424558.874729,1529131680977,7.500000,7.500000,7.500000,7.500000,7.500000,7.500000,7.500000,7.500000
1764424558.877130,1529134081384,7.500000,7.500000,7.500000,7.500000,7.500000,7.500000,7.500000,7.500000
1764424558.879541,1529136492875,7.500000,7.500000,7.500000,7.500000,7.500000,7.500000,7.500000,7.500000
1764424558.881946,1529138897657,7.500000,7.500000,7.500000,7.500000,7.500000,7.500000,7.500000,7.500000
1764424558.884348,1529141299232,7.500000,7.500000,7.500000,7.500000,7.500000,7.500000,7.500000,7.500000
1764424558.886746,1529143697889,7.500000,7.500000,7.500000,7.500000,7.500000,7.500000,7.500000,7.500000
1764424558.889142,1529146093338,7.500000,7.500000,7.500000,7.500000,7.500000,7.500000,7.500000,7.500000
1764424558.891547,1529148498704,7.500000,7.500000,7.500000,7.500000,7.500000,7.500000,7.500000,7.500000
1764424558.893946,1529150897653,7.500000,7.500000,7.500000,7.500000,7.500000,7.500000,7.500000,7.500000
1764424558.896356,1529153307686,7.500000,7.500000,7.500000,7.500000,7.500000,7.500000,7.500000,7.500000
1764424558.898750,1529155701968,7.500000,7.500000,7.500000,7.500000,7.500000,7.500000,7.500000,7.500000
1764424558.901150,1529158101500,7.500000,7.500000,7.500000,7.500000,7.500000,7.500000,7.500000,7.500000
1764424558.903556,1529160507450,7.500000,7.500000,7.500000,7.500000,7.500000,7.500000,7.500000,7.500000
1764424558.905952,1529162903774,7.500000,7.500000,7.500000,7.500000,7.500000,7.500000,7.500000,7.500000
1764424558.908350,1529165302139,7.500000,7.500000,7.500000,7.500000,7.500000,7.500000,7.500000,7.500000
1764424558.910748,1529167699922,7.500000,7.500000,7.500000,7.500000,7.500000,7.500000,7.500000,7.500000
1764424558.913159,1529170110246,7.500000,7.500000,7.500000,7.500000,7.500000,7.500000,7.500000,7.500000
1764424558.915555,1529172507153,7.500000,7.500000,7.500000,7.500000,7.500000,7.500000,7.500000,7.500000
1764424558.917953,1529174904936,7.500000,7.500000,7.500000,7.500000,7.500000,7.500000,7.500000,7.500000
1764424558.920351,1529177303010,7.500000,7.500000,7.500000,7.500000,7.500000,7.500000,7.500000,7.500000
1764424558.923153,1529180105041,7.500000,7.500000,7.500000,7.500000,7.500000,7.500000,7.500000,7.500000
1764424558.925827,1529182779031,7.500000,7.500000,7.500000,7.500000,7.500000,7.500000,7.500000,7.500000
1764424558.927184,1529184135859,7.500000,7.500000,7.500000,7.500000,7.500000,7.500000,7.500000,7.500000
1764424558.929593,1529186544433,7.500000,7.500000,7.500000,7.500000,7.500000,7.500000,7.500000,7.500000
1764424558.932007,1529188958257,7.500000,7.500000,7.500000,7.500000,7.500000,7.500000,7.500000,7.500000
1764424558.934438,1529191389873,7.500000,7.500000,7.500000,7.500000,7.500000,7.500000,7.500000,7.500000
1764424558.936844,1529193795530,7.500000,7.500000,7.500000,7.500000,7.500000,7.500000,7.500000,7.500000
1764424558.939243,1529196194188,7.500000,7.500000,7.500000,7.500000,7.500000,7.500000,7.500000,7.500000
1764424558.941641,1529198592553,7.500000,7.500000,7.500000,7.500000,7.500000,7.500000,7.500000,7.500000
1764424558.944041,1529200992377,7.500000,7.500000,7.500000,7.500000,7.500000,7.500000,7.500000,7.500000
1764424558.946206,1529203157411,7.500000,7.500000,7.500000,7.500000,7.500000,7.500000,7.500000,7.500000
1764424558.948599,1529205550527,7.500000,7.500000,7.500000,7.500000,7.500000,7.500000,7.500000,7.500000
1764424558.950998,1529207949767,7.500000,7.500000,7.500000,7.500000,7.500000,7.500000,7.500000,7.500000
1764424558.953398,1529210349300,7.500000,7.500000,7.500000,7.500000,7.500000,7.500000,7.500000,7.500000
1764424558.955804,1529212755249,7.500000,7.500000,7.500000,7.500000,7.500000,7.500000,7.500000,7.500000
1764424558.958202,1529215153031,7.500000,7.500000,7.500000,7.500000,7.500000,7.500000,7.500000,7.500000
1764424558.960601,1529217552856,7.500000,7.500000,7.500000,7.500000,7.500000,7.500000,7.500000,7.500000
1764424558.963013,1529219964930,7.500000,7.500000,7.500000,7.500000,7.500000,7.500000,7.500000,7.500000
1764424558.965410,1529222361254,7.500000,7.500000,7.500000,7.500000,7.500000,7.500000,7.500000,7.500000
1764424558.967808,1529224759620,7.500000,7.500000,7.500000,7.500000,7.500000,7.500000,7.500000,7.500000
1764424558.970206,1529227157110,7.500000,7.500000,7.500000,7.500000,7.500000,7.500000,7.500000,7.500000
1764424558.972601,1529229552851,7.500000,7.500000,7.500000,7.500000,7.500000,7.500000,7.500000,7.500000
1764424558.975000,1529231952092,7.500000,7.500000,7.500000,7.500000,7.500000,7.500000,7.500000,7.500000
1764424558.977405,1529234356874,7.500000,7.500000,7.500000,7.500000,7.500000,7.500000,7.500000,7.500000
1764424558.979817,1529236768949,7.500000,7.500000,7.500000,7.500000,7.500000,7.500000,7.500000,7.500000
1764424558.982207,1529239158273,7.500000,7.500000,7.500000,7.500000,7.500000,7.500000,7.500000,7.500000
1764424558.984605,1529241556638,7.500000,7.500000,7.500000,7.500000,7.500000,7.500000,7.500000,7.500000
1764424558.987004,1529243955588,7.500000,7.500000,7.500000,7.500000,7.500000,7.500000,7.500000,7.500000
1764424558.989401,1529246351912,7.500000,7.500000,7.500000,7.500000,7.500000,7.500000,7.500000,7.500000
1764424558.991799,1529248749986,7.500000,7.500000,7.500000,7.500000,7.500000,7.500000,7.500000,7.500000
1764424558.994203,1529251154477,7.500000,7.500000,7.500000,7.500000,7.500000,7.500000,7.500000,7.500000
1764424558.996604,1529253555759,7.500000,7.500000,7.500000,7.500000,7.500000,7.500000,7.500000,7.500000
1764424558.999002,1529255954125,7.500000,7.500000,7.500000,7.500000,7.500000,7.500000,7.500000,7.500000
1764424559.001401,1529258352782,7.500000,7.500000,7.500000,7.500000,7.500000,7.500000,7.500000,7.500000
1764424559.003800,1529260751731,7.500000,7.500000,7.500000,7.500000,7.500000,7.500000,7.500000,7.500000
1764424559.006196,1529263148056,7.500000,7.500000,7.500000,7.500000,7.500000,7.500000,7.500000,7.500000
1764424559.008603,1529265554880,7.500000,7.500000,7.500000,7.500000,7.500000,7.500000,7.500000,7.500000
1764424559.011002,1529267953537,7.500000,7.500000,7.500000,7.500000,7.500000,7.500000,7.500000,7.500000
1764424559.013402,1529270353945,7.500000,7.500000,7.500000,7.500000,7.500000,7.500000,7.500000,7.500000
1764424559.015800,1529272751144,7.500000,7.500000,7.500000,7.500000,7.500000,7.500000,7.500000,7.500000
1764424559.018205,1529275156801,7.500000,7.500000,7.500000,7.500000,7.500000,7.500000,7.500000,7.500000
1764424559.020604,1529277555750,7.500000,7.500000,7.500000,7.500000,7.500000,7.500000,7.500000,7.500000
1764424559.023015,1529279966658,7.500000,7.500000,7.500000,7.500000,7.500000,7.500000,7.500000,7.500000
1764424559.025405,1529282356274,7.500000,7.500000,7.500000,7.500000,7.500000,7.500000,7.500000,7.500000
1764424559.027803,1529284754931,7.500000,7.500000,7.500000,7.500000,7.500000,7.500000,7.500000,7.500000
1764424559.030208,1529287160005,7.500000,7.500000,7.500000,7.500000,7.500000,7.500000,7.500000,7.500000
1764424559.032605,1529289556913,7.500000,7.500000,7.500000,7.500000,7.500000,7.500000,7.500000,7.500000
1764424559.035003,1529291954987,7.500000,7.500000,7.500000,7.500000,7.500000,7.500000,7.500000,7.500000
1764424559.037401,1529294353061,7.500000,7.500000,7.500000,7.500000,7.500000,7.500000,7.500000,7.500000
1764424559.039823,1529296774468,7.500000,7.500000,7.500000,7.500000,7.500000,7.500000,7.500000,7.500000
1764424559.042222,1529299174001,7.500000,7.500000,7.500000,7.500000,7.500000,7.500000,7.500000,7.500000
1764424559.044640,1529301591908,7.500000,7.500000,7.500000,7.500000,7.500000,7.500000,7.500000,7.500000
1764424559.047041,1529303992316,7.500000,7.500000,7.500000,7.500000,7.500000,7.500000,7.500000,7.500000
1764424559.049435,1529306387181,7.500000,7.500000,7.500000,7.500000,7.500000,7.500000,7.500000,7.500000
1764424559.051840,1529308791964,7.500000,7.500000,7.500000,7.500000,7.500000,7.500000,7.500000,7.500000
1764424559.054220,1529311171663,7.500000,7.500000,7.500000,7.500000,7.500000,7.500000,7.500000,7.500000
1764424559.056619,1529313570904,7.500000,7.500000,7.500000,7.500000,7.500000,7.500000,7.500000,7.500000
1764424559.059019,1529315970145,7.500000,7.500000,7.500000,7.500000,7.500000,7.500000,7.500000,7.500000
1764424559.061424,1529318375219,7.500000,7.500000,7.500000,7.500000,7.500000,7.500000,7.500000,7.500000
1764424559.063822,1529320773584,7.500000,7.500000,7.500000,7.500000,7.500000,7.500000,7.500000,7.500000
1764424559.066218,1529323169325,7.500000,7.500000,7.500000,7.500000,7.500000,7.500000,7.500000,7.500000
1764424559.068623,1529325574691,7.500000,7.500000,7.500000,7.500000,7.500000,7.500000,7.500000,7.500000
1764424559.071021,1529327973057,7.500000,7.500000,7.500000,7.500000,7.500000,7.500000,7.500000,7.500000
1764424559.073427,1529330378131,7.500000,7.500000,7.500000,7.500000,7.500000,7.500000,7.500000,7.500000
1764424559.075825,1529332777080,7.500000,7.500000,7.500000,7.500000,7.500000,7.500000,7.500000,7.500000
1764424559.078222,1529335173696,7.500000,7.500000,7.500000,7.500000,7.500000,7.500000,7.500000,7.500000
1764424559.080622,1529337573520,7.500000,7.500000,7.500000,7.500000,7.500000,7.500000,7.500000,7.500000
1764424559.083039,1529339990844,7.500000,7.500000,7.500000,7.500000,7.500000,7.500000,7.500000,7.500000
1764424559.085428,1529342379877,7.500000,7.500000,7.500000,7.500000,7.500000,7.500000,7.500000,7.500000
1764424559.087825,1529344776784,7.500000,7.500000,7.500000,7.500000,7.500000,7.500000,7.500000,7.500000
1764424559.090223,1529347174275,7.500000,7.500000,7.500000,7.500000,7.500000,7.500000,7.500000,7.500000
1764424559.092618,1529349570016,7.500000,7.500000,7.500000,7.500000,7.500000,7.500000,7.500000,7.500000
1764424559.095025,1529351976548,7.500000,7.500000,7.500000,7.500000,7.500000,7.500000,7.500000,7.500000
1764424559.097424,1529354375497,7.500000,7.500000,7.500000,7.500000,7.500000,7.500000,7.500000,7.500000
1764424559.099823,1529356774446,7.500000,7.500000,7.500000,7.500000,7.500000,7.500000,7.500000,7.500000
1764424559.102219,1529359170479,7.500000,7.500000,7.500000,7.500000,7.500000,7.500000,7.500000,7.500000
1764424559.104624,1529361575845,7.500000,7.500000,7.500000,7.500000,7.500000,7.500000,7.500000,7.500000
1764424559.107024,1529363975377,7.500000,7.500000,7.500000,7.500000,7.500000,7.500000,7.500000,7.500000
1764424559.109420,1529366371409,7.500000,7.500000,7.500000,7.500000,7.500000,7.500000,7.500000,7.500000
1764424559.111932,1529368883525,7.500000,7.500000,7.500000,7.500000,7.500000,7.500000,7.500000,7.500000
1764424559.114336,1529371288016,7.500000,7.500000,7.500000,7.500000,7.500000,7.500000,7.500000,7.500000
1764424559.116744,1529373695715,7.500000,7.500000,7.500000,7.500000,7.500000,7.500000,7.500000,7.500000
1764424559.119141,1529376092330,7.500000,7.500000,7.500000,7.500000,7.500000,7.500000,7.500000,7.500000
1764424559.121541,1529378492155,7.500000,7.500000,7.500000,7.500000,7.500000,7.500000,7.500000,7.500000
1764424559.123938,1529380889937,7.500000,7.500000,7.500000,7.500000,7.500000,7.500000,7.500000,7.500000
1764424559.126354,1529383304928,7.500000,7.500000,7.500000,7.500000,7.500000,7.500000,7.500000,7.500000
1764424559.128744,1529385696002,7.500000,7.500000,7.500000,7.500000,7.500000,7.500000,7.500000,7.500000
1764424559.131145,1529388096701,7.500000,7.500000,7.500000,7.500000,7.500000,7.500000,7.500000,7.500000
1764424559.133543,1529390495067,7.500000,7.500000,7.500000,7.500000,7.500000,7.500000,7.500000,7.500000
1764424559.135940,1529392891974,7.500000,7.500000,7.500000,7.500000,7.500000,7.500000,7.500000,7.500000
1764424559.138338,1529395289465,7.500000,7.500000,7.500000,7.500000,7.500000,7.500000,7.500000,7.500000
1764424559.140738,1529397689581,7.500000,7.500000,7.500000,7.500000,7.500000,7.500000,7.500000,7.500000
1764424559.143149,1529400100780,7.500000,7.500000,7.500000,7.500000,7.500000,7.500000,7.500000,7.500000
1764424559.145540,1529402491854,7.500000,7.500000,7.500000,7.500000,7.500000,7.500000,7.500000,7.500000
1764424559.147947,1529404898678,7.500000,7.500000,7.500000,7.500000,7.500000,7.500000,7.500000,7.500000
1764424559.150344,1529407295586,7.500000,7.500000,7.500000,7.500000,7.500000,7.500000,7.500000,7.500000
1764424559.152740,1529409691618,7.500000,7.500000,7.500000,7.500000,7.500000,7.500000,7.500000,7.500000
1764424559.155138,1529412089692,7.500000,7.500000,7.500000,7.500000,7.500000,7.500000,7.500000,7.500000
1764424559.157542,1529414493600,7.500000,7.500000,7.500000,7.500000,7.500000,7.500000,7.500000,7.500000
1764424559.159941,1529416892841,7.500000,7.500000,7.500000,7.500000,7.500000,7.500000,7.500000,7.500000
1764424559.162338,1529419289165,7.500000,7.500000,7.500000,7.500000,7.500000,7.500000,7.500000,7.500000
1764424559.164733,1529421684030,7.500000,7.500000,7.500000,7.500000,7.500000,7.500000,7.500000,7.500000
1764424559.167130,1529424081230,7.500000,7.500000,7.500000,7.500000,7.500000,7.500000,7.500000,7.500000
1764424559.169534,1529426485137,7.500000,7.500000,7.500000,7.500000,7.500000,7.500000,7.500000,7.500000
1764424559.171931,1529428882336,7.500000,7.500000,7.500000,7.500000,7.500000,7.500000,7.500000,7.500000
1764424559.174330,1529431281869,7.500000,7.500000,7.500000,7.500000,7.500000,7.500000,7.500000,7.500000
1764424559.176726,1529433677901,7.500000,7.500000,7.500000,7.500000,7.500000,7.500000,7.500000,7.500000
1764424559.179364,1529436315724,7.500000,7.500000,7.500000,7.500000,7.500000,7.500000,7.500000,7.500000
1764424559.181808,1529438759298,7.500000,7.500000,7.500000,7.500000,7.500000,7.500000,7.500000,7.500000
1764424559.184413,1529441364455,7.500000,7.500000,7.500000,7.500000,7.500000,7.500000,7.500000,7.500000
1764424559.186868,1529443819404,7.500000,7.500000,7.500000,7.500000,7.500000,7.500000,7.500000,7.500000
1764424559.189317,1529446268811,7.500000,7.500000,7.500000,7.500000,7.500000,7.500000,7.500000,7.500000
1764424559.191778,1529448729593,7.500000,7.500000,7.500000,7.500000,7.500000,7.500000,7.500000,7.500000
1764424559.194182,1529451133792,7.500000,7.500000,7.500000,7.500000,7.500000,7.500000,7.500000,7.500000
1764424559.196575,1529453526033,7.500000,7.500000,7.500000,7.500000,7.500000,7.500000,7.500000,7.500000
1764424559.198964,1529455915066,7.500000,7.500000,7.500000,7.500000,7.500000,7.500000,7.500000,7.500000
1764424559.201359,1529458310515,7.500000,7.500000,7.500000,7.500000,7.500000,7.500000,7.500000,7.500000
1764424559.203750,1529460701881,7.500000,7.500000,7.500000,7.500000,7.500000,7.500000,7.500000,7.500000
1764424559.206138,1529463089747,7.500000,7.500000,7.500000,7.500000,7.500000,7.500000,7.500000,7.500000
1764424559.208527,1529465479071,7.500000,7.500000,7.500000,7.500000,7.500000,7.500000,7.500000,7.500000
1764424559.211040,1529467991769,7.500000,7.500000,7.500000,7.500000,7.500000,7.500000,7.500000,7.500000
1764424559.213508,1529470459843,7.500000,7.500000,7.500000,7.500000,7.500000,7.500000,7.500000,7.500000
1764424559.215981,1529472932584,7.500000,7.500000,7.500000,7.500000,7.500000,7.500000,7.500000,7.500000
1764424559.218356,1529475307908,7.500000,7.500000,7.500000,7.500000,7.500000,7.500000,7.500000,7.500000
1764424559.220820,1529477771899,7.500000,7.500000,7.500000,7.500000,7.500000,7.500000,7.500000,7.500000
1764424559.223204,1529480155389,7.500000,7.500000,7.500000,7.500000,7.500000,7.500000,7.500000,7.500000
1764424559.225737,1529482688505,7.500000,7.500000,7.500000,7.500000,7.500000,7.500000,7.500000,7.500000
1764424559.228148,1529485099704,7.500000,7.500000,7.500000,7.500000,7.500000,7.500000,7.500000,7.500000
1764424559.230539,1529487490778,7.500000,7.500000,7.500000,7.500000,7.500000,7.500000,7.500000,7.500000
1764424559.232942,1529489893519,7.500000,7.500000,7.500000,7.500000,7.500000,7.500000,7.500000,7.500000
1764424559.235347,1529492298884,7.500000,7.500000,7.500000,7.500000,7.500000,7.500000,7.500000,7.500000
1764424559.237739,1529494690834,7.500000,7.500000,7.500000,7.500000,7.500000,7.500000,7.500000,7.500000
1764424559.240129,1529497081324,7.500000,7.500000,7.500000,7.500000,7.500000,7.500000,7.500000,7.500000
1764424559.242517,1529499469190,7.500000,7.500000,7.500000,7.500000,7.500000,7.500000,7.500000,7.500000
1764424559.244918,1529501869598,7.500000,7.500000,7.500000,7.500000,7.500000,7.500000,7.500000,7.500000
1764424559.247309,1529504260089,7.500000,7.500000,7.500000,7.500000,7.500000,7.500000,7.500000,7.500000
1764424559.249705,1529506656704,7.500000,7.500000,7.500000,7.500000,7.500000,7.500000,7.500000,7.500000
1764424559.252094,1529509045737,7.500000,7.500000,7.500000,7.500000,7.500000,7.500000,7.500000,7.500000
1764424559.254483,1529511434769,7.500000,7.500000,7.500000,7.500000,7.500000,7.500000,7.500000,7.500000
1764424559.256880,1529513831968,7.500000,7.500000,7.500000,7.500000,7.500000,7.500000,7.500000,7.500000
1764424559.259268,1529516219834,7.500000,7.500000,7.500000,7.500000,7.500000,7.500000,7.500000,7.500000
1764424559.261657,1529518608283,7.500000,7.500000,7.500000,7.500000,7.500000,7.500000,7.500000,7.500000
1764424559.264046,1529520997608,7.500000,7.500000,7.500000,7.500000,7.500000,7.500000,7.500000,7.500000
1764424559.266447,1529523398598,7.500000,7.500000,7.500000,7.500000,7.500000,7.500000,7.500000,7.500000
1764424559.268836,1529525787631,7.500000,7.500000,7.500000,7.500000,7.500000,7.500000,7.500000,7.500000
1764424559.271225,1529528176663,7.500000,7.500000,7.500000,7.500000,7.500000,7.500000,7.500000,7.500000
1764424559.273615,1529530566279,7.500000,7.500000,7.500000,7.500000,7.500000,7.500000,7.500000,7.500000
1764424559.276004,1529532955020,7.500000,7.500000,7.500000,7.500000,7.500000,7.500000,7.500000,7.500000
1764424559.278399,1529535350761,7.500000,7.500000,7.500000,7.500000,7.500000,7.500000,7.500000,7.500000
1764424559.280789,1529537740377,7.500000,7.500000,7.500000,7.500000,7.500000,7.500000,7.500000,7.500000
1764424559.283159,1529540110451,7.500000,7.500000,7.500000,7.500000,7.500000,7.500000,7.500000,7.500000
1764424559.285546,1529542497442,7.500000,7.500000,7.500000,7.500000,7.500000,7.500000,7.500000,7.500000
1764424559.287942,1529544893766,7.500000,7.500000,7.500000,7.500000,7.500000,7.500000,7.500000,7.500000
1764424559.290358,1529547309048,7.500000,7.500000,7.500000,7.500000,7.500000,7.500000,7.500000,7.500000
1764424559.292756,1529549707997,7.500000,7.500000,7.500000,7.500000,7.500000,7.500000,7.500000,7.500000
1764424559.295145,1529552096738,7.500000,7.500000,7.500000,7.500000,7.500000,7.500000,7.500000,7.500000
1764424559.297534,1529554485479,7.500000,7.500000,7.500000,7.500000,7.500000,7.500000,7.500000,7.500000
1764424559.299933,1529556884428,7.500000,7.500000,7.500000,7.500000,7.500000,7.500000,7.500000,7.500000
1764424559.302431,1529559382544,7.500000,7.500000,7.500000,7.500000,7.500000,7.500000,7.500000,7.500000
1764424559.304824,1529561775659,7.500000,7.500000,7.500000,7.500000,7.500000,7.500000,7.500000,7.500000
1764424559.307216,1529564167025,7.500000,7.500000,7.500000,7.500000,7.500000,7.500000,7.500000,7.500000
1764424559.309620,1529566571224,7.500000,7.500000,7.500000,7.500000,7.500000,7.500000,7.500000,7.500000
1764424559.312008,1529568960257,7.500000,7.500000,7.500000,7.500000,7.500000,7.500000,7.500000,7.500000
1764424559.314397,1529571348414,7.500000,7.500000,7.500000,7.500000,7.500000,7.500000,7.500000,7.500000
1764424559.316787,1529573738614,7.500000,7.500000,7.500000,7.500000,7.500000,7.500000,7.500000,7.500000
1764424559.319174,1529576125896,7.500000,7.500000,7.500000,7.500000,7.500000,7.500000,7.500000,7.500000
1764424559.321563,1529578514929,7.500000,7.500000,7.500000,7.500000,7.500000,7.500000,7.500000,7.500000
1764424559.323957,1529580908336,7.500000,7.500000,7.500000,7.500000,7.500000,7.500000,7.500000,7.500000
1764424559.326352,1529583303785,7.500000,7.500000,7.500000,7.500000,7.500000,7.500000,7.500000,7.500000
1764424559.328741,1529585691943,7.500000,7.500000,7.500000,7.500000,7.500000,7.500000,7.500000,7.500000
1764424559.331138,1529588089433,7.500000,7.500000,7.500000,7.500000,7.500000,7.500000,7.500000,7.500000
1764424559.333529,1529590480508,7.500000,7.500000,7.500000,7.500000,7.500000,7.500000,7.500000,7.500000
1764424559.335917,1529592868373,7.500000,7.500000,7.500000,7.500000,7.500000,7.500000,7.500000,7.500000
1764424559.338307,1529595258281,7.500000,7.500000,7.500000,7.500000,7.500000,7.500000,7.500000,7.500000
1764424559.340704,1529597656063,7.500000,7.500000,7.500000,7.500000,7.500000,7.500000,7.500000,7.500000
1764424559.343101,1529600052096,7.500000,7.500000,7.500000,7.500000,7.500000,7.500000,7.500000,7.500000
1764424559.345490,1529602441128,7.500000,7.500000,7.500000,7.500000,7.500000,7.500000,7.500000,7.500000
1764424559.347879,1529604830453,7.500000,7.500000,7.500000,7.500000,7.500000,7.500000,7.500000,7.500000
1764424559.350269,1529607220652,7.500000,7.500000,7.500000,7.500000,7.500000,7.500000,7.500000,7.500000
1764424559.352665,1529609616393,7.500000,7.500000,7.500000,7.500000,7.500000,7.500000,7.500000,7.500000
1764424559.355054,1529612005717,7.500000,7.500000,7.500000,7.500000,7.500000,7.500000,7.500000,7.500000
1764424559.357445,1529614396499,7.500000,7.500000,7.500000,7.500000,7.500000,7.500000,7.500000,7.500000
1764424559.359826,1529616777365,7.500000,7.500000,7.500000,7.500000,7.500000,7.500000,7.500000,7.500000
1764424559.362219,1529619170773,7.500000,7.500000,7.500000,7.500000,7.500000,7.500000,7.500000,7.500000
1764424559.364609,1529621560972,7.500000,7.500000,7.500000,7.500000,7.500000,7.500000,7.500000,7.500000
1764424559.366998,1529623949421,7.500000,7.500000,7.500000,7.500000,7.500000,7.500000,7.500000,7.500000
1764424559.369386,1529626337578,7.500000,7.500000,7.500000,7.500000,7.500000,7.500000,7.500000,7.500000
1764424559.371776,1529628727194,7.500000,7.500000,7.500000,7.500000,7.500000,7.500000,7.500000,7.500000
1764424559.374171,1529631122643,7.500000,7.500000,7.500000,7.500000,7.500000,7.500000,7.500000,7.500000
1764424559.376561,1529633512259,7.500000,7.500000,7.500000,7.500000,7.500000,7.500000,7.500000,7.500000
1764424559.378949,1529635900417,7.500000,7.500000,7.500000,7.500000,7.500000,7.500000,7.500000,7.500000
1764424559.381338,1529638289157,7.500000,7.500000,7.500000,7.500000,7.500000,7.500000,7.500000,7.500000
1764424559.383733,1529640684607,7.500000,7.500000,7.500000,7.500000,7.500000,7.500000,7.500000,7.500000
1764424559.386121,1529643072764,7.500000,7.500000,7.500000,7.500000,7.500000,7.500000,7.500000,7.500000
1764424559.388516,1529645467338,7.500000,7.500000,7.500000,7.500000,7.500000,7.500000,7.500000,7.500000
1764424559.390886,1529647837996,7.500000,7.500000,7.500000,7.500000,7.500000,7.500000,7.500000,7.500000
1764424559.393278,1529650230237,7.500000,7.500000,7.500000,7.500000,7.500000,7.500000,7.500000,7.500000
1764424559.395673,1529652624811,7.500000,7.500000,7.500000,7.500000,7.500000,7.500000,7.500000,7.500000
1764424559.398064,1529655015010,7.500000,7.500000,7.500000,7.500000,7.500000,7.500000,7.500000,7.500000
1764424559.400453,1529657404626,7.500000,7.500000,7.500000,7.500000,7.500000,7.500000,7.500000,7.500000
1764424559.402842,1529659793950,7.500000,7.500000,7.500000,7.500000,7.500000,7.500000,7.500000,7.500000
1764424559.405240,1529662191732,7.500000,7.500000,7.500000,7.500000,7.500000,7.500000,7.500000,7.500000
1764424559.407631,1529664582807,7.500000,7.500000,7.500000,7.500000,7.500000,7.500000,7.500000,7.500000
1764424559.410021,1529666972714,7.500000,7.500000,7.500000,7.500000,7.500000,7.500000,7.500000,7.500000
1764424559.412409,1529669359997,7.500000,7.500000,7.500000,7.500000,7.500000,7.500000,7.500000,7.500000
1764424559.414798,1529671749904,7.500000,7.500000,7.500000,7.500000,7.500000,7.500000,7.500000,7.500000
1764424559.417195,1529674146520,7.500000,7.500000,7.500000,7.500000,7.500000,7.500000,7.500000,7.500000
1764424559.419590,1529676541677,7.500000,7.500000,7.500000,7.500000,7.500000,7.500000,7.500000,7.500000
1764424559.421978,1529678929251,7.500000,7.500000,7.500000,7.500000,7.500000,7.500000,7.500000,7.500000
1764424559.424367,1529681318576,7.500000,7.500000,7.500000,7.500000,7.500000,7.500000,7.500000,7.500000
1764424559.426764,1529683715483,7.500000,7.500000,7.500000,7.500000,7.500000,7.500000,7.500000,7.500000
1764424559.429152,1529686103057,7.500000,7.500000,7.500000,7.500000,7.500000,7.500000,7.500000,7.500000
1764424559.431543,1529688494423,7.500000,7.500000,7.500000,7.500000,7.500000,7.500000,7.500000,7.500000
1764424559.433935,1529690886956,7.500000,7.500000,7.500000,7.500000,7.500000,7.500000,7.500000,7.500000
1764424559.436329,1529693280946,7.500000,7.500000,7.500000,7.500000,7.500000,7.500000,7.500000,7.500000
1764424559.438725,1529695676979,7.500000,7.500000,7.500000,7.500000,7.500000,7.500000,7.500000,7.500000
1764424559.441115,1529698066886,7.500000,7.500000,7.500000,7.500000,7.500000,7.500000,7.500000,7.500000
1764424559.443506,1529700457961,7.500000,7.500000,7.500000,7.500000,7.500000,7.500000,7.500000,7.500000
1764424559.445894,1529702845826,7.500000,7.500000,7.500000,7.500000,7.500000,7.500000,7.500000,7.500000
1764424559.448292,1529705243901,7.500000,7.500000,7.500000,7.500000,7.500000,7.500000,7.500000,7.500000
1764424559.450684,1529707635266,7.500000,7.500000,7.500000,7.500000,7.500000,7.500000,7.500000,7.500000
1764424559.453080,1529710031590,7.500000,7.500000,7.500000,7.500000,7.500000,7.500000,7.500000,7.500000
1764424559.455469,1529712420623,7.500000,7.500000,7.500000,7.500000,7.500000,7.500000,7.500000,7.500000
1764424559.457860,1529714811989,7.500000,7.500000,7.500000,7.500000,7.500000,7.500000,7.500000,7.500000
1764424559.460259,1529717210938,7.500000,7.500000,7.500000,7.500000,7.500000,7.500000,7.500000,7.500000
1764424559.462648,1529719599095,7.500000,7.500000,7.500000,7.500000,7.500000,7.500000,7.500000,7.500000
1764424559.465039,1529721990461,7.500000,7.500000,7.500000,7.500000,7.500000,7.500000,7.500000,7.500000
1764424559.467430,1529724381244,7.500000,7.500000,7.500000,7.500000,7.500000,7.500000,7.500000,7.500000
1764424559.469830,1529726781943,7.500000,7.500000,7.500000,7.500000,7.500000,7.500000,7.500000,7.500000
1764424559.472220,1529729171559,7.500000,7.500000,7.500000,7.500000,7.500000,7.500000,7.500000,7.500000
1764424559.474611,1529731562341,7.500000,7.500000,7.500000,7.500000,7.500000,7.500000,7.500000,7.500000
1764424559.477003,1529733954582,7.500000,7.500000,7.500000,7.500000,7.500000,7.500000,7.500000,7.500000
1764424559.479393,1529736343906,7.500000,7.500000,7.500000,7.500000,7.500000,7.500000,7.500000,7.500000
1764424559.481784,1529738734980,7.500000,7.500000,7.500000,7.500000,7.500000,7.500000,7.500000,7.500000
1764424559.484176,1529741126929,7.500000,7.500000,7.500000,7.500000,7.500000,7.500000,7.500000,7.500000
1764424559.486567,1529743518587,7.500000,7.500000,7.500000,7.500000,7.500000,7.500000,7.500000,7.500000
1764424559.488955,1529745906453,7.500000,7.500000,7.500000,7.500000,7.500000,7.500000,7.500000,7.500000
1764424559.491414,1529748365485,7.500000,7.500000,7.500000,7.500000,7.500000,7.500000,7.500000,7.500000
1764424559.493808,1529750758892,7.500000,7.500000,7.500000,7.500000,7.500000,7.500000,7.500000,7.500000
1764424559.496197,1529753148217,7.500000,7.500000,7.500000,7.500000,7.500000,7.500000,7.500000,7.500000
1764424559.498587,1529755538124,7.500000,7.500000,7.500000,7.500000,7.500000,7.500000,7.500000,7.500000
1764424559.500985,1529757936782,7.500000,7.500000,7.500000,7.500000,7.500000,7.500000,7.500000,7.500000
1764424559.503378,1529760329022,7.500000,7.500000,7.500000,7.500000,7.500000,7.500000,7.500000,7.500000
1764424559.505767,1529762718930,7.500000,7.500000,7.500000,7.500000,7.500000,7.500000,7.500000,7.500000
1764424559.508158,1529765109712,7.500000,7.500000,7.500000,7.500000,7.500000,7.500000,7.500000,7.500000
1764424559.510549,1529767500203,7.500000,7.500000,7.500000,7.500000,7.500000,7.500000,7.500000,7.500000
1764424559.512959,1529769910819,7.500000,7.500000,7.500000,7.500000,7.500000,7.500000,7.500000,7.500000
1764424559.515349,1529772300435,7.500000,7.500000,7.500000,7.500000,7.500000,7.500000,7.500000,7.500000
1764424559.517740,1529774691509,7.500000,7.500000,7.500000,7.500000,7.500000,7.500000,7.500000,7.500000
1764424559.520132,1529777083458,7.500000,7.500000,7.500000,7.500000,7.500000,7.500000,7.500000,7.500000
1764424559.522527,1529779478324,7.500000,7.500000,7.500000,7.500000,7.500000,7.500000,7.500000,7.500000
1764424559.524918,1529781869690,7.500000,7.500000,7.500000,7.500000,7.500000,7.500000,7.500000,7.500000
1764424559.527309,1529784260472,7.500000,7.500000,7.500000,7.500000,7.500000,7.500000,7.500000,7.500000
1764424559.529705,1529786656505,7.500000,7.500000,7.500000,7.500000,7.500000,7.500000,7.500000,7.500000
1764424559.532094,1529789045537,7.500000,7.500000,7.500000,7.500000,7.500000,7.500000,7.500000,7.500000
1764424559.534485,1529791436320,7.500000,7.500000,7.500000,7.500000,7.500000,7.500000,7.500000,7.500000
1764424559.536876,1529793828269,7.500000,7.500000,7.500000,7.500000,7.500000,7.500000,7.500000,7.500000
1764424559.539265,1529796217010,7.500000,7.500000,7.500000,7.500000,7.500000,7.500000,7.500000,7.500000
1764424559.541656,1529798608376,7.500000,7.500000,7.500000,7.500000,7.500000,7.500000,7.500000,7.500000
1764424559.544055,1529801006741,7.500000,7.500000,7.500000,7.500000,7.500000,7.500000,7.500000,7.500000
1764424559.546452,1529803402774,7.500000,7.500000,7.500000,7.500000,7.500000,7.500000,7.500000,7.500000
1764424559.548841,1529805792681,7.500000,7.500000,7.500000,7.500000,7.500000,7.500000,7.500000,7.500000
1764424559.551231,1529808182880,7.500000,7.500000,7.500000,7.500000,7.500000,7.500000,7.500000,7.500000
1764424559.553656,1529810606913,7.500000,7.500000,7.500000,7.500000,7.500000,7.500000,7.500000,7.500000
1764424559.556065,1529813016070,7.500000,7.500000,7.500000,7.500000,7.500000,7.500000,7.500000,7.500000
1764424561.878932,1532135883363,7.500000,7.500000,7.500000,7.500000,7.500000,7.500000,7.500000,7.500000
1764424561.881412,1532138363687,7.500000,7.500000,7.500000,7.500000,7.500000,7.500000,7.500000,7.500000
1764424561.884219,1532141170968,7.500000,7.500000,7.500000,7.500000,7.500000,7.500000,7.500000,7.500000
1764424561.887135,1532144086457,7.500000,7.500000,7.500000,7.500000,7.500000,7.500000,7.500000,7.500000
1764424561.888518,1532145469243,7.500000,7.500000,7.500000,7.500000,7.500000,7.500000,7.500000,7.500000
1764424561.890998,1532147949859,7.500000,7.500000,7.500000,7.500000,7.500000,7.500000,7.500000,7.500000
1764424561.893686,1532150637432,7.500000,7.500000,7.500000,7.500000,7.500000,7.500000,7.500000,7.500000
1764424561.896221,1532153172380,7.500000,7.500000,7.500000,7.500000,7.500000,7.500000,7.500000,7.500000
1764424561.898631,1532155582121,7.500000,7.500000,7.500000,7.500000,7.500000,7.500000,7.500000,7.500000
1764424561.901023,1532157974654,7.500000,7.500000,7.500000,7.500000,7.500000,7.500000,7.500000,7.500000
1764424561.903414,1532160365436,7.500000,7.500000,7.500000,7.500000,7.500000,7.500000,7.500000,7.500000
1764424561.905803,1532162754469,7.500000,7.500000,7.500000,7.500000,7.500000,7.500000,7.500000,7.500000
1764424561.908192,1532165143793,7.500000,7.500000,7.500000,7.500000,7.500000,7.500000,7.500000,7.500000
1764424561.910625,1532167575992,7.500000,7.500000,7.500000,7.500000,7.500000,7.500000,7.500000,7.500000
1764424561.913147,1532170098607,7.500000,7.500000,7.500000,7.500000,7.500000,7.500000,7.500000,7.500000
1764424561.915636,1532172587972,7.500000,7.500000,7.500000,7.500000,7.500000,7.500000,7.500000,7.500000
1764424561.918129,1532175081130,7.500000,7.500000,7.500000,7.500000,7.500000,7.500000,7.500000,7.500000
1764424561.920620,1532177571953,7.500000,7.500000,7.500000,7.500000,7.500000,7.500000,7.500000,7.500000
1764424561.923297,1532180248860,7.500000,7.500000,7.500000,7.500000,7.500000,7.500000,7.500000,7.500000
1764424561.925598,1532182549518,7.500000,7.500000,7.500000,7.500000,7.500000,7.500000,7.500000,7.500000
1764424561.927140,1532184092137,7.500000,7.500000,7.500000,7.500000,7.500000,7.500000,7.500000,7.500000
1764424561.929662,1532186613585,7.500000,7.500000,7.500000,7.500000,7.500000,7.500000,7.500000,7.500000
1764424561.932161,1532189112576,7.500000,7.500000,7.500000,7.500000,7.500000,7.500000,7.500000,7.500000
1764424561.934657,1532191608649,7.500000,7.500000,7.500000,7.500000,7.500000,7.500000,7.500000,7.500000
1764424561.937125,1532194076932,7.500000,7.500000,7.500000,7.500000,7.500000,7.500000,7.500000,7.500000
1764424561.939487,1532196438548,7.500000,7.500000,7.500000,7.500000,7.500000,7.500000,7.500000,7.500000
1764424561.941915,1532198866663,7.500000,7.500000,7.500000,7.500000,7.500000,7.500000,7.500000,7.500000
1764424561.944348,1532201299446,7.500000,7.500000,7.500000,7.500000,7.500000,7.500000,7.500000,7.500000
1764424561.946782,1532203733395,7.500000,7.500000,7.500000,7.500000,7.500000,7.500000,7.500000,7.500000
1764424561.949270,1532206221010,7.500000,7.500000,7.500000,7.500000,7.500000,7.500000,7.500000,7.500000
1764424561.951472,1532208423085,7.500000,7.500000,7.500000,7.500000,7.500000,7.500000,7.500000,7.500000
1764424561.953883,1532210834867,7.500000,7.500000,7.500000,7.500000,7.500000,7.500000,7.500000,7.500000
1764424561.956282,1532213233816,7.500000,7.500000,7.500000,7.500000,7.500000,7.500000,7.500000,7.500000
1764424561.958688,1532215639474,7.500000,7.500000,7.500000,7.500000,7.500000,7.500000,7.500000,7.500000
1764424561.961081,1532218032298,7.500000,7.500000,7.500000,7.500000,7.500000,7.500000,7.500000,7.500000
1764424561.963471,1532220422789,7.500000,7.500000,7.500000,7.500000,7.500000,7.500000,7.500000,7.500000
1764424561.965860,1532222810946,7.500000,7.500000,7.500000,7.500000,7.500000,7.500000,7.500000,7.500000
1764424561.968249,1532225200271,7.500000,7.500000,7.500000,7.500000,7.500000,7.500000,7.500000,7.500000
1764424561.970648,1532227599511,7.500000,7.500000,7.500000,7.500000,7.500000,7.500000,7.500000,7.500000
1764424561.973045,1532229997002,7.500000,7.500000,7.500000,7.500000,7.500000,7.500000,7.500000,7.500000
1764424561.975434,1532232385451,7.500000,7.500000,7.500000,7.500000,7.500000,7.500000,7.500000,7.500000
1764424561.977825,1532234776525,7.500000,7.500000,7.500000,7.500000,7.500000,7.500000,7.500000,7.500000
1764424561.980223,1532237174600,7.500000,7.500000,7.500000,7.500000,7.500000,7.500000,7.500000,7.500000
1764424561.982611,1532239563049,7.500000,7.500000,7.500000,7.500000,7.500000,7.500000,7.500000,7.500000
1764424561.985001,1532241952373,7.500000,7.500000,7.500000,7.500000,7.500000,7.500000,7.500000,7.500000
1764424561.987392,1532244343447,7.500000,7.500000,7.500000,7.500000,7.500000,7.500000,7.500000,7.500000
1764424561.989787,1532246738021,7.500000,7.500000,7.500000,7.500000,7.500000,7.500000,7.500000,7.500000
1764424561.992198,1532249149804,7.500000,7.500000,7.500000,7.500000,7.500000,7.500000,7.500000,7.500000
1764424561.994621,1532251572378,7.500000,7.500000,7.500000,7.500000,7.500000,7.500000,7.500000,7.500000
1764424561.997027,1532253978618,7.500000,7.500000,7.500000,7.500000,7.500000,7.500000,7.500000,7.500000
1764424561.999415,1532256366484,7.500000,7.500000,7.500000,7.500000,7.500000,7.500000,7.500000,7.500000
1764424562.001818,1532258769808,7.500000,7.500000,7.500000,7.500000,7.500000,7.500000,7.500000,7.500000
1764424562.004223,1532261174007,7.500000,7.500000,7.500000,7.500000,7.500000,7.500000,7.500000,7.500000
1764424562.006613,1532263564790,7.500000,7.500000,7.500000,7.500000,7.500000,7.500000,7.500000,7.500000
1764424562.009001,1532265952364,7.500000,7.500000,7.500000,7.500000,7.500000,7.500000,7.500000,7.500000
1764424562.011396,1532268348105,7.500000,7.500000,7.500000,7.500000,7.500000,7.500000,7.500000,7.500000
1764424562.013786,1532270737721,7.500000,7.500000,7.500000,7.500000,7.500000,7.500000,7.500000,7.500000
1764424562.016173,1532273124712,7.500000,7.500000,7.500000,7.500000,7.500000,7.500000,7.500000,7.500000
1764424562.018561,1532275512286,7.500000,7.500000,7.500000,7.500000,7.500000,7.500000,7.500000,7.500000
1764424562.020951,1532277901902,7.500000,7.500000,7.500000,7.500000,7.500000,7.500000,7.500000,7.500000
1764424562.023348,1532280299684,7.500000,7.500000,7.500000,7.500000,7.500000,7.500000,7.500000,7.500000
1764424562.025737,1532282688717,7.500000,7.500000,7.500000,7.500000,7.500000,7.500000,7.500000,7.500000
1764424562.028127,1532285078041,7.500000,7.500000,7.500000,7.500000,7.500000,7.500000,7.500000,7.500000
1764424562.030518,1532287469698,7.500000,7.500000,7.500000,7.500000,7.500000,7.500000,7.500000,7.500000
1764424562.032933,1532289884689,7.500000,7.500000,7.500000,7.500000,7.500000,7.500000,7.500000,7.500000
1764424562.035323,1532292274888,7.500000,7.500000,7.500000,7.500000,7.500000,7.500000,7.500000,7.500000
1764424562.037712,1532294663921,7.500000,7.500000,7.500000,7.500000,7.500000,7.500000,7.500000,7.500000
1764424562.040120,1532297071620,7.500000,7.500000,7.500000,7.500000,7.500000,7.500000,7.500000,7.500000
1764424562.042539,1532299490694,7.500000,7.500000,7.500000,7.500000,7.500000,7.500000,7.500000,7.500000
1764424562.044956,1532301907143,7.500000,7.500000,7.500000,7.500000,7.500000,7.500000,7.500000,7.500000
1764424562.047359,1532304310175,7.500000,7.500000,7.500000,7.500000,7.500000,7.500000,7.500000,7.500000
1764424562.049757,1532306708541,7.500000,7.500000,7.500000,7.500000,7.500000,7.500000,7.500000,7.500000
1764424562.052144,1532309095532,7.500000,7.500000,7.500000,7.500000,7.500000,7.500000,7.500000,7.500000
1764424562.054543,1532311494773,7.500000,7.500000,7.500000,7.500000,7.500000,7.500000,7.500000,7.500000
1764424562.056935,1532313886722,7.500000,7.500000,7.500000,7.500000,7.500000,7.500000,7.500000,7.500000
1764424562.059323,1532316274588,7.500000,7.500000,7.500000,7.500000,7.500000,7.500000,7.500000,7.500000
1764424562.061711,1532318662745,7.500000,7.500000,7.500000,7.500000,7.500000,7.500000,7.500000,7.500000
1764424562.064108,1532321059069,7.500000,7.500000,7.500000,7.500000,7.500000,7.500000,7.500000,7.500000
1764424562.066491,1532323442560,7.500000,7.500000,7.500000,7.500000,7.500000,7.500000,7.500000,7.500000
1764424562.068878,1532325829551,7.500000,7.500000,7.500000,7.500000,7.500000,7.500000,7.500000,7.500000
1764424562.071266,1532328217417,7.500000,7.500000,7.500000,7.500000,7.500000,7.500000,7.500000,7.500000
1764424562.073655,1532330606158,7.500000,7.500000,7.500000,7.500000,7.500000,7.500000,7.500000,7.500000
1764424562.076049,1532333000148,7.500000,7.500000,7.500000,7.500000,7.500000,7.500000,7.500000,7.500000
1764424562.078438,1532335389764,7.500000,7.500000,7.500000,7.500000,7.500000,7.500000,7.500000,7.500000
1764424562.080827,1532337779088,7.500000,7.500000,7.500000,7.500000,7.500000,7.500000,7.500000,7.500000
1764424562.083217,1532340168413,7.500000,7.500000,7.500000,7.500000,7.500000,7.500000,7.500000,7.500000
1764424562.085611,1532342562987,7.500000,7.500000,7.500000,7.500000,7.500000,7.500000,7.500000,7.500000
1764424562.088001,1532344952311,7.500000,7.500000,7.500000,7.500000,7.500000,7.500000,7.500000,7.500000
1764424562.090390,1532347341635,7.500000,7.500000,7.500000,7.500000,7.500000,7.500000,7.500000,7.500000
1764424562.092778,1532349729501,7.500000,7.500000,7.500000,7.500000,7.500000,7.500000,7.500000,7.500000
1764424562.095188,1532352139825,7.500000,7.500000,7.500000,7.500000,7.500000,7.500000,7.500000,7.500000
1764424562.097594,1532354545191,7.500000,7.500000,7.500000,7.500000,7.500000,7.500000,7.500000,7.500000
1764424562.100025,1532356976515,7.500000,7.500000,7.500000,7.500000,7.500000,7.500000,7.500000,7.500000
1764424562.102432,1532359383922,7.500000,7.500000,7.500000,7.500000,7.500000,7.500000,7.500000,7.500000
1764424562.104823,1532361774121,7.500000,7.500000,7.500000,7.500000,7.500000,7.500000,7.500000,7.500000
1764424562.107223,1532364174820,7.500000,7.500000,7.500000,7.500000,7.500000,7.500000,7.500000,7.500000
1764424562.109623,1532366574061,7.500000,7.500000,7.500000,7.500000,7.500000,7.500000,7.500000,7.500000
1764424562.112104,1532369056135,7.500000,7.500000,7.500000,7.500000,7.500000,7.500000,7.500000,7.500000
1764424562.114493,1532371444876,7.500000,7.500000,7.500000,7.500000,7.500000,7.500000,7.500000,7.500000
1764424562.116881,1532373833033,7.500000,7.500000,7.500000,7.500000,7.500000,7.500000,7.500000,7.500000
1764424562.119277,1532376229066,7.500000,7.500000,7.500000,7.500000,7.500000,7.500000,7.500000,7.500000
1764424562.121666,1532378617515,7.500000,7.500000,7.500000,7.500000,7.500000,7.500000,7.500000,7.500000
1764424562.124200,1532381151797,7.500000,7.500000,7.500000,7.500000,7.500000,7.500000,7.500000,7.500000
1764424562.126609,1532383560371,7.500000,7.500000,7.500000,7.500000,7.500000,7.500000,7.500000,7.500000
1764424562.129013,1532385964570,7.500000,7.500000,7.500000,7.500000,7.500000,7.500000,7.500000,7.500000
1764424562.131538,1532388489810,7.500000,7.500000,7.500000,7.500000,7.500000,7.500000,7.500000,7.500000
1764424562.133950,1532390901301,7.500000,7.500000,7.500000,7.500000,7.500000,7.500000,7.500000,7.500000
1764424562.136489,1532393441125,7.500000,7.500000,7.500000,7.500000,7.500000,7.500000,7.500000,7.500000
1764424562.138900,1532395851157,7.500000,7.500000,7.500000,7.500000,7.500000,7.500000,7.500000,7.500000
1764424562.141307,1532398258565,7.500000,7.500000,7.500000,7.500000,7.500000,7.500000,7.500000,7.500000
1764424562.143697,1532400648472,7.500000,7.500000,7.500000,7.500000,7.500000,7.500000,7.500000,7.500000
1764424562.146109,1532403060255,7.500000,7.500000,7.500000,7.500000,7.500000,7.500000,7.500000,7.500000
1764424562.148505,1532405456579,7.500000,7.500000,7.500000,7.500000,7.500000,7.500000,7.500000,7.500000
1764424562.150894,1532407845320,7.500000,7.500000,7.500000,7.500000,7.500000,7.500000,7.500000,7.500000
1764424562.153284,1532410234935,7.500000,7.500000,7.500000,7.500000,7.500000,7.500000,7.500000,7.500000
1764424562.155671,1532412623093,7.500000,7.500000,7.500000,7.500000,7.500000,7.500000,7.500000,7.500000
1764424562.158061,1532415012709,7.500000,7.500000,7.500000,7.500000,7.500000,7.500000,7.500000,7.500000
1764424562.160452,1532417403491,7.500000,7.500000,7.500000,7.500000,7.500000,7.500000,7.500000,7.500000
1764424562.162850,1532419801565,7.500000,7.500000,7.500000,7.500000,7.500000,7.500000,7.500000,7.500000
1764424562.165238,1532422189723,7.500000,7.500000,7.500000,7.500000,7.500000,7.500000,7.500000,7.500000
1764424562.167631,1532424581964,7.500000,7.500000,7.500000,7.500000,7.500000,7.500000,7.500000,7.500000
1764424562.170021,1532426972746,7.500000,7.500000,7.500000,7.500000,7.500000,7.500000,7.500000,7.500000
1764424562.172416,1532429367612,7.500000,7.500000,7.500000,7.500000,7.500000,7.500000,7.500000,7.500000
1764424562.174807,1532431758394,7.500000,7.500000,7.500000,7.500000,7.500000,7.500000,7.500000,7.500000
1764424562.177198,1532434149469,7.500000,7.500000,7.500000,7.500000,7.500000,7.500000,7.500000,7.500000
1764424562.179598,1532436549293,7.500000,7.500000,7.500000,7.500000,7.500000,7.500000,7.500000,7.500000
1764424562.181988,1532438939200,7.500000,7.500000,7.500000,7.500000,7.500000,7.500000,7.500000,7.500000
1764424562.184379,1532441330566,7.500000,7.500000,7.500000,7.500000,7.500000,7.500000,7.500000,7.500000
1764424562.186770,1532443721640,7.500000,7.500000,7.500000,7.500000,7.500000,7.500000,7.500000,7.500000
1764424562.189160,1532446111548,7.500000,7.500000,7.500000,7.500000,7.500000,7.500000,7.500000,7.500000
1764424562.191553,1532448504663,7.500000,7.500000,7.500000,7.500000,7.500000,7.500000,7.500000,7.500000
1764424562.193950,1532450902154,7.500000,7.500000,7.500000,7.500000,7.500000,7.500000,7.500000,7.500000
1764424562.196367,1532453318312,7.500000,7.500000,7.500000,7.500000,7.500000,7.500000,7.500000,7.500000
1764424562.198765,1532455716677,7.500000,7.500000,7.500000,7.500000,7.500000,7.500000,7.500000,7.500000
1764424562.201157,1532458108918,7.500000,7.500000,7.500000,7.500000,7.500000,7.500000,7.500000,7.500000
1764424562.203551,1532460502617,7.500000,7.500000,7.500000,7.500000,7.500000,7.500000,7.500000,7.500000
1764424562.205952,1532462903608,7.500000,7.500000,7.500000,7.500000,7.500000,7.500000,7.500000,7.500000
1764424562.208344,1532465295849,7.500000,7.500000,7.500000,7.500000,7.500000,7.500000,7.500000,7.500000
1764424562.210736,1532467688090,7.500000,7.500000,7.500000,7.500000,7.500000,7.500000,7.500000,7.500000
1764424562.213133,1532470083831,7.500000,7.500000,7.500000,7.500000,7.500000,7.500000,7.500000,7.500000
1764424562.215529,1532472480446,7.500000,7.500000,7.500000,7.500000,7.500000,7.500000,7.500000,7.500000
1764424562.217920,1532474871812,7.500000,7.500000,7.500000,7.500000,7.500000,7.500000,7.500000,7.500000
1764424562.220312,1532477263470,7.500000,7.500000,7.500000,7.500000,7.500000,7.500000,7.500000,7.500000
1764424562.222702,1532479653669,7.500000,7.500000,7.500000,7.500000,7.500000,7.500000,7.500000,7.500000
1764424562.225092,1532482043576,7.500000,7.500000,7.500000,7.500000,7.500000,7.500000,7.500000,7.500000
1764424562.227490,1532484441942,7.500000,7.500000,7.500000,7.500000,7.500000,7.500000,7.500000,7.500000
1764424562.229883,1532486834766,7.500000,7.500000,7.500000,7.500000,7.500000,7.500000,7.500000,7.500000
1764424562.232272,1532489223507,7.500000,7.500000,7.500000,7.500000,7.500000,7.500000,7.500000,7.500000
1764424562.234663,1532491614873,7.500000,7.500000,7.500000,7.500000,7.500000,7.500000,7.500000,7.500000
1764424562.237062,1532494013822,7.500000,7.500000,7.500000,7.500000,7.500000,7.500000,7.500000,7.500000
1764424562.239451,1532496402855,7.500000,7.500000,7.500000,7.500000,7.500000,7.500000,7.500000,7.500000
1764424562.241842,1532498793345,7.500000,7.500000,7.500000,7.500000,7.500000,7.500000,7.500000,7.500000
1764424562.244218,1532501170128,7.500000,7.500000,7.500000,7.500000,7.500000,7.500000,7.500000,7.500000
1764424562.246625,1532503576952,7.500000,7.500000,7.500000,7.500000,7.500000,7.500000,7.500000,7.500000
1764424562.249035,1532505986985,7.500000,7.500000,7.500000,7.500000,7.500000,7.500000,7.500000,7.500000
1764424562.251428,1532508379225,7.500000,7.500000,7.500000,7.500000,7.500000,7.500000,7.500000,7.500000
1764424562.253820,1532510771175,7.500000,7.500000,7.500000,7.500000,7.500000,7.500000,7.500000,7.500000
1764424562.256209,1532513160499,7.500000,7.500000,7.500000,7.500000,7.500000,7.500000,7.500000,7.500000
1764424562.258606,1532515557698,7.500000,7.500000,7.500000,7.500000,7.500000,7.500000,7.500000,7.500000
1764424562.260998,1532517949064,7.500000,7.500000,7.500000,7.500000,7.500000,7.500000,7.500000,7.500000
1764424562.263389,1532520340721,7.500000,7.500000,7.500000,7.500000,7.500000,7.500000,7.500000,7.500000
1764424562.265779,1532522730337,7.500000,7.500000,7.500000,7.500000,7.500000,7.500000,7.500000,7.500000
1764424562.268171,1532525122578,7.500000,7.500000,7.500000,7.500000,7.500000,7.500000,7.500000,7.500000
1764424562.270571,1532527523277,7.500000,7.500000,7.500000,7.500000,7.500000,7.500000,7.500000,7.500000
1764424562.272984,1532529935059,7.500000,7.500000,7.500000,7.500000,7.500000,7.500000,7.500000,7.500000
1764424562.275378,1532532329925,7.500000,7.500000,7.500000,7.500000,7.500000,7.500000,7.500000,7.500000
1764424562.277770,1532534721583,7.500000,7.500000,7.500000,7.500000,7.500000,7.500000,7.500000,7.500000
1764424562.280169,1532537120240,7.500000,7.500000,7.500000,7.500000,7.500000,7.500000,7.500000,7.500000
1764424562.282559,1532539510148,7.500000,7.500000,7.500000,7.500000,7.500000,7.500000,7.500000,7.500000
1764424562.284949,1532541900347,7.500000,7.500000,7.500000,7.500000,7.500000,7.500000,7.500000,7.500000
1764424562.287339,1532544290838,7.500000,7.500000,7.500000,7.500000,7.500000,7.500000,7.500000,7.500000
1764424562.289737,1532546688037,7.500000,7.500000,7.500000,7.500000,7.500000,7.500000,7.500000,7.500000
1764424562.292133,1532549084361,7.500000,7.500000,7.500000,7.500000,7.500000,7.500000,7.500000,7.500000
1764424562.294528,1532551479227,7.500000,7.500000,7.500000,7.500000,7.500000,7.500000,7.500000,7.500000
1764424562.296926,1532553877301,7.500000,7.500000,7.500000,7.500000,7.500000,7.500000,7.500000,7.500000
1764424562.299314,1532556265750,7.500000,7.500000,7.500000,7.500000,7.500000,7.500000,7.500000,7.500000
1764424562.301798,1532558750157,7.500000,7.500000,7.500000,7.500000,7.500000,7.500000,7.500000,7.500000
1764424562.304191,1532561142106,7.500000,7.500000,7.500000,7.500000,7.500000,7.500000,7.500000,7.500000
1764424562.306581,1532563532305,7.500000,7.500000,7.500000,7.500000,7.500000,7.500000,7.500000,7.500000
1764424562.308969,1532565920755,7.500000,7.500000,7.500000,7.500000,7.500000,7.500000,7.500000,7.500000
1764424562.311360,1532568311829,7.500000,7.500000,7.500000,7.500000,7.500000,7.500000,7.500000,7.500000
1764424562.313760,1532570711653,7.500000,7.500000,7.500000,7.500000,7.500000,7.500000,7.500000,7.500000
1764424562.316149,1532573100685,7.500000,7.500000,7.500000,7.500000,7.500000,7.500000,7.500000,7.500000
1764424562.318539,1532575490884,7.500000,7.500000,7.500000,7.500000,7.500000,7.500000,7.500000,7.500000
1764424562.320888,1532577839084,7.500000,7.500000,7.500000,7.500000,7.500000,7.500000,7.500000,7.500000
1764424562.323280,1532580231033,7.500000,7.500000,7.500000,7.500000,7.500000,7.500000,7.500000,7.500000
1764424562.325668,1532582619774,7.500000,7.500000,7.500000,7.500000,7.500000,7.500000,7.500000,7.500000
1764424562.328057,1532585008806,7.500000,7.500000,7.500000,7.500000,7.500000,7.500000,7.500000,7.500000
1764424562.330448,1532587399880,7.500000,7.500000,7.500000,7.500000,7.500000,7.500000,7.500000,7.500000
1764424562.332836,1532589788038,7.500000,7.500000,7.500000,7.500000,7.500000,7.500000,7.500000,7.500000
1764424562.335231,1532592182320,7.500000,7.500000,7.500000,7.500000,7.500000,7.500000,7.500000,7.500000
1764424562.337622,1532594573395,7.500000,7.500000,7.500000,7.500000,7.500000,7.500000,7.500000,7.500000
1764424562.340013,1532596964177,7.500000,7.500000,7.500000,7.500000,7.500000,7.500000,7.500000,7.500000
1764424562.342401,1532599352335,7.500000,7.500000,7.500000,7.500000,7.500000,7.500000,7.500000,7.500000
1764424562.344798,1532601749242,7.500000,7.500000,7.500000,7.500000,7.500000,7.500000,7.500000,7.500000
1764424562.347189,1532604140608,7.500000,7.500000,7.500000,7.500000,7.500000,7.500000,7.500000,7.500000
1764424562.349585,1532606536932,7.500000,7.500000,7.500000,7.500000,7.500000,7.500000,7.500000,7.500000
1764424562.351975,1532608927131,7.500000,7.500000,7.500000,7.500000,7.500000,7.500000,7.500000,7.500000
1764424562.354366,1532611317622,7.500000,7.500000,7.500000,7.500000,7.500000,7.500000,7.500000,7.500000
1764424562.356763,1532613715113,7.500000,7.500000,7.500000,7.500000,7.500000,7.500000,7.500000,7.500000
1764424562.359151,1532616102687,7.500000,7.500000,7.500000,7.500000,7.500000,7.500000,7.500000,7.500000
1764424562.361541,1532618492011,7.500000,7.500000,7.500000,7.500000,7.500000,7.500000,7.500000,7.500000
1764424562.363931,1532620882794,7.500000,7.500000,7.500000,7.500000,7.500000,7.500000,7.500000,7.500000
1764424562.366335,1532623286701,7.500000,7.500000,7.500000,7.500000,7.500000,7.500000,7.500000,7.500000
1764424562.368724,1532625675442,7.500000,7.500000,7.500000,7.500000,7.500000,7.500000,7.500000,7.500000
1764424562.371114,1532628066224,7.500000,7.500000,7.500000,7.500000,7.500000,7.500000,7.500000,7.500000
1764424562.373506,1532630457882,7.500000,7.500000,7.500000,7.500000,7.500000,7.500000,7.500000,7.500000
1764424562.375895,1532632846331,7.500000,7.500000,7.500000,7.500000,7.500000,7.500000,7.500000,7.500000
1764424562.378292,1532635243530,7.500000,7.500000,7.500000,7.500000,7.500000,7.500000,7.500000,7.500000
1764424562.380682,1532637633729,7.500000,7.500000,7.500000,7.500000,7.500000,7.500000,7.500000,7.500000
1764424562.383079,1532640030345,7.500000,7.500000,7.500000,7.500000,7.500000,7.500000,7.500000,7.500000
1764424562.385467,1532642418503,7.500000,7.500000,7.500000,7.500000,7.500000,7.500000,7.500000,7.500000
1764424562.387864,1532644815702,7.500000,7.500000,7.500000,7.500000,7.500000,7.500000,7.500000,7.500000
1764424562.390256,1532647207068,7.500000,7.500000,7.500000,7.500000,7.500000,7.500000,7.500000,7.500000
1764424562.392644,1532649595225,7.500000,7.500000,7.500000,7.500000,7.500000,7.500000,7.500000,7.500000
1764424562.395033,1532651984841,7.500000,7.500000,7.500000,7.500000,7.500000,7.500000,7.500000,7.500000
1764424562.397424,1532654375332,7.500000,7.500000,7.500000,7.500000,7.500000,7.500000,7.500000,7.500000
1764424562.399823,1532656774864,7.500000,7.500000,7.500000,7.500000,7.500000,7.500000,7.500000,7.500000
1764424562.402212,1532659163313,7.500000,7.500000,7.500000,7.500000,7.500000,7.500000,7.500000,7.500000
1764424562.404602,1532661554096,7.500000,7.500000,7.500000,7.500000,7.500000,7.500000,7.500000,7.500000
1764424562.406994,1532663945753,7.500000,7.500000,7.500000,7.500000,7.500000,7.500000,7.500000,7.500000
1764424562.409390,1532666341786,7.500000,7.500000,7.500000,7.500000,7.500000,7.500000,7.500000,7.500000
1764424562.411781,1532668732860,7.500000,7.500000,7.500000,7.500000,7.500000,7.500000,7.500000,7.500000
1764424562.414170,1532671121309,7.500000,7.500000,7.500000,7.500000,7.500000,7.500000,7.500000,7.500000
1764424562.416562,1532673513550,7.500000,7.500000,7.500000,7.500000,7.500000,7.500000,7.500000,7.500000
1764424562.418951,1532675902582,7.500000,7.500000,7.500000,7.500000,7.500000,7.500000,7.500000,7.500000
1764424562.421340,1532678292198,7.500000,7.500000,7.500000,7.500000,7.500000,7.500000,7.500000,7.500000
1764424562.423731,1532680682981,7.500000,7.500000,7.500000,7.500000,7.500000,7.500000,7.500000,7.500000
1764424562.426120,1532683071430,7.500000,7.500000,7.500000,7.500000,7.500000,7.500000,7.500000,7.500000
1764424562.428510,1532685462212,7.500000,7.500000,7.500000,7.500000,7.500000,7.500000,7.500000,7.500000
1764424562.430894,1532687845120,7.500000,7.500000,7.500000,7.500000,7.500000,7.500000,7.500000,7.500000
1764424562.433285,1532690236777,7.500000,7.500000,7.500000,7.500000,7.500000,7.500000,7.500000,7.500000
1764424562.435674,1532692625227,7.500000,7.500000,7.500000,7.500000,7.500000,7.500000,7.500000,7.500000
1764424562.438063,1532695015134,7.500000,7.500000,7.500000,7.500000,7.500000,7.500000,7.500000,7.500000
1764424562.440455,1532697406792,7.500000,7.500000,7.500000,7.500000,7.500000,7.500000,7.500000,7.500000
1764424562.442850,1532699801949,7.500000,7.500000,7.500000,7.500000,7.500000,7.500000,7.500000,7.500000
1764424562.445240,1532702191857,7.500000,7.500000,7.500000,7.500000,7.500000,7.500000,7.500000,7.500000
1764424562.447631,1532704582056,7.500000,7.500000,7.500000,7.500000,7.500000,7.500000,7.500000,7.500000
1764424562.450021,1532706973130,7.500000,7.500000,7.500000,7.500000,7.500000,7.500000,7.500000,7.500000
1764424562.452416,1532709367996,7.500000,7.500000,7.500000,7.500000,7.500000,7.500000,7.500000,7.500000
1764424562.454807,1532711758778,7.500000,7.500000,7.500000,7.500000,7.500000,7.500000,7.500000,7.500000
1764424562.457198,1532714150144,7.500000,7.500000,7.500000,7.500000,7.500000,7.500000,7.500000,7.500000
1764424562.459594,1532716545301,7.500000,7.500000,7.500000,7.500000,7.500000,7.500000,7.500000,7.500000
1764424562.461982,1532718933459,7.500000,7.500000,7.500000,7.500000,7.500000,7.500000,7.500000,7.500000
1764424562.464379,1532721330658,7.500000,7.500000,7.500000,7.500000,7.500000,7.500000,7.500000,7.500000
1764424562.466769,1532723720857,7.500000,7.500000,7.500000,7.500000,7.500000,7.500000,7.500000,7.500000
1764424562.469157,1532726109015,7.500000,7.500000,7.500000,7.500000,7.500000,7.500000,7.500000,7.500000
1764424562.471547,1532728498631,7.500000,7.500000,7.500000,7.500000,7.500000,7.500000,7.500000,7.500000
1764424562.473944,1532730895830,7.500000,7.500000,7.500000,7.500000,7.500000,7.500000,7.500000,7.500000
1764424562.476341,1532733292445,7.500000,7.500000,7.500000,7.500000,7.500000,7.500000,7.500000,7.500000
1764424562.478729,1532735680895,7.500000,7.500000,7.500000,7.500000,7.500000,7.500000,7.500000,7.500000
1764424562.481120,1532738071385,7.500000,7.500000,7.500000,7.500000,7.500000,7.500000,7.500000,7.500000
1764424562.483511,1532740462460,7.500000,7.500000,7.500000,7.500000,7.500000,7.500000,7.500000,7.500000
1764424562.485907,1532742858200,7.500000,7.500000,7.500000,7.500000,7.500000,7.500000,7.500000,7.500000
1764424562.488297,1532745248400,7.500000,7.500000,7.500000,7.500000,7.500000,7.500000,7.500000,7.500000
1764424562.490733,1532747684974,7.500000,7.500000,7.500000,7.500000,7.500000,7.500000,7.500000,7.500000
1764424562.493130,1532750082173,7.500000,7.500000,7.500000,7.500000,7.500000,7.500000,7.500000,7.500000
1764424562.495527,1532752478205,7.500000,7.500000,7.500000,7.500000,7.500000,7.500000,7.500000,7.500000
1764424562.497918,1532754868988,7.500000,7.500000,7.500000,7.500000,7.500000,7.500000,7.500000,7.500000
1764424562.500310,1532757261520,7.500000,7.500000,7.500000,7.500000,7.500000,7.500000,7.500000,7.500000
1764424562.502700,1532759650844,7.500000,7.500000,7.500000,7.500000,7.500000,7.500000,7.500000,7.500000
1764424562.505091,1532762042502,7.500000,7.500000,7.500000,7.500000,7.500000,7.500000,7.500000,7.500000
1764424562.507489,1532764441159,7.500000,7.500000,7.500000,7.500000,7.500000,7.500000,7.500000,7.500000
1764424562.509879,1532766830775,7.500000,7.500000,7.500000,7.500000,7.500000,7.500000,7.500000,7.500000
1764424562.512269,1532769221266,7.500000,7.500000,7.500000,7.500000,7.500000,7.500000,7.500000,7.500000
1764424562.514660,1532771611465,7.500000,7.500000,7.500000,7.500000,7.500000,7.500000,7.500000,7.500000
1764424562.517058,1532774009539,7.500000,7.500000,7.500000,7.500000,7.500000,7.500000,7.500000,7.500000
1764424562.519448,1532776399155,7.500000,7.500000,7.500000,7.500000,7.500000,7.500000,7.500000,7.500000
1764424562.521836,1532778787021,7.500000,7.500000,7.500000,7.500000,7.500000,7.500000,7.500000,7.500000
1764424562.524221,1532781172262,7.500000,7.500000,7.500000,7.500000,7.500000,7.500000,7.500000,7.500000
1764424562.526612,1532783563044,7.500000,7.500000,7.500000,7.500000,7.500000,7.500000,7.500000,7.500000
1764424562.529008,1532785959077,7.500000,7.500000,7.500000,7.500000,7.500000,7.500000,7.500000,7.500000
1764424562.531398,1532788349859,7.500000,7.500000,7.500000,7.500000,7.500000,7.500000,7.500000,7.500000
1764424562.533788,1532790739767,7.500000,7.500000,7.500000,7.500000,7.500000,7.500000,7.500000,7.500000
1764424562.536177,1532793127924,7.500000,7.500000,7.500000,7.500000,7.500000,7.500000,7.500000,7.500000
1764424562.538571,1532795522790,7.500000,7.500000,7.500000,7.500000,7.500000,7.500000,7.500000,7.500000
1764424562.540964,1532797915031,7.500000,7.500000,7.500000,7.500000,7.500000,7.500000,7.500000,7.500000
1764424562.543356,1532800307855,7.500000,7.500000,7.500000,7.500000,7.500000,7.500000,7.500000,7.500000
1764424562.545744,1532802695429,7.500000,7.500000,7.500000,7.500000,7.500000,7.500000,7.500000,7.500000
1764424562.548134,1532805085337,7.500000,7.500000,7.500000,7.500000,7.500000,7.500000,7.500000,7.500000
1764424562.550531,1532807482827,7.500000,7.500000,7.500000,7.500000,7.500000,7.500000,7.500000,7.500000
1764424562.552927,1532809878277,7.500000,7.500000,7.500000,7.500000,7.500000,7.500000,7.500000,7.500000
1764424562.555316,1532812267601,7.500000,7.500000,7.500000,7.500000,7.500000,7.500000,7.500000,7.500000
1764424562.557707,1532814657800,7.500000,7.500000,7.500000,7.500000,7.500000,7.500000,7.500000,7.500000
1764424562.560104,1532817055874,7.500000,7.500000,7.500000,7.500000,7.500000,7.500000,7.500000,7.500000
1764424562.562494,1532819445781,7.500000,7.500000,7.500000,7.500000,7.500000,7.500000,7.500000,7.500000
1764424562.564884,1532821835689,7.500000,7.500000,7.500000,7.500000,7.500000,7.500000,7.500000,7.500000
1764424562.567276,1532824227638,7.500000,7.500000,7.500000,7.500000,7.500000,7.500000,7.500000,7.500000
1764424562.569672,1532826624254,7.500000,7.500000,7.500000,7.500000,7.500000,7.500000,7.500000,7.500000
1764424562.572069,1532829019995,7.500000,7.500000,7.500000,7.500000,7.500000,7.500000,7.500000,7.500000
1764424562.574460,1532831411361,7.500000,7.500000,7.500000,7.500000,7.500000,7.500000,7.500000,7.500000
1764424562.576850,1532833801268,7.500000,7.500000,7.500000,7.500000,7.500000,7.500000,7.500000,7.500000
1764424562.579238,1532836189426,7.500000,7.500000,7.500000,7.500000,7.500000,7.500000,7.500000,7.500000
1764424562.581635,1532838586333,7.500000,7.500000,7.500000,7.500000,7.500000,7.500000,7.500000,7.500000
1764424562.584027,1532840978282,7.500000,7.500000,7.500000,7.500000,7.500000,7.500000,7.500000,7.500000
1764424562.586422,1532843373731,7.500000,7.500000,7.500000,7.500000,7.500000,7.500000,7.500000,7.500000
1764424562.588811,1532845762472,7.500000,7.500000,7.500000,7.500000,7.500000,7.500000,7.500000,7.500000
1764424562.591203,1532848154713,7.500000,7.500000,7.500000,7.500000,7.500000,7.500000,7.500000,7.500000
1764424562.593601,1532850552204,7.500000,7.500000,7.500000,7.500000,7.500000,7.500000,7.500000,7.500000
1764424562.595989,1532852940945,7.500000,7.500000,7.500000,7.500000,7.500000,7.500000,7.500000,7.500000
1764424562.598379,1532855330269,7.500000,7.500000,7.500000,7.500000,7.500000,7.500000,7.500000,7.500000
1764424562.600770,1532857722218,7.500000,7.500000,7.500000,7.500000,7.500000,7.500000,7.500000,7.500000
1764424562.603165,1532860116500,7.500000,7.500000,7.500000,7.500000,7.500000,7.500000,7.500000,7.500000
1764424562.605553,1532862504366,7.500000,7.500000,7.500000,7.500000,7.500000,7.500000,7.500000,7.500000
1764424562.607941,1532864893107,7.500000,7.500000,7.500000,7.500000,7.500000,7.500000,7.500000,7.500000
1764424562.610333,1532867285056,7.500000,7.500000,7.500000,7.500000,7.500000,7.500000,7.500000,7.500000
1764424562.612722,1532869673797,7.500000,7.500000,7.500000,7.500000,7.500000,7.500000,7.500000,7.500000
1764424562.615120,1532872071580,7.500000,7.500000,7.500000,7.500000,7.500000,7.500000,7.500000,7.500000
1764424562.617510,1532874461779,7.500000,7.500000,7.500000,7.500000,7.500000,7.500000,7.500000,7.500000
1764424562.619901,1532876852561,7.500000,7.500000,7.500000,7.500000,7.500000,7.500000,7.500000,7.500000
1764424562.622290,1532879241010,7.500000,7.500000,7.500000,7.500000,7.500000,7.500000,7.500000,7.500000
1764424562.624686,1532881637334,7.500000,7.500000,7.500000,7.500000,7.500000,7.500000,7.500000,7.500000
1764424562.627077,1532884028409,7.500000,7.500000,7.500000,7.500000,7.500000,7.500000,7.500000,7.500000
1764424562.629465,1532886416858,7.500000,7.500000,7.500000,7.500000,7.500000,7.500000,7.500000,7.500000
1764424562.631856,1532888807349,7.500000,7.500000,7.500000,7.500000,7.500000,7.500000,7.500000,7.500000
1764424562.634218,1532891169256,7.500000,7.500000,7.500000,7.500000,7.500000,7.500000,7.500000,7.500000
1764424562.636615,1532893566747,7.500000,7.500000,7.500000,7.500000,7.500000,7.500000,7.500000,7.500000
1764424562.639004,1532895955780,7.500000,7.500000,7.500000,7.500000,7.500000,7.500000,7.500000,7.500000
1764424562.641394,1532898345395,7.500000,7.500000,7.500000,7.500000,7.500000,7.500000,7.500000,7.500000
1764424562.643785,1532900736178,7.500000,7.500000,7.500000,7.500000,7.500000,7.500000,7.500000,7.500000
1764424562.646179,1532903130460,7.500000,7.500000,7.500000,7.500000,7.500000,7.500000,7.500000,7.500000
1764424562.648567,1532905519201,7.500000,7.500000,7.500000,7.500000,7.500000,7.500000,7.500000,7.500000
1764424562.650958,1532907909984,7.500000,7.500000,7.500000,7.500000,7.500000,7.500000,7.500000,7.500000
1764424562.653349,1532910300474,7.500000,7.500000,7.500000,7.500000,7.500000,7.500000,7.500000,7.500000
1764424562.655738,1532912688924,7.500000,7.500000,7.500000,7.500000,7.500000,7.500000,7.500000,7.500000
1764424562.658134,1532915086123,7.500000,7.500000,7.500000,7.500000,7.500000,7.500000,7.500000,7.500000
1764424562.660526,1532917477197,7.500000,7.500000,7.500000,7.500000,7.500000,7.500000,7.500000,7.500000
1764424562.662921,1532919873229,7.500000,7.500000,7.500000,7.500000,7.500000,7.500000,7.500000,7.500000
1764424562.665310,1532922261970,7.500000,7.500000,7.500000,7.500000,7.500000,7.500000,7.500000,7.500000
1764424562.667706,1532924658003,7.500000,7.500000,7.500000,7.500000,7.500000,7.500000,7.500000,7.500000
1764424562.670099,1532927050535,7.500000,7.500000,7.500000,7.500000,7.500000,7.500000,7.500000,7.500000
1764424562.672487,1532929438693,7.500000,7.500000,7.500000,7.500000,7.500000,7.500000,7.500000,7.500000
1764424562.674877,1532931828600,7.500000,7.500000,7.500000,7.500000,7.500000,7.500000,7.500000,7.500000
1764424562.677269,1532934220258,7.500000,7.500000,7.500000,7.500000,7.500000,7.500000,7.500000,7.500000
1764424562.679711,1532936662665,7.500000,7.500000,7.500000,7.500000,7.500000,7.500000,7.500000,7.500000
1764424562.682101,1532939053156,7.500000,7.500000,7.500000,7.500000,7.500000,7.500000,7.500000,7.500000
1764424562.684491,1532941443063,7.500000,7.500000,7.500000,7.500000,7.500000,7.500000,7.500000,7.500000
1764424562.686882,1532943833846,7.500000,7.500000,7.500000,7.500000,7.500000,7.500000,7.500000,7.500000
1764424562.689278,1532946229587,7.500000,7.500000,7.500000,7.500000,7.500000,7.500000,7.500000,7.500000
1764424562.691669,1532948620077,7.500000,7.500000,7.500000,7.500000,7.500000,7.500000,7.500000,7.500000
1764424562.694060,1532951011443,7.500000,7.500000,7.500000,7.500000,7.500000,7.500000,7.500000,7.500000
1764424562.696457,1532953408351,7.500000,7.500000,7.500000,7.500000,7.500000,7.500000,7.500000,7.500000
1764424562.698846,1532955797091,7.500000,7.500000,7.500000,7.500000,7.500000,7.500000,7.500000,7.500000
1764424562.701243,1532958194291,7.500000,7.500000,7.500000,7.500000,7.500000,7.500000,7.500000,7.500000
1764424562.703634,1532960585656,7.500000,7.500000,7.500000,7.500000,7.500000,7.500000,7.500000,7.500000
1764424562.706023,1532962974106,7.500000,7.500000,7.500000,7.500000,7.500000,7.500000,7.500000,7.500000
1764424562.708412,1532965363721,7.500000,7.500000,7.500000,7.500000,7.500000,7.500000,7.500000,7.500000
1764424562.710811,1532967762379,7.500000,7.500000,7.500000,7.500000,7.500000,7.500000,7.500000,7.500000
1764424562.713157,1532970108828,7.500000,7.500000,7.500000,7.500000,7.500000,7.500000,7.500000,7.500000
1764424562.715546,1532972497861,7.500000,7.500000,7.500000,7.500000,7.500000,7.500000,7.500000,7.500000
1764424562.717936,1532974887768,7.500000,7.500000,7.500000,7.500000,7.500000,7.500000,7.500000,7.500000
1764424562.720327,1532977278551,7.500000,7.500000,7.500000,7.500000,7.500000,7.500000,7.500000,7.500000
1764424562.722722,1532979674000,7.500000,7.500000,7.500000,7.500000,7.500000,7.500000,7.500000,7.500000
1764424562.725113,1532982064491,7.500000,7.500000,7.500000,7.500000,7.500000,7.500000,7.500000,7.500000
1764424562.727502,1532984453815,7.500000,7.500000,7.500000,7.500000,7.500000,7.500000,7.500000,7.500000
1764424562.729893,1532986844306,7.500000,7.500000,7.500000,7.500000,7.500000,7.500000,7.500000,7.500000
1764424562.732282,1532989233630,7.500000,7.500000,7.500000,7.500000,7.500000,7.500000,7.500000,7.500000
1764424562.734673,1532991624412,7.500000,7.500000,7.500000,7.500000,7.500000,7.500000,7.500000,7.500000
1764424562.737063,1532994014611,7.500000,7.500000,7.500000,7.500000,7.500000,7.500000,7.500000,7.500000
1764424562.739451,1532996402769,7.500000,7.500000,7.500000,7.500000,7.500000,7.500000,7.500000,7.500000
1764424562.741841,1532998792093,7.500000,7.500000,7.500000,7.500000,7.500000,7.500000,7.500000,7.500000
1764424562.744231,1533001182001,7.500000,7.500000,7.500000,7.500000,7.500000,7.500000,7.500000,7.500000
1764424562.746622,1533003573658,7.500000,7.500000,7.500000,7.500000,7.500000,7.500000,7.500000,7.500000
1764424562.749011,1533005962691,7.500000,7.500000,7.500000,7.500000,7.500000,7.500000,7.500000,7.500000
1764424562.751402,1533008353765,7.500000,7.500000,7.500000,7.500000,7.500000,7.500000,7.500000,7.500000
1764424562.753800,1533010751547,7.500000,7.500000,7.500000,7.500000,7.500000,7.500000,7.500000,7.500000
1764424562.756189,1533013140871,7.500000,7.500000,7.500000,7.500000,7.500000,7.500000,7.500000,7.500000
1764424562.758579,1533015529904,7.500000,7.500000,7.500000,7.500000,7.500000,7.500000,7.500000,7.500000
1764424562.760969,1533017920395,7.500000,7.500000,7.500000,7.500000,7.500000,7.500000,7.500000,7.500000
1764424562.763360,1533020311469,7.500000,7.500000,7.500000,7.500000,7.500000,7.500000,7.500000,7.500000
1764424562.765755,1533022706626,7.500000,7.500000,7.500000,7.500000,7.500000,7.500000,7.500000,7.500000
1764424562.768145,1533025096826,7.500000,7.500000,7.500000,7.500000,7.500000,7.500000,7.500000,7.500000
1764424562.770536,1533027487316,7.500000,7.500000,7.500000,7.500000,7.500000,7.500000,7.500000,7.500000
1764424562.772937,1533029888599,7.500000,7.500000,7.500000,7.500000,7.500000,7.500000,7.500000,7.500000
1764424562.775333,1533032284048,7.500000,7.500000,7.500000,7.500000,7.500000,7.500000,7.500000,7.500000
1764424562.777725,1533034675997,7.500000,7.500000,7.500000,7.500000,7.500000,7.500000,7.500000,7.500000
1764424562.780116,1533037067363,7.500000,7.500000,7.500000,7.500000,7.500000,7.500000,7.500000,7.500000
1764424562.782504,1533039455520,7.500000,7.500000,7.500000,7.500000,7.500000,7.500000,7.500000,7.500000
1764424562.784895,1533041846303,7.500000,7.500000,7.500000,7.500000,7.500000,7.500000,7.500000,7.500000
1764424562.787292,1533044244085,7.500000,7.500000,7.500000,7.500000,7.500000,7.500000,7.500000,7.500000
1764424562.789688,1533046639826,7.500000,7.500000,7.500000,7.500000,7.500000,7.500000,7.500000,7.500000
1764424562.792077,1533049028567,7.500000,7.500000,7.500000,7.500000,7.500000,7.500000,7.500000,7.500000
1764424562.794467,1533051418474,7.500000,7.500000,7.500000,7.500000,7.500000,7.500000,7.500000,7.500000
1764424562.796864,1533053815674,7.500000,7.500000,7.500000,7.500000,7.500000,7.500000,7.500000,7.500000
1764424562.799253,1533056204706,7.500000,7.500000,7.500000,7.500000,7.500000,7.500000,7.500000,7.500000
1764424562.801643,1533058594322,7.500000,7.500000,7.500000,7.500000,7.500000,7.500000,7.500000,7.500000
1764424562.804034,1533060985104,7.500000,7.500000,7.500000,7.500000,7.500000,7.500000,7.500000,7.500000
1764424562.806429,1533063381137,7.500000,7.500000,7.500000,7.500000,7.500000,7.500000,7.500000,7.500000
1764424562.808825,1533065777169,7.500000,7.500000,7.500000,7.500000,7.500000,7.500000,7.500000,7.500000
1764424562.811216,1533068167077,7.500000,7.500000,7.500000,7.500000,7.500000,7.500000,7.500000,7.500000
1764424562.813607,1533070558734,7.500000,7.500000,7.500000,7.500000,7.500000,7.500000,7.500000,7.500000
1764424562.815995,1533072947184,7.500000,7.500000,7.500000,7.500000,7.500000,7.500000,7.500000,7.500000
1764424562.818391,1533075342633,7.500000,7.500000,7.500000,7.500000,7.500000,7.500000,7.500000,7.500000
1764424562.820782,1533077733415,7.500000,7.500000,7.500000,7.500000,7.500000,7.500000,7.500000,7.500000
1764424562.823159,1533080109906,7.500000,7.500000,7.500000,7.500000,7.500000,7.500000,7.500000,7.500000
1764424562.825547,1533082498647,7.500000,7.500000,7.500000,7.500000,7.500000,7.500000,7.500000,7.500000
1764424562.832178,1533089129955,7.500000,7.500000,7.500000,7.500000,7.500000,7.500000,7.500000,7.500000
1764424562.840961,1533097912296,7.500000,7.500000,7.500000,7.500000,7.500000,7.500000,7.500000,7.500000
1764424562.849767,1533106718554,7.500000,7.500000,7.500000,7.500000,7.500000,7.500000,7.500000,7.500000
1764424562.858852,1533115803352,7.500000,7.500000,7.500000,7.500000,7.500000,7.500000,7.500000,7.500000
1764424562.867637,1533124588902,7.500000,7.500000,7.500000,7.500000,7.500000,7.500000,7.500000,7.500000
1764424562.876482,1533133433951,7.500000,7.500000,7.500000,7.500000,7.500000,7.500000,7.500000,7.500000
1764424562.885509,1533142460708,7.500000,7.500000,7.500000,7.500000,7.500000,7.500000,7.500000,7.500000
1764424562.894331,1533151282716,7.500000,7.500000,7.500000,7.500000,7.500000,7.500000,7.500000,7.500000
1764424562.903141,1533160093057,7.500000,7.500000,7.500000,7.500000,7.500000,7.500000,7.500000,7.500000
1764424562.912148,1533169099981,7.500000,7.500000,7.500000,7.500000,7.500000,7.500000,7.500000,7.500000
1764424562.923359,1533180310730,7.500000,7.500000,7.500000,7.500000,7.500000,7.500000,7.500000,7.500000
1764424562.931076,1533188027325,7.500000,7.500000,7.500000,7.500000,7.500000,7.500000,7.500000,7.500000
1764424562.939949,1533196900666,7.500000,7.500000,7.500000,7.500000,7.500000,7.500000,7.500000,7.500000
1764424562.948823,1533205774590,7.500000,7.500000,7.500000,7.500000,7.500000,7.500000,7.500000,7.500000
1764424562.957640,1533214591348,7.500000,7.500000,7.500000,7.500000,7.500000,7.500000,7.500000,7.500000
1764424562.966449,1533223400523,7.500000,7.500000,7.500000,7.500000,7.500000,7.500000,7.500000,7.500000
1764424562.975273,1533232224864,7.500000,7.500000,7.500000,7.500000,7.500000,7.500000,7.500000,7.500000
1764424562.984121,1533241072538,7.500000,7.500000,7.500000,7.500000,7.500000,7.500000,7.500000,7.500000
1764424562.995298,1533252249454,7.500000,7.500000,7.500000,7.500000,7.500000,7.500000,7.500000,7.500000
1764424563.004113,1533261065045,7.500000,7.500000,7.500000,7.500000,7.500000,7.500000,7.500000,7.500000
1764424563.012970,1533269922053,7.500000,7.500000,7.500000,7.500000,7.500000,7.500000,7.500000,7.500000
1764424563.021787,1533278738519,7.500000,7.500000,7.500000,7.500000,7.500000,7.500000,7.500000,7.500000
1764424563.030615,1533287566360,7.500000,7.500000,7.500000,7.500000,7.500000,7.500000,7.500000,7.500000
1764424563.039414,1533296365909,7.500000,7.500000,7.500000,7.500000,7.500000,7.500000,7.500000,7.500000
1764424563.048265,1533305216209,7.500000,7.500000,7.500000,7.500000,7.500000,7.500000,7.500000,7.500000
1764424563.057112,1533314063591,7.500000,7.500000,7.500000,7.500000,7.500000,7.500000,7.500000,7.500000
1764424563.065940,1533322892016,7.500000,7.500000,7.500000,7.500000,7.500000,7.500000,7.500000,7.500000
1764424563.074768,1533331720149,7.500000,7.500000,7.500000,7.500000,7.500000,7.500000,7.500000,7.500000
1764424563.083577,1533340528740,7.500000,7.500000,7.500000,7.500000,7.500000,7.500000,7.500000,7.500000
1764424563.092378,1533349329748,7.500000,7.500000,7.500000,7.500000,7.500000,7.500000,7.500000,7.500000
1764424563.101186,1533358137464,7.500000,7.500000,7.500000,7.500000,7.500000,7.500000,7.500000,7.500000
1764424563.110010,1533366961513,7.500000,7.500000,7.500000,7.500000,7.500000,7.500000,7.500000,7.500000
1764424563.120950,1533377901596,7.500000,7.500000,7.500000,7.500000,7.500000,7.500000,7.500000,7.500000
1764424563.130008,1533386959853,7.500000,7.500000,7.500000,7.500000,7.500000,7.500000,7.500000,7.500000
1764424563.138802,1533395753570,7.500000,7.500000,7.500000,7.500000,7.500000,7.500000,7.500000,7.500000
1764424563.147621,1533404572952,7.500000,7.500000,7.500000,7.500000,7.500000,7.500000,7.500000,7.500000
1764424563.156639,1533413590376,7.500000,7.500000,7.500000,7.500000,7.500000,7.500000,7.500000,7.500000
1764424563.165507,1533422458467,7.500000,7.500000,7.500000,7.500000,7.500000,7.500000,7.500000,7.500000
1764424563.174337,1533431288350,7.500000,7.500000,7.500000,7.500000,7.500000,7.500000,7.500000,7.500000
1764424563.183141,1533440092566,7.500000,7.500000,7.500000,7.500000,7.500000,7.500000,7.500000,7.500000
1764424563.192057,1533449009074,7.500000,7.500000,7.500000,7.500000,7.500000,7.500000,7.500000,7.500000
1764424563.200898,1533457850040,7.500000,7.500000,7.500000,7.500000,7.500000,7.500000,7.500000,7.500000
1764424563.209717,1533466668256,7.500000,7.500000,7.500000,7.500000,7.500000,7.500000,7.500000,7.500000
1764424563.218525,1533475476847,7.500000,7.500000,7.500000,7.500000,7.500000,7.500000,7.500000,7.500000
1764424563.227315,1533484266480,7.500000,7.500000,7.500000,7.500000,7.500000,7.500000,7.500000,7.500000
1764424563.236128,1533493079446,7.500000,7.500000,7.500000,7.500000,7.500000,7.500000,7.500000,7.500000
1764424563.247067,1533504018362,7.500000,7.500000,7.500000,7.500000,7.500000,7.500000,7.500000,7.500000
1764424563.255874,1533512825787,7.500000,7.500000,7.500000,7.500000,7.500000,7.500000,7.500000,7.500000
1764424563.264676,1533521627670,7.500000,7.500000,7.500000,7.500000,7.500000,7.500000,7.500000,7.500000
1764424563.273482,1533530433928,7.500000,7.500000,7.500000,7.500000,7.500000,7.500000,7.500000,7.500000
1764424563.282299,1533539250977,7.500000,7.500000,7.500000,7.500000,7.500000,7.500000,7.500000,7.500000
1764424563.291125,1533548075902,7.500000,7.500000,7.500000,7.500000,7.500000,7.500000,7.500000,7.500000
1764424563.299932,1533556883326,7.500000,7.500000,7.500000,7.500000,7.500000,7.500000,7.500000,7.500000
1764424563.308736,1533565687542,7.500000,7.500000,7.500000,7.500000,7.500000,7.500000,7.500000,7.500000
1764424563.317540,1533574491759,7.500000,7.500000,7.500000,7.500000,7.500000,7.500000,7.500000,7.500000
1764424563.326849,1533583801140,7.500000,7.500000,7.500000,7.500000,7.500000,7.500000,7.500000,7.500000
1764424563.335908,1533592859396,7.500000,7.500000,7.500000,7.500000,7.500000,7.500000,7.500000,7.500000
1764424563.344746,1533601697154,7.500000,7.500000,7.500000,7.500000,7.500000,7.500000,7.500000,7.500000
1764424563.353589,1533610540454,7.500000,7.500000,7.500000,7.500000,7.500000,7.500000,7.500000,7.500000
1764424563.362344,1533619295670,7.500000,7.500000,7.500000,7.500000,7.500000,7.500000,7.500000,7.500000
1764424563.371106,1533628057595,7.500000,7.500000,7.500000,7.500000,7.500000,7.500000,7.500000,7.500000
1764424563.382050,1533639002053,7.500000,7.500000,7.500000,7.500000,7.500000,7.500000,7.500000,7.500000
1764424563.390861,1533647812977,7.500000,7.500000,7.500000,7.500000,7.500000,7.500000,7.500000,7.500000
1764424563.399690,1533656641985,7.500000,7.500000,7.500000,7.500000,7.500000,7.500000,7.500000,7.500000
1764424563.408838,1533665789492,7.500000,7.500000,7.500000,7.500000,7.500000,7.500000,7.500000,7.500000
1764424565.736255,1535993206684,7.500000,7.500000,7.500000,7.500000,7.500000,7.500000,7.500000,7.500000
1764424565.739026,1535995977798,7.500000,7.500000,7.500000,7.500000,7.500000,7.500000,7.500000,7.500000
1764424565.741602,1535998553788,7.500000,7.500000,7.500000,7.500000,7.500000,7.500000,7.500000,7.500000
1764424565.744080,1536001031487,7.500000,7.500000,7.500000,7.500000,7.500000,7.500000,7.500000,7.500000
1764424565.746620,1536003571894,7.500000,7.500000,7.500000,7.500000,7.500000,7.500000,7.500000,7.500000
1764424565.749162,1536006113468,7.500000,7.500000,7.500000,7.500000,7.500000,7.500000,7.500000,7.500000
1764424565.751572,1536008523792,7.500000,7.500000,7.500000,7.500000,7.500000,7.500000,7.500000,7.500000
1764424565.753962,1536010913408,7.500000,7.500000,7.500000,7.500000,7.500000,7.500000,7.500000,7.500000
1764424565.756516,1536013467814,7.500000,7.500000,7.500000,7.500000,7.500000,7.500000,7.500000,7.500000
1764424565.759059,1536016010555,7.500000,7.500000,7.500000,7.500000,7.500000,7.500000,7.500000,7.500000
1764424565.761474,1536018425837,7.500000,7.500000,7.500000,7.500000,7.500000,7.500000,7.500000,7.500000
1764424565.763867,1536020818370,7.500000,7.500000,7.500000,7.500000,7.500000,7.500000,7.500000,7.500000
1764424565.766279,1536023230152,7.500000,7.500000,7.500000,7.500000,7.500000,7.500000,7.500000,7.500000
1764424565.768669,1536025620643,7.500000,7.500000,7.500000,7.500000,7.500000,7.500000,7.500000,7.500000
1764424565.771058,1536028009675,7.500000,7.500000,7.500000,7.500000,7.500000,7.500000,7.500000,7.500000
1764424565.773448,1536030399291,7.500000,7.500000,7.500000,7.500000,7.500000,7.500000,7.500000,7.500000
1764424565.775836,1536032787740,7.500000,7.500000,7.500000,7.500000,7.500000,7.500000,7.500000,7.500000
1764424565.778225,1536035176773,7.500000,7.500000,7.500000,7.500000,7.500000,7.500000,7.500000,7.500000
1764424565.780634,1536037585347,7.500000,7.500000,7.500000,7.500000,7.500000,7.500000,7.500000,7.500000
1764424565.783077,1536040028338,7.500000,7.500000,7.500000,7.500000,7.500000,7.500000,7.500000,7.500000
1764424565.785494,1536042445370,7.500000,7.500000,7.500000,7.500000,7.500000,7.500000,7.500000,7.500000
1764424565.787745,1536044696445,7.500000,7.500000,7.500000,7.500000,7.500000,7.500000,7.500000,7.500000
1764424565.790137,1536047088394,7.500000,7.500000,7.500000,7.500000,7.500000,7.500000,7.500000,7.500000
1764424565.792526,1536049477718,7.500000,7.500000,7.500000,7.500000,7.500000,7.500000,7.500000,7.500000
1764424565.794917,1536051868209,7.500000,7.500000,7.500000,7.500000,7.500000,7.500000,7.500000,7.500000
1764424565.797315,1536054266283,7.500000,7.500000,7.500000,7.500000,7.500000,7.500000,7.500000,7.500000
1764424565.799710,1536056661440,7.500000,7.500000,7.500000,7.500000,7.500000,7.500000,7.500000,7.500000
1764424565.802099,1536059051056,7.500000,7.500000,7.500000,7.500000,7.500000,7.500000,7.500000,7.500000
1764424565.804489,1536061440672,7.500000,7.500000,7.500000,7.500000,7.500000,7.500000,7.500000,7.500000
1764424565.806879,1536063830580,7.500000,7.500000,7.500000,7.500000,7.500000,7.500000,7.500000,7.500000
1764424565.809275,1536066226320,7.500000,7.500000,7.500000,7.500000,7.500000,7.500000,7.500000,7.500000
1764424565.811664,1536068615353,7.500000,7.500000,7.500000,7.500000,7.500000,7.500000,7.500000,7.500000
1764424565.814266,1536071218176,7.500000,7.500000,7.500000,7.500000,7.500000,7.500000,7.500000,7.500000
1764424565.816730,1536073681583,7.500000,7.500000,7.500000,7.500000,7.500000,7.500000,7.500000,7.500000
1764424565.819194,1536076145282,7.500000,7.500000,7.500000,7.500000,7.500000,7.500000,7.500000,7.500000
1764424565.821667,1536078618898,7.500000,7.500000,7.500000,7.500000,7.500000,7.500000,7.500000,7.500000
1764424565.824111,1536081062472,7.500000,7.500000,7.500000,7.500000,7.500000,7.500000,7.500000,7.500000
1764424565.826588,1536083539004,7.500000,7.500000,7.500000,7.500000,7.500000,7.500000,7.500000,7.500000
1764424565.828987,1536085937953,7.500000,7.500000,7.500000,7.500000,7.500000,7.500000,7.500000,7.500000
1764424565.831382,1536088333694,7.500000,7.500000,7.500000,7.500000,7.500000,7.500000,7.500000,7.500000
1764424565.833779,1536090730601,7.500000,7.500000,7.500000,7.500000,7.500000,7.500000,7.500000,7.500000
1764424565.836183,1536093133925,7.500000,7.500000,7.500000,7.500000,7.500000,7.500000,7.500000,7.500000
1764424565.838578,1536095529958,7.500000,7.500000,7.500000,7.500000,7.500000,7.500000,7.500000,7.500000
1764424565.840975,1536097926282,7.500000,7.500000,7.500000,7.500000,7.500000,7.500000,7.500000,7.500000
1764424565.843372,1536100323773,7.500000,7.500000,7.500000,7.500000,7.500000,7.500000,7.500000,7.500000
1764424565.845767,1536102719222,7.500000,7.500000,7.500000,7.500000,7.500000,7.500000,7.500000,7.500000
1764424565.848170,1536105121671,7.500000,7.500000,7.500000,7.500000,7.500000,7.500000,7.500000,7.500000
1764424565.850567,1536107517995,7.500000,7.500000,7.500000,7.500000,7.500000,7.500000,7.500000,7.500000
1764424565.852976,1536109927736,7.500000,7.500000,7.500000,7.500000,7.500000,7.500000,7.500000,7.500000
1764424565.855365,1536112316477,7.500000,7.500000,7.500000,7.500000,7.500000,7.500000,7.500000,7.500000
1764424565.857766,1536114717176,7.500000,7.500000,7.500000,7.500000,7.500000,7.500000,7.500000,7.500000
1764424565.860166,1536117117292,7.500000,7.500000,7.500000,7.500000,7.500000,7.500000,7.500000,7.500000
1764424565.862560,1536119511282,7.500000,7.500000,7.500000,7.500000,7.500000,7.500000,7.500000,7.500000
1764424565.864956,1536121907898,7.500000,7.500000,7.500000,7.500000,7.500000,7.500000,7.500000,7.500000
1764424565.867352,1536124303931,7.500000,7.500000,7.500000,7.500000,7.500000,7.500000,7.500000,7.500000
1764424565.869766,1536126717755,7.500000,7.500000,7.500000,7.500000,7.500000,7.500000,7.500000,7.500000
1764424565.872156,1536129107371,7.500000,7.500000,7.500000,7.500000,7.500000,7.500000,7.500000,7.500000
1764424565.874553,1536131504570,7.500000,7.500000,7.500000,7.500000,7.500000,7.500000,7.500000,7.500000
1764424565.876950,1536133901186,7.500000,7.500000,7.500000,7.500000,7.500000,7.500000,7.500000,7.500000
1764424565.879355,1536136306260,7.500000,7.500000,7.500000,7.500000,7.500000,7.500000,7.500000,7.500000
1764424565.881754,1536138705209,7.500000,7.500000,7.500000,7.500000,7.500000,7.500000,7.500000,7.500000
1764424565.884152,1536141103575,7.500000,7.500000,7.500000,7.500000,7.500000,7.500000,7.500000,7.500000
1764424565.886549,1536143500190,7.500000,7.500000,7.500000,7.500000,7.500000,7.500000,7.500000,7.500000
1764424565.888942,1536145893306,7.500000,7.500000,7.500000,7.500000,7.500000,7.500000,7.500000,7.500000
1764424565.891349,1536148300422,7.500000,7.500000,7.500000,7.500000,7.500000,7.500000,7.500000,7.500000
1764424565.893747,1536150698496,7.500000,7.500000,7.500000,7.500000,7.500000,7.500000,7.500000,7.500000
1764424565.896140,1536153091612,7.500000,7.500000,7.500000,7.500000,7.500000,7.500000,7.500000,7.500000
1764424565.898535,1536155486769,7.500000,7.500000,7.500000,7.500000,7.500000,7.500000,7.500000,7.500000
1764424565.900896,1536157847510,7.500000,7.500000,7.500000,7.500000,7.500000,7.500000,7.500000,7.500000
1764424565.903295,1536160245876,7.500000,7.500000,7.500000,7.500000,7.500000,7.500000,7.500000,7.500000
1764424565.905689,1536162640159,7.500000,7.500000,7.500000,7.500000,7.500000,7.500000,7.500000,7.500000
1764424565.908086,1536165037358,7.500000,7.500000,7.500000,7.500000,7.500000,7.500000,7.500000,7.500000
1764424565.910484,1536167435724,7.500000,7.500000,7.500000,7.500000,7.500000,7.500000,7.500000,7.500000
1764424565.912887,1536169838464,7.500000,7.500000,7.500000,7.500000,7.500000,7.500000,7.500000,7.500000
1764424565.915292,1536172243830,7.500000,7.500000,7.500000,7.500000,7.500000,7.500000,7.500000,7.500000
1764424565.917689,1536174641029,7.500000,7.500000,7.500000,7.500000,7.500000,7.500000,7.500000,7.500000
1764424565.920087,1536177039103,7.500000,7.500000,7.500000,7.500000,7.500000,7.500000,7.500000,7.500000
1764424565.922863,1536179814301,7.500000,7.500000,7.500000,7.500000,7.500000,7.500000,7.500000,7.500000
1764424565.925263,1536182214417,7.500000,7.500000,7.500000,7.500000,7.500000,7.500000,7.500000,7.500000
1764424565.927662,1536184613074,7.500000,7.500000,7.500000,7.500000,7.500000,7.500000,7.500000,7.500000
1764424565.930081,1536187032732,7.500000,7.500000,7.500000,7.500000,7.500000,7.500000,7.500000,7.500000
1764424565.932512,1536189463472,7.500000,7.500000,7.500000,7.500000,7.500000,7.500000,7.500000,7.500000
1764424565.934923,1536191874671,7.500000,7.500000,7.500000,7.500000,7.500000,7.500000,7.500000,7.500000
1764424565.937323,1536194275079,7.500000,7.500000,7.500000,7.500000,7.500000,7.500000,7.500000,7.500000
1764424565.939734,1536196685111,7.500000,7.500000,7.500000,7.500000,7.500000,7.500000,7.500000,7.500000
1764424565.942126,1536199077352,7.500000,7.500000,7.500000,7.500000,7.500000,7.500000,7.500000,7.500000
1764424565.944532,1536201483593,7.500000,7.500000,7.500000,7.500000,7.500000,7.500000,7.500000,7.500000
1764424565.947187,1536204138624,7.500000,7.500000,7.500000,7.500000,7.500000,7.500000,7.500000,7.500000
1764424565.949605,1536206555948,7.500000,7.500000,7.500000,7.500000,7.500000,7.500000,7.500000,7.500000
1764424565.951997,1536208948773,7.500000,7.500000,7.500000,7.500000,7.500000,7.500000,7.500000,7.500000
1764424565.954404,1536211355888,7.500000,7.500000,7.500000,7.500000,7.500000,7.500000,7.500000,7.500000
1764424565.956803,1536213755129,7.500000,7.500000,7.500000,7.500000,7.500000,7.500000,7.500000,7.500000
1764424565.959200,1536216151453,7.500000,7.500000,7.500000,7.500000,7.500000,7.500000,7.500000,7.500000
1764424565.961597,1536218549236,7.500000,7.500000,7.500000,7.500000,7.500000,7.500000,7.500000,7.500000
1764424565.963996,1536220947601,7.500000,7.500000,7.500000,7.500000,7.500000,7.500000,7.500000,7.500000
1764424565.966413,1536223365217,7.500000,7.500000,7.500000,7.500000,7.500000,7.500000,7.500000,7.500000
1764424565.968810,1536225761541,7.500000,7.500000,7.500000,7.500000,7.500000,7.500000,7.500000,7.500000
1764424565.971212,1536228163699,7.500000,7.500000,7.500000,7.500000,7.500000,7.500000,7.500000,7.500000
1764424565.973611,1536230562356,7.500000,7.500000,7.500000,7.500000,7.500000,7.500000,7.500000,7.500000
1764424565.976014,1536232965680,7.500000,7.500000,7.500000,7.500000,7.500000,7.500000,7.500000,7.500000
1764424565.978412,1536235363463,7.500000,7.500000,7.500000,7.500000,7.500000,7.500000,7.500000,7.500000
1764424565.980809,1536237760370,7.500000,7.500000,7.500000,7.500000,7.500000,7.500000,7.500000,7.500000
1764424565.983189,1536240140361,7.500000,7.500000,7.500000,7.500000,7.500000,7.500000,7.500000,7.500000
1764424565.985588,1536242539602,7.500000,7.500000,7.500000,7.500000,7.500000,7.500000,7.500000,7.500000
1764424565.987991,1536244942634,7.500000,7.500000,7.500000,7.500000,7.500000,7.500000,7.500000,7.500000
1764424565.990393,1536247343917,7.500000,7.500000,7.500000,7.500000,7.500000,7.500000,7.500000,7.500000
1764424565.992790,1536249740824,7.500000,7.500000,7.500000,7.500000,7.500000,7.500000,7.500000,7.500000
1764424565.995188,1536252139190,7.500000,7.500000,7.500000,7.500000,7.500000,7.500000,7.500000,7.500000
1764424565.997560,1536254511306,7.500000,7.500000,7.500000,7.500000,7.500000,7.500000,7.500000,7.500000
1764424565.999958,1536256909380,7.500000,7.500000,7.500000,7.500000,7.500000,7.500000,7.500000,7.500000
1764424566.002354,1536259305996,7.500000,7.500000,7.500000,7.500000,7.500000,7.500000,7.500000,7.500000
1764424566.004754,1536261705237,7.500000,7.500000,7.500000,7.500000,7.500000,7.500000,7.500000,7.500000
1764424566.007152,1536264104186,7.500000,7.500000,7.500000,7.500000,7.500000,7.500000,7.500000,7.500000
1764424566.009556,1536266507510,7.500000,7.500000,7.500000,7.500000,7.500000,7.500000,7.500000,7.500000
1764424566.011963,1536268914042,7.500000,7.500000,7.500000,7.500000,7.500000,7.500000,7.500000,7.500000
1764424566.014360,1536271311533,7.500000,7.500000,7.500000,7.500000,7.500000,7.500000,7.500000,7.500000
1764424566.016759,1536273711066,7.500000,7.500000,7.500000,7.500000,7.500000,7.500000,7.500000,7.500000
1764424566.019162,1536276114098,7.500000,7.500000,7.500000,7.500000,7.500000,7.500000,7.500000,7.500000
1764424566.021563,1536278514797,7.500000,7.500000,7.500000,7.500000,7.500000,7.500000,7.500000,7.500000
1764424566.023962,1536280913455,7.500000,7.500000,7.500000,7.500000,7.500000,7.500000,7.500000,7.500000
1764424566.026372,1536283323779,7.500000,7.500000,7.500000,7.500000,7.500000,7.500000,7.500000,7.500000
1764424566.028762,1536285713395,7.500000,7.500000,7.500000,7.500000,7.500000,7.500000,7.500000,7.500000
1764424566.031160,1536288112052,7.500000,7.500000,7.500000,7.500000,7.500000,7.500000,7.500000,7.500000
1764424566.033560,1536290511876,7.500000,7.500000,7.500000,7.500000,7.500000,7.500000,7.500000,7.500000
1764424566.035958,1536292909367,7.500000,7.500000,7.500000,7.500000,7.500000,7.500000,7.500000,7.500000
1764424566.038358,1536295309774,7.500000,7.500000,7.500000,7.500000,7.500000,7.500000,7.500000,7.500000
1764424566.040766,1536297718057,7.500000,7.500000,7.500000,7.500000,7.500000,7.500000,7.500000,7.500000
1764424566.043158,1536300109714,7.500000,7.500000,7.500000,7.500000,7.500000,7.500000,7.500000,7.500000
1764424566.045556,1536302507497,7.500000,7.500000,7.500000,7.500000,7.500000,7.500000,7.500000,7.500000
1764424566.047954,1536304905279,7.500000,7.500000,7.500000,7.500000,7.500000,7.500000,7.500000,7.500000
1764424566.050353,1536307303937,7.500000,7.500000,7.500000,7.500000,7.500000,7.500000,7.500000,7.500000
1764424566.052755,1536309706386,7.500000,7.500000,7.500000,7.500000,7.500000,7.500000,7.500000,7.500000
1764424566.055152,1536312103293,7.500000,7.500000,7.500000,7.500000,7.500000,7.500000,7.500000,7.500000
1764424566.057552,1536314503409,7.500000,7.500000,7.500000,7.500000,7.500000,7.500000,7.500000,7.500000
1764424566.059950,1536316902067,7.500000,7.500000,7.500000,7.500000,7.500000,7.500000,7.500000,7.500000
1764424566.062352,1536319303641,7.500000,7.500000,7.500000,7.500000,7.500000,7.500000,7.500000,7.500000
1764424566.064749,1536321700548,7.500000,7.500000,7.500000,7.500000,7.500000,7.500000,7.500000,7.500000
1764424566.067147,1536324098039,7.500000,7.500000,7.500000,7.500000,7.500000,7.500000,7.500000,7.500000
1764424566.069542,1536326493488,7.500000,7.500000,7.500000,7.500000,7.500000,7.500000,7.500000,7.500000
1764424566.071948,1536328899729,7.500000,7.500000,7.500000,7.500000,7.500000,7.500000,7.500000,7.500000
1764424566.074357,1536331308011,7.500000,7.500000,7.500000,7.500000,7.500000,7.500000,7.500000,7.500000
1764424566.076756,1536333707835,7.500000,7.500000,7.500000,7.500000,7.500000,7.500000,7.500000,7.500000
1764424566.079152,1536336103285,7.500000,7.500000,7.500000,7.500000,7.500000,7.500000,7.500000,7.500000
1764424566.081548,1536338499900,7.500000,7.500000,7.500000,7.500000,7.500000,7.500000,7.500000,7.500000
1764424566.083954,1536340905849,7.500000,7.500000,7.500000,7.500000,7.500000,7.500000,7.500000,7.500000
1764424566.086365,1536343316173,7.500000,7.500000,7.500000,7.500000,7.500000,7.500000,7.500000,7.500000
1764424566.088754,1536345705789,7.500000,7.500000,7.500000,7.500000,7.500000,7.500000,7.500000,7.500000
1764424566.091156,1536348106780,7.500000,7.500000,7.500000,7.500000,7.500000,7.500000,7.500000,7.500000
1764424566.093555,1536350506896,7.500000,7.500000,7.500000,7.500000,7.500000,7.500000,7.500000,7.500000
1764424566.095958,1536352909928,7.500000,7.500000,7.500000,7.500000,7.500000,7.500000,7.500000,7.500000
1764424566.098357,1536355308586,7.500000,7.500000,7.500000,7.500000,7.500000,7.500000,7.500000,7.500000
1764424566.100756,1536357707535,7.500000,7.500000,7.500000,7.500000,7.500000,7.500000,7.500000,7.500000
1764424566.103159,1536360110276,7.500000,7.500000,7.500000,7.500000,7.500000,7.500000,7.500000,7.500000
1764424566.105561,1536362512433,7.500000,7.500000,7.500000,7.500000,7.500000,7.500000,7.500000,7.500000
1764424566.107959,1536364910507,7.500000,7.500000,7.500000,7.500000,7.500000,7.500000,7.500000,7.500000
1764424566.110357,1536367308290,7.500000,7.500000,7.500000,7.500000,7.500000,7.500000,7.500000,7.500000
1764424566.112841,1536369792989,7.500000,7.500000,7.500000,7.500000,7.500000,7.500000,7.500000,7.500000
1764424566.115239,1536372190479,7.500000,7.500000,7.500000,7.500000,7.500000,7.500000,7.500000,7.500000
1764424566.117639,1536374590887,7.500000,7.500000,7.500000,7.500000,7.500000,7.500000,7.500000,7.500000
1764424566.120059,1536377010544,7.500000,7.500000,7.500000,7.500000,7.500000,7.500000,7.500000,7.500000
1764424566.122450,1536379401327,7.500000,7.500000,7.500000,7.500000,7.500000,7.500000,7.500000,7.500000
1764424566.124847,1536381798526,7.500000,7.500000,7.500000,7.500000,7.500000,7.500000,7.500000,7.500000
1764424566.127251,1536384203017,7.500000,7.500000,7.500000,7.500000,7.500000,7.500000,7.500000,7.500000
1764424566.129670,1536386620924,7.500000,7.500000,7.500000,7.500000,7.500000,7.500000,7.500000,7.500000
1764424566.132060,1536389011415,7.500000,7.500000,7.500000,7.500000,7.500000,7.500000,7.500000,7.500000
1764424566.134458,1536391410072,7.500000,7.500000,7.500000,7.500000,7.500000,7.500000,7.500000,7.500000
1764424566.136857,1536393808146,7.500000,7.500000,7.500000,7.500000,7.500000,7.500000,7.500000,7.500000
1764424566.139261,1536396212345,7.500000,7.500000,7.500000,7.500000,7.500000,7.500000,7.500000,7.500000
1764424566.141659,1536398610128,7.500000,7.500000,7.500000,7.500000,7.500000,7.500000,7.500000,7.500000
1764424566.144057,1536401007910,7.500000,7.500000,7.500000,7.500000,7.500000,7.500000,7.500000,7.500000
1764424566.146463,1536403414735,7.500000,7.500000,7.500000,7.500000,7.500000,7.500000,7.500000,7.500000
1764424566.148861,1536405812225,7.500000,7.500000,7.500000,7.500000,7.500000,7.500000,7.500000,7.500000
1764424566.151258,1536408210008,7.500000,7.500000,7.500000,7.500000,7.500000,7.500000,7.500000,7.500000
1764424566.153656,1536410607499,7.500000,7.500000,7.500000,7.500000,7.500000,7.500000,7.500000,7.500000
1764424566.156050,1536413002073,7.500000,7.500000,7.500000,7.500000,7.500000,7.500000,7.500000,7.500000
1764424566.158447,1536415398980,7.500000,7.500000,7.500000,7.500000,7.500000,7.500000,7.500000,7.500000
1764424566.160849,1536417800846,7.500000,7.500000,7.500000,7.500000,7.500000,7.500000,7.500000,7.500000
1764424566.163246,1536420197753,7.500000,7.500000,7.500000,7.500000,7.500000,7.500000,7.500000,7.500000
1764424566.165642,1536422593494,7.500000,7.500000,7.500000,7.500000,7.500000,7.500000,7.500000,7.500000
1764424566.168039,1536424990985,7.500000,7.500000,7.500000,7.500000,7.500000,7.500000,7.500000,7.500000
1764424566.170445,1536427396642,7.500000,7.500000,7.500000,7.500000,7.500000,7.500000,7.500000,7.500000
1764424566.172841,1536429792383,7.500000,7.500000,7.500000,7.500000,7.500000,7.500000,7.500000,7.500000
1764424566.175235,1536432186374,7.500000,7.500000,7.500000,7.500000,7.500000,7.500000,7.500000,7.500000
1764424566.177631,1536434582990,7.500000,7.500000,7.500000,7.500000,7.500000,7.500000,7.500000,7.500000
1764424566.180032,1536436983106,7.500000,7.500000,7.500000,7.500000,7.500000,7.500000,7.500000,7.500000
1764424566.182435,1536439386138,7.500000,7.500000,7.500000,7.500000,7.500000,7.500000,7.500000,7.500000
1764424566.184833,1536441784504,7.500000,7.500000,7.500000,7.500000,7.500000,7.500000,7.500000,7.500000
1764424566.187231,1536444182870,7.500000,7.500000,7.500000,7.500000,7.500000,7.500000,7.500000,7.500000
1764424566.189641,1536446592610,7.500000,7.500000,7.500000,7.500000,7.500000,7.500000,7.500000,7.500000
1764424566.192038,1536448989226,7.500000,7.500000,7.500000,7.500000,7.500000,7.500000,7.500000,7.500000
1764424566.194437,1536451388467,7.500000,7.500000,7.500000,7.500000,7.500000,7.500000,7.500000,7.500000
1764424566.196835,1536453787125,7.500000,7.500000,7.500000,7.500000,7.500000,7.500000,7.500000,7.500000
1764424566.199234,1536456185782,7.500000,7.500000,7.500000,7.500000,7.500000,7.500000,7.500000,7.500000
1764424566.201632,1536458583273,7.500000,7.500000,7.500000,7.500000,7.500000,7.500000,7.500000,7.500000
1764424566.204035,1536460986597,7.500000,7.500000,7.500000,7.500000,7.500000,7.500000,7.500000,7.500000
1764424566.206457,1536463408879,7.500000,7.500000,7.500000,7.500000,7.500000,7.500000,7.500000,7.500000
1764424566.208847,1536465798787,7.500000,7.500000,7.500000,7.500000,7.500000,7.500000,7.500000,7.500000
1764424566.211245,1536468196569,7.500000,7.500000,7.500000,7.500000,7.500000,7.500000,7.500000,7.500000
1764424566.213650,1536470601352,7.500000,7.500000,7.500000,7.500000,7.500000,7.500000,7.500000,7.500000
1764424566.216047,1536472998259,7.500000,7.500000,7.500000,7.500000,7.500000,7.500000,7.500000,7.500000
1764424566.218445,1536475396333,7.500000,7.500000,7.500000,7.500000,7.500000,7.500000,7.500000,7.500000
1764424566.220841,1536477792949,7.500000,7.500000,7.500000,7.500000,7.500000,7.500000,7.500000,7.500000
1764424566.223239,1536480190732,7.500000,7.500000,7.500000,7.500000,7.500000,7.500000,7.500000,7.500000
1764424566.225641,1536482593181,7.500000,7.500000,7.500000,7.500000,7.500000,7.500000,7.500000,7.500000
1764424566.228038,1536484989796,7.500000,7.500000,7.500000,7.500000,7.500000,7.500000,7.500000,7.500000
1764424566.230436,1536487386996,7.500000,7.500000,7.500000,7.500000,7.500000,7.500000,7.500000,7.500000
1764424566.232831,1536489782445,7.500000,7.500000,7.500000,7.500000,7.500000,7.500000,7.500000,7.500000
1764424566.235233,1536492184894,7.500000,7.500000,7.500000,7.500000,7.500000,7.500000,7.500000,7.500000
1764424566.237632,1536494583260,7.500000,7.500000,7.500000,7.500000,7.500000,7.500000,7.500000,7.500000
1764424566.240029,1536496980750,7.500000,7.500000,7.500000,7.500000,7.500000,7.500000,7.500000,7.500000
1764424566.242424,1536499376200,7.500000,7.500000,7.500000,7.500000,7.500000,7.500000,7.500000,7.500000
1764424566.244822,1536501772815,7.500000,7.500000,7.500000,7.500000,7.500000,7.500000,7.500000,7.500000
1764424566.247226,1536504177889,7.500000,7.500000,7.500000,7.500000,7.500000,7.500000,7.500000,7.500000
1764424566.249633,1536506584714,7.500000,7.500000,7.500000,7.500000,7.500000,7.500000,7.500000,7.500000
1764424566.252023,1536508975204,7.500000,7.500000,7.500000,7.500000,7.500000,7.500000,7.500000,7.500000
1764424566.254421,1536511371820,7.500000,7.500000,7.500000,7.500000,7.500000,7.500000,7.500000,7.500000
1764424566.256819,1536513770769,7.500000,7.500000,7.500000,7.500000,7.500000,7.500000,7.500000,7.500000
1764424566.259215,1536516166510,7.500000,7.500000,7.500000,7.500000,7.500000,7.500000,7.500000,7.500000
1764424566.261614,1536518566043,7.500000,7.500000,7.500000,7.500000,7.500000,7.500000,7.500000,7.500000
1764424566.264012,1536520963533,7.500000,7.500000,7.500000,7.500000,7.500000,7.500000,7.500000,7.500000
1764424566.266420,1536523372107,7.500000,7.500000,7.500000,7.500000,7.500000,7.500000,7.500000,7.500000
1764424566.268816,1536525767265,7.500000,7.500000,7.500000,7.500000,7.500000,7.500000,7.500000,7.500000
1764424566.271214,1536528166214,7.500000,7.500000,7.500000,7.500000,7.500000,7.500000,7.500000,7.500000
1764424566.273613,1536530564872,7.500000,7.500000,7.500000,7.500000,7.500000,7.500000,7.500000,7.500000
1764424566.276011,1536532962946,7.500000,7.500000,7.500000,7.500000,7.500000,7.500000,7.500000,7.500000
1764424566.278415,1536535367145,7.500000,7.500000,7.500000,7.500000,7.500000,7.500000,7.500000,7.500000
1764424566.280816,1536537768136,7.500000,7.500000,7.500000,7.500000,7.500000,7.500000,7.500000,7.500000
1764424566.283216,1536540167376,7.500000,7.500000,7.500000,7.500000,7.500000,7.500000,7.500000,7.500000
1764424566.285612,1536542563992,7.500000,7.500000,7.500000,7.500000,7.500000,7.500000,7.500000,7.500000
1764424566.288011,1536544961775,7.500000,7.500000,7.500000,7.500000,7.500000,7.500000,7.500000,7.500000
1764424566.290417,1536547368307,7.500000,7.500000,7.500000,7.500000,7.500000,7.500000,7.500000,7.500000
1764424566.292813,1536549764923,7.500000,7.500000,7.500000,7.500000,7.500000,7.500000,7.500000,7.500000
1764424566.295212,1536552162997,7.500000,7.500000,7.500000,7.500000,7.500000,7.500000,7.500000,7.500000
1764424566.297610,1536554561071,7.500000,7.500000,7.500000,7.500000,7.500000,7.500000,7.500000,7.500000
1764424566.300015,1536556967020,7.500000,7.500000,7.500000,7.500000,7.500000,7.500000,7.500000,7.500000
1764424566.302469,1536559420511,7.500000,7.500000,7.500000,7.500000,7.500000,7.500000,7.500000,7.500000
1764424566.304868,1536561820043,7.500000,7.500000,7.500000,7.500000,7.500000,7.500000,7.500000,7.500000
1764424566.307268,1536564219867,7.500000,7.500000,7.500000,7.500000,7.500000,7.500000,7.500000,7.500000
1764424566.309680,1536566631358,7.500000,7.500000,7.500000,7.500000,7.500000,7.500000,7.500000,7.500000
1764424566.312078,1536569030016,7.500000,7.500000,7.500000,7.500000,7.500000,7.500000,7.500000,7.500000
1764424566.314477,1536571428381,7.500000,7.500000,7.500000,7.500000,7.500000,7.500000,7.500000,7.500000
1764424566.316876,1536573827622,7.500000,7.500000,7.500000,7.500000,7.500000,7.500000,7.500000,7.500000
1764424566.319273,1536576224238,7.500000,7.500000,7.500000,7.500000,7.500000,7.500000,7.500000,7.500000
1764424566.321677,1536578628729,7.500000,7.500000,7.500000,7.500000,7.500000,7.500000,7.500000,7.500000
1764424566.324077,1536581027969,7.500000,7.500000,7.500000,7.500000,7.500000,7.500000,7.500000,7.500000
1764424566.326482,1536583433335,7.500000,7.500000,7.500000,7.500000,7.500000,7.500000,7.500000,7.500000
1764424566.328879,1536585830534,7.500000,7.500000,7.500000,7.500000,7.500000,7.500000,7.500000,7.500000
1764424566.331277,1536588228900,7.500000,7.500000,7.500000,7.500000,7.500000,7.500000,7.500000,7.500000
1764424566.333683,1536590634266,7.500000,7.500000,7.500000,7.500000,7.500000,7.500000,7.500000,7.500000
1764424566.336079,1536593030007,7.500000,7.500000,7.500000,7.500000,7.500000,7.500000,7.500000,7.500000
1764424566.338477,1536595428373,7.500000,7.500000,7.500000,7.500000,7.500000,7.500000,7.500000,7.500000
1764424566.340883,1536597834030,7.500000,7.500000,7.500000,7.500000,7.500000,7.500000,7.500000,7.500000
1764424566.343288,1536600239396,7.500000,7.500000,7.500000,7.500000,7.500000,7.500000,7.500000,7.500000
1764424566.345685,1536602636012,7.500000,7.500000,7.500000,7.500000,7.500000,7.500000,7.500000,7.500000
1764424566.348083,1536605034377,7.500000,7.500000,7.500000,7.500000,7.500000,7.500000,7.500000,7.500000
1764424566.350482,1536607433035,7.500000,7.500000,7.500000,7.500000,7.500000,7.500000,7.500000,7.500000
1764424566.352880,1536609831984,7.500000,7.500000,7.500000,7.500000,7.500000,7.500000,7.500000,7.500000
1764424566.355291,1536612242600,7.500000,7.500000,7.500000,7.500000,7.500000,7.500000,7.500000,7.500000
1764424566.357689,1536614640674,7.500000,7.500000,7.500000,7.500000,7.500000,7.500000,7.500000,7.500000
1764424566.360087,1536617038748,7.500000,7.500000,7.500000,7.500000,7.500000,7.500000,7.500000,7.500000
1764424566.362483,1536619434780,7.500000,7.500000,7.500000,7.500000,7.500000,7.500000,7.500000,7.500000
1764424566.364887,1536621838980,7.500000,7.500000,7.500000,7.500000,7.500000,7.500000,7.500000,7.500000
1764424566.367286,1536624237929,7.500000,7.500000,7.500000,7.500000,7.500000,7.500000,7.500000,7.500000
1764424566.369696,1536626647961,7.500000,7.500000,7.500000,7.500000,7.500000,7.500000,7.500000,7.500000
1764424566.372087,1536629039035,7.500000,7.500000,7.500000,7.500000,7.500000,7.500000,7.500000,7.500000
1764424566.374485,1536631437109,7.500000,7.500000,7.500000,7.500000,7.500000,7.500000,7.500000,7.500000
1764424566.376890,1536633841600,7.500000,7.500000,7.500000,7.500000,7.500000,7.500000,7.500000,7.500000
1764424566.379287,1536636238216,7.500000,7.500000,7.500000,7.500000,7.500000,7.500000,7.500000,7.500000
1764424566.381686,1536638637165,7.500000,7.500000,7.500000,7.500000,7.500000,7.500000,7.500000,7.500000
1764424566.384085,1536641036406,7.500000,7.500000,7.500000,7.500000,7.500000,7.500000,7.500000,7.500000
1764424566.386500,1536643451688,7.500000,7.500000,7.500000,7.500000,7.500000,7.500000,7.500000,7.500000
1764424566.388898,1536645849179,7.500000,7.500000,7.500000,7.500000,7.500000,7.500000,7.500000,7.500000
1764424566.391296,1536648247545,7.500000,7.500000,7.500000,7.500000,7.500000,7.500000,7.500000,7.500000
1764424566.393694,1536650645911,7.500000,7.500000,7.500000,7.500000,7.500000,7.500000,7.500000,7.500000
1764424566.396089,1536653041068,7.500000,7.500000,7.500000,7.500000,7.500000,7.500000,7.500000,7.500000
1764424566.398488,1536655439142,7.500000,7.500000,7.500000,7.500000,7.500000,7.500000,7.500000,7.500000
1764424566.400886,1536657837800,7.500000,7.500000,7.500000,7.500000,7.500000,7.500000,7.500000,7.500000
1764424566.403283,1536660234415,7.500000,7.500000,7.500000,7.500000,7.500000,7.500000,7.500000,7.500000
1764424566.405678,1536662629865,7.500000,7.500000,7.500000,7.500000,7.500000,7.500000,7.500000,7.500000
1764424566.408081,1536665032314,7.500000,7.500000,7.500000,7.500000,7.500000,7.500000,7.500000,7.500000
1764424566.410478,1536667429805,7.500000,7.500000,7.500000,7.500000,7.500000,7.500000,7.500000,7.500000
1764424566.412873,1536669824670,7.500000,7.500000,7.500000,7.500000,7.500000,7.500000,7.500000,7.500000
1764424566.415279,1536672230619,7.500000,7.500000,7.500000,7.500000,7.500000,7.500000,7.500000,7.500000
1764424566.417682,1536674634235,7.500000,7.500000,7.500000,7.500000,7.500000,7.500000,7.500000,7.500000
1764424566.420084,1536677035226,7.500000,7.500000,7.500000,7.500000,7.500000,7.500000,7.500000,7.500000
1764424566.422480,1536679430967,7.500000,7.500000,7.500000,7.500000,7.500000,7.500000,7.500000,7.500000
1764424566.424877,1536681828749,7.500000,7.500000,7.500000,7.500000,7.500000,7.500000,7.500000,7.500000
1764424566.427275,1536684226532,7.500000,7.500000,7.500000,7.500000,7.500000,7.500000,7.500000,7.500000
1764424566.429693,1536686644147,7.500000,7.500000,7.500000,7.500000,7.500000,7.500000,7.500000,7.500000
1764424566.432082,1536689033763,7.500000,7.500000,7.500000,7.500000,7.500000,7.500000,7.500000,7.500000
1764424566.434478,1536691429504,7.500000,7.500000,7.500000,7.500000,7.500000,7.500000,7.500000,7.500000
1764424566.436876,1536693827578,7.500000,7.500000,7.500000,7.500000,7.500000,7.500000,7.500000,7.500000
1764424566.439277,1536696228569,7.500000,7.500000,7.500000,7.500000,7.500000,7.500000,7.500000,7.500000
1764424566.441674,1536698625768,7.500000,7.500000,7.500000,7.500000,7.500000,7.500000,7.500000,7.500000
1764424566.444072,1536701023259,7.500000,7.500000,7.500000,7.500000,7.500000,7.500000,7.500000,7.500000
1764424566.446477,1536703428625,7.500000,7.500000,7.500000,7.500000,7.500000,7.500000,7.500000,7.500000
1764424566.448866,1536705817366,7.500000,7.500000,7.500000,7.500000,7.500000,7.500000,7.500000,7.500000
1764424566.451270,1536708221273,7.500000,7.500000,7.500000,7.500000,7.500000,7.500000,7.500000,7.500000
1764424566.453668,1536710619347,7.500000,7.500000,7.500000,7.500000,7.500000,7.500000,7.500000,7.500000
1764424566.456062,1536713013921,7.500000,7.500000,7.500000,7.500000,7.500000,7.500000,7.500000,7.500000
1764424566.458459,1536715411120,7.500000,7.500000,7.500000,7.500000,7.500000,7.500000,7.500000,7.500000
1764424566.460863,1536717814736,7.500000,7.500000,7.500000,7.500000,7.500000,7.500000,7.500000,7.500000
1764424566.463260,1536720211935,7.500000,7.500000,7.500000,7.500000,7.500000,7.500000,7.500000,7.500000
1764424566.465655,1536722606218,7.500000,7.500000,7.500000,7.500000,7.500000,7.500000,7.500000,7.500000
1764424566.468050,1536725001959,7.500000,7.500000,7.500000,7.500000,7.500000,7.500000,7.500000,7.500000
1764424566.470448,1536727399449,7.500000,7.500000,7.500000,7.500000,7.500000,7.500000,7.500000,7.500000
1764424566.472850,1536729801023,7.500000,7.500000,7.500000,7.500000,7.500000,7.500000,7.500000,7.500000
1764424566.475245,1536732197056,7.500000,7.500000,7.500000,7.500000,7.500000,7.500000,7.500000,7.500000
1764424566.477641,1536734592213,7.500000,7.500000,7.500000,7.500000,7.500000,7.500000,7.500000,7.500000
1764424566.480038,1536736989704,7.500000,7.500000,7.500000,7.500000,7.500000,7.500000,7.500000,7.500000
1764424566.482439,1536739390695,7.500000,7.500000,7.500000,7.500000,7.500000,7.500000,7.500000,7.500000
1764424566.484835,1536741787019,7.500000,7.500000,7.500000,7.500000,7.500000,7.500000,7.500000,7.500000
1764424566.487234,1536744185677,7.500000,7.500000,7.500000,7.500000,7.500000,7.500000,7.500000,7.500000
1764424566.489645,1536746596584,7.500000,7.500000,7.500000,7.500000,7.500000,7.500000,7.500000,7.500000
1764424566.492085,1536749036366,7.500000,7.500000,7.500000,7.500000,7.500000,7.500000,7.500000,7.500000
1764424566.494493,1536751444940,7.500000,7.500000,7.500000,7.500000,7.500000,7.500000,7.500000,7.500000
1764424566.496893,1536753844765,7.500000,7.500000,7.500000,7.500000,7.500000,7.500000,7.500000,7.500000
1764424566.499289,1536756241089,7.500000,7.500000,7.500000,7.500000,7.500000,7.500000,7.500000,7.500000
1764424566.501688,1536758640329,7.500000,7.500000,7.500000,7.500000,7.500000,7.500000,7.500000,7.500000
1764424566.504086,1536761038112,7.500000,7.500000,7.500000,7.500000,7.500000,7.500000,7.500000,7.500000
1764424566.506490,1536763441144,7.500000,7.500000,7.500000,7.500000,7.500000,7.500000,7.500000,7.500000
1764424566.508886,1536765837760,7.500000,7.500000,7.500000,7.500000,7.500000,7.500000,7.500000,7.500000
1764424566.511284,1536768235543,7.500000,7.500000,7.500000,7.500000,7.500000,7.500000,7.500000,7.500000
1764424566.513681,1536770632742,7.500000,7.500000,7.500000,7.500000,7.500000,7.500000,7.500000,7.500000
1764424566.516084,1536773035774,7.500000,7.500000,7.500000,7.500000,7.500000,7.500000,7.500000,7.500000
1764424566.518482,1536775433265,7.500000,7.500000,7.500000,7.500000,7.500000,7.500000,7.500000,7.500000
1764424566.520883,1536777834839,7.500000,7.500000,7.500000,7.500000,7.500000,7.500000,7.500000,7.500000
1764424566.523281,1536780232330,7.500000,7.500000,7.500000,7.500000,7.500000,7.500000,7.500000,7.500000
1764424566.525683,1536782634487,7.500000,7.500000,7.500000,7.500000,7.500000,7.500000,7.500000,7.500000
1764424566.528081,1536785032270,7.500000,7.500000,7.500000,7.500000,7.500000,7.500000,7.500000,7.500000
1764424566.530478,1536787429761,7.500000,7.500000,7.500000,7.500000,7.500000,7.500000,7.500000,7.500000
1764424566.532874,1536789825793,7.500000,7.500000,7.500000,7.500000,7.500000,7.500000,7.500000,7.500000
1764424566.535279,1536792231159,7.500000,7.500000,7.500000,7.500000,7.500000,7.500000,7.500000,7.500000
1764424566.537678,1536794629233,7.500000,7.500000,7.500000,7.500000,7.500000,7.500000,7.500000,7.500000
1764424566.540076,1536797027307,7.500000,7.500000,7.500000,7.500000,7.500000,7.500000,7.500000,7.500000
1764424566.542471,1536799423048,7.500000,7.500000,7.500000,7.500000,7.500000,7.500000,7.500000,7.500000
1764424566.544869,1536801820539,7.500000,7.500000,7.500000,7.500000,7.500000,7.500000,7.500000,7.500000
1764424566.547274,1536804225613,7.500000,7.500000,7.500000,7.500000,7.500000,7.500000,7.500000,7.500000
1764424566.549684,1536806635645,7.500000,7.500000,7.500000,7.500000,7.500000,7.500000,7.500000,7.500000
1764424566.552073,1536809024678,7.500000,7.500000,7.500000,7.500000,7.500000,7.500000,7.500000,7.500000
1764424566.554472,1536811423627,7.500000,7.500000,7.500000,7.500000,7.500000,7.500000,7.500000,7.500000
1764424566.556871,1536813822576,7.500000,7.500000,7.500000,7.500000,7.500000,7.500000,7.500000,7.500000
1764424566.559273,1536816225025,7.500000,7.500000,7.500000,7.500000,7.500000,7.500000,7.500000,7.500000
1764424566.561671,1536818622516,7.500000,7.500000,7.500000,7.500000,7.500000,7.500000,7.500000,7.500000
1764424566.564069,1536821020590,7.500000,7.500000,7.500000,7.500000,7.500000,7.500000,7.500000,7.500000
1764424566.566478,1536823430039,7.500000,7.500000,7.500000,7.500000,7.500000,7.500000,7.500000,7.500000
1764424566.568875,1536825826363,7.500000,7.500000,7.500000,7.500000,7.500000,7.500000,7.500000,7.500000
1764424566.571274,1536828225021,7.500000,7.500000,7.500000,7.500000,7.500000,7.500000,7.500000,7.500000
1764424566.573672,1536830623387,7.500000,7.500000,7.500000,7.500000,7.500000,7.500000,7.500000,7.500000
1764424566.576067,1536833018252,7.500000,7.500000,7.500000,7.500000,7.500000,7.500000,7.500000,7.500000
1764424566.578465,1536835416618,7.500000,7.500000,7.500000,7.500000,7.500000,7.500000,7.500000,7.500000
1764424566.580869,1536837820817,7.500000,7.500000,7.500000,7.500000,7.500000,7.500000,7.500000,7.500000
1764424566.585385,1536842336675,7.500000,7.500000,7.500000,7.500000,7.500000,7.500000,7.500000,7.500000
1764424566.594146,1536851097433,7.500000,7.500000,7.500000,7.500000,7.500000,7.500000,7.500000,7.500000
1764424566.603005,1536859956482,7.500000,7.500000,7.500000,7.500000,7.500000,7.500000,7.500000,7.500000
1764424566.611829,1536868780823,7.500000,7.500000,7.500000,7.500000,7.500000,7.500000,7.500000,7.500000
1764424566.620584,1536877535165,7.500000,7.500000,7.500000,7.500000,7.500000,7.500000,7.500000,7.500000
1764424566.629345,1536886296506,7.500000,7.500000,7.500000,7.500000,7.500000,7.500000,7.500000,7.500000
1764424566.638165,1536895116181,7.500000,7.500000,7.500000,7.500000,7.500000,7.500000,7.500000,7.500000
1764424566.649064,1536906015722,7.500000,7.500000,7.500000,7.500000,7.500000,7.500000,7.500000,7.500000
1764424566.657842,1536914793397,7.500000,7.500000,7.500000,7.500000,7.500000,7.500000,7.500000,7.500000
1764424566.666654,1536923605780,7.500000,7.500000,7.500000,7.500000,7.500000,7.500000,7.500000,7.500000
1764424566.675463,1536932414663,7.500000,7.500000,7.500000,7.500000,7.500000,7.500000,7.500000,7.500000
1764424566.684229,1536941180671,7.500000,7.500000,7.500000,7.500000,7.500000,7.500000,7.500000,7.500000
1764424566.693199,1536950150844,7.500000,7.500000,7.500000,7.500000,7.500000,7.500000,7.500000,7.500000
1764424566.702168,1536959119268,7.500000,7.500000,7.500000,7.500000,7.500000,7.500000,7.500000,7.500000
1764424566.710871,1536967823277,7.500000,7.500000,7.500000,7.500000,7.500000,7.500000,7.500000,7.500000
1764424566.719798,1536976749117,7.500000,7.500000,7.500000,7.500000,7.500000,7.500000,7.500000,7.500000
1764424566.729029,1536985980332,7.500000,7.500000,7.500000,7.500000,7.500000,7.500000,7.500000,7.500000
1764424566.737843,1536994794465,7.500000,7.500000,7.500000,7.500000,7.500000,7.500000,7.500000,7.500000
1764424566.746686,1537003637764,7.500000,7.500000,7.500000,7.500000,7.500000,7.500000,7.500000,7.500000
1764424566.755458,1537012409606,7.500000,7.500000,7.500000,7.500000,7.500000,7.500000,7.500000,7.500000
1764424566.764235,1537021186113,7.500000,7.500000,7.500000,7.500000,7.500000,7.500000,7.500000,7.500000
1764424566.773267,1537030218412,7.500000,7.500000,7.500000,7.500000,7.500000,7.500000,7.500000,7.500000
1764424566.782032,1537038983545,7.500000,7.500000,7.500000,7.500000,7.500000,7.500000,7.500000,7.500000
1764424566.793175,1537050127211,7.500000,7.500000,7.500000,7.500000,7.500000,7.500000,7.500000,7.500000
1764424566.802103,1537059054801,7.500000,7.500000,7.500000,7.500000,7.500000,7.500000,7.500000,7.500000
1764424566.810961,1537067912392,7.500000,7.500000,7.500000,7.500000,7.500000,7.500000,7.500000,7.500000
1764424566.819833,1537076783983,7.500000,7.500000,7.500000,7.500000,7.500000,7.500000,7.500000,7.500000
1764424566.828889,1537085839907,7.500000,7.500000,7.500000,7.500000,7.500000,7.500000,7.500000,7.500000
1764424566.837954,1537094905747,7.500000,7.500000,7.500000,7.500000,7.500000,7.500000,7.500000,7.500000
1764424566.846719,1537103670589,7.500000,7.500000,7.500000,7.500000,7.500000,7.500000,7.500000,7.500000
1764424566.855472,1537112423763,7.500000,7.500000,7.500000,7.500000,7.500000,7.500000,7.500000,7.500000
1764424566.864303,1537121254229,7.500000,7.500000,7.500000,7.500000,7.500000,7.500000,7.500000,7.500000
1764424566.873131,1537130082362,7.500000,7.500000,7.500000,7.500000,7.500000,7.500000,7.500000,7.500000
1764424566.882112,1537139063619,7.500000,7.500000,7.500000,7.500000,7.500000,7.500000,7.500000,7.500000
1764424566.890900,1537147851794,7.500000,7.500000,7.500000,7.500000,7.500000,7.500000,7.500000,7.500000
1764424566.899752,1537156703843,7.500000,7.500000,7.500000,7.500000,7.500000,7.500000,7.500000,7.500000
1764424566.908533,1537165485018,7.500000,7.500000,7.500000,7.500000,7.500000,7.500000,7.500000,7.500000
1764424566.917362,1537174313734,7.500000,7.500000,7.500000,7.500000,7.500000,7.500000,7.500000,7.500000
1764424566.926505,1537183456866,7.500000,7.500000,7.500000,7.500000,7.500000,7.500000,7.500000,7.500000
1764424566.935369,1537192320290,7.500000,7.500000,7.500000,7.500000,7.500000,7.500000,7.500000,7.500000
1764424566.944176,1537201127715,7.500000,7.500000,7.500000,7.500000,7.500000,7.500000,7.500000,7.500000
1764424566.955094,1537212045631,7.500000,7.500000,7.500000,7.500000,7.500000,7.500000,7.500000,7.500000
1764424566.964150,1537221101555,7.500000,7.500000,7.500000,7.500000,7.500000,7.500000,7.500000,7.500000
1764424566.973002,1537229953604,7.500000,7.500000,7.500000,7.500000,7.500000,7.500000,7.500000,7.500000
1764424566.981791,1537238742654,7.500000,7.500000,7.500000,7.500000,7.500000,7.500000,7.500000,7.500000
1764424566.990617,1537247568745,7.500000,7.500000,7.500000,7.500000,7.500000,7.500000,7.500000,7.500000
1764424566.999444,1537256396294,7.500000,7.500000,7.500000,7.500000,7.500000,7.500000,7.500000,7.500000
1764424567.008260,1537265211302,7.500000,7.500000,7.500000,7.500000,7.500000,7.500000,7.500000,7.500000
1764424567.017076,1537274028060,7.500000,7.500000,7.500000,7.500000,7.500000,7.500000,7.500000,7.500000
1764424567.025889,1537282840443,7.500000,7.500000,7.500000,7.500000,7.500000,7.500000,7.500000,7.500000
1764424567.034714,1537291665950,7.500000,7.500000,7.500000,7.500000,7.500000,7.500000,7.500000,7.500000
1764424567.043542,1537300493500,7.500000,7.500000,7.500000,7.500000,7.500000,7.500000,7.500000,7.500000
1764424567.052343,1537309294216,7.500000,7.500000,7.500000,7.500000,7.500000,7.500000,7.500000,7.500000
1764424567.061145,1537318096974,7.500000,7.500000,7.500000,7.500000,7.500000,7.500000,7.500000,7.500000
1764424567.070217,1537327168647,7.500000,7.500000,7.500000,7.500000,7.500000,7.500000,7.500000,7.500000
1764424567.081098,1537338049522,7.500000,7.500000,7.500000,7.500000,7.500000,7.500000,7.500000,7.500000
1764424567.089892,1537346843822,7.500000,7.500000,7.500000,7.500000,7.500000,7.500000,7.500000,7.500000
1764424567.098708,1537355660288,7.500000,7.500000,7.500000,7.500000,7.500000,7.500000,7.500000,7.500000
1764424567.107519,1537364470921,7.500000,7.500000,7.500000,7.500000,7.500000,7.500000,7.500000,7.500000
1764424567.116347,1537373298762,7.500000,7.500000,7.500000,7.500000,7.500000,7.500000,7.500000,7.500000
1764424567.125149,1537382101228,7.500000,7.500000,7.500000,7.500000,7.500000,7.500000,7.500000,7.500000
1764424567.134249,1537391201193,7.500000,7.500000,7.500000,7.500000,7.500000,7.500000,7.500000,7.500000
1764424567.143178,1537400129367,7.500000,7.500000,7.500000,7.500000,7.500000,7.500000,7.500000,7.500000
1764424567.152120,1537409071250,7.500000,7.500000,7.500000,7.500000,7.500000,7.500000,7.500000,7.500000
1764424567.160984,1537417935841,7.500000,7.500000,7.500000,7.500000,7.500000,7.500000,7.500000,7.500000
1764424567.169829,1537426780598,7.500000,7.500000,7.500000,7.500000,7.500000,7.500000,7.500000,7.500000
1764424567.178754,1537435705564,7.500000,7.500000,7.500000,7.500000,7.500000,7.500000,7.500000,7.500000
1764424567.187527,1537444478864,7.500000,7.500000,7.500000,7.500000,7.500000,7.500000,7.500000,7.500000
1764424567.196302,1537453253622,7.500000,7.500000,7.500000,7.500000,7.500000,7.500000,7.500000,7.500000
1764424567.205133,1537462084380,7.500000,7.500000,7.500000,7.500000,7.500000,7.500000,7.500000,7.500000
1764424567.216041,1537472992088,7.500000,7.500000,7.500000,7.500000,7.500000,7.500000,7.500000,7.500000
1764424567.224833,1537481784637,7.500000,7.500000,7.500000,7.500000,7.500000,7.500000,7.500000,7.500000
1764424567.233674,1537490625603,7.500000,7.500000,7.500000,7.500000,7.500000,7.500000,7.500000,7.500000
1764424567.242517,1537499468320,7.500000,7.500000,7.500000,7.500000,7.500000,7.500000,7.500000,7.500000
1764424567.251270,1537508221494,7.500000,7.500000,7.500000,7.500000,7.500000,7.500000,7.500000,7.500000
1764424567.260032,1537516983711,7.500000,7.500000,7.500000,7.500000,7.500000,7.500000,7.500000,7.500000
1764424567.268855,1537525806302,7.500000,7.500000,7.500000,7.500000,7.500000,7.500000,7.500000,7.500000
1764424567.277681,1537534632393,7.500000,7.500000,7.500000,7.500000,7.500000,7.500000,7.500000,7.500000
1764424567.286499,1537543450901,7.500000,7.500000,7.500000,7.500000,7.500000,7.500000,7.500000,7.500000
1764424567.295552,1537552503908,7.500000,7.500000,7.500000,7.500000,7.500000,7.500000,7.500000,7.500000
1764424567.304327,1537561278666,7.500000,7.500000,7.500000,7.500000,7.500000,7.500000,7.500000,7.500000
1764424567.313105,1537570056924,7.500000,7.500000,7.500000,7.500000,7.500000,7.500000,7.500000,7.500000
1764424567.322130,1537579081347,7.500000,7.500000,7.500000,7.500000,7.500000,7.500000,7.500000,7.500000
1764424567.331530,1537588481728,7.500000,7.500000,7.500000,7.500000,7.500000,7.500000,7.500000,7.500000
1764424567.340482,1537597433235,7.500000,7.500000,7.500000,7.500000,7.500000,7.500000,7.500000,7.500000
1764424567.349323,1537606274201,7.500000,7.500000,7.500000,7.500000,7.500000,7.500000,7.500000,7.500000
1764424567.358134,1537615085417,7.500000,7.500000,7.500000,7.500000,7.500000,7.500000,7.500000,7.500000
1764424567.369061,1537626012084,7.500000,7.500000,7.500000,7.500000,7.500000,7.500000,7.500000,7.500000
1764424567.377889,1537634840508,7.500000,7.500000,7.500000,7.500000,7.500000,7.500000,7.500000,7.500000
1764424567.386702,1537643653474,7.500000,7.500000,7.500000,7.500000,7.500000,7.500000,7.500000,7.500000
1764424567.395512,1537652463524,7.500000,7.500000,7.500000,7.500000,7.500000,7.500000,7.500000,7.500000
1764424567.404325,1537661276198,7.500000,7.500000,7.500000,7.500000,7.500000,7.500000,7.500000,7.500000
1764424567.413145,1537670096456,7.500000,7.500000,7.500000,7.500000,7.500000,7.500000,7.500000,7.500000
1764424567.422101,1537679052630,7.500000,7.500000,7.500000,7.500000,7.500000,7.500000,7.500000,7.500000
1764424567.431030,1537687981388,7.500000,7.500000,7.500000,7.500000,7.500000,7.500000,7.500000,7.500000
1764424567.440062,1537697013686,7.500000,7.500000,7.500000,7.500000,7.500000,7.500000,7.500000,7.500000
1764424567.448928,1537705879736,7.500000,7.500000,7.500000,7.500000,7.500000,7.500000,7.500000,7.500000
1764424567.457744,1537714696202,7.500000,7.500000,7.500000,7.500000,7.500000,7.500000,7.500000,7.500000
1764424567.466502,1537723453460,7.500000,7.500000,7.500000,7.500000,7.500000,7.500000,7.500000,7.500000
1764424567.475421,1537732372884,7.500000,7.500000,7.500000,7.500000,7.500000,7.500000,7.500000,7.500000
1764424567.484297,1537741248850,7.500000,7.500000,7.500000,7.500000,7.500000,7.500000,7.500000,7.500000
1764424567.493290,1537750242065,7.500000,7.500000,7.500000,7.500000,7.500000,7.500000,7.500000,7.500000
1764424567.502089,1537759039865,7.500000,7.500000,7.500000,7.500000,7.500000,7.500000,7.500000,7.500000
1764424567.513063,1537770014948,7.500000,7.500000,7.500000,7.500000,7.500000,7.500000,7.500000,7.500000
1764424567.521863,1537778815081,7.500000,7.500000,7.500000,7.500000,7.500000,7.500000,7.500000,7.500000
1764424567.530580,1537787531214,7.500000,7.500000,7.500000,7.500000,7.500000,7.500000,7.500000,7.500000
1764424567.539340,1537796291097,7.500000,7.500000,7.500000,7.500000,7.500000,7.500000,7.500000,7.500000
1764424567.548161,1537805112230,7.500000,7.500000,7.500000,7.500000,7.500000,7.500000,7.500000,7.500000
1764424567.556988,1537813939196,7.500000,7.500000,7.500000,7.500000,7.500000,7.500000,7.500000,7.500000
1764424567.565789,1537822741079,7.500000,7.500000,7.500000,7.500000,7.500000,7.500000,7.500000,7.500000
1764424567.574593,1537831544712,7.500000,7.500000,7.500000,7.500000,7.500000,7.500000,7.500000,7.500000
1764424567.583399,1537840350970,7.500000,7.500000,7.500000,7.500000,7.500000,7.500000,7.500000,7.500000
1764424567.592218,1537849169769,7.500000,7.500000,7.500000,7.500000,7.500000,7.500000,7.500000,7.500000
1764424567.601032,1537857983319,7.500000,7.500000,7.500000,7.500000,7.500000,7.500000,7.500000,7.500000
1764424567.611959,1537868911152,7.500000,7.500000,7.500000,7.500000,7.500000,7.500000,7.500000,7.500000
1764424567.620998,1537877949575,7.500000,7.500000,7.500000,7.500000,7.500000,7.500000,7.500000,7.500000
1764424567.629947,1537886898458,7.500000,7.500000,7.500000,7.500000,7.500000,7.500000,7.500000,7.500000
1764424567.638993,1537895944756,7.500000,7.500000,7.500000,7.500000,7.500000,7.500000,7.500000,7.500000
1764424567.647783,1537904734389,7.500000,7.500000,7.500000,7.500000,7.500000,7.500000,7.500000,7.500000
1764424567.656628,1537913579730,7.500000,7.500000,7.500000,7.500000,7.500000,7.500000,7.500000,7.500000
1764424567.665460,1537922411655,7.500000,7.500000,7.500000,7.500000,7.500000,7.500000,7.500000,7.500000
1764424567.674271,1537931222871,7.500000,7.500000,7.500000,7.500000,7.500000,7.500000,7.500000,7.500000
1764424567.683323,1537940274419,7.500000,7.500000,7.500000,7.500000,7.500000,7.500000,7.500000,7.500000
1764424567.692254,1537949205802,7.500000,7.500000,7.500000,7.500000,7.500000,7.500000,7.500000,7.500000
1764424567.701044,1537957995435,7.500000,7.500000,7.500000,7.500000,7.500000,7.500000,7.500000,7.500000
1764424567.709838,1537966789734,7.500000,7.500000,7.500000,7.500000,7.500000,7.500000,7.500000,7.500000
1764424567.718671,1537975622242,7.500000,7.500000,7.500000,7.500000,7.500000,7.500000,7.500000,7.500000
1764424567.727816,1537984767999,7.500000,7.500000,7.500000,7.500000,7.500000,7.500000,7.500000,7.500000
1764424567.736663,1537993614506,7.500000,7.500000,7.500000,7.500000,7.500000,7.500000,7.500000,7.500000
1764424567.745472,1538002423972,7.500000,7.500000,7.500000,7.500000,7.500000,7.500000,7.500000,7.500000
1764424567.754288,1538011238980,7.500000,7.500000,7.500000,7.500000,7.500000,7.500000,7.500000,7.500000
1764424567.763131,1538020082280,7.500000,7.500000,7.500000,7.500000,7.500000,7.500000,7.500000,7.500000
1764424567.772156,1538029106995,7.500000,7.500000,7.500000,7.500000,7.500000,7.500000,7.500000,7.500000
1764424567.783136,1538040087328,7.500000,7.500000,7.500000,7.500000,7.500000,7.500000,7.500000,7.500000
1764424567.790049,1538047000385,7.500000,7.500000,7.500000,7.500000,7.500000,7.500000,7.500000,7.500000
1764424567.800999,1538057950676,7.500000,7.500000,7.500000,7.500000,7.500000,7.500000,7.500000,7.500000
1764424567.809818,1538066769767,7.500000,7.500000,7.500000,7.500000,7.500000,7.500000,7.500000,7.500000
1764424567.818779,1538075730899,7.500000,7.500000,7.500000,7.500000,7.500000,7.500000,7.500000,7.500000
1764424567.827554,1538084505657,7.500000,7.500000,7.500000,7.500000,7.500000,7.500000,7.500000,7.500000
1764424567.836477,1538093428582,7.500000,7.500000,7.500000,7.500000,7.500000,7.500000,7.500000,7.500000
1764424567.845345,1538102297256,7.500000,7.500000,7.500000,7.500000,7.500000,7.500000,7.500000,7.500000
1764424567.854307,1538111258680,7.500000,7.500000,7.500000,7.500000,7.500000,7.500000,7.500000,7.500000
1764424567.863194,1538120146021,7.500000,7.500000,7.500000,7.500000,7.500000,7.500000,7.500000,7.500000
1764424567.872105,1538129057278,7.500000,7.500000,7.500000,7.500000,7.500000,7.500000,7.500000,7.500000
1764424567.880886,1538137837286,7.500000,7.500000,7.500000,7.500000,7.500000,7.500000,7.500000,7.500000
1764424567.890135,1538147086584,7.500000,7.500000,7.500000,7.500000,7.500000,7.500000,7.500000,7.500000
1764424567.899013,1538155964592,7.500000,7.500000,7.500000,7.500000,7.500000,7.500000,7.500000,7.500000
1764424567.907835,1538164787183,7.500000,7.500000,7.500000,7.500000,7.500000,7.500000,7.500000,7.500000
1764424567.916672,1538173624065,7.500000,7.500000,7.500000,7.500000,7.500000,7.500000,7.500000,7.500000
1764424567.925801,1538182752030,7.500000,7.500000,7.500000,7.500000,7.500000,7.500000,7.500000,7.500000
1764424567.934582,1538191533788,7.500000,7.500000,7.500000,7.500000,7.500000,7.500000,7.500000,7.500000
1764424567.943357,1538200309130,7.500000,7.500000,7.500000,7.500000,7.500000,7.500000,7.500000,7.500000
1764424567.952194,1538209145429,7.500000,7.500000,7.500000,7.500000,7.500000,7.500000,7.500000,7.500000
1764424567.961037,1538217988728,7.500000,7.500000,7.500000,7.500000,7.500000,7.500000,7.500000,7.500000
1764424567.971965,1538228916270,7.500000,7.500000,7.500000,7.500000,7.500000,7.500000,7.500000,7.500000
1764424567.980989,1538237940402,7.500000,7.500000,7.500000,7.500000,7.500000,7.500000,7.500000,7.500000
1764424567.989944,1538246895993,7.500000,7.500000,7.500000,7.500000,7.500000,7.500000,7.500000,7.500000
1764424567.998736,1538255687667,7.500000,7.500000,7.500000,7.500000,7.500000,7.500000,7.500000,7.500000
1764424568.007503,1538264454550,7.500000,7.500000,7.500000,7.500000,7.500000,7.500000,7.500000,7.500000
1764424568.016545,1538273496474,7.500000,7.500000,7.500000,7.500000,7.500000,7.500000,7.500000,7.500000
1764424568.025608,1538282559689,7.500000,7.500000,7.500000,7.500000,7.500000,7.500000,7.500000,7.500000
1764424568.034396,1538291347280,7.500000,7.500000,7.500000,7.500000,7.500000,7.500000,7.500000,7.500000
1764424568.043218,1538300169871,7.500000,7.500000,7.500000,7.500000,7.500000,7.500000,7.500000,7.500000
1764424568.052215,1538309166587,7.500000,7.500000,7.500000,7.500000,7.500000,7.500000,7.500000,7.500000
1764424568.061082,1538318033220,7.500000,7.500000,7.500000,7.500000,7.500000,7.500000,7.500000,7.500000
1764424568.069914,1538326866019,7.500000,7.500000,7.500000,7.500000,7.500000,7.500000,7.500000,7.500000
1764424568.078730,1538335681610,7.500000,7.500000,7.500000,7.500000,7.500000,7.500000,7.500000,7.500000
1764424568.087573,1538344524618,7.500000,7.500000,7.500000,7.500000,7.500000,7.500000,7.500000,7.500000
1764424568.096505,1538353457167,7.500000,7.500000,7.500000,7.500000,7.500000,7.500000,7.500000,7.500000
1764424568.105435,1538362386216,7.500000,7.500000,7.500000,7.500000,7.500000,7.500000,7.500000,7.500000
1764424568.114219,1538371170891,7.500000,7.500000,7.500000,7.500000,7.500000,7.500000,7.500000,7.500000
1764424568.123208,1538380159731,7.500000,7.500000,7.500000,7.500000,7.500000,7.500000,7.500000,7.500000
1764424568.132267,1538389218571,7.500000,7.500000,7.500000,7.500000,7.500000,7.500000,7.500000,7.500000
1764424568.141105,1538398056037,7.500000,7.500000,7.500000,7.500000,7.500000,7.500000,7.500000,7.500000
1764424568.152070,1538409020912,7.500000,7.500000,7.500000,7.500000,7.500000,7.500000,7.500000,7.500000
1764424568.160872,1538417824253,7.500000,7.500000,7.500000,7.500000,7.500000,7.500000,7.500000,7.500000
1764424568.169694,1538426646261,7.500000,7.500000,7.500000,7.500000,7.500000,7.500000,7.500000,7.500000
1764424568.178615,1538435565977,7.500000,7.500000,7.500000,7.500000,7.500000,7.500000,7.500000,7.500000
1764424568.187700,1538444651359,7.500000,7.500000,7.500000,7.500000,7.500000,7.500000,7.500000,7.500000
1764424568.196495,1538453446825,7.500000,7.500000,7.500000,7.500000,7.500000,7.500000,7.500000,7.500000
1764424568.205492,1538462443249,7.500000,7.500000,7.500000,7.500000,7.500000,7.500000,7.500000,7.500000
1764424568.214365,1538471315715,7.500000,7.500000,7.500000,7.500000,7.500000,7.500000,7.500000,7.500000
1764424568.223139,1538480090764,7.500000,7.500000,7.500000,7.500000,7.500000,7.500000,7.500000,7.500000
1764424568.232056,1538489007563,7.500000,7.500000,7.500000,7.500000,7.500000,7.500000,7.500000,7.500000
1764424568.240846,1538497796905,7.500000,7.500000,7.500000,7.500000,7.500000,7.500000,7.500000,7.500000
1764424568.249735,1538506687162,7.500000,7.500000,7.500000,7.500000,7.500000,7.500000,7.500000,7.500000
1764424568.258767,1538515718877,7.500000,7.500000,7.500000,7.500000,7.500000,7.500000,7.500000,7.500000
1764424568.267605,1538524556635,7.500000,7.500000,7.500000,7.500000,7.500000,7.500000,7.500000,7.500000
1764424568.276656,1538533608184,7.500000,7.500000,7.500000,7.500000,7.500000,7.500000,7.500000,7.500000
1764424568.285436,1538542387317,7.500000,7.500000,7.500000,7.500000,7.500000,7.500000,7.500000,7.500000
1764424568.294199,1538551150116,7.500000,7.500000,7.500000,7.500000,7.500000,7.500000,7.500000,7.500000
1764424568.303051,1538560002749,7.500000,7.500000,7.500000,7.500000,7.500000,7.500000,7.500000,7.500000
1764424568.312180,1538569131881,7.500000,7.500000,7.500000,7.500000,7.500000,7.500000,7.500000,7.500000
1764424568.323113,1538580065255,7.500000,7.500000,7.500000,7.500000,7.500000,7.500000,7.500000,7.500000
1764424568.332105,1538589057013,7.500000,7.500000,7.500000,7.500000,7.500000,7.500000,7.500000,7.500000
1764424568.340939,1538597890687,7.500000,7.500000,7.500000,7.500000,7.500000,7.500000,7.500000,7.500000
1764424568.349829,1538606780361,7.500000,7.500000,7.500000,7.500000,7.500000,7.500000,7.500000,7.500000
1764424568.358759,1538615711160,7.500000,7.500000,7.500000,7.500000,7.500000,7.500000,7.500000,7.500000
1764424568.367556,1538624507502,7.500000,7.500000,7.500000,7.500000,7.500000,7.500000,7.500000,7.500000
1764424568.376602,1538633553217,7.500000,7.500000,7.500000,7.500000,7.500000,7.500000,7.500000,7.500000
1764424568.385660,1538642612057,7.500000,7.500000,7.500000,7.500000,7.500000,7.500000,7.500000,7.500000
1764424568.394497,1538651448940,7.500000,7.500000,7.500000,7.500000,7.500000,7.500000,7.500000,7.500000
1764424568.403340,1538660291656,7.500000,7.500000,7.500000,7.500000,7.500000,7.500000,7.500000,7.500000
1764424568.412092,1538669043372,7.500000,7.500000,7.500000,7.500000,7.500000,7.500000,7.500000,7.500000
1764424568.420853,1538677804130,7.500000,7.500000,7.500000,7.500000,7.500000,7.500000,7.500000,7.500000
1764424568.429689,1538686640430,7.500000,7.500000,7.500000,7.500000,7.500000,7.500000,7.500000,7.500000
1764424568.438511,1538695462438,7.500000,7.500000,7.500000,7.500000,7.500000,7.500000,7.500000,7.500000
1764424568.447285,1538704236321,7.500000,7.500000,7.500000,7.500000,7.500000,7.500000,7.500000,7.500000
1764424568.456089,1538713040245,7.500000,7.500000,7.500000,7.500000,7.500000,7.500000,7.500000,7.500000
1764424568.467019,1538723970412,7.500000,7.500000,7.500000,7.500000,7.500000,7.500000,7.500000,7.500000
1764424568.475846,1538732797961,7.500000,7.500000,7.500000,7.500000,7.500000,7.500000,7.500000,7.500000
1764424568.484662,1538741613260,7.500000,7.500000,7.500000,7.500000,7.500000,7.500000,7.500000,7.500000
1764424568.493477,1538750428852,7.500000,7.500000,7.500000,7.500000,7.500000,7.500000,7.500000,7.500000
1764424568.502288,1538759239776,7.500000,7.500000,7.500000,7.500000,7.500000,7.500000,7.500000,7.500000
1764424568.511092,1538768043992,7.500000,7.500000,7.500000,7.500000,7.500000,7.500000,7.500000,7.500000
1764424568.519827,1538776778209,7.500000,7.500000,7.500000,7.500000,7.500000,7.500000,7.500000,7.500000
1764424568.528625,1538785576883,7.500000,7.500000,7.500000,7.500000,7.500000,7.500000,7.500000,7.500000
1764424568.537907,1538794858556,7.500000,7.500000,7.500000,7.500000,7.500000,7.500000,7.500000,7.500000
1764424568.546721,1538803672689,7.500000,7.500000,7.500000,7.500000,7.500000,7.500000,7.500000,7.500000
1764424568.555556,1538812507238,7.500000,7.500000,7.500000,7.500000,7.500000,7.500000,7.500000,7.500000
1764424568.564361,1538821312621,7.500000,7.500000,7.500000,7.500000,7.500000,7.500000,7.500000,7.500000
1764424568.573160,1538830111296,7.500000,7.500000,7.500000,7.500000,7.500000,7.500000,7.500000,7.500000
1764424568.582109,1538839060761,7.500000,7.500000,7.500000,7.500000,7.500000,7.500000,7.500000,7.500000
1764424568.593103,1538850055094,7.500000,7.500000,7.500000,7.500000,7.500000,7.500000,7.500000,7.500000
1764424568.602103,1538859054726,7.500000,7.500000,7.500000,7.500000,7.500000,7.500000,7.500000,7.500000
1764424568.610967,1538867918734,7.500000,7.500000,7.500000,7.500000,7.500000,7.500000,7.500000,7.500000
1764424568.619958,1538876909616,7.500000,7.500000,7.500000,7.500000,7.500000,7.500000,7.500000,7.500000
1764424568.628801,1538885752624,7.500000,7.500000,7.500000,7.500000,7.500000,7.500000,7.500000,7.500000
1764424568.637756,1538894707631,7.500000,7.500000,7.500000,7.500000,7.500000,7.500000,7.500000,7.500000
1764424568.646584,1538903535181,7.500000,7.500000,7.500000,7.500000,7.500000,7.500000,7.500000,7.500000
1764424568.655409,1538912360105,7.500000,7.500000,7.500000,7.500000,7.500000,7.500000,7.500000,7.500000
1764424568.664400,1538921351862,7.500000,7.500000,7.500000,7.500000,7.500000,7.500000,7.500000,7.500000
1764424568.673239,1538930191078,7.500000,7.500000,7.500000,7.500000,7.500000,7.500000,7.500000,7.500000
1764424568.682057,1538939008420,7.500000,7.500000,7.500000,7.500000,7.500000,7.500000,7.500000,7.500000
1764424568.690876,1538947827511,7.500000,7.500000,7.500000,7.500000,7.500000,7.500000,7.500000,7.500000
1764424568.699726,1538956678102,7.500000,7.500000,7.500000,7.500000,7.500000,7.500000,7.500000,7.500000
1764424568.708844,1538965795858,7.500000,7.500000,7.500000,7.500000,7.500000,7.500000,7.500000,7.500000
1764424568.717644,1538974595700,7.500000,7.500000,7.500000,7.500000,7.500000,7.500000,7.500000,7.500000
1764424568.726558,1538983509290,7.500000,7.500000,7.500000,7.500000,7.500000,7.500000,7.500000,7.500000
1764424568.735488,1538992439506,7.500000,7.500000,7.500000,7.500000,7.500000,7.500000,7.500000,7.500000
1764424568.744288,1539001239931,7.500000,7.500000,7.500000,7.500000,7.500000,7.500000,7.500000,7.500000
1764424568.753152,1539010103355,7.500000,7.500000,7.500000,7.500000,7.500000,7.500000,7.500000,7.500000
1764424568.762190,1539019140904,7.500000,7.500000,7.500000,7.500000,7.500000,7.500000,7.500000,7.500000
1764424568.771024,1539027975745,7.500000,7.500000,7.500000,7.500000,7.500000,7.500000,7.500000,7.500000
1764424568.782133,1539039084119,7.500000,7.500000,7.500000,7.500000,7.500000,7.500000,7.500000,7.500000
1764424568.790901,1539047853043,7.500000,7.500000,7.500000,7.500000,7.500000,7.500000,7.500000,7.500000
1764424568.799972,1539056923259,7.500000,7.500000,7.500000,7.500000,7.500000,7.500000,7.500000,7.500000
1764424568.808754,1539065705600,7.500000,7.500000,7.500000,7.500000,7.500000,7.500000,7.500000,7.500000
1764424568.817518,1539074470150,7.500000,7.500000,7.500000,7.500000,7.500000,7.500000,7.500000,7.500000
1764424568.826380,1539083332116,7.500000,7.500000,7.500000,7.500000,7.500000,7.500000,7.500000,7.500000
1764424568.835511,1539092462414,7.500000,7.500000,7.500000,7.500000,7.500000,7.500000,7.500000,7.500000
1764424568.844311,1539101262547,7.500000,7.500000,7.500000,7.500000,7.500000,7.500000,7.500000,7.500000
1764424568.853157,1539110108763,7.500000,7.500000,7.500000,7.500000,7.500000,7.500000,7.500000,7.500000
1764424568.862144,1539119096145,7.500000,7.500000,7.500000,7.500000,7.500000,7.500000,7.500000,7.500000
1764424568.871008,1539127960153,7.500000,7.500000,7.500000,7.500000,7.500000,7.500000,7.500000,7.500000
1764424568.879838,1539136789452,7.500000,7.500000,7.500000,7.500000,7.500000,7.500000,7.500000,7.500000
1764424568.888875,1539145826417,7.500000,7.500000,7.500000,7.500000,7.500000,7.500000,7.500000,7.500000
1764424568.897712,1539154663884,7.500000,7.500000,7.500000,7.500000,7.500000,7.500000,7.500000,7.500000
1764424568.906544,1539163495225,7.500000,7.500000,7.500000,7.500000,7.500000,7.500000,7.500000,7.500000
1764424568.915423,1539172375274,7.500000,7.500000,7.500000,7.500000,7.500000,7.500000,7.500000,7.500000
1764424568.924593,1539181544655,7.500000,7.500000,7.500000,7.500000,7.500000,7.500000,7.500000,7.500000
1764424568.934447,1539191398284,7.500000,7.500000,7.500000,7.500000,7.500000,7.500000,7.500000,7.500000
1764424568.943350,1539200301083,7.500000,7.500000,7.500000,7.500000,7.500000,7.500000,7.500000,7.500000
1764424568.952189,1539209140883,7.500000,7.500000,7.500000,7.500000,7.500000,7.500000,7.500000,7.500000
1764424568.961001,1539217952974,7.500000,7.500000,7.500000,7.500000,7.500000,7.500000,7.500000,7.500000
1764424568.969825,1539226775857,7.500000,7.500000,7.500000,7.500000,7.500000,7.500000,7.500000,7.500000
1764424568.978745,1539235696739,7.500000,7.500000,7.500000,7.500000,7.500000,7.500000,7.500000,7.500000
1764424568.987701,1539244652330,7.500000,7.500000,7.500000,7.500000,7.500000,7.500000,7.500000,7.500000
1764424568.996497,1539253448671,7.500000,7.500000,7.500000,7.500000,7.500000,7.500000,7.500000,7.500000
1764424569.005302,1539262253471,7.500000,7.500000,7.500000,7.500000,7.500000,7.500000,7.500000,7.500000
1764424569.014116,1539271067895,7.500000,7.500000,7.500000,7.500000,7.500000,7.500000,7.500000,7.500000
1764424569.024981,1539281933312,7.500000,7.500000,7.500000,7.500000,7.500000,7.500000,7.500000,7.500000
1764424569.033820,1539290771361,7.500000,7.500000,7.500000,7.500000,7.500000,7.500000,7.500000,7.500000
1764424569.042766,1539299717910,7.500000,7.500000,7.500000,7.500000,7.500000,7.500000,7.500000,7.500000
1764424569.051447,1539308398752,7.500000,7.500000,7.500000,7.500000,7.500000,7.500000,7.500000,7.500000
1764424569.060204,1539317155427,7.500000,7.500000,7.500000,7.500000,7.500000,7.500000,7.500000,7.500000
1764424569.068965,1539325916185,7.500000,7.500000,7.500000,7.500000,7.500000,7.500000,7.500000,7.500000
1764424569.077746,1539334697359,7.500000,7.500000,7.500000,7.500000,7.500000,7.500000,7.500000,7.500000
1764424569.086571,1539343522284,7.500000,7.500000,7.500000,7.500000,7.500000,7.500000,7.500000,7.500000
1764424569.095323,1539352274875,7.500000,7.500000,7.500000,7.500000,7.500000,7.500000,7.500000,7.500000
1764424569.104340,1539361291424,7.500000,7.500000,7.500000,7.500000,7.500000,7.500000,7.500000,7.500000
1764424569.113160,1539370111682,7.500000,7.500000,7.500000,7.500000,7.500000,7.500000,7.500000,7.500000
1764424569.122197,1539379148647,7.500000,7.500000,7.500000,7.500000,7.500000,7.500000,7.500000,7.500000
1764424569.131236,1539388187362,7.500000,7.500000,7.500000,7.500000,7.500000,7.500000,7.500000,7.500000
1764424569.140269,1539397220244,7.500000,7.500000,7.500000,7.500000,7.500000,7.500000,7.500000,7.500000
1764424569.149417,1539406368626,7.500000,7.500000,7.500000,7.500000,7.500000,7.500000,7.500000,7.500000
1764424569.158431,1539415382175,7.500000,7.500000,7.500000,7.500000,7.500000,7.500000,7.500000,7.500000
1764424569.167233,1539424184641,7.500000,7.500000,7.500000,7.500000,7.500000,7.500000,7.500000,7.500000
1764424569.176098,1539433049357,7.500000,7.500000,7.500000,7.500000,7.500000,7.500000,7.500000,7.500000
1764424569.187031,1539443982731,7.500000,7.500000,7.500000,7.500000,7.500000,7.500000,7.500000,7.500000
1764424569.195789,1539452740864,7.500000,7.500000,7.500000,7.500000,7.500000,7.500000,7.500000,7.500000
1764424569.204538,1539461489373,7.500000,7.500000,7.500000,7.500000,7.500000,7.500000,7.500000,7.500000
1764424569.213482,1539470433588,7.500000,7.500000,7.500000,7.500000,7.500000,7.500000,7.500000,7.500000
1764424569.222644,1539479595386,7.500000,7.500000,7.500000,7.500000,7.500000,7.500000,7.500000,7.500000
1764424569.231562,1539488513061,7.500000,7.500000,7.500000,7.500000,7.500000,7.500000,7.500000,7.500000
1764424569.240615,1539497566651,7.500000,7.500000,7.500000,7.500000,7.500000,7.500000,7.500000,7.500000
1764424569.249371,1539506322159,7.500000,7.500000,7.500000,7.500000,7.500000,7.500000,7.500000,7.500000
1764424569.258122,1539515073875,7.500000,7.500000,7.500000,7.500000,7.500000,7.500000,7.500000,7.500000
1764424569.266948,1539523899091,7.500000,7.500000,7.500000,7.500000,7.500000,7.500000,7.500000,7.500000
1764424569.275758,1539532709724,7.500000,7.500000,7.500000,7.500000,7.500000,7.500000,7.500000,7.500000
1764424569.284518,1539541469607,7.500000,7.500000,7.500000,7.500000,7.500000,7.500000,7.500000,7.500000
1764424569.293308,1539550259532,7.500000,7.500000,7.500000,7.500000,7.500000,7.500000,7.500000,7.500000
1764424569.302102,1539559053831,7.500000,7.500000,7.500000,7.500000,7.500000,7.500000,7.500000,7.500000
1764424569.313033,1539569984873,7.500000,7.500000,7.500000,7.500000,7.500000,7.500000,7.500000,7.500000
1764424569.322024,1539578975755,7.500000,7.500000,7.500000,7.500000,7.500000,7.500000,7.500000,7.500000
1764424569.330832,1539587783763,7.500000,7.500000,7.500000,7.500000,7.500000,7.500000,7.500000,7.500000
1764424569.339620,1539596571062,7.500000,7.500000,7.500000,7.500000,7.500000,7.500000,7.500000,7.500000
1764424569.348423,1539605374987,7.500000,7.500000,7.500000,7.500000,7.500000,7.500000,7.500000,7.500000
1764424569.357215,1539614166078,7.500000,7.500000,7.500000,7.500000,7.500000,7.500000,7.500000,7.500000
1764424569.366020,1539622972044,7.500000,7.500000,7.500000,7.500000,7.500000,7.500000,7.500000,7.500000
1764424569.374829,1539631780927,7.500000,7.500000,7.500000,7.500000,7.500000,7.500000,7.500000,7.500000
1764424569.383631,1539640582227,7.500000,7.500000,7.500000,7.500000,7.500000,7.500000,7.500000,7.500000
1764424569.392427,1539649378860,7.500000,7.500000,7.500000,7.500000,7.500000,7.500000,7.500000,7.500000
1764424569.401224,1539658175493,7.500000,7.500000,7.500000,7.500000,7.500000,7.500000,7.500000,7.500000
1764424569.410022,1539666973876,7.500000,7.500000,7.500000,7.500000,7.500000,7.500000,7.500000,7.500000
1764424569.420960,1539677911917,7.500000,7.500000,7.500000,7.500000,7.500000,7.500000,7.500000,7.500000
1764424569.429954,1539686905132,7.500000,7.500000,7.500000,7.500000,7.500000,7.500000,7.500000,7.500000
1764424569.438879,1539695830681,7.500000,7.500000,7.500000,7.500000,7.500000,7.500000,7.500000,7.500000
1764424569.447637,1539704588231,7.500000,7.500000,7.500000,7.500000,7.500000,7.500000,7.500000,7.500000
1764424569.456415,1539713367073,7.500000,7.500000,7.500000,7.500000,7.500000,7.500000,7.500000,7.500000
1764424569.465427,1539722378371,7.500000,7.500000,7.500000,7.500000,7.500000,7.500000,7.500000,7.500000
1764424569.474283,1539731234796,7.500000,7.500000,7.500000,7.500000,7.500000,7.500000,7.500000,7.500000
1764424569.483183,1539740134970,7.500000,7.500000,7.500000,7.500000,7.500000,7.500000,7.500000,7.500000
1764424569.492174,1539749125560,7.500000,7.500000,7.500000,7.500000,7.500000,7.500000,7.500000,7.500000
1764424569.501018,1539757970026,7.500000,7.500000,7.500000,7.500000,7.500000,7.500000,7.500000,7.500000
1764424569.509826,1539766777743,7.500000,7.500000,7.500000,7.500000,7.500000,7.500000,7.500000,7.500000
1764424569.519103,1539776054165,7.500000,7.500000,7.500000,7.500000,7.500000,7.500000,7.500000,7.500000
1764424569.527918,1539784869756,7.500000,7.500000,7.500000,7.500000,7.500000,7.500000,7.500000,7.500000
1764424569.536697,1539793648014,7.500000,7.500000,7.500000,7.500000,7.500000,7.500000,7.500000,7.500000
1764424569.545522,1539802473522,7.500000,7.500000,7.500000,7.500000,7.500000,7.500000,7.500000,7.500000
1764424569.554326,1539811278322,7.500000,7.500000,7.500000,7.500000,7.500000,7.500000,7.500000,7.500000
1764424569.563161,1539820112288,7.500000,7.500000,7.500000,7.500000,7.500000,7.500000,7.500000,7.500000
1764424569.572147,1539829098503,7.500000,7.500000,7.500000,7.500000,7.500000,7.500000,7.500000,7.500000
1764424569.581026,1539837977969,7.500000,7.500000,7.500000,7.500000,7.500000,7.500000,7.500000,7.500000
1764424569.592140,1539849092177,7.500000,7.500000,7.500000,7.500000,7.500000,7.500000,7.500000,7.500000
1764424569.601032,1539857982726,7.500000,7.500000,7.500000,7.500000,7.500000,7.500000,7.500000,7.500000
1764424569.609841,1539866793067,7.500000,7.500000,7.500000,7.500000,7.500000,7.500000,7.500000,7.500000
1764424569.618877,1539875828574,7.500000,7.500000,7.500000,7.500000,7.500000,7.500000,7.500000,7.500000
1764424569.627706,1539884657873,7.500000,7.500000,7.500000,7.500000,7.500000,7.500000,7.500000,7.500000
1764424569.636620,1539893572048,7.500000,7.500000,7.500000,7.500000,7.500000,7.500000,7.500000,7.500000
1764424569.645444,1539902394930,7.500000,7.500000,7.500000,7.500000,7.500000,7.500000,7.500000,7.500000
1764424569.654231,1539911181938,7.500000,7.500000,7.500000,7.500000,7.500000,7.500000,7.500000,7.500000
1764424569.663174,1539920125571,7.500000,7.500000,7.500000,7.500000,7.500000,7.500000,7.500000,7.500000
1764424569.672065,1539929016703,7.500000,7.500000,7.500000,7.500000,7.500000,7.500000,7.500000,7.500000
1764424569.680829,1539937780961,7.500000,7.500000,7.500000,7.500000,7.500000,7.500000,7.500000,7.500000
1764424569.689606,1539946557178,7.500000,7.500000,7.500000,7.500000,7.500000,7.500000,7.500000,7.500000
1764424569.698423,1539955374519,7.500000,7.500000,7.500000,7.500000,7.500000,7.500000,7.500000,7.500000
1764424569.707250,1539964202068,7.500000,7.500000,7.500000,7.500000,7.500000,7.500000,7.500000,7.500000
1764424569.716054,1539973005993,7.500000,7.500000,7.500000,7.500000,7.500000,7.500000,7.500000,7.500000
1764424569.727064,1539984016075,7.500000,7.500000,7.500000,7.500000,7.500000,7.500000,7.500000,7.500000
1764424569.735819,1539992770709,7.500000,7.500000,7.500000,7.500000,7.500000,7.500000,7.500000,7.500000
1764424569.744574,1540001525050,7.500000,7.500000,7.500000,7.500000,7.500000,7.500000,7.500000,7.500000
1764424569.753365,1540010315850,7.500000,7.500000,7.500000,7.500000,7.500000,7.500000,7.500000,7.500000
1764424569.762179,1540019130857,7.500000,7.500000,7.500000,7.500000,7.500000,7.500000,7.500000,7.500000
1764424569.770990,1540027941199,7.500000,7.500000,7.500000,7.500000,7.500000,7.500000,7.500000,7.500000
1764424569.779820,1540036772248,7.500000,7.500000,7.500000,7.500000,7.500000,7.500000,7.500000,7.500000
1764424569.788876,1540045827588,7.500000,7.500000,7.500000,7.500000,7.500000,7.500000,7.500000,7.500000
1764424569.797657,1540054609055,7.500000,7.500000,7.500000,7.500000,7.500000,7.500000,7.500000,7.500000
1764424569.806439,1540063390521,7.500000,7.500000,7.500000,7.500000,7.500000,7.500000,7.500000,7.500000
1764424569.815254,1540072206112,7.500000,7.500000,7.500000,7.500000,7.500000,7.500000,7.500000,7.500000
1764424569.824065,1540081016161,7.500000,7.500000,7.500000,7.500000,7.500000,7.500000,7.500000,7.500000
1764424569.835008,1540091959744,7.500000,7.500000,7.500000,7.500000,7.500000,7.500000,7.500000,7.500000
1764424569.843820,1540100771544,7.500000,7.500000,7.500000,7.500000,7.500000,7.500000,7.500000,7.500000
1764424569.852619,1540109570802,7.500000,7.500000,7.500000,7.500000,7.500000,7.500000,7.500000,7.500000
1764424569.861426,1540118377935,7.500000,7.500000,7.500000,7.500000,7.500000,7.500000,7.500000,7.500000
1764424569.870243,1540127194401,7.500000,7.500000,7.500000,7.500000,7.500000,7.500000,7.500000,7.500000
1764424569.879049,1540136000659,7.500000,7.500000,7.500000,7.500000,7.500000,7.500000,7.500000,7.500000
1764424569.887860,1540144811583,7.500000,7.500000,7.500000,7.500000,7.500000,7.500000,7.500000,7.500000
1764424569.896659,1540153610258,7.500000,7.500000,7.500000,7.500000,7.500000,7.500000,7.500000,7.500000
1764424569.905421,1540162373058,7.500000,7.500000,7.500000,7.500000,7.500000,7.500000,7.500000,7.500000
1764424569.914231,1540171182524,7.500000,7.500000,7.500000,7.500000,7.500000,7.500000,7.500000,7.500000
1764424569.923630,1540180581738,7.500000,7.500000,7.500000,7.500000,7.500000,7.500000,7.500000,7.500000
1764424569.932565,1540189516620,7.500000,7.500000,7.500000,7.500000,7.500000,7.500000,7.500000,7.500000
1764424569.941341,1540198292253,7.500000,7.500000,7.500000,7.500000,7.500000,7.500000,7.500000,7.500000
1764424569.950092,1540207043678,7.500000,7.500000,7.500000,7.500000,7.500000,7.500000,7.500000,7.500000
1764424569.959053,1540216004810,7.500000,7.500000,7.500000,7.500000,7.500000,7.500000,7.500000,7.500000
1764424569.970024,1540226975810,7.500000,7.500000,7.500000,7.500000,7.500000,7.500000,7.500000,7.500000
1764424569.978847,1540235798692,7.500000,7.500000,7.500000,7.500000,7.500000,7.500000,7.500000,7.500000
1764424569.987648,1540244598825,7.500000,7.500000,7.500000,7.500000,7.500000,7.500000,7.500000,7.500000
1764424569.996448,1540253399542,7.500000,7.500000,7.500000,7.500000,7.500000,7.500000,7.500000,7.500000
1764424570.005600,1540262551423,7.500000,7.500000,7.500000,7.500000,7.500000,7.500000,7.500000,7.500000
1764424570.014445,1540271396764,7.500000,7.500000,7.500000,7.500000,7.500000,7.500000,7.500000,7.500000
1764424570.023263,1540280214980,7.500000,7.500000,7.500000,7.500000,7.500000,7.500000,7.500000,7.500000
1764424570.032106,1540289057113,7.500000,7.500000,7.500000,7.500000,7.500000,7.500000,7.500000,7.500000
1764424570.041147,1540298098453,7.500000,7.500000,7.500000,7.500000,7.500000,7.500000,7.500000,7.500000
1764424570.050219,1540307170710,7.500000,7.500000,7.500000,7.500000,7.500000,7.500000,7.500000,7.500000
1764424570.058982,1540315933802,7.500000,7.500000,7.500000,7.500000,7.500000,7.500000,7.500000,7.500000
1764424570.067749,1540324700685,7.500000,7.500000,7.500000,7.500000,7.500000,7.500000,7.500000,7.500000
1764424570.076493,1540333444234,7.500000,7.500000,7.500000,7.500000,7.500000,7.500000,7.500000,7.500000
1764424570.085245,1540342195951,7.500000,7.500000,7.500000,7.500000,7.500000,7.500000,7.500000,7.500000
1764424570.094068,1540351020000,7.500000,7.500000,7.500000,7.500000,7.500000,7.500000,7.500000,7.500000
1764424570.105014,1540361965625,7.500000,7.500000,7.500000,7.500000,7.500000,7.500000,7.500000,7.500000
1764424570.113812,1540370763424,7.500000,7.500000,7.500000,7.500000,7.500000,7.500000,7.500000,7.500000
1764424570.122612,1540379563849,7.500000,7.500000,7.500000,7.500000,7.500000,7.500000,7.500000,7.500000
1764424570.131445,1540388396940,7.500000,7.500000,7.500000,7.500000,7.500000,7.500000,7.500000,7.500000
1764424570.140210,1540397161781,7.500000,7.500000,7.500000,7.500000,7.500000,7.500000,7.500000,7.500000
1764424570.149021,1540405972998,7.500000,7.500000,7.500000,7.500000,7.500000,7.500000,7.500000,7.500000
1764424570.158215,1540415166879,7.500000,7.500000,7.500000,7.500000,7.500000,7.500000,7.500000,7.500000
1764424570.166985,1540423936970,7.500000,7.500000,7.500000,7.500000,7.500000,7.500000,7.500000,7.500000
1764424570.175735,1540432686353,7.500000,7.500000,7.500000,7.500000,7.500000,7.500000,7.500000,7.500000
1764424570.184492,1540441443611,7.500000,7.500000,7.500000,7.500000,7.500000,7.500000,7.500000,7.500000
1764424570.193257,1540450208453,7.500000,7.500000,7.500000,7.500000,7.500000,7.500000,7.500000,7.500000
1764424570.202016,1540458968044,7.500000,7.500000,7.500000,7.500000,7.500000,7.500000,7.500000,7.500000
1764424570.213071,1540470021877,7.500000,7.500000,7.500000,7.500000,7.500000,7.500000,7.500000,7.500000
1764424570.221852,1540478803426,7.500000,7.500000,7.500000,7.500000,7.500000,7.500000,7.500000,7.500000
1764424570.230623,1540487574101,7.500000,7.500000,7.500000,7.500000,7.500000,7.500000,7.500000,7.500000
1764424570.239382,1540496333109,7.500000,7.500000,7.500000,7.500000,7.500000,7.500000,7.500000,7.500000
1764424570.248267,1540505218992,7.500000,7.500000,7.500000,7.500000,7.500000,7.500000,7.500000,7.500000
1764424570.257298,1540514250415,7.500000,7.500000,7.500000,7.500000,7.500000,7.500000,7.500000,7.500000
1764424570.266620,1540523571171,7.500000,7.500000,7.500000,7.500000,7.500000,7.500000,7.500000,7.500000
1764424570.275544,1540532495554,7.500000,7.500000,7.500000,7.500000,7.500000,7.500000,7.500000,7.500000
1764424570.284375,1540541326895,7.500000,7.500000,7.500000,7.500000,7.500000,7.500000,7.500000,7.500000
1764424570.293166,1540550117694,7.500000,7.500000,7.500000,7.500000,7.500000,7.500000,7.500000,7.500000
1764424570.302305,1540559255868,7.500000,7.500000,7.500000,7.500000,7.500000,7.500000,7.500000,7.500000
1764424570.311086,1540568037626,7.500000,7.500000,7.500000,7.500000,7.500000,7.500000,7.500000,7.500000
1764424570.320109,1540577060591,7.500000,7.500000,7.500000,7.500000,7.500000,7.500000,7.500000,7.500000
1764424570.328991,1540585942682,7.500000,7.500000,7.500000,7.500000,7.500000,7.500000,7.500000,7.500000
1764424570.337798,1540594749231,7.500000,7.500000,7.500000,7.500000,7.500000,7.500000,7.500000,7.500000
1764424570.346601,1540603552281,7.500000,7.500000,7.500000,7.500000,7.500000,7.500000,7.500000,7.500000
1764424570.355404,1540612355331,7.500000,7.500000,7.500000,7.500000,7.500000,7.500000,7.500000,7.500000
1764424570.364233,1540621184922,7.500000,7.500000,7.500000,7.500000,7.500000,7.500000,7.500000,7.500000
1764424570.373244,1540630195637,7.500000,7.500000,7.500000,7.500000,7.500000,7.500000,7.500000,7.500000
1764424570.382171,1540639122644,7.500000,7.500000,7.500000,7.500000,7.500000,7.500000,7.500000,7.500000
1764424570.393151,1540650102977,7.500000,7.500000,7.500000,7.500000,7.500000,7.500000,7.500000,7.500000
1764424570.402171,1540659122443,7.500000,7.500000,7.500000,7.500000,7.500000,7.500000,7.500000,7.500000
1764424570.410942,1540667893701,7.500000,7.500000,7.500000,7.500000,7.500000,7.500000,7.500000,7.500000
1764424570.419827,1540676778708,7.500000,7.500000,7.500000,7.500000,7.500000,7.500000,7.500000,7.500000
1764424570.429031,1540685983090,7.500000,7.500000,7.500000,7.500000,7.500000,7.500000,7.500000,7.500000
1764424570.437918,1540694869264,7.500000,7.500000,7.500000,7.500000,7.500000,7.500000,7.500000,7.500000
1764424570.446738,1540703689522,7.500000,7.500000,7.500000,7.500000,7.500000,7.500000,7.500000,7.500000
1764424570.455551,1540712502488,7.500000,7.500000,7.500000,7.500000,7.500000,7.500000,7.500000,7.500000
1764424570.464357,1540721308746,7.500000,7.500000,7.500000,7.500000,7.500000,7.500000,7.500000,7.500000
1764424570.473165,1540730116170,7.500000,7.500000,7.500000,7.500000,7.500000,7.500000,7.500000,7.500000
1764424570.482412,1540739363135,7.500000,7.500000,7.500000,7.500000,7.500000,7.500000,7.500000,7.500000
1764424570.491226,1540748177559,7.500000,7.500000,7.500000,7.500000,7.500000,7.500000,7.500000,7.500000
1764424570.500067,1540757018525,7.500000,7.500000,7.500000,7.500000,7.500000,7.500000,7.500000,7.500000
1764424570.508908,1540765859200,7.500000,7.500000,7.500000,7.500000,7.500000,7.500000,7.500000,7.500000
1764424570.517664,1540774615874,7.500000,7.500000,7.500000,7.500000,7.500000,7.500000,7.500000,7.500000
1764424570.526445,1540783396174,7.500000,7.500000,7.500000,7.500000,7.500000,7.500000,7.500000,7.500000
1764424570.535390,1540792342431,7.500000,7.500000,7.500000,7.500000,7.500000,7.500000,7.500000,7.500000
1764424570.544242,1540801193314,7.500000,7.500000,7.500000,7.500000,7.500000,7.500000,7.500000,7.500000
1764424570.553254,1540810205780,7.500000,7.500000,7.500000,7.500000,7.500000,7.500000,7.500000,7.500000
1764424570.562476,1540819427369,7.500000,7.500000,7.500000,7.500000,7.500000,7.500000,7.500000,7.500000
1764424570.571246,1540828197752,7.500000,7.500000,7.500000,7.500000,7.500000,7.500000,7.500000,7.500000
1764424570.580004,1540836955594,7.500000,7.500000,7.500000,7.500000,7.500000,7.500000,7.500000,7.500000
1764424570.590898,1540847849302,7.500000,7.500000,7.500000,7.500000,7.500000,7.500000,7.500000,7.500000
1764424570.599839,1540856790309,7.500000,7.500000,7.500000,7.500000,7.500000,7.500000,7.500000,7.500000
1764424570.608775,1540865726358,7.500000,7.500000,7.500000,7.500000,7.500000,7.500000,7.500000,7.500000
1764424570.617569,1540874521241,7.500000,7.500000,7.500000,7.500000,7.500000,7.500000,7.500000,7.500000
1764424570.626689,1540883641039,7.500000,7.500000,7.500000,7.500000,7.500000,7.500000,7.500000,7.500000
1764424570.635601,1540892552297,7.500000,7.500000,7.500000,7.500000,7.500000,7.500000,7.500000,7.500000
1764424570.644360,1540901311305,7.500000,7.500000,7.500000,7.500000,7.500000,7.500000,7.500000,7.500000
1764424570.653163,1540910114646,7.500000,7.500000,7.500000,7.500000,7.500000,7.500000,7.500000,7.500000
1764424570.661944,1540918895529,7.500000,7.500000,7.500000,7.500000,7.500000,7.500000,7.500000,7.500000
1764424570.671090,1540928042161,7.500000,7.500000,7.500000,7.500000,7.500000,7.500000,7.500000,7.500000
1764424570.679985,1540936936793,7.500000,7.500000,7.500000,7.500000,7.500000,7.500000,7.500000,7.500000
1764424570.688748,1540945699884,7.500000,7.500000,7.500000,7.500000,7.500000,7.500000,7.500000,7.500000
1764424570.697659,1540954610559,7.500000,7.500000,7.500000,7.500000,7.500000,7.500000,7.500000,7.500000
1764424570.706495,1540963446275,7.500000,7.500000,7.500000,7.500000,7.500000,7.500000,7.500000,7.500000
1764424570.715307,1540972258074,7.500000,7.500000,7.500000,7.500000,7.500000,7.500000,7.500000,7.500000
1764424570.724568,1540981519330,7.500000,7.500000,7.500000,7.500000,7.500000,7.500000,7.500000,7.500000
1764424570.733360,1540990312172,7.500000,7.500000,7.500000,7.500000,7.500000,7.500000,7.500000,7.500000
1764424570.742191,1540999142929,7.500000,7.500000,7.500000,7.500000,7.500000,7.500000,7.500000,7.500000
1764424570.751263,1541008214603,7.500000,7.500000,7.500000,7.500000,7.500000,7.500000,7.500000,7.500000
1764424570.760125,1541017076569,7.500000,7.500000,7.500000,7.500000,7.500000,7.500000,7.500000,7.500000
1764424570.771068,1541028019860,7.500000,7.500000,7.500000,7.500000,7.500000,7.500000,7.500000,7.500000
1764424570.778098,1541035049000,7.500000,7.500000,7.500000,7.500000,7.500000,7.500000,7.500000,7.500000
1764424570.787112,1541044063799,7.500000,7.500000,7.500000,7.500000,7.500000,7.500000,7.500000,7.500000
1764424570.798071,1541055022840,7.500000,7.500000,7.500000,7.500000,7.500000,7.500000,7.500000,7.500000
1764424570.806863,1541063814514,7.500000,7.500000,7.500000,7.500000,7.500000,7.500000,7.500000,7.500000
1764424570.815609,1541072560398,7.500000,7.500000,7.500000,7.500000,7.500000,7.500000,7.500000,7.500000
1764424570.824362,1541081313281,7.500000,7.500000,7.500000,7.500000,7.500000,7.500000,7.500000,7.500000
1764424570.833287,1541090238830,7.500000,7.500000,7.500000,7.500000,7.500000,7.500000,7.500000,7.500000
1764424570.842325,1541099276670,7.500000,7.500000,7.500000,7.500000,7.500000,7.500000,7.500000,7.500000
1764424570.851269,1541108220886,7.500000,7.500000,7.500000,7.500000,7.500000,7.500000,7.500000,7.500000
1764424570.860108,1541117059810,7.500000,7.500000,7.500000,7.500000,7.500000,7.500000,7.500000,7.500000
1764424570.868904,1541125856151,7.500000,7.500000,7.500000,7.500000,7.500000,7.500000,7.500000,7.500000
1764424570.877663,1541134614576,7.500000,7.500000,7.500000,7.500000,7.500000,7.500000,7.500000,7.500000
1764424570.886496,1541143447376,7.500000,7.500000,7.500000,7.500000,7.500000,7.500000,7.500000,7.500000
1764424570.895770,1541152722048,7.500000,7.500000,7.500000,7.500000,7.500000,7.500000,7.500000,7.500000
1764424570.904643,1541161593931,7.500000,7.500000,7.500000,7.500000,7.500000,7.500000,7.500000,7.500000
1764424570.913448,1541170399605,7.500000,7.500000,7.500000,7.500000,7.500000,7.500000,7.500000,7.500000
1764424570.922694,1541179645695,7.500000,7.500000,7.500000,7.500000,7.500000,7.500000,7.500000,7.500000
1764424570.931403,1541188354828,7.500000,7.500000,7.500000,7.500000,7.500000,7.500000,7.500000,7.500000
1764424570.940327,1541197279211,7.500000,7.500000,7.500000,7.500000,7.500000,7.500000,7.500000,7.500000
1764424570.949126,1541206077593,7.500000,7.500000,7.500000,7.500000,7.500000,7.500000,7.500000,7.500000
1764424570.958360,1541215311433,7.500000,7.500000,7.500000,7.500000,7.500000,7.500000,7.500000,7.500000
1764424570.967253,1541224205191,7.500000,7.500000,7.500000,7.500000,7.500000,7.500000,7.500000,7.500000
1764424570.976056,1541233007948,7.500000,7.500000,7.500000,7.500000,7.500000,7.500000,7.500000,7.500000
1764424570.986995,1541243946573,7.500000,7.500000,7.500000,7.500000,7.500000,7.500000,7.500000,7.500000
1764424570.995790,1541252741164,7.500000,7.500000,7.500000,7.500000,7.500000,7.500000,7.500000,7.500000
1764424571.004594,1541261545381,7.500000,7.500000,7.500000,7.500000,7.500000,7.500000,7.500000,7.500000
1764424571.013404,1541270355722,7.500000,7.500000,7.500000,7.500000,7.500000,7.500000,7.500000,7.500000
1764424571.022212,1541279163730,7.500000,7.500000,7.500000,7.500000,7.500000,7.500000,7.500000,7.500000
1764424571.031014,1541287965321,7.500000,7.500000,7.500000,7.500000,7.500000,7.500000,7.500000,7.500000
1764424571.040087,1541297039328,7.500000,7.500000,7.500000,7.500000,7.500000,7.500000,7.500000,7.500000
1764424571.048941,1541305892544,7.500000,7.500000,7.500000,7.500000,7.500000,7.500000,7.500000,7.500000
1764424571.057798,1541314749843,7.500000,7.500000,7.500000,7.500000,7.500000,7.500000,7.500000,7.500000
1764424571.066639,1541323591101,7.500000,7.500000,7.500000,7.500000,7.500000,7.500000,7.500000,7.500000
1764424571.075441,1541332392400,7.500000,7.500000,7.500000,7.500000,7.500000,7.500000,7.500000,7.500000
1764424571.084229,1541341180575,7.500000,7.500000,7.500000,7.500000,7.500000,7.500000,7.500000,7.500000
1764424571.093170,1541350121582,7.500000,7.500000,7.500000,7.500000,7.500000,7.500000,7.500000,7.500000
1764424571.102103,1541359054715,7.500000,7.500000,7.500000,7.500000,7.500000,7.500000,7.500000,7.500000
1764424571.113271,1541370222880,7.500000,7.500000,7.500000,7.500000,7.500000,7.500000,7.500000,7.500000
1764424571.120024,1541376975813,7.500000,7.500000,7.500000,7.500000,7.500000,7.500000,7.500000,7.500000
1764424571.130958,1541387909479,7.500000,7.500000,7.500000,7.500000,7.500000,7.500000,7.500000,7.500000
1764424571.140013,1541396964528,7.500000,7.500000,7.500000,7.500000,7.500000,7.500000,7.500000,7.500000
1764424571.148838,1541405789744,7.500000,7.500000,7.500000,7.500000,7.500000,7.500000,7.500000,7.500000
1764424571.157653,1541414605043,7.500000,7.500000,7.500000,7.500000,7.500000,7.500000,7.500000,7.500000
1764424571.166656,1541423607300,7.500000,7.500000,7.500000,7.500000,7.500000,7.500000,7.500000,7.500000
1764424571.175485,1541432436016,7.500000,7.500000,7.500000,7.500000,7.500000,7.500000,7.500000,7.500000
1764424571.184308,1541441259483,7.500000,7.500000,7.500000,7.500000,7.500000,7.500000,7.500000,7.500000
1764424571.193134,1541450085282,7.500000,7.500000,7.500000,7.500000,7.500000,7.500000,7.500000,7.500000
1764424571.202214,1541459165414,7.500000,7.500000,7.500000,7.500000,7.500000,7.500000,7.500000,7.500000
1764424571.210978,1541467929380,7.500000,7.500000,7.500000,7.500000,7.500000,7.500000,7.500000,7.500000
1764424571.219809,1541476761013,7.500000,7.500000,7.500000,7.500000,7.500000,7.500000,7.500000,7.500000
1764424571.228585,1541485536938,7.500000,7.500000,7.500000,7.500000,7.500000,7.500000,7.500000,7.500000
1764424571.237377,1541494328612,7.500000,7.500000,7.500000,7.500000,7.500000,7.500000,7.500000,7.500000
1764424571.246424,1541503375786,7.500000,7.500000,7.500000,7.500000,7.500000,7.500000,7.500000,7.500000
1764424571.255297,1541512248835,7.500000,7.500000,7.500000,7.500000,7.500000,7.500000,7.500000,7.500000
1764424571.264197,1541521148718,7.500000,7.500000,7.500000,7.500000,7.500000,7.500000,7.500000,7.500000
1764424571.275086,1541532037759,7.500000,7.500000,7.500000,7.500000,7.500000,7.500000,7.500000,7.500000
1764424571.283930,1541540881350,7.500000,7.500000,7.500000,7.500000,7.500000,7.500000,7.500000,7.500000
1764424571.292695,1541549646775,7.500000,7.500000,7.500000,7.500000,7.500000,7.500000,7.500000,7.500000
1764424571.301511,1541558462949,7.500000,7.500000,7.500000,7.500000,7.500000,7.500000,7.500000,7.500000
1764424571.310332,1541567283791,7.500000,7.500000,7.500000,7.500000,7.500000,7.500000,7.500000,7.500000
1764424571.319123,1541576074590,7.500000,7.500000,7.500000,7.500000,7.500000,7.500000,7.500000,7.500000
1764424571.327918,1541584868890,7.500000,7.500000,7.500000,7.500000,7.500000,7.500000,7.500000,7.500000
1764424571.336767,1541593718606,7.500000,7.500000,7.500000,7.500000,7.500000,7.500000,7.500000,7.500000
1764424571.345543,1541602494530,7.500000,7.500000,7.500000,7.500000,7.500000,7.500000,7.500000,7.500000
1764424571.354329,1541611280663,7.500000,7.500000,7.500000,7.500000,7.500000,7.500000,7.500000,7.500000
1764424571.363160,1541620111713,7.500000,7.500000,7.500000,7.500000,7.500000,7.500000,7.500000,7.500000
1764424571.372151,1541629102595,7.500000,7.500000,7.500000,7.500000,7.500000,7.500000,7.500000,7.500000
1764424571.383146,1541640096928,7.500000,7.500000,7.500000,7.500000,7.500000,7.500000,7.500000,7.500000
1764424571.392065,1541649016643,7.500000,7.500000,7.500000,7.500000,7.500000,7.500000,7.500000,7.500000
1764424571.400835,1541657786443,7.500000,7.500000,7.500000,7.500000,7.500000,7.500000,7.500000,7.500000
1764424571.409601,1541666552743,7.500000,7.500000,7.500000,7.500000,7.500000,7.500000,7.500000,7.500000
1764424571.418417,1541675368917,7.500000,7.500000,7.500000,7.500000,7.500000,7.500000,7.500000,7.500000
1764424571.427224,1541684175467,7.500000,7.500000,7.500000,7.500000,7.500000,7.500000,7.500000,7.500000
1764424571.436034,1541692985808,7.500000,7.500000,7.500000,7.500000,7.500000,7.500000,7.500000,7.500000
1764424571.444829,1541701780691,7.500000,7.500000,7.500000,7.500000,7.500000,7.500000,7.500000,7.500000
1764424571.453631,1541710582282,7.500000,7.500000,7.500000,7.500000,7.500000,7.500000,7.500000,7.500000
1764424571.462447,1541719398165,7.500000,7.500000,7.500000,7.500000,7.500000,7.500000,7.500000,7.500000
1764424571.471264,1541728215506,7.500000,7.500000,7.500000,7.500000,7.500000,7.500000,7.500000,7.500000
1764424571.480061,1541737012139,7.500000,7.500000,7.500000,7.500000,7.500000,7.500000,7.500000,7.500000
1764424571.490991,1541747942889,7.500000,7.500000,7.500000,7.500000,7.500000,7.500000,7.500000,7.500000
1764424571.499794,1541756745647,7.500000,7.500000,7.500000,7.500000,7.500000,7.500000,7.500000,7.500000
1764424571.508886,1541765837153,7.500000,7.500000,7.500000,7.500000,7.500000,7.500000,7.500000,7.500000
1764424571.517675,1541774626786,7.500000,7.500000,7.500000,7.500000,7.500000,7.500000,7.500000,7.500000
1764424571.526503,1541783455211,7.500000,7.500000,7.500000,7.500000,7.500000,7.500000,7.500000,7.500000
1764424571.535656,1541792607967,7.500000,7.500000,7.500000,7.500000,7.500000,7.500000,7.500000,7.500000
1764424571.544442,1541801393517,7.500000,7.500000,7.500000,7.500000,7.500000,7.500000,7.500000,7.500000
1764424571.553224,1541810175275,7.500000,7.500000,7.500000,7.500000,7.500000,7.500000,7.500000,7.500000
1764424571.562210,1541819161199,7.500000,7.500000,7.500000,7.500000,7.500000,7.500000,7.500000,7.500000
1764424571.571057,1541828008582,7.500000,7.500000,7.500000,7.500000,7.500000,7.500000,7.500000,7.500000
1764424571.579838,1541836789756,7.500000,7.500000,7.500000,7.500000,7.500000,7.500000,7.500000,7.500000
1764424571.588811,1541845762263,7.500000,7.500000,7.500000,7.500000,7.500000,7.500000,7.500000,7.500000
1764424571.597694,1541854645521,7.500000,7.500000,7.500000,7.500000,7.500000,7.500000,7.500000,7.500000
1764424571.606507,1541863458779,7.500000,7.500000,7.500000,7.500000,7.500000,7.500000,7.500000,7.500000
1764424571.615494,1541872445286,7.500000,7.500000,7.500000,7.500000,7.500000,7.500000,7.500000,7.500000
1764424571.624365,1541881316585,7.500000,7.500000,7.500000,7.500000,7.500000,7.500000,7.500000,7.500000
1764424571.633276,1541890227259,7.500000,7.500000,7.500000,7.500000,7.500000,7.500000,7.500000,7.500000
1764424571.642111,1541899062392,7.500000,7.500000,7.500000,7.500000,7.500000,7.500000,7.500000,7.500000
1764424571.653169,1541910120600,7.500000,7.500000,7.500000,7.500000,7.500000,7.500000,7.500000,7.500000
1764424571.662116,1541919067440,7.500000,7.500000,7.500000,7.500000,7.500000,7.500000,7.500000,7.500000
1764424571.671050,1541928002031,7.500000,7.500000,7.500000,7.500000,7.500000,7.500000,7.500000,7.500000
1764424571.679824,1541936775331,7.500000,7.500000,7.500000,7.500000,7.500000,7.500000,7.500000,7.500000
1764424571.688737,1541945688338,7.500000,7.500000,7.500000,7.500000,7.500000,7.500000,7.500000,7.500000
1764424571.697570,1541954521429,7.500000,7.500000,7.500000,7.500000,7.500000,7.500000,7.500000,7.500000
1764424571.706596,1541963547895,7.500000,7.500000,7.500000,7.500000,7.500000,7.500000,7.500000,7.500000
1764424571.715529,1541972480444,7.500000,7.500000,7.500000,7.500000,7.500000,7.500000,7.500000,7.500000
1764424571.724362,1541981313826,7.500000,7.500000,7.500000,7.500000,7.500000,7.500000,7.500000,7.500000
1764424571.733174,1541990125626,7.500000,7.500000,7.500000,7.500000,7.500000,7.500000,7.500000,7.500000
1764424571.742344,1541999295882,7.500000,7.500000,7.500000,7.500000,7.500000,7.500000,7.500000,7.500000
1764424571.751133,1542008085224,7.500000,7.500000,7.500000,7.500000,7.500000,7.500000,7.500000,7.500000
1764424571.759967,1542016918606,7.500000,7.500000,7.500000,7.500000,7.500000,7.500000,7.500000,7.500000
1764424571.768750,1542025701531,7.500000,7.500000,7.500000,7.500000,7.500000,7.500000,7.500000,7.500000
1764424571.777541,1542034492914,7.500000,7.500000,7.500000,7.500000,7.500000,7.500000,7.500000,7.500000
1764424571.786350,1542043302089,7.500000,7.500000,7.500000,7.500000,7.500000,7.500000,7.500000,7.500000
1764424571.795126,1542052077138,7.500000,7.500000,7.500000,7.500000,7.500000,7.500000,7.500000,7.500000
1764424571.806065,1542063016346,7.500000,7.500000,7.500000,7.500000,7.500000,7.500000,7.500000,7.500000
1764424571.814869,1542071821146,7.500000,7.500000,7.500000,7.500000,7.500000,7.500000,7.500000,7.500000
1764424571.823676,1542080627404,7.500000,7.500000,7.500000,7.500000,7.500000,7.500000,7.500000,7.500000
1764424571.832478,1542089429287,7.500000,7.500000,7.500000,7.500000,7.500000,7.500000,7.500000,7.500000
1764424571.841272,1542098223878,7.500000,7.500000,7.500000,7.500000,7.500000,7.500000,7.500000,7.500000
1764424571.850070,1542107022261,7.500000,7.500000,7.500000,7.500000,7.500000,7.500000,7.500000,7.500000
1764424571.858883,1542115834935,7.500000,7.500000,7.500000,7.500000,7.500000,7.500000,7.500000,7.500000
1764424571.867695,1542124646151,7.500000,7.500000,7.500000,7.500000,7.500000,7.500000,7.500000,7.500000
1764424571.876501,1542133452409,7.500000,7.500000,7.500000,7.500000,7.500000,7.500000,7.500000,7.500000
1764424571.885541,1542142492583,7.500000,7.500000,7.500000,7.500000,7.500000,7.500000,7.500000,7.500000
1764424571.894307,1542151258883,7.500000,7.500000,7.500000,7.500000,7.500000,7.500000,7.500000,7.500000
1764424571.903221,1542160172765,7.500000,7.500000,7.500000,7.500000,7.500000,7.500000,7.500000,7.500000
1764424571.912011,1542168962398,7.500000,7.500000,7.500000,7.500000,7.500000,7.500000,7.500000,7.500000
1764424571.921052,1542178003738,7.500000,7.500000,7.500000,7.500000,7.500000,7.500000,7.500000,7.500000
1764424571.930043,1542186994620,7.500000,7.500000,7.500000,7.500000,7.500000,7.500000,7.500000,7.500000
1764424571.940891,1542197842537,7.500000,7.500000,7.500000,7.500000,7.500000,7.500000,7.500000,7.500000
1764424571.949704,1542206655795,7.500000,7.500000,7.500000,7.500000,7.500000,7.500000,7.500000,7.500000
1764424571.958492,1542215443678,7.500000,7.500000,7.500000,7.500000,7.500000,7.500000,7.500000,7.500000
1764424571.967292,1542224243227,7.500000,7.500000,7.500000,7.500000,7.500000,7.500000,7.500000,7.500000
1764424571.976106,1542233057944,7.500000,7.500000,7.500000,7.500000,7.500000,7.500000,7.500000,7.500000
1764424571.984924,1542241875576,7.500000,7.500000,7.500000,7.500000,7.500000,7.500000,7.500000,7.500000
1764424571.993721,1542250673084,7.500000,7.500000,7.500000,7.500000,7.500000,7.500000,7.500000,7.500000
1764424572.002514,1542259465342,7.500000,7.500000,7.500000,7.500000,7.500000,7.500000,7.500000,7.500000
1764424572.011315,1542268266058,7.500000,7.500000,7.500000,7.500000,7.500000,7.500000,7.500000,7.500000
1764424572.020128,1542277079608,7.500000,7.500000,7.500000,7.500000,7.500000,7.500000,7.500000,7.500000
1764424572.031057,1542288008899,7.500000,7.500000,7.500000,7.500000,7.500000,7.500000,7.500000,7.500000
1764424572.039838,1542296789782,7.500000,7.500000,7.500000,7.500000,7.500000,7.500000,7.500000,7.500000
1764424572.048839,1542305791164,7.500000,7.500000,7.500000,7.500000,7.500000,7.500000,7.500000,7.500000
1764424572.057733,1542314684630,7.500000,7.500000,7.500000,7.500000,7.500000,7.500000,7.500000,7.500000
1764424572.066494,1542323445097,7.500000,7.500000,7.500000,7.500000,7.500000,7.500000,7.500000,7.500000
1764424572.075409,1542332360729,7.500000,7.500000,7.500000,7.500000,7.500000,7.500000,7.500000,7.500000
1764424572.084343,1542341295320,7.500000,7.500000,7.500000,7.500000,7.500000,7.500000,7.500000,7.500000
1764424572.093172,1542350123744,7.500000,7.500000,7.500000,7.500000,7.500000,7.500000,7.500000,7.500000
1764424572.102146,1542359098002,7.500000,7.500000,7.500000,7.500000,7.500000,7.500000,7.500000,7.500000
1764424572.110885,1542367836885,7.500000,7.500000,7.500000,7.500000,7.500000,7.500000,7.500000,7.500000
1764424572.119959,1542376910308,7.500000,7.500000,7.500000,7.500000,7.500000,7.500000,7.500000,7.500000
1764424572.129193,1542386144148,7.500000,7.500000,7.500000,7.500000,7.500000,7.500000,7.500000,7.500000
1764424572.138245,1542395196863,7.500000,7.500000,7.500000,7.500000,7.500000,7.500000,7.500000,7.500000
1764424572.147319,1542404269995,7.500000,7.500000,7.500000,7.500000,7.500000,7.500000,7.500000,7.500000
1764424572.156097,1542413048253,7.500000,7.500000,7.500000,7.500000,7.500000,7.500000,7.500000,7.500000
1764424572.164928,1542421880177,7.500000,7.500000,7.500000,7.500000,7.500000,7.500000,7.500000,7.500000
1764424572.173752,1542430703352,7.500000,7.500000,7.500000,7.500000,7.500000,7.500000,7.500000,7.500000
1764424572.182542,1542439493568,7.500000,7.500000,7.500000,7.500000,7.500000,7.500000,7.500000,7.500000
1764424572.191336,1542448287284,7.500000,7.500000,7.500000,7.500000,7.500000,7.500000,7.500000,7.500000
1764424572.199925,1542456876835,7.500000,7.500000,7.500000,7.500000,7.500000,7.500000,7.500000,7.500000
1764424572.210839,1542467790376,7.500000,7.500000,7.500000,7.500000,7.500000,7.500000,7.500000,7.500000
1764424572.219612,1542476563467,7.500000,7.500000,7.500000,7.500000,7.500000,7.500000,7.500000,7.500000
1764424572.228370,1542485322100,7.500000,7.500000,7.500000,7.500000,7.500000,7.500000,7.500000,7.500000
1764424572.237163,1542494113775,7.500000,7.500000,7.500000,7.500000,7.500000,7.500000,7.500000,7.500000
1764424572.245947,1542502899033,7.500000,7.500000,7.500000,7.500000,7.500000,7.500000,7.500000,7.500000
1764424572.254697,1542511648416,7.500000,7.500000,7.500000,7.500000,7.500000,7.500000,7.500000,7.500000
1764424572.263475,1542520426674,7.500000,7.500000,7.500000,7.500000,7.500000,7.500000,7.500000,7.500000
1764424572.272233,1542529185099,7.500000,7.500000,7.500000,7.500000,7.500000,7.500000,7.500000,7.500000
1764424572.281032,1542537983773,7.500000,7.500000,7.500000,7.500000,7.500000,7.500000,7.500000,7.500000
1764424572.291957,1542548908981,7.500000,7.500000,7.500000,7.500000,7.500000,7.500000,7.500000,7.500000
1764424572.300934,1542557885280,7.500000,7.500000,7.500000,7.500000,7.500000,7.500000,7.500000,7.500000
1764424572.309947,1542566898621,7.500000,7.500000,7.500000,7.500000,7.500000,7.500000,7.500000,7.500000
1764424572.318699,1542575650337,7.500000,7.500000,7.500000,7.500000,7.500000,7.500000,7.500000,7.500000
1764424572.327517,1542584467970,7.500000,7.500000,7.500000,7.500000,7.500000,7.500000,7.500000,7.500000
1764424572.336371,1542593322353,7.500000,7.500000,7.500000,7.500000,7.500000,7.500000,7.500000,7.500000
1764424572.345420,1542602371859,7.500000,7.500000,7.500000,7.500000,7.500000,7.500000,7.500000,7.500000
1764424572.354191,1542611142826,7.500000,7.500000,7.500000,7.500000,7.500000,7.500000,7.500000,7.500000
1764424572.363010,1542619961625,7.500000,7.500000,7.500000,7.500000,7.500000,7.500000,7.500000,7.500000
1764424572.371803,1542628755050,7.500000,7.500000,7.500000,7.500000,7.500000,7.500000,7.500000,7.500000
1764424572.380554,1542637505016,7.500000,7.500000,7.500000,7.500000,7.500000,7.500000,7.500000,7.500000
1764424572.389358,1542646309233,7.500000,7.500000,7.500000,7.500000,7.500000,7.500000,7.500000,7.500000
1764424572.398157,1542655109074,7.500000,7.500000,7.500000,7.500000,7.500000,7.500000,7.500000,7.500000
1764424572.409079,1542666030782,7.500000,7.500000,7.500000,7.500000,7.500000,7.500000,7.500000,7.500000
1764424572.417878,1542674830040,7.500000,7.500000,7.500000,7.500000,7.500000,7.500000,7.500000,7.500000
1764424572.426676,1542683627839,7.500000,7.500000,7.500000,7.500000,7.500000,7.500000,7.500000,7.500000
1764424572.435461,1542692412806,7.500000,7.500000,7.500000,7.500000,7.500000,7.500000,7.500000,7.500000
1764424572.444219,1542701170064,7.500000,7.500000,7.500000,7.500000,7.500000,7.500000,7.500000,7.500000
1764424572.453193,1542710144613,7.500000,7.500000,7.500000,7.500000,7.500000,7.500000,7.500000,7.500000
1764424572.462191,1542719142786,7.500000,7.500000,7.500000,7.500000,7.500000,7.500000,7.500000,7.500000
1764424572.471001,1542727952253,7.500000,7.500000,7.500000,7.500000,7.500000,7.500000,7.500000,7.500000
1764424572.479812,1542736764052,7.500000,7.500000,7.500000,7.500000,7.500000,7.500000,7.500000,7.500000
1764424572.488763,1542745714684,7.500000,7.500000,7.500000,7.500000,7.500000,7.500000,7.500000,7.500000
1764424572.497529,1542754480984,7.500000,7.500000,7.500000,7.500000,7.500000,7.500000,7.500000,7.500000
1764424572.506366,1542763317575,7.500000,7.500000,7.500000,7.500000,7.500000,7.500000,7.500000,7.500000
1764424572.515398,1542772349582,7.500000,7.500000,7.500000,7.500000,7.500000,7.500000,7.500000,7.500000
1764424572.524170,1542781121715,7.500000,7.500000,7.500000,7.500000,7.500000,7.500000,7.500000,7.500000
1764424572.535094,1542792046048,7.500000,7.500000,7.500000,7.500000,7.500000,7.500000,7.500000,7.500000
1764424572.543893,1542800844431,7.500000,7.500000,7.500000,7.500000,7.500000,7.500000,7.500000,7.500000
1764424572.552678,1542809629689,7.500000,7.500000,7.500000,7.500000,7.500000,7.500000,7.500000,7.500000
1764424572.561468,1542818419905,7.500000,7.500000,7.500000,7.500000,7.500000,7.500000,7.500000,7.500000
1764424572.570271,1542827222955,7.500000,7.500000,7.500000,7.500000,7.500000,7.500000,7.500000,7.500000
1764424572.579068,1542836020171,7.500000,7.500000,7.500000,7.500000,7.500000,7.500000,7.500000,7.500000
1764424572.587866,1542844817387,7.500000,7.500000,7.500000,7.500000,7.500000,7.500000,7.500000,7.500000
1764424572.596653,1542853604687,7.500000,7.500000,7.500000,7.500000,7.500000,7.500000,7.500000,7.500000
1764424572.605440,1542862391403,7.500000,7.500000,7.500000,7.500000,7.500000,7.500000,7.500000,7.500000
1764424572.614228,1542871179578,7.500000,7.500000,7.500000,7.500000,7.500000,7.500000,7.500000,7.500000
1764424572.623199,1542880150043,7.500000,7.500000,7.500000,7.500000,7.500000,7.500000,7.500000,7.500000
1764424572.632202,1542889153759,7.500000,7.500000,7.500000,7.500000,7.500000,7.500000,7.500000,7.500000
1764424572.641057,1542898007850,7.500000,7.500000,7.500000,7.500000,7.500000,7.500000,7.500000,7.500000
1764424572.651959,1542908910600,7.500000,7.500000,7.500000,7.500000,7.500000,7.500000,7.500000,7.500000
1764424572.660748,1542917699941,7.500000,7.500000,7.500000,7.500000,7.500000,7.500000,7.500000,7.500000
1764424572.669513,1542926464491,7.500000,7.500000,7.500000,7.500000,7.500000,7.500000,7.500000,7.500000
1764424572.678313,1542935264915,7.500000,7.500000,7.500000,7.500000,7.500000,7.500000,7.500000,7.500000
1764424572.687113,1542944064756,7.500000,7.500000,7.500000,7.500000,7.500000,7.500000,7.500000,7.500000
1764424572.695909,1542952860806,7.500000,7.500000,7.500000,7.500000,7.500000,7.500000,7.500000,7.500000
1764424572.704694,1542961645189,7.500000,7.500000,7.500000,7.500000,7.500000,7.500000,7.500000,7.500000
1764424572.713482,1542970433947,7.500000,7.500000,7.500000,7.500000,7.500000,7.500000,7.500000,7.500000
1764424572.722280,1542979231455,7.500000,7.500000,7.500000,7.500000,7.500000,7.500000,7.500000,7.500000
1764424572.731075,1542988026629,7.500000,7.500000,7.500000,7.500000,7.500000,7.500000,7.500000,7.500000
1764424572.741957,1542998908963,7.500000,7.500000,7.500000,7.500000,7.500000,7.500000,7.500000,7.500000
1764424572.750967,1543007918220,7.500000,7.500000,7.500000,7.500000,7.500000,7.500000,7.500000,7.500000
1764424572.759847,1543016799144,7.500000,7.500000,7.500000,7.500000,7.500000,7.500000,7.500000,7.500000
1764424572.768731,1543025682693,7.500000,7.500000,7.500000,7.500000,7.500000,7.500000,7.500000,7.500000
1764424572.777615,1543034566826,7.500000,7.500000,7.500000,7.500000,7.500000,7.500000,7.500000,7.500000
1764424572.786626,1543043577541,7.500000,7.500000,7.500000,7.500000,7.500000,7.500000,7.500000,7.500000
1764424572.795419,1543052370674,7.500000,7.500000,7.500000,7.500000,7.500000,7.500000,7.500000,7.500000
1764424572.804230,1543061182182,7.500000,7.500000,7.500000,7.500000,7.500000,7.500000,7.500000,7.500000
1764424572.813169,1543070120273,7.500000,7.500000,7.500000,7.500000,7.500000,7.500000,7.500000,7.500000
1764424572.822117,1543079068572,7.500000,7.500000,7.500000,7.500000,7.500000,7.500000,7.500000,7.500000
1764424572.830896,1543087847413,7.500000,7.500000,7.500000,7.500000,7.500000,7.500000,7.500000,7.500000
1764424572.839803,1543096755170,7.500000,7.500000,7.500000,7.500000,7.500000,7.500000,7.500000,7.500000
1764424572.848692,1543105643678,7.500000,7.500000,7.500000,7.500000,7.500000,7.500000,7.500000,7.500000
1764424572.857687,1543114638935,7.500000,7.500000,7.500000,7.500000,7.500000,7.500000,7.500000,7.500000
1764424572.866493,1543123444318,7.500000,7.500000,7.500000,7.500000,7.500000,7.500000,7.500000,7.500000
1764424572.875434,1543132386200,7.500000,7.500000,7.500000,7.500000,7.500000,7.500000,7.500000,7.500000
1764424572.884229,1543141180500,7.500000,7.500000,7.500000,7.500000,7.500000,7.500000,7.500000,7.500000
1764424572.893270,1543150221549,7.500000,7.500000,7.500000,7.500000,7.500000,7.500000,7.500000,7.500000
1764424572.902041,1543158992515,7.500000,7.500000,7.500000,7.500000,7.500000,7.500000,7.500000,7.500000
1764424572.911025,1543167976689,7.500000,7.500000,7.500000,7.500000,7.500000,7.500000,7.500000,7.500000
1764424572.922285,1543179236145,7.500000,7.500000,7.500000,7.500000,7.500000,7.500000,7.500000,7.500000
1764424572.929959,1543186910449,7.500000,7.500000,7.500000,7.500000,7.500000,7.500000,7.500000,7.500000
1764424572.938709,1543195660707,7.500000,7.500000,7.500000,7.500000,7.500000,7.500000,7.500000,7.500000
1764424572.947452,1543204403382,7.500000,7.500000,7.500000,7.500000,7.500000,7.500000,7.500000,7.500000
1764424572.956175,1543213126224,7.500000,7.500000,7.500000,7.500000,7.500000,7.500000,7.500000,7.500000
1764424572.967111,1543224063098,7.500000,7.500000,7.500000,7.500000,7.500000,7.500000,7.500000,7.500000
1764424572.975907,1543232859148,7.500000,7.500000,7.500000,7.500000,7.500000,7.500000,7.500000,7.500000
1764424572.984695,1543241646448,7.500000,7.500000,7.500000,7.500000,7.500000,7.500000,7.500000,7.500000
1764424572.993492,1543250444247,7.500000,7.500000,7.500000,7.500000,7.500000,7.500000,7.500000,7.500000
1764424573.002306,1543259257797,7.500000,7.500000,7.500000,7.500000,7.500000,7.500000,7.500000,7.500000
1764424573.011046,1543267996971,7.500000,7.500000,7.500000,7.500000,7.500000,7.500000,7.500000,7.500000
1764424573.019798,1543276749563,7.500000,7.500000,7.500000,7.500000,7.500000,7.500000,7.500000,7.500000
1764424573.028774,1543285725278,7.500000,7.500000,7.500000,7.500000,7.500000,7.500000,7.500000,7.500000
1764424573.037692,1543294643244,7.500000,7.500000,7.500000,7.500000,7.500000,7.500000,7.500000,7.500000
1764424573.046799,1543303750209,7.500000,7.500000,7.500000,7.500000,7.500000,7.500000,7.500000,7.500000
1764424573.055678,1543312629092,7.500000,7.500000,7.500000,7.500000,7.500000,7.500000,7.500000,7.500000
1764424573.064517,1543321468600,7.500000,7.500000,7.500000,7.500000,7.500000,7.500000,7.500000,7.500000
1764424573.073266,1543330217691,7.500000,7.500000,7.500000,7.500000,7.500000,7.500000,7.500000,7.500000
1764424573.082016,1543338967657,7.500000,7.500000,7.500000,7.500000,7.500000,7.500000,7.500000,7.500000
1764424573.092972,1543349923490,7.500000,7.500000,7.500000,7.500000,7.500000,7.500000,7.500000,7.500000
1764424573.101768,1543358719832,7.500000,7.500000,7.500000,7.500000,7.500000,7.500000,7.500000,7.500000
1764424573.110573,1543367524631,7.500000,7.500000,7.500000,7.500000,7.500000,7.500000,7.500000,7.500000
1764424573.119377,1543376329139,7.500000,7.500000,7.500000,7.500000,7.500000,7.500000,7.500000,7.500000
1764424573.128171,1543385123147,7.500000,7.500000,7.500000,7.500000,7.500000,7.500000,7.500000,7.500000
1764424573.136967,1543393918030,7.500000,7.500000,7.500000,7.500000,7.500000,7.500000,7.500000,7.500000
1764424573.145732,1543402683163,7.500000,7.500000,7.500000,7.500000,7.500000,7.500000,7.500000,7.500000
1764424573.154551,1543411502546,7.500000,7.500000,7.500000,7.500000,7.500000,7.500000,7.500000,7.500000
1764424573.163661,1543420612719,7.500000,7.500000,7.500000,7.500000,7.500000,7.500000,7.500000,7.500000
1764424573.172436,1543429388060,7.500000,7.500000,7.500000,7.500000,7.500000,7.500000,7.500000,7.500000
1764424573.181240,1543438191985,7.500000,7.500000,7.500000,7.500000,7.500000,7.500000,7.500000,7.500000
1764424573.190040,1543446992118,7.500000,7.500000,7.500000,7.500000,7.500000,7.500000,7.500000,7.500000
1764424573.200953,1543457904201,7.500000,7.500000,7.500000,7.500000,7.500000,7.500000,7.500000,7.500000
1764424573.209786,1543466737292,7.500000,7.500000,7.500000,7.500000,7.500000,7.500000,7.500000,7.500000
1764424573.218750,1543475701633,7.500000,7.500000,7.500000,7.500000,7.500000,7.500000,7.500000,7.500000
1764424573.227566,1543484517224,7.500000,7.500000,7.500000,7.500000,7.500000,7.500000,7.500000,7.500000
1764424573.236506,1543493457648,7.500000,7.500000,7.500000,7.500000,7.500000,7.500000,7.500000,7.500000
1764424573.245422,1543502373864,7.500000,7.500000,7.500000,7.500000,7.500000,7.500000,7.500000,7.500000
1764424573.254307,1543511258871,7.500000,7.500000,7.500000,7.500000,7.500000,7.500000,7.500000,7.500000
1764424573.263176,1543520127545,7.500000,7.500000,7.500000,7.500000,7.500000,7.500000,7.500000,7.500000
1764424573.272151,1543529102678,7.500000,7.500000,7.500000,7.500000,7.500000,7.500000,7.500000,7.500000
1764424573.280993,1543537944227,7.500000,7.500000,7.500000,7.500000,7.500000,7.500000,7.500000,7.500000
1764424573.289807,1543546758360,7.500000,7.500000,7.500000,7.500000,7.500000,7.500000,7.500000,7.500000
1764424573.298817,1543555768492,7.500000,7.500000,7.500000,7.500000,7.500000,7.500000,7.500000,7.500000
1764424573.307656,1543564607416,7.500000,7.500000,7.500000,7.500000,7.500000,7.500000,7.500000,7.500000
1764424573.316466,1543573417466,7.500000,7.500000,7.500000,7.500000,7.500000,7.500000,7.500000,7.500000
1764424573.325656,1543582607264,7.500000,7.500000,7.500000,7.500000,7.500000,7.500000,7.500000,7.500000
1764424573.334493,1543591444438,7.500000,7.500000,7.500000,7.500000,7.500000,7.500000,7.500000,7.500000
1764424573.343365,1543600316904,7.500000,7.500000,7.500000,7.500000,7.500000,7.500000,7.500000,7.500000
1764424573.352236,1543609187620,7.500000,7.500000,7.500000,7.500000,7.500000,7.500000,7.500000,7.500000
1764424573.361016,1543617967337,7.500000,7.500000,7.500000,7.500000,7.500000,7.500000,7.500000,7.500000
1764424573.370116,1543627067593,7.500000,7.500000,7.500000,7.500000,7.500000,7.500000,7.500000,7.500000
1764424573.380986,1543637937968,7.500000,7.500000,7.500000,7.500000,7.500000,7.500000,7.500000,7.500000
1764424573.389829,1543646780101,7.500000,7.500000,7.500000,7.500000,7.500000,7.500000,7.500000,7.500000
1764424573.398567,1543655518859,7.500000,7.500000,7.500000,7.500000,7.500000,7.500000,7.500000,7.500000
1764424573.407247,1543664198243,7.500000,7.500000,7.500000,7.500000,7.500000,7.500000,7.500000,7.500000
1764424573.416287,1543673238708,7.500000,7.500000,7.500000,7.500000,7.500000,7.500000,7.500000,7.500000
1764424573.425143,1543682094549,7.500000,7.500000,7.500000,7.500000,7.500000,7.500000,7.500000,7.500000
1764424573.433939,1543690891182,7.500000,7.500000,7.500000,7.500000,7.500000,7.500000,7.500000,7.500000
1764424573.442958,1543699908897,7.500000,7.500000,7.500000,7.500000,7.500000,7.500000,7.500000,7.500000
1764424573.451993,1543708944404,7.500000,7.500000,7.500000,7.500000,7.500000,7.500000,7.500000,7.500000
1764424573.461111,1543718062744,7.500000,7.500000,7.500000,7.500000,7.500000,7.500000,7.500000,7.500000
1764424573.470027,1543726979252,7.500000,7.500000,7.500000,7.500000,7.500000,7.500000,7.500000,7.500000
1764424573.478866,1543735817884,7.500000,7.500000,7.500000,7.500000,7.500000,7.500000,7.500000,7.500000
1764424573.487672,1543744623267,7.500000,7.500000,7.500000,7.500000,7.500000,7.500000,7.500000,7.500000
1764424573.496485,1543753437108,7.500000,7.500000,7.500000,7.500000,7.500000,7.500000,7.500000,7.500000
1764424573.505456,1543762408157,7.500000,7.500000,7.500000,7.500000,7.500000,7.500000,7.500000,7.500000
1764424573.514299,1543771250582,7.500000,7.500000,7.500000,7.500000,7.500000,7.500000,7.500000,7.500000
1764424573.523134,1543780085423,7.500000,7.500000,7.500000,7.500000,7.500000,7.500000,7.500000,7.500000
1764424573.532259,1543789210763,7.500000,7.500000,7.500000,7.500000,7.500000,7.500000,7.500000,7.500000
1764424573.541039,1543797990187,7.500000,7.500000,7.500000,7.500000,7.500000,7.500000,7.500000,7.500000
1764424573.551952,1543808904020,7.500000,7.500000,7.500000,7.500000,7.500000,7.500000,7.500000,7.500000
1764424573.560777,1543817728653,7.500000,7.500000,7.500000,7.500000,7.500000,7.500000,7.500000,7.500000
1764424573.569543,1543826495245,7.500000,7.500000,7.500000,7.500000,7.500000,7.500000,7.500000,7.500000
1764424573.578353,1543835304711,7.500000,7.500000,7.500000,7.500000,7.500000,7.500000,7.500000,7.500000
1764424573.587161,1543844112427,7.500000,7.500000,7.500000,7.500000,7.500000,7.500000,7.500000,7.500000
1764424573.595815,1543852766727,7.500000,7.500000,7.500000,7.500000,7.500000,7.500000,7.500000,7.500000
1764424573.604605,1543861556652,7.500000,7.500000,7.500000,7.500000,7.500000,7.500000,7.500000,7.500000
1764424573.613439,1543870390618,7.500000,7.500000,7.500000,7.500000,7.500000,7.500000,7.500000,7.500000
1764424573.622270,1543879221084,7.500000,7.500000,7.500000,7.500000,7.500000,7.500000,7.500000,7.500000
1764424573.631167,1543888118633,7.500000,7.500000,7.500000,7.500000,7.500000,7.500000,7.500000,7.500000
1764424573.640022,1543896973307,7.500000,7.500000,7.500000,7.500000,7.500000,7.500000,7.500000,7.500000
1764424573.650981,1543907932932,7.500000,7.500000,7.500000,7.500000,7.500000,7.500000,7.500000,7.500000
1764424573.659800,1543916752023,7.500000,7.500000,7.500000,7.500000,7.500000,7.500000,7.500000,7.500000
1764424573.668850,1543925801530,7.500000,7.500000,7.500000,7.500000,7.500000,7.500000,7.500000,7.500000
1764424573.677616,1543934567247,7.500000,7.500000,7.500000,7.500000,7.500000,7.500000,7.500000,7.500000
1764424573.686501,1543943452546,7.500000,7.500000,7.500000,7.500000,7.500000,7.500000,7.500000,7.500000
1764424573.695544,1543952495928,7.500000,7.500000,7.500000,7.500000,7.500000,7.500000,7.500000,7.500000
1764424573.704387,1543961338644,7.500000,7.500000,7.500000,7.500000,7.500000,7.500000,7.500000,7.500000
1764424573.713161,1543970112527,7.500000,7.500000,7.500000,7.500000,7.500000,7.500000,7.500000,7.500000
1764424573.722147,1543979098451,7.500000,7.500000,7.500000,7.500000,7.500000,7.500000,7.500000,7.500000
1764424573.730975,1543987926292,7.500000,7.500000,7.500000,7.500000,7.500000,7.500000,7.500000,7.500000
1764424573.739988,1543996939340,7.500000,7.500000,7.500000,7.500000,7.500000,7.500000,7.500000,7.500000
1764424573.748772,1544005723140,7.500000,7.500000,7.500000,7.500000,7.500000,7.500000,7.500000,7.500000
1764424573.757568,1544014520065,7.500000,7.500000,7.500000,7.500000,7.500000,7.500000,7.500000,7.500000
1764424573.766600,1544023551780,7.500000,7.500000,7.500000,7.500000,7.500000,7.500000,7.500000,7.500000
1764424573.775534,1544032486079,7.500000,7.500000,7.500000,7.500000,7.500000,7.500000,7.500000,7.500000
1764424573.784178,1544041129296,7.500000,7.500000,7.500000,7.500000,7.500000,7.500000,7.500000,7.500000
1764424573.793216,1544050167136,7.500000,7.500000,7.500000,7.500000,7.500000,7.500000,7.500000,7.500000
1764424573.802065,1544059016144,7.500000,7.500000,7.500000,7.500000,7.500000,7.500000,7.500000,7.500000
1764424573.812999,1544069950685,7.500000,7.500000,7.500000,7.500000,7.500000,7.500000,7.500000,7.500000
1764424573.821799,1544078750526,7.500000,7.500000,7.500000,7.500000,7.500000,7.500000,7.500000,7.500000
1764424573.830594,1544087545118,7.500000,7.500000,7.500000,7.500000,7.500000,7.500000,7.500000,7.500000
1764424573.839399,1544096350501,7.500000,7.500000,7.500000,7.500000,7.500000,7.500000,7.500000,7.500000
1764424573.848288,1544105239591,7.500000,7.500000,7.500000,7.500000,7.500000,7.500000,7.500000,7.500000
1764424573.857056,1544114007641,7.500000,7.500000,7.500000,7.500000,7.500000,7.500000,7.500000,7.500000
1764424573.865818,1544122769858,7.500000,7.500000,7.500000,7.500000,7.500000,7.500000,7.500000,7.500000
1764424573.874641,1544131593032,7.500000,7.500000,7.500000,7.500000,7.500000,7.500000,7.500000,7.500000
1764424573.883469,1544140420290,7.500000,7.500000,7.500000,7.500000,7.500000,7.500000,7.500000,7.500000
1764424573.892270,1544149221589,7.500000,7.500000,7.500000,7.500000,7.500000,7.500000,7.500000,7.500000
1764424573.901073,1544158024347,7.500000,7.500000,7.500000,7.500000,7.500000,7.500000,7.500000,7.500000
1764424573.911996,1544168947805,7.500000,7.500000,7.500000,7.500000,7.500000,7.500000,7.500000,7.500000
1764424573.920823,1544177775063,7.500000,7.500000,7.500000,7.500000,7.500000,7.500000,7.500000,7.500000
1764424573.930061,1544187012694,7.500000,7.500000,7.500000,7.500000,7.500000,7.500000,7.500000,7.500000
1764424573.938831,1544195783077,7.500000,7.500000,7.500000,7.500000,7.500000,7.500000,7.500000,7.500000
1764424573.947796,1544204748001,7.500000,7.500000,7.500000,7.500000,7.500000,7.500000,7.500000,7.500000
1764424573.956625,1544213576717,7.500000,7.500000,7.500000,7.500000,7.500000,7.500000,7.500000,7.500000
1764424573.965630,1544222581891,7.500000,7.500000,7.500000,7.500000,7.500000,7.500000,7.500000,7.500000
1764424573.974498,1544231449690,7.500000,7.500000,7.500000,7.500000,7.500000,7.500000,7.500000,7.500000
1764424573.983329,1544240280448,7.500000,7.500000,7.500000,7.500000,7.500000,7.500000,7.500000,7.500000
1764424573.992151,1544249101873,7.500000,7.500000,7.500000,7.500000,7.500000,7.500000,7.500000,7.500000
1764424574.000996,1544257947505,7.500000,7.500000,7.500000,7.500000,7.500000,7.500000,7.500000,7.500000
1764424574.009768,1544266720222,7.500000,7.500000,7.500000,7.500000,7.500000,7.500000,7.500000,7.500000
1764424574.018774,1544275725395,7.500000,7.500000,7.500000,7.500000,7.500000,7.500000,7.500000,7.500000
1764424574.027553,1544284504528,7.500000,7.500000,7.500000,7.500000,7.500000,7.500000,7.500000,7.500000
1764424574.036824,1544293776285,7.500000,7.500000,7.500000,7.500000,7.500000,7.500000,7.500000,7.500000
1764424574.045861,1544302811917,7.500000,7.500000,7.500000,7.500000,7.500000,7.500000,7.500000,7.500000
1764424574.054643,1544311595133,7.500000,7.500000,7.500000,7.500000,7.500000,7.500000,7.500000,7.500000
1764424574.063484,1544320435224,7.500000,7.500000,7.500000,7.500000,7.500000,7.500000,7.500000,7.500000
1764424574.072281,1544329232148,7.500000,7.500000,7.500000,7.500000,7.500000,7.500000,7.500000,7.500000
1764424574.081085,1544338036656,7.500000,7.500000,7.500000,7.500000,7.500000,7.500000,7.500000,7.500000
1764424574.092032,1544348983739,7.500000,7.500000,7.500000,7.500000,7.500000,7.500000,7.500000,7.500000
1764424574.100920,1544357871955,7.500000,7.500000,7.500000,7.500000,7.500000,7.500000,7.500000,7.500000
1764424574.109837,1544366788463,7.500000,7.500000,7.500000,7.500000,7.500000,7.500000,7.500000,7.500000
1764424574.118608,1544375559721,7.500000,7.500000,7.500000,7.500000,7.500000,7.500000,7.500000,7.500000
1764424574.127381,1544384332437,7.500000,7.500000,7.500000,7.500000,7.500000,7.500000,7.500000,7.500000
1764424574.136343,1544393294736,7.500000,7.500000,7.500000,7.500000,7.500000,7.500000,7.500000,7.500000
1764424574.145391,1544402342785,7.500000,7.500000,7.500000,7.500000,7.500000,7.500000,7.500000,7.500000
1764424574.154222,1544411173834,7.500000,7.500000,7.500000,7.500000,7.500000,7.500000,7.500000,7.500000
1764424574.163234,1544420186008,7.500000,7.500000,7.500000,7.500000,7.500000,7.500000,7.500000,7.500000
1764424574.172138,1544429089390,7.500000,7.500000,7.500000,7.500000,7.500000,7.500000,7.500000,7.500000
1764424574.180882,1544437833815,7.500000,7.500000,7.500000,7.500000,7.500000,7.500000,7.500000,7.500000
1764424574.189861,1544446813322,7.500000,7.500000,7.500000,7.500000,7.500000,7.500000,7.500000,7.500000
1764424574.198885,1544455836871,7.500000,7.500000,7.500000,7.500000,7.500000,7.500000,7.500000,7.500000
1764424574.207703,1544464654504,7.500000,7.500000,7.500000,7.500000,7.500000,7.500000,7.500000,7.500000
1764424574.216516,1544473467178,7.500000,7.500000,7.500000,7.500000,7.500000,7.500000,7.500000,7.500000
1764424574.225487,1544482438810,7.500000,7.500000,7.500000,7.500000,7.500000,7.500000,7.500000,7.500000
1764424574.234324,1544491275693,7.500000,7.500000,7.500000,7.500000,7.500000,7.500000,7.500000,7.500000
1764424574.243152,1544500103826,7.500000,7.500000,7.500000,7.500000,7.500000,7.500000,7.500000,7.500000
1764424574.252275,1544509226249,7.500000,7.500000,7.500000,7.500000,7.500000,7.500000,7.500000,7.500000
1764424574.261135,1544518085882,7.500000,7.500000,7.500000,7.500000,7.500000,7.500000,7.500000,7.500000
1764424574.272080,1544529031507,7.500000,7.500000,7.500000,7.500000,7.500000,7.500000,7.500000,7.500000
1764424574.280902,1544537853223,7.500000,7.500000,7.500000,7.500000,7.500000,7.500000,7.500000,7.500000
1764424574.290105,1544547056146,7.500000,7.500000,7.500000,7.500000,7.500000,7.500000,7.500000,7.500000
1764424574.298885,1544555836154,7.500000,7.500000,7.500000,7.500000,7.500000,7.500000,7.500000,7.500000
1764424574.307703,1544564654370,7.500000,7.500000,7.500000,7.500000,7.500000,7.500000,7.500000,7.500000
1764424574.316509,1544573460044,7.500000,7.500000,7.500000,7.500000,7.500000,7.500000,7.500000,7.500000
1764424574.325424,1544582375385,7.500000,7.500000,7.500000,7.500000,7.500000,7.500000,7.500000,7.500000
1764424574.334216,1544591167935,7.500000,7.500000,7.500000,7.500000,7.500000,7.500000,7.500000,7.500000
1764424574.343191,1544600142775,7.500000,7.500000,7.500000,7.500000,7.500000,7.500000,7.500000,7.500000
1764424574.352412,1544609364073,7.500000,7.500000,7.500000,7.500000,7.500000,7.500000,7.500000,7.500000
1764424574.361369,1544618320539,7.500000,7.500000,7.500000,7.500000,7.500000,7.500000,7.500000,7.500000
1764424574.370295,1544627246380,7.500000,7.500000,7.500000,7.500000,7.500000,7.500000,7.500000,7.500000
1764424574.379082,1544636034263,7.500000,7.500000,7.500000,7.500000,7.500000,7.500000,7.500000,7.500000
1764424574.387926,1544644877854,7.500000,7.500000,7.500000,7.500000,7.500000,7.500000,7.500000,7.500000
1764424574.396758,1544653709195,7.500000,7.500000,7.500000,7.500000,7.500000,7.500000,7.500000,7.500000
1764424574.405563,1544662514869,7.500000,7.500000,7.500000,7.500000,7.500000,7.500000,7.500000,7.500000
1764424574.414366,1544671317919,7.500000,7.500000,7.500000,7.500000,7.500000,7.500000,7.500000,7.500000
1764424574.423159,1544680111052,7.500000,7.500000,7.500000,7.500000,7.500000,7.500000,7.500000,7.500000
1764424574.432149,1544689100767,7.500000,7.500000,7.500000,7.500000,7.500000,7.500000,7.500000,7.500000
1764424574.441032,1544697983441,7.500000,7.500000,7.500000,7.500000,7.500000,7.500000,7.500000,7.500000
1764424574.452094,1544709045732,7.500000,7.500000,7.500000,7.500000,7.500000,7.500000,7.500000,7.500000
1764424574.461033,1544717984698,7.500000,7.500000,7.500000,7.500000,7.500000,7.500000,7.500000,7.500000
1764424574.469853,1544726805248,7.500000,7.500000,7.500000,7.500000,7.500000,7.500000,7.500000,7.500000
1764424574.477050,1544734001220,7.500000,7.500000,7.500000,7.500000,7.500000,7.500000,7.500000,7.500000
